SEASON,SEASON_TYPE,TEAM_ABB,TEAM_ID,TEAM_NAME,PLAYER_NAME,PLAYER_ID,PLAYER_LAST_TEAM_ABBREVIATION,PLAYER_POSITION,GP,G,FREQ,FGM_GT_15,FGA_GT_15,GT_15_PCT,NS_GT_15_PCT,PLUSMINUS
2025-26,Regular+Season,POR,1610612757,Portland Trail Blazers,Donovan Clingan,1642270,POR,C,37,37,45.4,3.4,8.6,39.2,36.8,2.4
2025-26,Regular+Season,WAS,1610612764,Washington Wizards,Kyshawn George,1642273,WAS,F,29,29,46.6,3.0,8.2,36.8,36.1,0.7
2025-26,Regular+Season,MIL,1610612749,Milwaukee Bucks,Kevin Porter Jr.,1629645,MIL,G-F,21,21,54.4,3.0,8.2,37.2,36.6,0.6
2025-26,Regular+Season,HOU,1610612745,Houston Rockets,Alperen Sengun,1630578,HOU,C,29,29,42.1,3.0,7.7,39.0,36.7,2.3
2025-26,Regular+Season,LAL,1610612747,Los Angeles Lakers,Luka Dončić,1629029,LAL,F-G,31,31,44.7,2.6,7.5,34.9,36.9,-2.0
2025-26,Regular+Season,SAS,1610612759,San Antonio Spurs,Victor Wembanyama,1641705,SAS,F-C,26,26,48.1,2.2,7.4,30.1,36.4,-6.3
2025-26,Regular+Season,MEM,1610612763,Memphis Grizzlies,Jaren Jackson Jr.,1628991,MEM,F-C,37,37,48.4,2.4,7.3,32.4,35.4,-3.0
2025-26,Regular+Season,MIA,1610612748,Miami Heat,Andrew Wiggins,203952,MIA,F,36,36,48.9,2.4,7.1,34.3,37.7,-3.4
2025-26,Regular+Season,CHI,1610612741,Chicago Bulls,Nikola Vučević,202696,CHI,C,38,37,41.6,2.9,7.0,41.6,36.9,4.7
2025-26,Regular+Season,CLE,1610612739,Cleveland Cavaliers,Evan Mobley,1630596,CLE,C,35,35,40.2,2.3,6.9,33.5,37.5,-4.1
2025-26,Regular+Season,SAS,1610612759,San Antonio Spurs,Luke Kornet,1628436,SAS,C-F,32,31,40.3,2.2,6.9,31.8,36.8,-5.0
2025-26,Regular+Season,UTA,1610612762,Utah Jazz,Keyonte George,1641718,UTA,G,38,38,50.6,2.5,6.9,36.4,37.4,-1.0
2025-26,Regular+Season,ATL,1610612737,Atlanta Hawks,Dyson Daniels,1630700,ATL,G,41,41,47.0,2.6,6.8,37.5,36.8,0.7
2025-26,Regular+Season,NYK,1610612752,New York Knicks,Jalen Brunson,1628973,NYK,G,36,36,53.6,2.6,6.8,37.8,37.1,0.7
2025-26,Regular+Season,DAL,1610612742,Dallas Mavericks,Anthony Davis,203076,DAL,F-C,20,20,43.5,2.7,6.8,39.7,38.0,1.7
2025-26,Regular+Season,BOS,1610612738,Boston Celtics,Derrick White,1628401,BOS,G,38,37,45.7,2.5,6.7,36.3,37.1,-0.7
2025-26,Regular+Season,MIN,1610612750,Minnesota Timberwolves,Jaden McDaniels,1630183,MIN,F,39,39,46.2,2.4,6.7,36.4,38.1,-1.8
2025-26,Regular+Season,DEN,1610612743,Denver Nuggets,Jamal Murray,1627750,DEN,G,36,36,48.9,2.3,6.6,34.7,36.4,-1.6
2025-26,Regular+Season,DEN,1610612743,Denver Nuggets,Nikola Jokić,203999,DEN,C,32,32,36.0,2.7,6.6,41.2,35.7,5.5
2025-26,Regular+Season,BOS,1610612738,Boston Celtics,Jaylen Brown,1627759,BOS,G-F,36,36,54.4,2.1,6.5,32.5,35.8,-3.3
2025-26,Regular+Season,ATL,1610612737,Atlanta Hawks,CJ McCollum,203468,ATL,G,37,37,52.5,2.2,6.5,33.3,36.8,-3.4
2025-26,Regular+Season,WAS,1610612764,Washington Wizards,Alex Sarr,1642259,WAS,C,29,29,34.7,2.6,6.5,39.9,36.6,3.3
2025-26,Regular+Season,DET,1610612765,Detroit Pistons,Cade Cunningham,1630595,DET,G,33,33,45.8,1.9,6.5,29.0,37.4,-8.4
2025-26,Regular+Season,OKC,1610612760,Oklahoma City Thunder,Cason Wallace,1641717,OKC,G,39,39,54.2,2.3,6.5,35.7,36.6,-0.9
2025-26,Regular+Season,MIA,1610612748,Miami Heat,Jaime Jaquez Jr.,1631170,MIA,G,37,36,48.0,2.1,6.5,33.1,36.0,-3.0
2025-26,Regular+Season,MIN,1610612750,Minnesota Timberwolves,Rudy Gobert,203497,MIN,C,40,40,37.8,2.5,6.5,38.0,37.7,0.2
2025-26,Regular+Season,CHI,1610612741,Chicago Bulls,Josh Giddey,1630581,CHI,G,30,30,46.4,2.2,6.4,34.7,36.4,-1.7
2025-26,Regular+Season,ORL,1610612753,Orlando Magic,Franz Wagner,1630532,ORL,F,24,24,47.4,2.8,6.4,43.5,37.5,6.0
2025-26,Regular+Season,TOR,1610612761,Toronto Raptors,Scottie Barnes,1630567,TOR,F-G,40,40,44.6,2.1,6.4,32.5,37.1,-4.6
2025-26,Regular+Season,POR,1610612757,Portland Trail Blazers,Jrue Holiday,201950,POR,G,14,14,52.7,2.2,6.4,34.8,37.3,-2.5
2025-26,Regular+Season,SAC,1610612758,Sacramento Kings,Zach LaVine,203897,SAC,G,28,28,53.5,2.4,6.4,37.1,37.8,-0.8
2025-26,Regular+Season,MEM,1610612763,Memphis Grizzlies,Cedric Coward,1642907,MEM,G,36,36,54.0,2.2,6.4,34.5,36.4,-1.9
2025-26,Regular+Season,SAS,1610612759,San Antonio Spurs,De'Aaron Fox,1628368,SAS,G,31,31,53.2,2.5,6.3,38.6,37.2,1.4
2025-26,Regular+Season,NYK,1610612752,New York Knicks,OG Anunoby,1628384,NYK,F-G,29,28,48.7,2.1,6.3,33.9,36.1,-2.2
2025-26,Regular+Season,PHI,1610612755,Philadelphia 76ers,Joel Embiid,203954,PHI,C-F,20,20,39.9,2.2,6.3,34.9,35.7,-0.8
2025-26,Regular+Season,NOP,1610612740,New Orleans Pelicans,Trey Murphy III,1630530,NOP,F,38,38,45.6,2.5,6.2,39.2,37.2,2.0
2025-26,Regular+Season,MEM,1610612763,Memphis Grizzlies,Santi Aldama,1630583,MEM,F-C,39,39,45.4,2.3,6.2,37.0,35.9,1.1
2025-26,Regular+Season,NYK,1610612752,New York Knicks,Karl-Anthony Towns,1626157,NYK,C-F,36,36,46.5,2.4,6.2,39.3,36.9,2.4
2025-26,Regular+Season,LAC,1610612746,Los Angeles Clippers,John Collins,1628381,LAC,F-C,38,38,53.3,2.0,6.2,31.8,37.0,-5.2
2025-26,Regular+Season,NYK,1610612752,New York Knicks,Josh Hart,1628404,NYK,G,29,29,44.8,2.2,6.2,35.2,35.9,-0.7
2025-26,Regular+Season,IND,1610612754,Indiana Pacers,Pascal Siakam,1627783,IND,F,39,39,44.0,2.2,6.2,36.3,36.4,-0.1
2025-26,Regular+Season,ATL,1610612737,Atlanta Hawks,Onyeka Okongwu,1630168,ATL,F-C,40,40,39.9,2.2,6.1,35.5,36.5,-1.0
2025-26,Regular+Season,MIA,1610612748,Miami Heat,Davion Mitchell,1630558,MIA,G,38,38,53.1,2.1,6.0,35.2,37.4,-2.2
2025-26,Regular+Season,CHA,1610612766,Charlotte Hornets,Miles Bridges,1628970,CHA,F,39,39,50.5,2.1,6.0,35.2,37.0,-1.8
2025-26,Regular+Season,DAL,1610612742,Dallas Mavericks,Cooper Flagg,1642843,DAL,F,39,39,39.1,2.1,6.0,34.7,35.7,-0.9
2025-26,Regular+Season,PHI,1610612755,Philadelphia 76ers,Tyrese Maxey,1630178,PHI,G,36,36,47.1,2.1,6.0,34.6,36.3,-1.8
2025-26,Regular+Season,NOP,1610612740,New Orleans Pelicans,Derik Queen,1642852,NOP,C,41,40,37.8,2.1,6.0,34.8,35.7,-0.9
2025-26,Regular+Season,LAC,1610612746,Los Angeles Clippers,Kawhi Leonard,202695,LAC,F,29,29,51.0,2.3,6.0,38.7,36.1,2.6
2025-26,Regular+Season,HOU,1610612745,Houston Rockets,Kevin Durant,201142,HOU,F,35,35,51.0,2.0,5.9,34.1,36.9,-2.8
2025-26,Regular+Season,POR,1610612757,Portland Trail Blazers,Toumani Camara,1641739,POR,F,41,41,40.2,2.3,5.9,38.7,37.5,1.2
2025-26,Regular+Season,PHX,1610612756,Phoenix Suns,Mark Williams,1631109,PHX,C,35,34,39.7,2.0,5.9,33.3,36.5,-3.2
2025-26,Regular+Season,TOR,1610612761,Toronto Raptors,RJ Barrett,1629628,TOR,F-G,23,23,46.3,2.1,5.9,35.3,35.7,-0.4
2025-26,Regular+Season,DAL,1610612742,Dallas Mavericks,P.J. Washington,1629023,DAL,F,30,30,38.8,1.7,5.9,29.4,36.3,-6.9
2025-26,Regular+Season,LAC,1610612746,Los Angeles Clippers,Ivica Zubac,1627826,LAC,C,34,33,38.0,2.3,5.9,39.0,36.6,2.4
2025-26,Regular+Season,DEN,1610612743,Denver Nuggets,Peyton Watson,1631212,DEN,G,38,38,44.5,1.9,5.8,32.0,37.5,-5.6
2025-26,Regular+Season,SAC,1610612758,Sacramento Kings,Domantas Sabonis,1627734,SAC,F-C,11,11,36.2,3.0,5.8,51.6,39.6,12.0
2025-26,Regular+Season,CHI,1610612741,Chicago Bulls,Matas Buzelis,1641824,CHI,F,39,39,40.9,2.2,5.8,37.6,36.9,0.8
2025-26,Regular+Season,MIA,1610612748,Miami Heat,Bam Adebayo,1628389,MIA,C-F,32,32,44.9,1.8,5.8,31.9,36.6,-4.7
2025-26,Regular+Season,LAL,1610612747,Los Angeles Lakers,Austin Reaves,1630559,LAL,G,23,23,41.6,2.3,5.8,39.1,37.3,1.8
2025-26,Regular+Season,CLE,1610612739,Cleveland Cavaliers,Jaylon Tyson,1642281,CLE,G-F,36,36,48.8,2.3,5.8,38.9,37.5,1.5
2025-26,Regular+Season,OKC,1610612760,Oklahoma City Thunder,Luguentz Dort,1629652,OKC,G,31,31,55.1,2.4,5.8,41.3,37.2,4.1
2025-26,Regular+Season,UTA,1610612762,Utah Jazz,Lauri Markkanen,1628374,UTA,F-C,33,33,45.3,1.9,5.8,32.1,36.8,-4.7
2025-26,Regular+Season,LAL,1610612747,Los Angeles Lakers,Deandre Ayton,1629028,LAL,C,34,34,39.6,2.0,5.7,35.4,36.2,-0.8
2025-26,Regular+Season,CLE,1610612739,Cleveland Cavaliers,Darius Garland,1629636,CLE,G,25,24,48.1,2.3,5.7,40.6,38.3,2.2
2025-26,Regular+Season,MIL,1610612749,Milwaukee Bucks,AJ Green,1631260,MIL,G,37,37,46.6,2.2,5.7,39.5,36.4,3.1
2025-26,Regular+Season,IND,1610612754,Indiana Pacers,Obi Toppin,1630167,IND,F,3,3,54.8,1.3,5.7,23.5,36.9,-13.4
2025-26,Regular+Season,MIN,1610612750,Minnesota Timberwolves,Julius Randle,203944,MIN,F-C,41,41,45.9,2.2,5.7,39.2,37.7,1.5
2025-26,Regular+Season,OKC,1610612760,Oklahoma City Thunder,Shai Gilgeous-Alexander,1628983,OKC,G,39,39,48.2,1.9,5.6,33.6,36.1,-2.5
2025-26,Regular+Season,MIL,1610612749,Milwaukee Bucks,Ryan Rollins,1631157,MIL,G,40,40,45.1,2.1,5.6,37.8,37.1,0.7
2025-26,Regular+Season,HOU,1610612745,Houston Rockets,Jabari Smith Jr.,1631095,HOU,F,36,35,45.2,2.3,5.6,40.1,36.6,3.5
2025-26,Regular+Season,DET,1610612765,Detroit Pistons,Jalen Duren,1631105,DET,C,31,30,43.7,2.1,5.6,37.4,36.7,0.6
2025-26,Regular+Season,GSW,1610612744,Golden State Warriors,Draymond Green,203110,GSW,F,34,33,43.8,1.9,5.6,34.2,35.3,-1.1
2025-26,Regular+Season,PHX,1610612756,Phoenix Suns,Dillon Brooks,1628415,PHX,G-F,34,34,49.6,2.1,5.6,36.8,37.4,-0.5
2025-26,Regular+Season,ORL,1610612753,Orlando Magic,Desmond Bane,1630217,ORL,G,40,40,48.8,1.7,5.6,30.9,37.3,-6.3
2025-26,Regular+Season,NOP,1610612740,New Orleans Pelicans,Zion Williamson,1629627,NOP,F,26,26,53.5,2.1,5.6,37.9,36.5,1.4
2025-26,Regular+Season,CHA,1610612766,Charlotte Hornets,Moussa Diabaté,1631217,CHA,F,37,37,43.1,2.1,5.6,37.4,36.4,1.0
2025-26,Regular+Season,NYK,1610612752,New York Knicks,Mikal Bridges,1628969,NYK,G-F,39,39,43.4,2.0,5.6,35.9,37.1,-1.2
2025-26,Regular+Season,LAL,1610612747,Los Angeles Lakers,Marcus Smart,203935,LAL,G,29,29,53.8,1.8,5.5,31.7,36.9,-5.2
2025-26,Regular+Season,MEM,1610612763,Memphis Grizzlies,Jaylen Wells,1642377,MEM,F,39,37,51.4,2.1,5.5,39.4,37.7,1.8
2025-26,Regular+Season,DEN,1610612743,Denver Nuggets,Aaron Gordon,203932,DEN,F,18,17,46.7,1.6,5.4,28.6,36.5,-7.9
2025-26,Regular+Season,PHX,1610612756,Phoenix Suns,Grayson Allen,1628960,PHX,G,23,23,51.4,2.2,5.4,40.0,38.4,1.6
2025-26,Regular+Season,NOP,1610612740,New Orleans Pelicans,Jordan Poole,1629673,NOP,G,23,22,51.7,1.7,5.4,32.0,36.4,-4.4
2025-26,Regular+Season,ORL,1610612753,Orlando Magic,Anthony Black,1641710,ORL,G,40,38,40.5,2.0,5.4,36.4,37.7,-1.3
2025-26,Regular+Season,ORL,1610612753,Orlando Magic,Paolo Banchero,1631094,ORL,F,30,29,40.6,2.1,5.4,38.9,36.4,2.5
2025-26,Regular+Season,SAS,1610612759,San Antonio Spurs,Stephon Castle,1642264,SAS,G,31,31,46.5,2.0,5.4,37.1,37.6,-0.5
2025-26,Regular+Season,MEM,1610612763,Memphis Grizzlies,Ja Morant,1629630,MEM,G,18,18,50.3,2.4,5.4,45.4,37.2,8.2
2025-26,Regular+Season,TOR,1610612761,Toronto Raptors,Brandon Ingram,1627742,TOR,F,39,39,50.2,1.7,5.4,32.1,36.8,-4.7
2025-26,Regular+Season,POR,1610612757,Portland Trail Blazers,Deni Avdija,1630166,POR,F,40,40,40.1,2.3,5.3,42.1,37.1,5.0
2025-26,Regular+Season,BKN,1610612751,Brooklyn Nets,Noah Clowney,1641730,BKN,F-C,37,37,37.7,2.1,5.3,39.8,37.0,2.8
2025-26,Regular+Season,OKC,1610612760,Oklahoma City Thunder,Isaiah Hartenstein,1628392,OKC,C-F,24,24,44.1,2.1,5.3,39.4,36.0,3.3
2025-26,Regular+Season,UTA,1610612762,Utah Jazz,Jusuf Nurkić,203994,UTA,C,32,31,39.8,2.2,5.3,40.8,37.0,3.8
2025-26,Regular+Season,UTA,1610612762,Utah Jazz,Kyle Filipowski,1642271,UTA,C,38,37,46.2,1.9,5.3,36.0,37.2,-1.2
2025-26,Regular+Season,DET,1610612765,Detroit Pistons,Isaiah Stewart,1630191,DET,F-C,34,34,43.3,2.0,5.3,37.4,36.8,0.7
2025-26,Regular+Season,ATL,1610612737,Atlanta Hawks,Nickeil Alexander-Walker,1629638,ATL,G,40,39,39.6,2.3,5.3,43.3,37.1,6.3
2025-26,Regular+Season,NYK,1610612752,New York Knicks,Miles McBride,1630540,NYK,G,28,28,48.2,1.9,5.3,35.4,36.2,-0.8
2025-26,Regular+Season,IND,1610612754,Indiana Pacers,Aaron Nesmith,1630174,IND,G-F,20,19,45.1,1.2,5.3,22.9,36.4,-13.5
2025-26,Regular+Season,TOR,1610612761,Toronto Raptors,Jakob Poeltl,1627751,TOR,C,21,21,38.7,1.7,5.2,33.0,37.2,-4.2
2025-26,Regular+Season,DEN,1610612743,Denver Nuggets,Cameron Johnson,1629661,DEN,F,28,27,48.3,1.9,5.2,36.6,35.6,1.0
2025-26,Regular+Season,LAC,1610612746,Los Angeles Clippers,James Harden,201935,LAC,G,36,36,42.4,1.9,5.2,36.0,36.4,-0.4
2025-26,Regular+Season,CHA,1610612766,Charlotte Hornets,Brandon Miller,1641706,CHA,F,23,23,40.3,1.7,5.2,32.8,37.5,-4.7
2025-26,Regular+Season,DEN,1610612743,Denver Nuggets,Christian Braun,1631128,DEN,G,14,14,43.6,1.4,5.1,26.4,36.9,-10.5
2025-26,Regular+Season,OKC,1610612760,Oklahoma City Thunder,Chet Holmgren,1631096,OKC,C-F,35,34,37.3,1.6,5.1,31.1,36.6,-5.5
2025-26,Regular+Season,LAL,1610612747,Los Angeles Lakers,LeBron James,2544,LAL,F,21,20,49.1,1.8,5.1,34.3,36.8,-2.5
2025-26,Regular+Season,NYK,1610612752,New York Knicks,Landry Shamet,1629013,NYK,G,14,14,54.5,2.2,5.1,43.1,36.2,6.8
2025-26,Regular+Season,IND,1610612754,Indiana Pacers,Andrew Nembhard,1629614,IND,G-F,31,30,42.2,1.9,5.1,37.7,36.7,1.1
2025-26,Regular+Season,LAC,1610612746,Los Angeles Clippers,Kris Dunn,1627739,LAC,G,39,39,52.4,1.8,5.1,35.5,37.6,-2.1
2025-26,Regular+Season,MEM,1610612763,Memphis Grizzlies,Vince Williams Jr.,1631246,MEM,G,25,24,53.6,1.7,5.1,33.6,36.9,-3.3
2025-26,Regular+Season,NOP,1610612740,New Orleans Pelicans,Jeremiah Fears,1642847,NOP,G,42,40,43.6,2.0,5.1,38.6,37.3,1.3
2025-26,Regular+Season,TOR,1610612761,Toronto Raptors,Immanuel Quickley,1630193,TOR,G,40,40,46.4,1.6,5.1,30.9,36.7,-5.8
2025-26,Regular+Season,SAC,1610612758,Sacramento Kings,Maxime Raynaud,1642875,SAC,C,32,31,38.9,2.0,5.1,39.9,37.1,2.8
2025-26,Regular+Season,PHI,1610612755,Philadelphia 76ers,VJ Edgecombe,1642845,PHI,G,34,33,38.7,1.5,5.1,30.1,37.0,-6.9
2025-26,Regular+Season,MEM,1610612763,Memphis Grizzlies,Zach Edey,1641744,MEM,C,11,11,42.1,2.5,5.1,48.2,37.4,10.8
2025-26,Regular+Season,ATL,1610612737,Atlanta Hawks,Jalen Johnson,1630552,ATL,F,38,38,39.2,1.7,5.1,32.6,35.5,-2.9
2025-26,Regular+Season,LAL,1610612747,Los Angeles Lakers,Rui Hachimura,1629060,LAL,F,28,28,47.0,2.0,5.1,39.4,36.7,2.7
2025-26,Regular+Season,BOS,1610612738,Boston Celtics,Payton Pritchard,1630202,BOS,G,39,39,49.4,2.0,5.0,39.6,36.7,2.9
2025-26,Regular+Season,SAS,1610612759,San Antonio Spurs,Harrison Barnes,203084,SAS,F,40,39,51.1,1.8,5.0,36.3,36.7,-0.3
2025-26,Regular+Season,UTA,1610612762,Utah Jazz,Walker Kessler,1631117,UTA,C,5,5,32.5,1.2,5.0,24.0,36.9,-12.9
2025-26,Regular+Season,CHA,1610612766,Charlotte Hornets,Ryan Kalkbrenner,1641750,CHA,C,28,28,33.0,1.8,5.0,36.4,36.5,-0.1
2025-26,Regular+Season,NOP,1610612740,New Orleans Pelicans,Hunter Dickinson,1630621,NOP,C,1,1,62.5,2.0,5.0,40.0,32.3,7.7
2025-26,Regular+Season,CHA,1610612766,Charlotte Hornets,Kon Knueppel,1642851,CHA,G-F,39,39,37.8,1.7,5.0,33.8,36.8,-2.9
2025-26,Regular+Season,MIA,1610612748,Miami Heat,Tyler Herro,1629639,MIA,G,10,10,37.9,2.1,5.0,42.0,36.1,5.9
2025-26,Regular+Season,PHI,1610612755,Philadelphia 76ers,Paul George,202331,PHI,F,21,21,46.0,1.9,5.0,38.5,36.8,1.7
2025-26,Regular+Season,DEN,1610612743,Denver Nuggets,Tim Hardaway Jr.,203501,DEN,G-F,39,39,51.5,2.1,5.0,42.0,36.3,5.6
2025-26,Regular+Season,UTA,1610612762,Utah Jazz,Svi Mykhailiuk,1629004,UTA,G-F,35,35,52.4,1.9,4.9,37.6,37.5,0.1
2025-26,Regular+Season,PHI,1610612755,Philadelphia 76ers,Kelly Oubre Jr.,1626162,PHI,F-G,16,16,42.2,1.5,4.9,30.4,36.7,-6.4
2025-26,Regular+Season,CHI,1610612741,Chicago Bulls,Coby White,1629632,CHI,G,18,18,47.6,1.7,4.9,33.7,35.7,-2.0
2025-26,Regular+Season,GSW,1610612744,Golden State Warriors,Jimmy Butler III,202710,GSW,F,36,36,49.2,1.8,4.9,36.5,36.7,-0.2
2025-26,Regular+Season,ATL,1610612737,Atlanta Hawks,Kristaps Porziņģis,204001,ATL,F-C,17,16,36.2,1.4,4.9,28.6,36.0,-7.5
2025-26,Regular+Season,MIA,1610612748,Miami Heat,Kel'el Ware,1642276,MIA,C,40,37,37.5,1.5,4.9,29.9,36.0,-6.1
2025-26,Regular+Season,DAL,1610612742,Dallas Mavericks,Naji Marshall,1630230,DAL,F,40,40,45.7,1.6,4.9,31.5,36.9,-5.5
2025-26,Regular+Season,HOU,1610612745,Houston Rockets,Reed Sheppard,1642263,HOU,G,37,37,43.5,1.7,4.9,35.2,36.5,-1.4
2025-26,Regular+Season,MIN,1610612750,Minnesota Timberwolves,Anthony Edwards,1630162,MIN,G,33,33,46.6,1.6,4.9,33.3,36.7,-3.4
2025-26,Regular+Season,SAS,1610612759,San Antonio Spurs,Julian Champagnie,1630577,SAS,F,40,40,46.8,1.8,4.9,37.2,37.6,-0.3
2025-26,Regular+Season,MIL,1610612749,Milwaukee Bucks,Myles Turner,1626167,MIL,C-F,39,38,33.2,1.8,4.9,36.8,36.2,0.7
2025-26,Regular+Season,CLE,1610612739,Cleveland Cavaliers,De'Andre Hunter,1629631,CLE,F-G,36,36,49.6,2.1,4.9,42.9,37.3,5.5
2025-26,Regular+Season,HOU,1610612745,Houston Rockets,Amen Thompson,1641708,HOU,G-F,37,34,48.3,1.4,4.9,28.9,36.7,-7.8
2025-26,Regular+Season,PHX,1610612756,Phoenix Suns,Royce O'Neale,1626220,PHX,F,40,38,44.6,1.8,4.8,37.1,37.1,0.1
2025-26,Regular+Season,NYK,1610612752,New York Knicks,Mitchell Robinson,1629011,NYK,C-F,27,25,47.1,1.8,4.8,37.4,36.9,0.5
2025-26,Regular+Season,PHX,1610612756,Phoenix Suns,Devin Booker,1626164,PHX,G,37,36,44.2,1.7,4.8,35.2,35.7,-0.5
2025-26,Regular+Season,TOR,1610612761,Toronto Raptors,Sandro Mamukelashvili,1630572,TOR,F-C,40,40,45.1,2.0,4.8,40.9,36.7,4.3
2025-26,Regular+Season,BKN,1610612751,Brooklyn Nets,Nic Claxton,1629651,BKN,C,35,35,35.1,1.8,4.8,37.3,37.6,-0.3
2025-26,Regular+Season,ORL,1610612753,Orlando Magic,Wendell Carter Jr.,1628976,ORL,C-F,38,38,37.0,1.9,4.8,39.3,38.0,1.4
2025-26,Regular+Season,DET,1610612765,Detroit Pistons,Ausar Thompson,1641709,DET,G-F,34,34,48.1,1.7,4.8,34.8,37.0,-2.3
2025-26,Regular+Season,LAL,1610612747,Los Angeles Lakers,Jake LaRavia,1631222,LAL,F,38,37,39.7,1.8,4.8,37.4,37.7,-0.3
2025-26,Regular+Season,ATL,1610612737,Atlanta Hawks,Zaccharie Risacher,1642258,ATL,F,36,36,46.0,1.8,4.8,36.6,36.3,0.3
2025-26,Regular+Season,PHX,1610612756,Phoenix Suns,Collin Gillespie,1631221,PHX,G,40,40,42.4,1.6,4.8,34.2,36.7,-2.5
2025-26,Regular+Season,PHI,1610612755,Philadelphia 76ers,Dominick Barlow,1631230,PHI,F,28,27,38.7,1.9,4.8,39.1,35.7,3.4
2025-26,Regular+Season,DET,1610612765,Detroit Pistons,Duncan Robinson,1629130,DET,F,36,35,42.6,1.9,4.7,41.2,36.5,4.6
2025-26,Regular+Season,GSW,1610612744,Golden State Warriors,Stephen Curry,201939,GSW,G,31,31,45.9,1.9,4.7,41.1,37.5,3.6
2025-26,Regular+Season,CHA,1610612766,Charlotte Hornets,Sion James,1642883,CHA,G,40,40,44.0,1.7,4.7,35.6,37.3,-1.6
2025-26,Regular+Season,MIL,1610612749,Milwaukee Bucks,Giannis Antetokounmpo,203507,MIL,F,26,25,47.1,1.9,4.7,40.2,35.7,4.4
2025-26,Regular+Season,DAL,1610612742,Dallas Mavericks,Max Christie,1631108,DAL,G,38,38,40.6,1.6,4.7,33.7,36.9,-3.2
2025-26,Regular+Season,HOU,1610612745,Houston Rockets,Steven Adams,203500,HOU,C,30,29,39.9,1.3,4.7,28.6,35.2,-6.6
2025-26,Regular+Season,PHI,1610612755,Philadelphia 76ers,Quentin Grimes,1629656,PHI,G,36,36,46.4,1.4,4.6,29.9,36.6,-6.7
2025-26,Regular+Season,CLE,1610612739,Cleveland Cavaliers,Lonzo Ball,1628366,CLE,G,27,26,51.7,1.6,4.6,34.4,38.0,-3.6
2025-26,Regular+Season,WAS,1610612764,Washington Wizards,Bub Carrington,1642267,WAS,G,38,38,49.6,1.8,4.6,39.8,37.4,2.4
2025-26,Regular+Season,POR,1610612757,Portland Trail Blazers,Jerami Grant,203924,POR,F,26,25,47.8,1.8,4.6,38.3,38.2,0.1
2025-26,Regular+Season,GSW,1610612744,Golden State Warriors,Jonathan Kuminga,1630228,GSW,F,18,17,52.2,1.7,4.6,37.3,36.3,1.0
2025-26,Regular+Season,OKC,1610612760,Oklahoma City Thunder,Aaron Wiggins,1630598,OKC,G,28,28,48.1,2.0,4.6,42.6,36.4,6.2
2025-26,Regular+Season,SAC,1610612758,Sacramento Kings,Dennis Schröder,203471,SAC,G,31,31,46.0,1.6,4.6,34.3,37.6,-3.3
2025-26,Regular+Season,MIN,1610612750,Minnesota Timberwolves,Donte DiVincenzo,1628978,MIN,G,41,41,41.8,1.7,4.6,37.8,37.7,0.0
2025-26,Regular+Season,LAC,1610612746,Los Angeles Clippers,Derrick Jones Jr.,1627884,LAC,F,17,16,51.0,1.1,4.6,24.4,39.0,-14.6
2025-26,Regular+Season,WAS,1610612764,Washington Wizards,Khris Middleton,203114,WAS,F,26,25,49.4,1.7,4.6,37.0,36.2,0.8
2025-26,Regular+Season,CHI,1610612741,Chicago Bulls,Kevin Huerter,1628989,CHI,G-F,34,33,44.9,1.6,4.6,35.5,36.9,-1.4
2025-26,Regular+Season,GSW,1610612744,Golden State Warriors,Al Horford,201143,GSW,C-F,22,22,44.1,1.8,4.5,39.0,37.9,1.1
2025-26,Regular+Season,UTA,1610612762,Utah Jazz,Ace Bailey,1642846,UTA,F,32,32,51.4,1.8,4.5,39.6,36.2,3.4
2025-26,Regular+Season,MIA,1610612748,Miami Heat,Nikola Jović,1631107,MIA,F,27,27,39.7,1.2,4.5,26.4,36.0,-9.5
2025-26,Regular+Season,ORL,1610612753,Orlando Magic,Jalen Suggs,1630591,ORL,G,23,23,39.8,1.6,4.5,35.9,37.5,-1.6
2025-26,Regular+Season,BOS,1610612738,Boston Celtics,Neemias Queta,1629674,BOS,C,36,36,36.8,1.8,4.5,41.0,37.0,4.0
2025-26,Regular+Season,MIN,1610612750,Minnesota Timberwolves,Naz Reid,1629675,MIN,C-F,41,39,42.4,1.6,4.5,35.5,37.4,-1.9
2025-26,Regular+Season,MIL,1610612749,Milwaukee Bucks,Bobby Portis,1626171,MIL,F,40,40,43.4,1.8,4.5,40.4,35.8,4.6
2025-26,Regular+Season,CHI,1610612741,Chicago Bulls,Isaac Okoro,1630171,CHI,F-G,31,29,44.5,1.7,4.5,38.4,36.5,1.9
2025-26,Regular+Season,SAC,1610612758,Sacramento Kings,Precious Achiuwa,1630173,SAC,F,32,31,44.1,1.3,4.4,28.2,37.6,-9.4
2025-26,Regular+Season,GSW,1610612744,Golden State Warriors,Quinten Post,1642366,GSW,C,41,38,42.7,1.5,4.4,33.3,36.9,-3.5
2025-26,Regular+Season,CLE,1610612739,Cleveland Cavaliers,Jarrett Allen,1628386,CLE,C,29,28,35.9,1.7,4.4,37.8,37.7,0.1
2025-26,Regular+Season,UTA,1610612762,Utah Jazz,Isaiah Collier,1642268,UTA,G,31,30,51.7,2.1,4.3,47.4,37.6,9.9
2025-26,Regular+Season,CLE,1610612739,Cleveland Cavaliers,Donovan Mitchell,1628378,CLE,G,37,37,49.1,1.8,4.3,42.2,36.7,5.6
2025-26,Regular+Season,BKN,1610612751,Brooklyn Nets,Ziaire Williams,1630533,BKN,F,29,28,44.7,1.4,4.3,33.3,37.8,-4.4
2025-26,Regular+Season,MIA,1610612748,Miami Heat,Pelle Larsson,1641796,MIA,G,31,29,48.4,1.4,4.3,33.6,37.2,-3.7
2025-26,Regular+Season,WAS,1610612764,Washington Wizards,Trae Young,1629027,WAS,G,10,10,43.0,1.5,4.3,34.9,36.5,-1.7
2025-26,Regular+Season,WAS,1610612764,Washington Wizards,Marvin Bagley III,1628963,WAS,F,32,28,45.1,1.6,4.3,37.2,36.6,0.7
2025-26,Regular+Season,DEN,1610612743,Denver Nuggets,Bruce Brown,1628971,DEN,G-F,40,40,44.2,1.3,4.3,31.0,36.5,-5.5
2025-26,Regular+Season,SAC,1610612758,Sacramento Kings,DeMar DeRozan,201942,SAC,G-F,40,40,41.1,1.7,4.3,39.8,37.1,2.7
2025-26,Regular+Season,MIL,1610612749,Milwaukee Bucks,Kyle Kuzma,1628398,MIL,F,38,38,45.3,1.4,4.3,33.3,37.1,-3.8
2025-26,Regular+Season,ATL,1610612737,Atlanta Hawks,Vít Krejčí,1630249,ATL,G,38,37,40.4,1.7,4.3,40.7,36.5,4.2
2025-26,Regular+Season,NOP,1610612740,New Orleans Pelicans,Saddiq Bey,1630180,NOP,G-F,35,35,49.2,1.4,4.2,34.0,36.9,-2.9
2025-26,Regular+Season,SAC,1610612758,Sacramento Kings,Russell Westbrook,201566,SAC,G,40,39,43.8,1.4,4.2,33.3,36.5,-3.2
2025-26,Regular+Season,NOP,1610612740,New Orleans Pelicans,Yves Missi,1642274,NOP,C,34,33,45.5,1.4,4.2,34.5,35.9,-1.4
2025-26,Regular+Season,LAC,1610612746,Los Angeles Clippers,Bradley Beal,203078,LAC,G,6,6,67.6,1.7,4.2,40.0,38.0,2.0
2025-26,Regular+Season,TOR,1610612761,Toronto Raptors,Collin Murray-Boyles,1642867,TOR,F,34,34,43.8,1.6,4.2,38.3,37.2,1.1
2025-26,Regular+Season,BKN,1610612751,Brooklyn Nets,Terance Mann,1629611,BKN,G-F,33,31,43.2,1.3,4.2,32.1,38.3,-6.2
2025-26,Regular+Season,NOP,1610612740,New Orleans Pelicans,Jose Alvarado,1630631,NOP,G,35,34,52.0,1.6,4.1,38.6,36.2,2.4
2025-26,Regular+Season,IND,1610612754,Indiana Pacers,Ben Sheppard,1641767,IND,G,29,28,49.6,1.3,4.1,31.7,37.2,-5.5
2025-26,Regular+Season,LAC,1610612746,Los Angeles Clippers,Bogdan Bogdanović,203992,LAC,G,15,14,42.8,1.5,4.1,35.5,37.6,-2.2
2025-26,Regular+Season,IND,1610612754,Indiana Pacers,Bennedict Mathurin,1631097,IND,G-F,24,24,40.1,1.6,4.1,38.4,37.6,0.8
2025-26,Regular+Season,PHI,1610612755,Philadelphia 76ers,Trendon Watford,1630570,PHI,G-F,17,16,52.2,1.4,4.1,34.3,35.5,-1.2
2025-26,Regular+Season,UTA,1610612762,Utah Jazz,Walter Clayton Jr.,1642383,UTA,G,34,32,53.6,1.2,4.1,28.6,36.9,-8.4
2025-26,Regular+Season,HOU,1610612745,Houston Rockets,Tari Eason,1631106,HOU,F,21,21,48.0,1.4,4.1,34.9,35.4,-0.5
2025-26,Regular+Season,OKC,1610612760,Oklahoma City Thunder,Ajay Mitchell,1642349,OKC,G,39,38,51.1,1.4,4.1,34.6,36.8,-2.2
2025-26,Regular+Season,CHI,1610612741,Chicago Bulls,Ayo Dosunmu,1630245,CHI,G,33,32,48.0,1.1,4.1,26.9,37.1,-10.2
2025-26,Regular+Season,POR,1610612757,Portland Trail Blazers,Shaedon Sharpe,1631101,POR,G,37,36,39.4,1.3,4.0,31.3,36.7,-5.3
2025-26,Regular+Season,DAL,1610612742,Dallas Mavericks,D'Angelo Russell,1626156,DAL,G,26,26,46.3,1.4,4.0,35.2,36.9,-1.7
2025-26,Regular+Season,DAL,1610612742,Dallas Mavericks,Daniel Gafford,1629655,DAL,F-C,28,27,35.5,1.5,4.0,36.3,35.8,0.5
2025-26,Regular+Season,BKN,1610612751,Brooklyn Nets,Michael Porter Jr.,1629008,BKN,F,30,28,37.6,1.6,4.0,38.8,36.8,2.0
2025-26,Regular+Season,PHI,1610612755,Philadelphia 76ers,Andre Drummond,203083,PHI,C,33,31,37.8,1.1,4.0,27.8,36.1,-8.2
2025-26,Regular+Season,IND,1610612754,Indiana Pacers,Quenton Jackson,1631245,IND,G,15,15,50.0,0.9,4.0,23.3,36.9,-13.5
2025-26,Regular+Season,DET,1610612765,Detroit Pistons,Tobias Harris,202699,DET,F,23,21,41.8,1.4,4.0,35.9,37.4,-1.5
2025-26,Regular+Season,NOP,1610612740,New Orleans Pelicans,Kevon Looney,1626172,NOP,F,16,15,49.6,1.3,4.0,32.8,36.3,-3.5
2025-26,Regular+Season,UTA,1610612762,Utah Jazz,Oscar Tshiebwe,1631131,UTA,F-C,1,1,50.0,3.0,4.0,75.0,40.2,34.9
2025-26,Regular+Season,CHA,1610612766,Charlotte Hornets,Grant Williams,1629684,CHA,F,2,2,53.3,1.0,4.0,25.0,35.3,-10.3
2025-26,Regular+Season,NOP,1610612740,New Orleans Pelicans,Herbert Jones,1630529,NOP,F,23,21,44.4,1.7,4.0,42.9,37.1,5.8
2025-26,Regular+Season,GSW,1610612744,Golden State Warriors,Moses Moody,1630541,GSW,G,39,39,41.4,1.4,4.0,35.1,36.7,-1.6
2025-26,Regular+Season,SAC,1610612758,Sacramento Kings,Keegan Murray,1631099,SAC,F,19,19,27.7,1.3,4.0,32.0,38.5,-6.5
2025-26,Regular+Season,OKC,1610612760,Oklahoma City Thunder,Isaiah Joe,1630198,OKC,G,32,31,52.7,1.3,3.9,34.1,35.4,-1.3
2025-26,Regular+Season,DEN,1610612743,Denver Nuggets,Spencer Jones,1642461,DEN,F,33,32,46.4,1.4,3.9,36.2,35.6,0.6
2025-26,Regular+Season,LAL,1610612747,Los Angeles Lakers,Gabe Vincent,1629216,LAL,G,18,17,59.7,1.8,3.9,46.5,37.8,8.7
2025-26,Regular+Season,SAS,1610612759,San Antonio Spurs,Kelly Olynyk,203482,SAS,F-C,24,24,57.3,1.4,3.9,36.2,35.1,1.1
2025-26,Regular+Season,UTA,1610612762,Utah Jazz,Taylor Hendricks,1641707,UTA,F,25,24,49.2,1.7,3.9,42.9,36.2,6.6
2025-26,Regular+Season,BOS,1610612738,Boston Celtics,Sam Hauser,1630573,BOS,F,38,36,46.1,1.4,3.9,36.9,36.6,0.3
2025-26,Regular+Season,OKC,1610612760,Oklahoma City Thunder,Jalen Williams,1631114,OKC,G-F,22,22,44.6,1.3,3.9,33.7,37.1,-3.4
2025-26,Regular+Season,CLE,1610612739,Cleveland Cavaliers,Sam Merrill,1630241,CLE,G,23,23,39.6,1.4,3.9,36.7,36.6,0.1
2025-26,Regular+Season,DEN,1610612743,Denver Nuggets,DaRon Holmes II,1641747,DEN,F,9,8,49.3,1.3,3.9,34.3,35.2,-0.9
2025-26,Regular+Season,CHI,1610612741,Chicago Bulls,Tre Jones,1630200,CHI,G,33,31,38.8,1.6,3.9,39.8,36.9,3.0
2025-26,Regular+Season,CLE,1610612739,Cleveland Cavaliers,Dean Wade,1629731,CLE,F-C,33,33,37.2,1.3,3.9,33.1,37.1,-4.1
2025-26,Regular+Season,BOS,1610612738,Boston Celtics,Josh Minott,1631169,BOS,F,28,27,45.0,1.4,3.8,36.4,36.5,-0.1
2025-26,Regular+Season,IND,1610612754,Indiana Pacers,Jeremiah Robinson-Earl,1630526,IND,F,16,16,48.0,1.7,3.8,44.3,35.6,8.6
2025-26,Regular+Season,IND,1610612754,Indiana Pacers,Micah Potter,1630695,IND,C,10,10,36.9,1.8,3.8,47.4,34.9,12.5
2025-26,Regular+Season,SAC,1610612758,Sacramento Kings,Nique Clifford,1642363,SAC,G,36,35,45.6,1.2,3.8,32.4,37.7,-5.4
2025-26,Regular+Season,OKC,1610612760,Oklahoma City Thunder,Jaylin Williams,1631119,OKC,F,27,26,42.1,1.3,3.8,34.3,33.5,0.8
2025-26,Regular+Season,BKN,1610612751,Brooklyn Nets,Danny Wolf,1642874,BKN,F,22,22,42.1,1.1,3.8,30.1,38.0,-7.9
2025-26,Regular+Season,BOS,1610612738,Boston Celtics,Anfernee Simons,1629014,BOS,G,39,39,45.4,1.3,3.8,34.7,36.2,-1.5
2025-26,Regular+Season,BOS,1610612738,Boston Celtics,Luka Garza,1630568,BOS,C,30,28,42.8,1.4,3.8,38.1,36.2,1.8
2025-26,Regular+Season,LAL,1610612747,Los Angeles Lakers,Jaxson Hayes,1629637,LAL,C-F,32,32,45.3,1.4,3.8,38.3,37.3,1.0
2025-26,Regular+Season,UTA,1610612762,Utah Jazz,Kyle Anderson,203937,UTA,F-G,12,12,52.9,1.6,3.8,42.2,35.2,7.1
2025-26,Regular+Season,OKC,1610612760,Oklahoma City Thunder,Alex Caruso,1627936,OKC,G,29,28,52.4,1.4,3.7,38.0,36.6,1.4
2025-26,Regular+Season,ORL,1610612753,Orlando Magic,Tristan da Silva,1641783,ORL,F,35,33,43.3,1.3,3.7,34.6,36.4,-1.8
2025-26,Regular+Season,IND,1610612754,Indiana Pacers,Jay Huff,1630643,IND,C,40,39,34.6,1.2,3.7,32.4,36.1,-3.7
2025-26,Regular+Season,TOR,1610612761,Toronto Raptors,Jamal Shead,1642347,TOR,G,41,41,51.7,1.2,3.7,33.8,37.9,-4.1
2025-26,Regular+Season,IND,1610612754,Indiana Pacers,Isaiah Jackson,1630543,IND,F,29,29,39.0,1.2,3.7,33.0,36.7,-3.7
2025-26,Regular+Season,SAC,1610612758,Sacramento Kings,Keon Ellis,1631165,SAC,G,38,36,44.8,1.1,3.7,30.2,37.7,-7.5
2025-26,Regular+Season,BOS,1610612738,Boston Celtics,Jordan Walsh,1641775,BOS,G,32,31,42.9,1.5,3.7,40.2,37.0,3.2
2025-26,Regular+Season,MIA,1610612748,Miami Heat,Norman Powell,1626181,MIA,G,34,33,42.8,1.6,3.6,43.5,37.1,6.5
2025-26,Regular+Season,DET,1610612765,Detroit Pistons,Caris LeVert,1627747,DET,G,28,28,45.1,1.4,3.6,37.3,37.1,0.1
2025-26,Regular+Season,PHX,1610612756,Phoenix Suns,Ryan Dunn,1642346,PHX,F,33,31,43.3,1.2,3.6,34.2,37.3,-3.1
2025-26,Regular+Season,MIL,1610612749,Milwaukee Bucks,Taurean Prince,1627752,MIL,F,8,8,50.0,1.6,3.6,44.8,35.9,9.0
2025-26,Regular+Season,MEM,1610612763,Memphis Grizzlies,Christian Koloko,1631132,MEM,C,13,12,42.7,1.5,3.6,40.4,36.5,4.0
2025-26,Regular+Season,MEM,1610612763,Memphis Grizzlies,GG Jackson,1641713,MEM,F,15,14,52.9,1.7,3.6,48.1,36.2,12.0
2025-26,Regular+Season,SAS,1610612759,San Antonio Spurs,Devin Vassell,1630170,SAS,G-F,32,32,38.2,1.5,3.6,40.9,37.9,2.9
2025-26,Regular+Season,NOP,1610612740,New Orleans Pelicans,Bryce McGowens,1631121,NOP,G,24,22,44.6,1.0,3.6,29.1,35.1,-6.0
2025-26,Regular+Season,CHA,1610612766,Charlotte Hornets,PJ Hall,1641790,CHA,C,12,11,45.7,1.0,3.6,27.9,38.8,-10.9
2025-26,Regular+Season,DET,1610612765,Detroit Pistons,Ronald Holland II,1641842,DET,F,36,35,47.6,1.3,3.6,36.4,37.4,-1.0
2025-26,Regular+Season,DAL,1610612742,Dallas Mavericks,Dereck Lively II,1641726,DAL,C,7,7,36.8,1.6,3.6,44.0,36.1,7.9
2025-26,Regular+Season,DAL,1610612742,Dallas Mavericks,Ryan Nembhard,1642948,DAL,G,27,23,44.9,1.1,3.6,32.3,37.2,-4.9
2025-26,Regular+Season,MIA,1610612748,Miami Heat,Simone Fontecchio,1631323,MIA,F,36,32,52.5,1.2,3.6,32.8,36.3,-3.5
2025-26,Regular+Season,DAL,1610612742,Dallas Mavericks,Brandon Williams,1630314,DAL,G,34,33,42.3,1.1,3.6,31.4,36.5,-5.1
2025-26,Regular+Season,MIA,1610612748,Miami Heat,Dru Smith,1630696,MIA,G,40,39,46.7,1.3,3.5,35.9,37.2,-1.3
2025-26,Regular+Season,UTA,1610612762,Utah Jazz,Brice Sensabaugh,1641729,UTA,F,37,35,48.5,1.4,3.5,38.2,37.1,1.1
2025-26,Regular+Season,PHX,1610612756,Phoenix Suns,Jordan Goodwin,1630692,PHX,G,37,34,47.6,1.4,3.5,40.5,37.3,3.2
2025-26,Regular+Season,CHA,1610612766,Charlotte Hornets,LaMelo Ball,1630163,CHA,G,30,29,41.6,1.6,3.5,44.3,37.1,7.2
2025-26,Regular+Season,CHA,1610612766,Charlotte Hornets,Collin Sexton,1629012,CHA,G,31,31,48.0,1.1,3.5,31.2,36.6,-5.4
2025-26,Regular+Season,GSW,1610612744,Golden State Warriors,Brandin Podziemski,1641764,GSW,G,41,39,38.3,1.2,3.5,33.3,36.6,-3.3
2025-26,Regular+Season,LAC,1610612746,Los Angeles Clippers,Brook Lopez,201572,LAC,C,32,27,38.9,1.2,3.5,33.9,36.6,-2.7
2025-26,Regular+Season,POR,1610612757,Portland Trail Blazers,Robert Williams III,1629057,POR,C-F,28,28,43.2,1.2,3.5,34.7,35.5,-0.8
2025-26,Regular+Season,NOP,1610612740,New Orleans Pelicans,DeAndre Jordan,201599,NOP,C,2,2,53.8,1.0,3.5,28.6,38.9,-10.4
2025-26,Regular+Season,GSW,1610612744,Golden State Warriors,Seth Curry,203552,GSW,G,2,2,58.3,2.0,3.5,57.1,38.5,18.6
2025-26,Regular+Season,WAS,1610612764,Washington Wizards,Tre Johnson,1642848,WAS,G,31,29,41.2,1.3,3.5,38.0,37.4,0.6
2025-26,Regular+Season,MIL,1610612749,Milwaukee Bucks,Gary Trent Jr.,1629018,MIL,G,37,36,48.7,1.4,3.5,39.8,36.6,3.3
2025-26,Regular+Season,WAS,1610612764,Washington Wizards,Bilal Coulibaly,1641731,WAS,G,24,22,39.7,1.3,3.5,38.6,37.4,1.2
2025-26,Regular+Season,CLE,1610612739,Cleveland Cavaliers,Craig Porter Jr.,1641854,CLE,G,35,34,41.2,1.3,3.4,36.7,36.8,-0.1
2025-26,Regular+Season,MIL,1610612749,Milwaukee Bucks,Cole Anthony,1630175,MIL,G,26,25,52.0,1.5,3.4,42.7,36.1,6.6
2025-26,Regular+Season,SAS,1610612759,San Antonio Spurs,Keldon Johnson,1629640,SAS,F-G,40,40,43.6,1.1,3.4,31.6,36.9,-5.3
2025-26,Regular+Season,TOR,1610612761,Toronto Raptors,Alijah Martin,1642918,TOR,G,5,5,47.2,0.8,3.4,23.5,37.2,-13.7
2025-26,Regular+Season,PHI,1610612755,Philadelphia 76ers,Adem Bona,1641737,PHI,F,29,28,38.1,1.1,3.4,33.7,36.4,-2.8
2025-26,Regular+Season,MIA,1610612748,Miami Heat,Kasparas Jakučionis,1642857,MIA,G,11,9,45.7,1.4,3.4,40.5,35.6,4.9
2025-26,Regular+Season,GSW,1610612744,Golden State Warriors,Will Richard,1642954,GSW,G,34,33,41.9,1.1,3.4,31.6,37.9,-6.4
2025-26,Regular+Season,MIN,1610612750,Minnesota Timberwolves,Mike Conley,201144,MIN,G,35,34,45.0,1.3,3.3,37.6,38.1,-0.5
2025-26,Regular+Season,MEM,1610612763,Memphis Grizzlies,Cam Spencer,1642285,MEM,G,38,34,43.1,1.3,3.3,37.8,36.7,1.1
2025-26,Regular+Season,PHX,1610612756,Phoenix Suns,Oso Ighodaro,1642345,PHX,F,40,36,36.8,1.0,3.3,30.1,36.7,-6.6
2025-26,Regular+Season,IND,1610612754,Indiana Pacers,Ethan Thompson,1630679,IND,G,15,13,52.1,1.3,3.3,38.0,37.1,0.9
2025-26,Regular+Season,BKN,1610612751,Brooklyn Nets,Egor Dëmin,1642856,BKN,G,33,32,36.2,1.3,3.3,38.2,37.1,1.0
2025-26,Regular+Season,DET,1610612765,Detroit Pistons,Wendell Moore Jr.,1631111,DET,G,3,3,55.6,0.3,3.3,10.0,37.2,-27.2
2025-26,Regular+Season,WAS,1610612764,Washington Wizards,Justin Champagnie,1630551,WAS,G-F,34,33,40.5,1.3,3.3,38.9,36.8,2.2
2025-26,Regular+Season,CHI,1610612741,Chicago Bulls,Zach Collins,1628380,CHI,F-C,10,9,39.3,1.1,3.3,33.3,37.2,-3.9
2025-26,Regular+Season,LAC,1610612746,Los Angeles Clippers,Kobe Sanders,1642920,LAC,G,31,29,46.8,1.3,3.3,39.2,36.7,2.5
2025-26,Regular+Season,MIL,1610612749,Milwaukee Bucks,Gary Harris,203914,MIL,G,29,28,54.6,1.2,3.3,37.9,36.6,1.3
2025-26,Regular+Season,TOR,1610612761,Toronto Raptors,Ja'Kobe Walter,1642266,TOR,G,37,34,43.1,1.2,3.3,36.4,37.4,-1.0
2025-26,Regular+Season,OKC,1610612760,Oklahoma City Thunder,Branden Carlson,1642382,OKC,C,27,25,47.3,1.5,3.3,45.5,33.7,11.8
2025-26,Regular+Season,GSW,1610612744,Golden State Warriors,Buddy Hield,1627741,GSW,G,35,35,42.5,1.2,3.3,37.7,36.9,0.8
2025-26,Regular+Season,BKN,1610612751,Brooklyn Nets,Nolan Traore,1642849,BKN,G,17,15,49.1,1.4,3.2,41.8,37.7,4.1
2025-26,Regular+Season,CHA,1610612766,Charlotte Hornets,Tidjane Salaün,1642275,CHA,F,25,23,43.1,1.6,3.2,50.6,36.9,13.7
2025-26,Regular+Season,TOR,1610612761,Toronto Raptors,Ochai Agbaji,1630534,TOR,G,31,27,48.1,1.0,3.2,32.0,37.0,-5.0
2025-26,Regular+Season,BKN,1610612751,Brooklyn Nets,Tyrese Martin,1631213,BKN,F,31,28,45.5,1.2,3.2,37.0,36.7,0.3
2025-26,Regular+Season,SAC,1610612758,Sacramento Kings,Malik Monk,1628370,SAC,G,32,30,46.0,1.1,3.2,35.0,36.5,-1.5
2025-26,Regular+Season,DET,1610612765,Detroit Pistons,Javonte Green,1629750,DET,G,37,35,43.2,1.2,3.2,36.4,37.6,-1.2
2025-26,Regular+Season,BOS,1610612738,Boston Celtics,Xavier Tillman,1630214,BOS,F,11,7,56.5,1.1,3.2,34.3,37.0,-2.7
2025-26,Regular+Season,BKN,1610612751,Brooklyn Nets,Ben Saraf,1642879,BKN,G,12,10,45.8,0.9,3.2,28.9,38.5,-9.6
2025-26,Regular+Season,MEM,1610612763,Memphis Grizzlies,Jock Landale,1629111,MEM,C,37,33,34.9,1.2,3.2,39.3,36.2,3.1
2025-26,Regular+Season,DEN,1610612743,Denver Nuggets,Jalen Pickett,1629618,DEN,G,21,19,51.2,1.2,3.1,37.9,36.3,1.6
2025-26,Regular+Season,HOU,1610612745,Houston Rockets,Aaron Holiday,1628988,HOU,G,28,25,50.6,0.9,3.1,29.5,36.5,-7.0
2025-26,Regular+Season,ATL,1610612737,Atlanta Hawks,Mouhamed Gueye,1631243,ATL,F,40,37,45.3,1.0,3.1,32.0,35.6,-3.6
2025-26,Regular+Season,POR,1610612757,Portland Trail Blazers,Sidy Cissoko,1631321,POR,G,34,34,44.0,1.2,3.1,38.7,35.4,3.3
2025-26,Regular+Season,LAC,1610612746,Los Angeles Clippers,Jordan Miller,1641757,LAC,G,17,15,43.8,0.8,3.1,26.4,36.3,-9.9
2025-26,Regular+Season,CLE,1610612739,Cleveland Cavaliers,Nae'Qwan Tomlin,1641772,CLE,F,29,27,54.5,1.3,3.1,41.1,36.4,4.8
2025-26,Regular+Season,WAS,1610612764,Washington Wizards,Jamir Watkins,1642364,WAS,F,11,9,44.2,1.1,3.1,35.3,36.1,-0.8
2025-26,Regular+Season,ORL,1610612753,Orlando Magic,Goga Bitadze,1629048,ORL,C-F,36,30,36.4,1.0,3.1,31.5,36.7,-5.2
2025-26,Regular+Season,MEM,1610612763,Memphis Grizzlies,Olivier-Maxence Prosper,1641765,MEM,F,15,14,43.8,1.2,3.1,39.1,35.4,3.7
2025-26,Regular+Season,PHI,1610612755,Philadelphia 76ers,Jared McCain,1642272,PHI,G,29,26,42.6,1.1,3.1,34.8,35.1,-0.3
2025-26,Regular+Season,HOU,1610612745,Houston Rockets,Josh Okogie,1629006,HOU,G,36,34,47.4,1.4,3.1,44.5,36.3,8.3
2025-26,Regular+Season,GSW,1610612744,Golden State Warriors,De'Anthony Melton,1629001,GSW,G,16,16,34.8,1.2,3.1,38.8,36.2,2.6
2025-26,Regular+Season,IND,1610612754,Indiana Pacers,Jarace Walker,1641716,IND,F,40,40,41.9,0.9,3.0,31.1,36.5,-5.4
2025-26,Regular+Season,DEN,1610612743,Denver Nuggets,Zeke Nnaji,1630192,DEN,F-C,23,21,44.0,1.1,3.0,35.7,35.7,0.0
2025-26,Regular+Season,LAC,1610612746,Los Angeles Clippers,Nicolas Batum,201587,LAC,G-F,37,34,42.1,1.5,3.0,49.1,37.2,11.9
2025-26,Regular+Season,SAS,1610612759,San Antonio Spurs,Dylan Harper,1642844,SAS,G,30,28,47.2,1.1,3.0,35.2,36.2,-1.1
2025-26,Regular+Season,CHA,1610612766,Charlotte Hornets,KJ Simpson,1642354,CHA,G,12,12,37.1,1.1,3.0,36.1,37.8,-1.7
2025-26,Regular+Season,CHI,1610612741,Chicago Bulls,Patrick Williams,1630172,CHI,F,37,31,42.7,1.4,3.0,45.0,36.1,9.0
2025-26,Regular+Season,CHI,1610612741,Chicago Bulls,Jalen Smith,1630188,CHI,F-C,31,29,35.8,1.1,3.0,38.0,35.9,2.2
2025-26,Regular+Season,ATL,1610612737,Atlanta Hawks,Corey Kispert,1630557,ATL,F,21,21,42.5,0.8,3.0,27.4,36.5,-9.1
2025-26,Regular+Season,DET,1610612765,Detroit Pistons,Daniss Jenkins,1642450,DET,G,28,27,47.4,1.1,2.9,36.6,37.0,-0.4
2025-26,Regular+Season,NYK,1610612752,New York Knicks,Jordan Clarkson,203903,NYK,G,39,39,41.9,1.3,2.9,45.6,35.7,9.9
2025-26,Regular+Season,MEM,1610612763,Memphis Grizzlies,Kentavious Caldwell-Pope,203484,MEM,G,38,38,50.5,1.3,2.9,43.2,36.9,6.4
2025-26,Regular+Season,LAC,1610612746,Los Angeles Clippers,Kobe Brown,1641738,LAC,F,22,21,59.3,1.3,2.9,45.3,36.4,8.9
2025-26,Regular+Season,DAL,1610612742,Dallas Mavericks,Klay Thompson,202691,DAL,G,37,35,43.1,0.9,2.9,30.8,35.9,-5.0
2025-26,Regular+Season,ATL,1610612737,Atlanta Hawks,Luke Kennard,1628379,ATL,G,36,33,40.8,1.1,2.9,37.5,35.1,2.4
2025-26,Regular+Season,POR,1610612757,Portland Trail Blazers,Kris Murray,1631200,POR,F,34,32,38.4,0.9,2.9,31.6,35.9,-4.2
2025-26,Regular+Season,BOS,1610612738,Boston Celtics,Hugo González,1642864,BOS,G,34,31,47.3,1.0,2.9,33.7,36.3,-2.6
2025-26,Regular+Season,IND,1610612754,Indiana Pacers,Johnny Furphy,1642277,IND,G,21,20,37.7,1.1,2.9,38.3,37.6,0.7
2025-26,Regular+Season,NOP,1610612740,New Orleans Pelicans,Jordan Hawkins,1641722,NOP,G,31,27,47.8,1.0,2.8,34.1,36.1,-2.1
2025-26,Regular+Season,UTA,1610612762,Utah Jazz,Cody Williams,1642262,UTA,F,24,20,45.6,1.3,2.8,45.6,36.4,9.2
2025-26,Regular+Season,SAC,1610612758,Sacramento Kings,Drew Eubanks,1629234,SAC,F-C,30,25,38.1,1.0,2.8,36.5,37.4,-1.0
2025-26,Regular+Season,DET,1610612765,Detroit Pistons,Bobi Klintman,1641752,DET,F,6,6,77.3,1.3,2.8,47.1,32.6,14.4
2025-26,Regular+Season,DEN,1610612743,Denver Nuggets,Jonas Valančiūnas,202685,DEN,C,33,29,38.4,1.3,2.8,46.2,36.6,9.7
2025-26,Regular+Season,CHA,1610612766,Charlotte Hornets,Tre Mann,1630544,CHA,G,26,22,40.6,1.5,2.8,52.1,37.0,15.0
2025-26,Regular+Season,DET,1610612765,Detroit Pistons,Tolu Smith,1642449,DET,F,4,4,40.7,0.8,2.8,27.3,32.7,-5.5
2025-26,Regular+Season,POR,1610612757,Portland Trail Blazers,Yang Hansen,1642905,POR,C,23,19,46.0,1.1,2.7,39.7,36.7,3.0
2025-26,Regular+Season,ATL,1610612737,Atlanta Hawks,Keaton Wallace,1630811,ATL,G,32,29,51.2,1.0,2.7,36.8,36.1,0.7
2025-26,Regular+Season,MIL,1610612749,Milwaukee Bucks,Jericho Sims,1630579,MIL,C,26,22,49.6,0.7,2.7,24.3,35.6,-11.3
2025-26,Regular+Season,PHI,1610612755,Philadelphia 76ers,Justin Edwards,1642348,PHI,F,26,25,42.4,1.2,2.7,44.3,37.4,6.9
2025-26,Regular+Season,LAL,1610612747,Los Angeles Lakers,Jarred Vanderbilt,1629020,LAL,F,28,24,40.8,1.0,2.7,36.0,37.6,-1.6
2025-26,Regular+Season,MEM,1610612763,Memphis Grizzlies,Javon Small,1642914,MEM,G,12,11,49.2,0.8,2.7,31.3,34.2,-2.9
2025-26,Regular+Season,TOR,1610612761,Toronto Raptors,Gradey Dick,1641711,TOR,G-F,40,34,46.7,1.0,2.6,37.7,36.7,1.1
2025-26,Regular+Season,SAC,1610612758,Sacramento Kings,Devin Carter,1642269,SAC,G,11,9,52.7,1.2,2.6,44.8,38.4,6.4
2025-26,Regular+Season,POR,1610612757,Portland Trail Blazers,Caleb Love,1631126,POR,G,31,27,44.0,0.7,2.6,24.7,35.6,-10.9
2025-26,Regular+Season,LAL,1610612747,Los Angeles Lakers,Nick Smith Jr.,1641733,LAL,G,20,18,49.5,1.0,2.6,38.5,36.9,1.6
2025-26,Regular+Season,IND,1610612754,Indiana Pacers,Monte Morris,1628420,IND,G,5,4,46.4,0.2,2.6,7.7,33.9,-26.2
2025-26,Regular+Season,BKN,1610612751,Brooklyn Nets,Day'Ron Sharpe,1630549,BKN,C,36,29,35.2,1.0,2.6,37.6,36.7,1.0
2025-26,Regular+Season,ORL,1610612753,Orlando Magic,Noah Penda,1642869,ORL,G-F,24,22,36.9,1.0,2.6,38.7,36.2,2.5
2025-26,Regular+Season,MIN,1610612750,Minnesota Timberwolves,Jaylen Clark,1641740,MIN,G,37,33,41.5,0.7,2.6,28.4,37.4,-9.0
2025-26,Regular+Season,DET,1610612765,Detroit Pistons,Jaden Ivey,1631093,DET,G,23,20,42.8,1.0,2.6,37.3,37.5,-0.2
2025-26,Regular+Season,IND,1610612754,Indiana Pacers,T.J. McConnell,204456,IND,G,28,27,52.6,1.0,2.6,40.3,36.7,3.6
2025-26,Regular+Season,BKN,1610612751,Brooklyn Nets,Cam Thomas,1630560,BKN,G,15,12,33.0,1.0,2.5,39.5,37.3,2.2
2025-26,Regular+Season,CHI,1610612741,Chicago Bulls,Dalen Terry,1631207,CHI,F,19,17,46.6,1.1,2.5,43.8,36.2,7.6
2025-26,Regular+Season,NOP,1610612740,New Orleans Pelicans,Karlo Matković,1631255,NOP,F-C,29,23,39.7,1.0,2.5,38.4,35.8,2.5
2025-26,Regular+Season,OKC,1610612760,Oklahoma City Thunder,Ousmane Dieng,1631172,OKC,F,18,16,40.9,0.7,2.5,28.9,34.5,-5.6
2025-26,Regular+Season,CHI,1610612741,Chicago Bulls,Jevon Carter,1628975,CHI,G,18,17,51.7,1.0,2.5,40.0,36.4,3.6
2025-26,Regular+Season,LAL,1610612747,Los Angeles Lakers,Dalton Knecht,1642261,LAL,F,30,26,47.8,1.1,2.5,42.7,36.4,6.3
2025-26,Regular+Season,UTA,1610612762,Utah Jazz,Elijah Harkless,1641989,UTA,G,6,5,48.4,1.0,2.5,40.0,37.1,2.9
2025-26,Regular+Season,UTA,1610612762,Utah Jazz,Kevin Love,201567,UTA,F-C,22,22,30.6,0.9,2.5,38.2,36.2,2.0
2025-26,Regular+Season,SAC,1610612758,Sacramento Kings,Doug McDermott,203926,SAC,F,6,5,53.6,0.5,2.5,20.0,37.1,-17.1
2025-26,Regular+Season,POR,1610612757,Portland Trail Blazers,Blake Wesley,1631104,POR,G,6,5,55.6,0.7,2.5,26.7,37.5,-10.8
2025-26,Regular+Season,PHI,1610612755,Philadelphia 76ers,Eric Gordon,201569,PHI,G,6,5,65.2,1.0,2.5,40.0,34.2,5.8
2025-26,Regular+Season,NYK,1610612752,New York Knicks,Kevin McCullar Jr.,1641755,NYK,G,8,7,58.8,0.9,2.5,35.0,36.6,-1.6
2025-26,Regular+Season,MIN,1610612750,Minnesota Timberwolves,Bones Hyland,1630538,MIN,G,30,24,39.8,0.9,2.5,36.5,37.1,-0.6
2025-26,Regular+Season,NOP,1610612740,New Orleans Pelicans,Micah Peavy,1642877,NOP,G-F,35,31,48.9,0.7,2.5,29.1,36.0,-6.9
2025-26,Regular+Season,HOU,1610612745,Houston Rockets,Dorian Finney-Smith,1627827,HOU,F,9,9,46.8,0.8,2.4,31.8,35.6,-3.8
2025-26,Regular+Season,NYK,1610612752,New York Knicks,Tyler Kolek,1642278,NYK,G,31,28,44.4,0.8,2.4,34.7,36.6,-1.9
2025-26,Regular+Season,PHX,1610612756,Phoenix Suns,Jamaree Bouyea,1631123,PHX,G,19,16,41.1,0.8,2.4,32.6,36.2,-3.6
2025-26,Regular+Season,GSW,1610612744,Golden State Warriors,Gui Santos,1630611,GSW,F,29,22,41.4,0.7,2.4,28.6,36.7,-8.2
2025-26,Regular+Season,CLE,1610612739,Cleveland Cavaliers,Larry Nance Jr.,1626204,CLE,F-C,15,15,40.9,0.9,2.4,36.1,36.9,-0.8
2025-26,Regular+Season,NYK,1610612752,New York Knicks,Ariel Hukporti,1630574,NYK,C,23,16,43.3,0.8,2.4,32.7,35.3,-2.5
2025-26,Regular+Season,WAS,1610612764,Washington Wizards,Tristan Vukcevic,1641774,WAS,F,28,22,33.8,0.9,2.4,37.3,34.6,2.7
2025-26,Regular+Season,BOS,1610612738,Boston Celtics,Chris Boucher,1628449,BOS,F,8,7,38.8,0.8,2.4,31.6,33.8,-2.2
2025-26,Regular+Season,LAL,1610612747,Los Angeles Lakers,Maxi Kleber,1628467,LAL,F,19,16,44.6,1.2,2.4,51.1,37.7,13.4
2025-26,Regular+Season,BKN,1610612751,Brooklyn Nets,Drake Powell,1642962,BKN,G-F,26,20,44.5,0.8,2.4,32.8,37.2,-4.4
2025-26,Regular+Season,IND,1610612754,Indiana Pacers,Tony Bradley,1628396,IND,C-F,27,23,44.7,0.9,2.3,39.7,36.5,3.2
2025-26,Regular+Season,BKN,1610612751,Brooklyn Nets,Jalen Wilson,1630592,BKN,F,24,23,45.5,1.1,2.3,46.4,36.4,10.0
2025-26,Regular+Season,BOS,1610612738,Boston Celtics,Baylor Scheierman,1631248,BOS,G,31,27,42.9,0.9,2.3,38.9,35.9,3.0
2025-26,Regular+Season,CHA,1610612766,Charlotte Hornets,Josh Green,1630182,CHA,G,16,15,46.8,0.4,2.3,18.9,37.2,-18.3
2025-26,Regular+Season,IND,1610612754,Indiana Pacers,Cody Martin,1628998,IND,F,4,4,42.9,0.5,2.3,22.2,35.9,-13.7
2025-26,Regular+Season,GSW,1610612744,Golden State Warriors,Trayce Jackson-Davis,1631218,GSW,F,28,22,30.3,0.8,2.3,34.9,35.0,-0.1
2025-26,Regular+Season,IND,1610612754,Indiana Pacers,James Wiseman,1630164,IND,C,4,4,36.0,1.0,2.3,44.4,39.5,4.9
2025-26,Regular+Season,LAC,1610612746,Los Angeles Clippers,Chris Paul,101108,LAC,G,16,14,44.4,0.8,2.3,33.3,33.5,-0.2
2025-26,Regular+Season,NOP,1610612740,New Orleans Pelicans,Trey Alexander,1641725,NOP,G,4,4,47.4,0.8,2.3,33.3,39.0,-5.6
2025-26,Regular+Season,WAS,1610612764,Washington Wizards,Cam Whitmore,1641715,WAS,F,21,19,41.6,0.8,2.2,36.2,37.3,-1.1
2025-26,Regular+Season,CHA,1610612766,Charlotte Hornets,Pat Connaughton,1626192,CHA,G,13,9,47.5,0.8,2.2,37.9,34.7,3.2
2025-26,Regular+Season,GSW,1610612744,Golden State Warriors,Gary Payton II,1627780,GSW,G,36,27,40.4,0.9,2.2,42.5,37.1,5.4
2025-26,Regular+Season,DAL,1610612742,Dallas Mavericks,Dwight Powell,203939,DAL,F-C,24,19,31.4,0.9,2.2,41.5,37.0,4.5
2025-26,Regular+Season,ATL,1610612737,Atlanta Hawks,Asa Newell,1642854,ATL,F,28,21,40.8,0.8,2.2,35.5,35.1,0.4
2025-26,Regular+Season,CHI,1610612741,Chicago Bulls,Julian Phillips,1641763,CHI,F,25,20,55.6,0.8,2.2,34.5,36.3,-1.7
2025-26,Regular+Season,POR,1610612757,Portland Trail Blazers,Duop Reath,1641871,POR,C,25,23,46.2,0.6,2.2,29.1,35.3,-6.3
2025-26,Regular+Season,DAL,1610612742,Dallas Mavericks,Moussa Cisse,1630619,DAL,C,20,15,35.5,0.8,2.2,36.4,37.4,-1.1
2025-26,Regular+Season,SAC,1610612758,Sacramento Kings,Dario Šarić,203967,SAC,F-C,5,5,45.8,0.8,2.2,36.4,33.3,3.1
2025-26,Regular+Season,DET,1610612765,Detroit Pistons,Paul Reed,1630194,DET,F,28,24,35.3,0.5,2.2,23.0,37.3,-14.4
2025-26,Regular+Season,CHA,1610612766,Charlotte Hornets,Mason Plumlee,203486,CHA,F-C,14,11,37.5,0.9,2.1,43.3,36.3,7.0
2025-26,Regular+Season,SAS,1610612759,San Antonio Spurs,Jeremy Sochan,1631110,SAS,F,23,19,34.3,0.9,2.1,40.8,38.3,2.5
2025-26,Regular+Season,ORL,1610612753,Orlando Magic,Tyus Jones,1626145,ORL,G,40,34,40.3,0.8,2.1,38.8,36.9,2.0
2025-26,Regular+Season,LAC,1610612746,Los Angeles Clippers,Cam Christie,1642353,LAC,G,21,19,52.4,0.8,2.1,38.6,38.0,0.7
2025-26,Regular+Season,ATL,1610612737,Atlanta Hawks,RayJ Dennis,1642484,ATL,G,12,11,44.6,1.1,2.1,52.0,34.7,17.3
2025-26,Regular+Season,CLE,1610612739,Cleveland Cavaliers,Thomas Bryant,1628418,CLE,C-F,25,22,35.1,1.0,2.1,50.0,36.1,13.9
2025-26,Regular+Season,OKC,1610612760,Oklahoma City Thunder,Kenrich Williams,1629026,OKC,G-F,20,17,47.1,1.1,2.0,51.2,35.2,16.0
2025-26,Regular+Season,WAS,1610612764,Washington Wizards,Will Riley,1642860,WAS,F,27,20,41.2,0.6,2.0,31.5,37.1,-5.6
2025-26,Regular+Season,DET,1610612765,Detroit Pistons,Marcus Sasser,1631204,DET,G,7,6,51.9,0.9,2.0,42.9,35.5,7.4
2025-26,Regular+Season,GSW,1610612744,Golden State Warriors,Pat Spencer,1630311,GSW,G,21,16,30.2,0.8,2.0,40.5,36.2,4.3
2025-26,Regular+Season,IND,1610612754,Indiana Pacers,Garrison Mathews,1629726,IND,G,14,12,38.4,0.6,2.0,28.6,35.3,-6.7
2025-26,Regular+Season,SAC,1610612758,Sacramento Kings,Dylan Cardwell,1642928,SAC,C,13,11,22.2,1.0,2.0,50.0,37.3,12.7
2025-26,Regular+Season,PHX,1610612756,Phoenix Suns,Jalen Green,1630224,PHX,G,2,2,50.0,0.0,2.0,0.0,39.3,-39.3
2025-26,Regular+Season,IND,1610612754,Indiana Pacers,Mac McClung,1630644,IND,G,2,2,30.8,1.0,2.0,50.0,33.5,16.5
2025-26,Regular+Season,SAC,1610612758,Sacramento Kings,Daeqwon Plowden,1631342,SAC,G-F,1,1,66.7,0.0,2.0,0.0,39.6,-39.6
2025-26,Regular+Season,HOU,1610612745,Houston Rockets,Clint Capela,203991,HOU,C,33,31,34.6,0.6,2.0,27.7,34.5,-6.9
2025-26,Regular+Season,CHA,1610612766,Charlotte Hornets,Liam McNeeley,1642862,CHA,F,25,23,44.5,0.8,2.0,42.9,35.8,7.1
2025-26,Regular+Season,MEM,1610612763,Memphis Grizzlies,John Konchar,1629723,MEM,G,21,18,34.7,0.3,1.9,17.1,36.1,-19.0
2025-26,Regular+Season,OKC,1610612760,Oklahoma City Thunder,Brooks Barnhizer,1642964,OKC,G,17,14,46.4,1.0,1.9,53.1,36.9,16.3
2025-26,Regular+Season,PHI,1610612755,Philadelphia 76ers,Jabari Walker,1631133,PHI,F,36,30,42.9,0.6,1.9,32.8,36.6,-3.8
2025-26,Regular+Season,PHX,1610612756,Phoenix Suns,Nick Richards,1630208,PHX,C,27,24,35.5,0.6,1.9,32.0,36.6,-4.6
2025-26,Regular+Season,POR,1610612757,Portland Trail Blazers,Rayan Rupert,1641712,POR,G-F,30,25,42.6,0.5,1.8,27.3,37.5,-10.2
2025-26,Regular+Season,TOR,1610612761,Toronto Raptors,A.J. Lawson,1630639,TOR,G,6,6,57.9,0.7,1.8,36.4,37.6,-1.2
2025-26,Regular+Season,BOS,1610612738,Boston Celtics,Amari Williams,1642873,BOS,F-C,4,4,38.9,0.5,1.8,28.6,36.0,-7.4
2025-26,Regular+Season,PHI,1610612755,Philadelphia 76ers,Johni Broome,1641780,PHI,F,4,3,29.2,0.8,1.8,42.9,38.5,4.4
2025-26,Regular+Season,CLE,1610612739,Cleveland Cavaliers,Tyrese Proctor,1642878,CLE,G,25,19,43.9,0.4,1.7,25.6,35.5,-9.9
2025-26,Regular+Season,MIN,1610612750,Minnesota Timberwolves,Leonard Miller,1631159,MIN,F,10,10,43.6,0.5,1.7,29.4,33.6,-4.2
2025-26,Regular+Season,WAS,1610612764,Washington Wizards,Malaki Branham,1631103,WAS,F,20,12,44.2,0.6,1.7,35.3,38.3,-3.0
2025-26,Regular+Season,ORL,1610612753,Orlando Magic,Jamal Cain,1631288,ORL,F,13,12,36.1,0.5,1.7,31.8,36.2,-4.4
2025-26,Regular+Season,NYK,1610612752,New York Knicks,Guerschon Yabusele,1627824,NYK,F,31,27,43.3,0.5,1.7,30.8,35.5,-4.7
2025-26,Regular+Season,CHA,1610612766,Charlotte Hornets,Antonio Reeves,1641810,CHA,G,6,5,62.5,0.7,1.7,40.0,36.9,3.1
2025-26,Regular+Season,DAL,1610612742,Dallas Mavericks,Caleb Martin,1628997,DAL,F,32,24,36.1,0.6,1.6,34.6,37.6,-3.0
2025-26,Regular+Season,MIA,1610612748,Miami Heat,Keshad Johnson,1642352,MIA,F,13,10,37.5,0.5,1.6,33.3,34.9,-1.6
2025-26,Regular+Season,SAS,1610612759,San Antonio Spurs,Carter Bryant,1642868,SAS,F,27,23,47.8,0.6,1.6,39.5,35.2,4.3
2025-26,Regular+Season,SAS,1610612759,San Antonio Spurs,Jordan McLaughlin,1629162,SAS,G,12,9,54.3,0.8,1.6,47.4,37.9,9.4
2025-26,Regular+Season,ORL,1610612753,Orlando Magic,Jase Richardson,1642859,ORL,G,23,13,36.7,0.5,1.6,33.3,37.5,-4.1
2025-26,Regular+Season,SAS,1610612759,San Antonio Spurs,Bismack Biyombo,202687,SAS,C,9,7,46.7,0.7,1.6,42.9,33.3,9.5
2025-26,Regular+Season,MIN,1610612750,Minnesota Timberwolves,Terrence Shannon Jr.,1630545,MIN,G-F,22,15,40.5,0.6,1.6,35.3,37.6,-2.3
2025-26,Regular+Season,DAL,1610612742,Dallas Mavericks,Jaden Hardy,1630702,DAL,G,24,20,37.4,0.5,1.5,29.7,37.1,-7.3
2025-26,Regular+Season,OKC,1610612760,Oklahoma City Thunder,Chris Youngblood,1642959,OKC,G,17,15,56.5,0.7,1.5,42.3,33.9,8.4
2025-26,Regular+Season,DEN,1610612743,Denver Nuggets,Julian Strawther,1631124,DEN,G,16,12,44.4,0.8,1.5,50.0,34.4,15.6
2025-26,Regular+Season,PHI,1610612755,Philadelphia 76ers,Hunter Sallis,1642282,PHI,G,4,4,50.0,0.3,1.5,16.7,39.4,-22.8
2025-26,Regular+Season,TOR,1610612761,Toronto Raptors,Mo Bamba,1628964,TOR,C,2,2,30.0,0.5,1.5,33.3,36.1,-2.7
2025-26,Regular+Season,NYK,1610612752,New York Knicks,Tosan Evbuomwan,1641787,NYK,F,2,2,75.0,0.5,1.5,33.3,39.0,-5.7
2025-26,Regular+Season,PHX,1610612756,Phoenix Suns,Isaiah Livers,1630587,PHX,F,19,15,36.8,0.5,1.5,32.1,36.5,-4.3
2025-26,Regular+Season,SAS,1610612759,San Antonio Spurs,Lindy Waters III,1630322,SAS,F,20,14,55.8,0.6,1.4,37.9,36.5,1.5
2025-26,Regular+Season,MIL,1610612749,Milwaukee Bucks,Andre Jackson Jr.,1641748,MIL,G,11,7,37.2,0.7,1.4,50.0,35.7,14.3
2025-26,Regular+Season,MIL,1610612749,Milwaukee Bucks,Amir Coffey,1629599,MIL,G-F,18,11,44.1,0.7,1.4,46.2,37.3,8.9
2025-26,Regular+Season,NYK,1610612752,New York Knicks,Mohamed Diawara,1642885,NYK,F,24,18,54.8,0.5,1.4,38.2,34.1,4.1
2025-26,Regular+Season,ORL,1610612753,Orlando Magic,Jonathan Isaac,1628371,ORL,F,29,24,36.3,0.5,1.4,36.6,35.5,1.1
2025-26,Regular+Season,LAC,1610612746,Los Angeles Clippers,Yanic Konan Niederhäuser,1642949,LAC,C,17,11,30.3,0.6,1.4,43.5,38.4,5.0
2025-26,Regular+Season,PHI,1610612755,Philadelphia 76ers,Kyle Lowry,200768,PHI,G,3,2,33.3,0.3,1.3,25.0,38.6,-13.6
2025-26,Regular+Season,MIN,1610612750,Minnesota Timberwolves,Rob Dillingham,1642265,MIN,G,29,21,33.0,0.3,1.3,23.7,36.3,-12.6
2025-26,Regular+Season,MIN,1610612750,Minnesota Timberwolves,Joan Beringer,1642866,MIN,F,13,10,39.5,0.3,1.3,23.5,35.9,-12.4
2025-26,Regular+Season,PHX,1610612756,Phoenix Suns,Khaman Maluach,1642863,PHX,C,16,12,42.0,0.4,1.3,28.6,35.7,-7.1
2025-26,Regular+Season,TOR,1610612761,Toronto Raptors,Jamison Battle,1642419,TOR,F,23,17,39.0,0.4,1.3,30.0,35.4,-5.4
2025-26,Regular+Season,HOU,1610612745,Houston Rockets,Jeff Green,201145,HOU,F,11,7,51.9,0.4,1.3,28.6,32.1,-3.5
2025-26,Regular+Season,PHX,1610612756,Phoenix Suns,Rasheer Fleming,1642853,PHX,F,20,16,41.7,0.5,1.3,40.0,34.9,5.1
2025-26,Regular+Season,SAS,1610612759,San Antonio Spurs,David Jones Garcia,1642357,SAS,G,8,4,32.3,0.5,1.3,40.0,39.7,0.3
2025-26,Regular+Season,DEN,1610612743,Denver Nuggets,Curtis Jones,1642938,DEN,G,4,3,62.5,0.5,1.3,40.0,31.5,8.5
2025-26,Regular+Season,ORL,1610612753,Orlando Magic,Jett Howard,1641724,ORL,G,24,16,35.4,0.5,1.2,44.8,38.0,6.8
2025-26,Regular+Season,HOU,1610612745,Houston Rockets,Jae'Sean Tate,1630256,HOU,F,19,13,31.1,0.4,1.2,34.8,34.2,0.6
2025-26,Regular+Season,NYK,1610612752,New York Knicks,Trey Jemison III,1641998,NYK,C,5,4,33.3,0.2,1.2,16.7,33.9,-17.2
2025-26,Regular+Season,WAS,1610612764,Washington Wizards,Anthony Gill,1630264,WAS,F,10,8,48.0,0.4,1.2,33.3,35.3,-2.0
2025-26,Regular+Season,MIN,1610612750,Minnesota Timberwolves,Johnny Juzang,1630548,MIN,G,12,10,60.9,0.3,1.2,28.6,36.9,-8.4
2025-26,Regular+Season,WAS,1610612764,Washington Wizards,AJ Johnson,1642358,WAS,G,18,13,47.7,0.5,1.2,42.9,34.8,8.0
2025-26,Regular+Season,DEN,1610612743,Denver Nuggets,Hunter Tyson,1641816,DEN,F,15,9,42.5,0.3,1.1,23.5,37.3,-13.8
2025-26,Regular+Season,LAL,1610612747,Los Angeles Lakers,Bronny James,1642355,LAL,G,17,12,36.5,0.2,1.1,21.1,37.2,-16.1
2025-26,Regular+Season,HOU,1610612745,Houston Rockets,JD Davison,1631120,HOU,G,14,8,31.9,0.4,1.1,40.0,33.7,6.3
2025-26,Regular+Season,CHI,1610612741,Chicago Bulls,Lachlan Olbrich,1642950,CHI,C,7,4,35.0,0.1,1.0,14.3,35.4,-21.1
2025-26,Regular+Season,LAL,1610612747,Los Angeles Lakers,Adou Thiero,1642876,LAL,G,13,7,39.4,0.7,1.0,69.2,34.8,34.4
2025-26,Regular+Season,IND,1610612754,Indiana Pacers,Kam Jones,1642880,IND,G,8,6,44.4,0.1,1.0,12.5,38.9,-26.4
2025-26,Regular+Season,ORL,1610612753,Orlando Magic,Orlando Robinson,1631115,ORL,C,4,2,23.5,0.8,1.0,75.0,41.4,33.6
2025-26,Regular+Season,MIA,1610612748,Miami Heat,Myron Gardner,1642066,MIA,F,9,5,33.3,0.2,1.0,22.2,39.3,-17.1
2025-26,Regular+Season,BKN,1610612751,Brooklyn Nets,Tyson Etienne,1630623,BKN,G,5,3,41.7,0.0,1.0,0.0,23.2,-23.2
2025-26,Regular+Season,POR,1610612757,Portland Trail Blazers,Javonte Cooke,1631451,POR,G,6,3,35.3,0.2,1.0,16.7,36.2,-19.6
2025-26,Regular+Season,CHA,1610612766,Charlotte Hornets,Drew Peterson,1641809,CHA,F,6,4,30.0,0.2,1.0,16.7,32.9,-16.2
2025-26,Regular+Season,DET,1610612765,Detroit Pistons,Chaz Lanier,1642404,DET,G,10,5,31.3,0.3,1.0,30.0,35.8,-5.8
2025-26,Regular+Season,DAL,1610612742,Dallas Mavericks,Miles Kelly,1642939,DAL,G,2,2,15.4,0.5,1.0,50.0,30.0,20.1
2025-26,Regular+Season,PHX,1610612756,Phoenix Suns,Koby Brea,1642886,PHX,G,1,1,33.3,1.0,1.0,100,33.3,66.7
2025-26,Regular+Season,MIL,1610612749,Milwaukee Bucks,Pete Nance,1631250,MIL,F,5,4,45.5,0.0,1.0,0.0,34.0,-34.0
2025-26,Regular+Season,CLE,1610612739,Cleveland Cavaliers,Chris Livingston,1641753,CLE,F,1,1,33.3,0.0,1.0,0.0,36.4,-36.4
2025-26,Regular+Season,TOR,1610612761,Toronto Raptors,Chucky Hepburn,1642935,TOR,G,2,1,33.3,1.0,1.0,100,40.7,59.3
2025-26,Regular+Season,MEM,1610612763,Memphis Grizzlies,Charles Bassey,1629646,MEM,C-F,2,2,22.2,1.0,1.0,100,38.8,61.2
2025-26,Regular+Season,ORL,1610612753,Orlando Magic,Moritz Wagner,1629021,ORL,F-C,1,1,100,0.0,1.0,0.0,33.5,-33.5
2025-26,Regular+Season,DET,1610612765,Detroit Pistons,Isaac Jones,1642403,DET,F,3,1,42.9,0.3,1.0,33.3,36.9,-3.6
2025-26,Regular+Season,MEM,1610612763,Memphis Grizzlies,Jahmai Mashack,1642942,MEM,G,5,4,45.5,0.6,1.0,60.0,31.3,28.7
2025-26,Regular+Season,LAL,1610612747,Los Angeles Lakers,Kobe Bufkin,1641723,LAL,G,1,1,100,0.0,1.0,0.0,42.4,-42.4
2025-26,Regular+Season,PHX,1610612756,Phoenix Suns,Nigel Hayes-Davis,1628502,PHX,F,17,10,31.4,0.3,0.9,31.3,37.9,-6.6
2025-26,Regular+Season,IND,1610612754,Indiana Pacers,Taelon Peter,1643007,IND,G,18,10,30.8,0.4,0.9,50.0,36.0,14.0
2025-26,Regular+Season,CLE,1610612739,Cleveland Cavaliers,Luke Travers,1631247,CLE,F,11,7,27.3,0.5,0.8,55.6,34.0,21.5
2025-26,Regular+Season,TOR,1610612761,Toronto Raptors,Garrett Temple,202066,TOR,G-F,5,3,50.0,0.0,0.8,0.0,26.5,-26.5
2025-26,Regular+Season,CHI,1610612741,Chicago Bulls,Emanuel Miller,1641801,CHI,F,5,2,36.4,0.4,0.8,50.0,34.8,15.2
2025-26,Regular+Season,MIL,1610612749,Milwaukee Bucks,Mark Sears,1641813,MIL,G,5,3,40.0,0.4,0.8,50.0,37.1,12.9
2025-26,Regular+Season,MIA,1610612748,Miami Heat,Jahmir Young,1642443,MIA,G,4,3,33.3,0.0,0.8,0.0,39.4,-39.4
2025-26,Regular+Season,MIN,1610612750,Minnesota Timberwolves,Joe Ingles,204060,MIN,F-G,7,3,41.7,0.3,0.7,40.0,33.2,6.8
2025-26,Regular+Season,MIL,1610612749,Milwaukee Bucks,Thanasis Antetokounmpo,203648,MIL,F,6,2,40.0,0.0,0.7,0.0,29.6,-29.6
2025-26,Regular+Season,ATL,1610612737,Atlanta Hawks,N'Faly Dante,1642368,ATL,C,3,1,25.0,0.0,0.7,0.0,41.2,-41.2
2025-26,Regular+Season,TOR,1610612761,Toronto Raptors,Jonathan Mogbo,1642367,TOR,F,12,5,22.2,0.2,0.7,25.0,38.0,-13.0
2025-26,Regular+Season,SAS,1610612759,San Antonio Spurs,Riley Minix,1642434,SAS,F,3,2,40.0,0.0,0.7,0.0,19.2,-19.2
2025-26,Regular+Season,LAC,1610612746,Los Angeles Clippers,Jahmyl Telfort,1643141,LAC,G,3,2,28.6,0.0,0.7,0.0,42.3,-42.3
2025-26,Regular+Season,LAL,1610612747,Los Angeles Lakers,Chris Mañon,1643024,LAL,G,3,2,50.0,0.3,0.7,50.0,36.7,13.3
2025-26,Regular+Season,MEM,1610612763,Memphis Grizzlies,Brandon Clarke,1629634,MEM,F,2,1,14.3,0.0,0.5,0.0,37.1,-37.1
2025-26,Regular+Season,SAS,1610612759,San Antonio Spurs,Harrison Ingram,1631127,SAS,F,2,1,33.3,0.0,0.5,0.0,43.5,-43.5
2025-26,Regular+Season,ATL,1610612737,Atlanta Hawks,Jacob Toppin,1631210,ATL,F,2,1,50.0,0.0,0.5,0.0,25.0,-25.0
2025-26,Regular+Season,CHI,1610612741,Chicago Bulls,Trentyn Flowers,1642280,CHI,F,2,1,50.0,0.0,0.5,0.0,40.1,-40.1
2025-26,Regular+Season,NYK,1610612752,New York Knicks,Pacôme Dadiet,1642359,NYK,F,9,4,23.5,0.2,0.4,50.0,39.6,10.4
2025-26,Regular+Season,WAS,1610612764,Washington Wizards,Sharife Cooper,1630536,WAS,G,3,1,33.3,0.0,0.3,0.0,39.4,-39.4
2025-26,Regular+Season,LAL,1610612747,Los Angeles Lakers,Drew Timme,1631166,LAL,F,3,1,20.0,0.0,0.3,0.0,44.4,-44.4
2025-26,Regular+Season,POR,1610612757,Portland Trail Blazers,Matisse Thybulle,1629680,POR,G-F,4,1,11.1,0.3,0.3,100,41.6,58.4
2025-26,Regular+Season,ATL,1610612737,Atlanta Hawks,Caleb Houstan,1631216,ATL,G,4,1,14.3,0.3,0.3,100,33.3,66.7
2025-26,Regular+Season,BKN,1610612751,Brooklyn Nets,E.J. Liddell,1630604,BKN,F,7,1,11.1,0.0,0.1,0.0,37.1,-37.1
