SEASON,SEASON_TYPE,TEAM_ABB,TEAM_ID,TEAM_NAME,PLAYER_NAME,PLAYER_ID,GP,W,L,MIN,DREB,DREB_CONTEST,DREB_CONTEST_PCT,DREB_CHANCES,DREB_CHANCE_PCT,DREB_CHANCE_DEFER,DREB_CHANCE_PCT_ADJ,AVG_DREB_DIST
2025-26,Regular+Season,TOR,1610612761,Toronto Raptors,A.J. Lawson,1630639,5,1,4,10.6,1.4,0.2,14.3,2.4,58.3,0.0,58.3,9.6
2025-26,Regular+Season,MIL,1610612749,Milwaukee Bucks,AJ Green,1631260,32,14,18,29.7,2.7,0.6,21.2,5.1,51.8,0.4,56.3,8.4
2025-26,Regular+Season,WAS,1610612764,Washington Wizards,AJ Johnson,1642358,11,1,10,8.2,1.5,0.5,29.4,2.1,73.9,0.3,85.0,6.1
2025-26,Regular+Season,DEN,1610612743,Denver Nuggets,Aaron Gordon,203932,18,13,5,27.7,4.6,1.3,27.7,6.3,73.5,0.2,76.1,5.7
2025-26,Regular+Season,HOU,1610612745,Houston Rockets,Aaron Holiday,1628988,16,11,5,18.6,1.3,0.3,23.8,2.1,61.8,0.1,65.6,10.0
2025-26,Regular+Season,IND,1610612754,Indiana Pacers,Aaron Nesmith,1630174,20,4,16,30.0,3.6,0.7,18.1,5.9,61.5,0.5,67.3,7.4
2025-26,Regular+Season,OKC,1610612760,Oklahoma City Thunder,Aaron Wiggins,1630598,26,21,5,23.4,2.7,0.5,18.6,4.9,54.7,0.5,60.9,8.0
2025-26,Regular+Season,UTA,1610612762,Utah Jazz,Ace Bailey,1642846,31,12,19,23.3,1.8,0.6,33.3,3.2,57.6,0.4,66.3,7.6
2025-26,Regular+Season,PHI,1610612755,Philadelphia 76ers,Adem Bona,1641737,27,16,11,17.6,2.3,0.8,36.1,5.4,41.5,0.6,46.9,3.9
2025-26,Regular+Season,LAL,1610612747,Los Angeles Lakers,Adou Thiero,1642876,10,4,6,7.4,1.1,0.4,36.4,1.6,68.8,0.0,68.8,4.8
2025-26,Regular+Season,OKC,1610612760,Oklahoma City Thunder,Ajay Mitchell,1642349,36,31,5,27.1,3.0,0.8,25.9,4.9,61.4,0.4,66.7,9.5
2025-26,Regular+Season,GSW,1610612744,Golden State Warriors,Al Horford,201143,22,12,10,19.2,3.8,1.7,45.2,5.5,68.9,0.4,73.7,5.0
2025-26,Regular+Season,OKC,1610612760,Oklahoma City Thunder,Alex Caruso,1627936,27,22,5,19.1,2.4,0.4,18.5,4.0,60.7,0.4,67.0,8.5
2025-26,Regular+Season,WAS,1610612764,Washington Wizards,Alex Sarr,1642259,29,8,21,28.2,5.6,2.2,39.1,11.0,50.6,1.3,57.7,4.0
2025-26,Regular+Season,TOR,1610612761,Toronto Raptors,Alijah Martin,1642918,3,1,2,19.2,2.0,0.3,16.7,3.0,66.7,0.0,66.7,8.0
2025-26,Regular+Season,HOU,1610612745,Houston Rockets,Alperen Sengun,1630578,30,19,11,34.4,6.0,2.1,35.0,10.0,60.2,0.8,65.5,4.5
2025-26,Regular+Season,BOS,1610612738,Boston Celtics,Amari Williams,1642873,4,2,2,7.1,1.3,0.0,0.0,2.3,55.6,0.0,55.6,6.1
2025-26,Regular+Season,HOU,1610612745,Houston Rockets,Amen Thompson,1641708,37,23,14,37.0,4.8,1.4,29.2,7.6,63.3,0.4,67.2,7.7
2025-26,Regular+Season,MIL,1610612749,Milwaukee Bucks,Amir Coffey,1629599,11,4,7,11.1,1.1,0.3,25.0,1.9,57.1,0.1,60.0,6.9
2025-26,Regular+Season,PHI,1610612755,Philadelphia 76ers,Andre Drummond,203083,33,19,14,20.2,5.4,1.8,34.3,8.5,63.3,0.7,69.0,4.3
2025-26,Regular+Season,MIL,1610612749,Milwaukee Bucks,Andre Jackson Jr.,1641748,7,1,6,11.6,1.1,0.1,12.5,2.0,57.1,0.0,57.1,5.1
2025-26,Regular+Season,IND,1610612754,Indiana Pacers,Andrew Nembhard,1629614,30,6,24,31.7,2.4,0.3,12.7,4.6,51.1,0.5,57.3,10.1
2025-26,Regular+Season,MIA,1610612748,Miami Heat,Andrew Wiggins,203952,34,17,17,31.5,3.1,1.2,39.4,6.5,46.8,0.9,54.5,6.4
2025-26,Regular+Season,BOS,1610612738,Boston Celtics,Anfernee Simons,1629014,33,20,13,24.2,2.2,0.5,20.8,3.8,57.6,0.3,63.2,9.0
2025-26,Regular+Season,ORL,1610612753,Orlando Magic,Anthony Black,1641710,39,21,18,30.6,3.4,0.6,18.2,5.6,60.8,0.4,65.3,7.5
2025-26,Regular+Season,DAL,1610612742,Dallas Mavericks,Anthony Davis,203076,19,10,9,31.1,7.9,2.8,36.0,12.6,62.8,1.0,68.2,5.2
2025-26,Regular+Season,MIN,1610612750,Minnesota Timberwolves,Anthony Edwards,1630162,32,21,11,34.8,4.3,0.9,21.9,6.7,64.0,0.6,70.3,6.8
2025-26,Regular+Season,WAS,1610612764,Washington Wizards,Anthony Gill,1630264,8,0,8,6.9,1.3,0.6,50.0,2.1,58.8,0.4,71.4,7.1
2025-26,Regular+Season,CHA,1610612766,Charlotte Hornets,Antonio Reeves,1641810,3,1,2,12.1,1.3,0.3,25.0,1.7,80.0,0.0,80.0,3.6
2025-26,Regular+Season,NYK,1610612752,New York Knicks,Ariel Hukporti,1630574,18,12,6,11.4,2.3,0.9,39.0,4.9,46.6,1.0,58.6,6.1
2025-26,Regular+Season,ATL,1610612737,Atlanta Hawks,Asa Newell,1642854,21,10,11,12.5,1.7,0.6,37.1,2.8,59.3,0.1,62.5,5.5
2025-26,Regular+Season,DET,1610612765,Detroit Pistons,Ausar Thompson,1641709,33,23,10,26.3,3.7,1.1,28.5,6.1,60.9,0.3,63.7,6.6
2025-26,Regular+Season,LAL,1610612747,Los Angeles Lakers,Austin Reaves,1630559,23,15,8,35.3,4.5,1.0,23.1,7.3,61.9,0.5,66.2,8.2
2025-26,Regular+Season,CHI,1610612741,Chicago Bulls,Ayo Dosunmu,1630245,31,14,17,26.6,2.2,0.3,14.5,4.2,53.1,0.4,59.0,10.9
2025-26,Regular+Season,MIA,1610612748,Miami Heat,Bam Adebayo,1628389,30,14,16,30.8,7.9,2.4,30.0,10.6,74.3,0.8,80.3,5.9
2025-26,Regular+Season,BOS,1610612738,Boston Celtics,Baylor Scheierman,1631248,25,17,8,13.5,1.8,0.6,31.1,3.5,51.7,0.5,60.0,7.0
2025-26,Regular+Season,BKN,1610612751,Brooklyn Nets,Ben Saraf,1642879,9,2,7,15.6,1.6,0.4,28.6,2.8,56.0,0.2,60.9,8.2
2025-26,Regular+Season,IND,1610612754,Indiana Pacers,Ben Sheppard,1641767,29,7,22,24.1,3.1,0.6,19.1,4.4,69.0,0.5,77.4,8.8
2025-26,Regular+Season,IND,1610612754,Indiana Pacers,Bennedict Mathurin,1631097,24,5,19,32.1,4.7,0.9,19.5,7.2,65.7,0.5,70.2,7.0
2025-26,Regular+Season,WAS,1610612764,Washington Wizards,Bilal Coulibaly,1641731,24,7,17,27.3,3.8,0.9,23.9,6.5,59.4,0.5,64.8,7.1
2025-26,Regular+Season,SAS,1610612759,San Antonio Spurs,Bismack Biyombo,202687,7,6,1,7.0,0.7,0.1,20.0,2.9,25.0,0.4,29.4,3.9
2025-26,Regular+Season,POR,1610612757,Portland Trail Blazers,Blake Wesley,1631104,5,3,2,17.7,2.4,0.0,0.0,3.2,75.0,0.0,75.0,8.1
2025-26,Regular+Season,MIL,1610612749,Milwaukee Bucks,Bobby Portis,1626171,39,17,22,23.4,5.3,1.4,25.9,8.6,60.8,0.6,65.1,5.5
2025-26,Regular+Season,DET,1610612765,Detroit Pistons,Bobi Klintman,1641752,4,3,1,10.6,2.8,0.8,27.3,4.0,68.8,0.5,78.6,5.4
2025-26,Regular+Season,LAC,1610612746,Los Angeles Clippers,Bogdan Bogdanović,203992,14,4,10,24.2,2.9,0.6,19.5,5.8,50.6,1.0,61.2,8.8
2025-26,Regular+Season,MIN,1610612750,Minnesota Timberwolves,Bones Hyland,1630538,23,15,8,15.5,1.7,0.7,39.5,2.6,64.4,0.3,71.7,9.0
2025-26,Regular+Season,LAC,1610612746,Los Angeles Clippers,Bradley Beal,203078,5,2,3,20.3,0.6,0.0,0.0,1.8,33.3,0.0,33.3,9.0
2025-26,Regular+Season,OKC,1610612760,Oklahoma City Thunder,Branden Carlson,1642382,22,19,3,13.4,2.6,0.6,22.4,4.6,57.4,0.5,64.4,4.5
2025-26,Regular+Season,GSW,1610612744,Golden State Warriors,Brandin Podziemski,1641764,40,22,18,26.6,3.8,0.8,20.4,6.0,63.3,0.6,70.7,6.3
2025-26,Regular+Season,MEM,1610612763,Memphis Grizzlies,Brandon Clarke,1629634,2,1,1,10.2,1.0,0.5,50.0,3.0,33.3,0.5,40.0,4.6
2025-26,Regular+Season,TOR,1610612761,Toronto Raptors,Brandon Ingram,1627742,37,21,16,34.4,5.4,1.7,31.0,7.7,70.2,0.4,73.8,6.7
2025-26,Regular+Season,CHA,1610612766,Charlotte Hornets,Brandon Miller,1641706,21,10,11,30.8,3.5,0.8,21.6,7.3,48.4,1.0,56.5,6.1
2025-26,Regular+Season,DAL,1610612742,Dallas Mavericks,Brandon Williams,1630314,29,12,17,23.8,2.5,0.5,19.2,4.6,55.3,0.4,60.3,8.5
2025-26,Regular+Season,UTA,1610612762,Utah Jazz,Brice Sensabaugh,1641729,32,11,21,21.2,2.3,0.6,24.3,3.8,60.7,0.3,66.1,7.4
2025-26,Regular+Season,LAL,1610612747,Los Angeles Lakers,Bronny James,1642355,7,3,4,12.9,0.9,0.0,0.0,2.7,31.6,0.1,33.3,7.4
2025-26,Regular+Season,LAC,1610612746,Los Angeles Clippers,Brook Lopez,201572,26,15,11,18.1,2.9,1.2,41.3,4.8,59.5,0.4,65.2,6.2
2025-26,Regular+Season,OKC,1610612760,Oklahoma City Thunder,Brooks Barnhizer,1642964,17,17,0,8.9,1.8,0.1,3.2,2.5,73.8,0.2,79.5,6.1
2025-26,Regular+Season,DEN,1610612743,Denver Nuggets,Bruce Brown,1628971,39,26,13,24.8,3.2,0.4,12.2,4.9,64.7,0.5,72.4,7.4
2025-26,Regular+Season,NOP,1610612740,New Orleans Pelicans,Bryce McGowens,1631121,19,4,15,23.7,2.4,0.5,20.0,4.6,51.7,0.5,57.7,7.6
2025-26,Regular+Season,WAS,1610612764,Washington Wizards,Bub Carrington,1642267,36,9,27,27.8,3.7,0.6,17.4,5.7,64.1,0.4,69.5,7.6
2025-26,Regular+Season,GSW,1610612744,Golden State Warriors,Buddy Hield,1627741,30,17,13,17.3,2.1,0.4,17.5,3.5,59.4,0.3,65.6,7.0
2025-26,Regular+Season,ATL,1610612737,Atlanta Hawks,CJ McCollum,203468,35,10,25,30.7,2.9,0.6,19.6,4.8,61.1,0.3,65.4,9.3
2025-26,Regular+Season,DET,1610612765,Detroit Pistons,Cade Cunningham,1630595,32,23,9,35.6,5.2,1.3,24.1,8.1,64.3,0.4,68.0,8.2
2025-26,Regular+Season,ATL,1610612737,Atlanta Hawks,Caleb Houstan,1631216,4,3,1,8.8,0.3,0.3,100,0.5,50.0,0.0,50.0,14.5
2025-26,Regular+Season,POR,1610612757,Portland Trail Blazers,Caleb Love,1631126,27,13,14,23.2,2.7,0.4,16.7,3.5,75.8,0.1,77.4,8.8
2025-26,Regular+Season,DAL,1610612742,Dallas Mavericks,Caleb Martin,1628997,25,9,16,10.9,1.4,0.2,17.6,2.7,50.7,0.4,60.7,9.1
2025-26,Regular+Season,LAC,1610612746,Los Angeles Clippers,Cam Christie,1642353,15,4,11,11.7,2.0,0.3,16.7,3.6,55.6,0.3,60.0,7.9
2025-26,Regular+Season,MEM,1610612763,Memphis Grizzlies,Cam Spencer,1642285,35,14,21,24.4,2.4,0.4,15.3,3.7,65.9,0.3,72.6,9.5
2025-26,Regular+Season,BKN,1610612751,Brooklyn Nets,Cam Thomas,1630560,13,2,11,27.3,1.6,0.5,28.6,4.1,39.6,0.5,44.7,7.9
2025-26,Regular+Season,WAS,1610612764,Washington Wizards,Cam Whitmore,1641715,16,2,14,18.8,2.4,0.5,20.5,3.5,69.6,0.2,73.6,6.7
2025-26,Regular+Season,DEN,1610612743,Denver Nuggets,Cameron Johnson,1629661,28,20,8,30.6,2.9,0.8,27.5,5.1,55.9,0.7,64.5,8.4
2025-26,Regular+Season,DET,1610612765,Detroit Pistons,Caris LeVert,1627747,26,18,8,20.2,1.6,0.3,21.4,3.2,50.6,0.5,59.2,9.4
2025-26,Regular+Season,SAS,1610612759,San Antonio Spurs,Carter Bryant,1642868,24,16,8,7.4,1.5,0.5,29.7,2.5,62.7,0.2,68.5,5.5
2025-26,Regular+Season,OKC,1610612760,Oklahoma City Thunder,Cason Wallace,1641717,36,30,6,27.2,2.4,0.4,18.8,4.3,54.5,0.5,61.2,9.2
2025-26,Regular+Season,MEM,1610612763,Memphis Grizzlies,Cedric Coward,1642907,36,15,21,26.7,5.1,1.0,19.6,8.3,61.5,1.1,71.3,5.6
2025-26,Regular+Season,MEM,1610612763,Memphis Grizzlies,Charles Bassey,1629646,2,0,2,15.3,4.0,1.0,25.0,8.5,47.1,1.5,57.1,5.1
2025-26,Regular+Season,DET,1610612765,Detroit Pistons,Chaz Lanier,1642404,8,7,1,15.0,1.1,0.0,0.0,3.0,37.5,0.6,47.4,14.1
2025-26,Regular+Season,OKC,1610612760,Oklahoma City Thunder,Chet Holmgren,1631096,35,29,6,28.9,6.6,2.1,32.0,10.7,61.6,1.2,69.6,4.5
2025-26,Regular+Season,BOS,1610612738,Boston Celtics,Chris Boucher,1628449,6,2,4,12.5,2.7,1.0,37.5,4.7,57.1,0.2,59.3,5.0
2025-26,Regular+Season,CLE,1610612739,Cleveland Cavaliers,Chris Livingston,1641753,1,0,1,14.1,3.0,1.0,33.3,5.0,60.0,2.0,100,7.8
2025-26,Regular+Season,LAL,1610612747,Los Angeles Lakers,Chris Mañon,1643024,3,1,2,4.3,0.7,0.3,50.0,1.0,66.7,0.0,66.7,11.1
2025-26,Regular+Season,LAC,1610612746,Los Angeles Clippers,Chris Paul,101108,15,4,11,14.2,1.5,0.3,22.7,2.4,61.1,0.1,62.9,8.5
2025-26,Regular+Season,OKC,1610612760,Oklahoma City Thunder,Chris Youngblood,1642959,13,12,1,6.9,1.2,0.2,20.0,1.6,71.4,0.1,75.0,10.3
2025-26,Regular+Season,DEN,1610612743,Denver Nuggets,Christian Braun,1631128,14,10,4,28.9,2.8,0.4,15.4,5.1,54.2,0.6,61.9,7.9
2025-26,Regular+Season,MEM,1610612763,Memphis Grizzlies,Christian Koloko,1631132,12,4,8,16.5,2.2,0.5,23.1,4.7,46.4,0.8,56.5,5.8
2025-26,Regular+Season,TOR,1610612761,Toronto Raptors,Chucky Hepburn,1642935,1,0,1,4.9,1.0,0.0,0.0,2.0,50.0,0.0,50.0,13.9
2025-26,Regular+Season,HOU,1610612745,Houston Rockets,Clint Capela,203991,31,20,11,11.7,2.1,0.9,43.9,3.7,57.9,0.4,65.3,4.6
2025-26,Regular+Season,CHI,1610612741,Chicago Bulls,Coby White,1629632,16,8,8,29.1,3.5,0.5,14.3,5.5,63.6,0.2,65.9,9.1
2025-26,Regular+Season,IND,1610612754,Indiana Pacers,Cody Martin,1628998,4,0,4,13.8,3.3,1.0,30.8,6.3,52.0,0.5,56.5,6.5
2025-26,Regular+Season,UTA,1610612762,Utah Jazz,Cody Williams,1642262,18,5,13,15.8,1.3,0.3,26.1,2.4,53.5,0.3,60.5,7.2
2025-26,Regular+Season,DET,1610612765,Detroit Pistons,Colby Jones,1641732,1,0,1,6.8,4.0,2.0,50.0,4.0,100,0.0,100,7.6
2025-26,Regular+Season,MIL,1610612749,Milwaukee Bucks,Cole Anthony,1630175,22,9,13,17.4,2.6,0.5,17.5,4.0,64.0,0.2,67.1,8.2
2025-26,Regular+Season,PHX,1610612756,Phoenix Suns,Collin Gillespie,1631221,39,24,15,27.9,3.2,0.6,19.4,5.6,56.6,0.7,64.9,8.5
2025-26,Regular+Season,TOR,1610612761,Toronto Raptors,Collin Murray-Boyles,1642867,34,19,15,20.7,2.5,0.8,33.3,5.3,46.9,1.1,60.0,4.9
2025-26,Regular+Season,CHA,1610612766,Charlotte Hornets,Collin Sexton,1629012,24,10,14,23.3,2.0,0.4,20.4,3.8,54.4,0.2,57.6,11.8
2025-26,Regular+Season,DAL,1610612742,Dallas Mavericks,Cooper Flagg,1642843,38,15,23,34.5,5.2,1.1,20.8,9.5,54.6,1.0,61.2,5.5
2025-26,Regular+Season,ATL,1610612737,Atlanta Hawks,Corey Kispert,1630557,18,3,15,19.7,2.2,0.4,17.5,3.9,56.3,0.4,63.5,7.8
2025-26,Regular+Season,CLE,1610612739,Cleveland Cavaliers,Craig Porter Jr.,1641854,30,19,11,19.4,2.5,0.5,21.3,4.1,61.5,0.5,69.4,8.0
2025-26,Regular+Season,DEN,1610612743,Denver Nuggets,Curtis Jones,1642938,4,3,1,4.5,0.8,0.0,0.0,0.8,100,0.0,100,7.2
2025-26,Regular+Season,DAL,1610612742,Dallas Mavericks,D'Angelo Russell,1626156,22,8,14,19.5,2.4,0.3,13.2,3.8,63.1,0.2,67.1,6.8
2025-26,Regular+Season,DEN,1610612743,Denver Nuggets,DaRon Holmes II,1641747,7,3,4,17.0,1.7,0.3,16.7,4.1,41.4,0.4,46.2,6.0
2025-26,Regular+Season,SAC,1610612758,Sacramento Kings,Daeqwon Plowden,1631342,1,0,1,14.0,0.0,0.0,0.0,0.0,0.0,0.0,0.0,0.0
2025-26,Regular+Season,CHI,1610612741,Chicago Bulls,Dalen Terry,1631207,15,6,9,13.4,1.8,0.4,22.2,3.2,56.3,0.1,58.7,5.5
2025-26,Regular+Season,LAL,1610612747,Los Angeles Lakers,Dalton Knecht,1642261,23,12,11,16.3,1.9,0.4,22.7,3.1,62.0,0.3,68.8,6.2
2025-26,Regular+Season,DAL,1610612742,Dallas Mavericks,Daniel Gafford,1629655,27,8,19,20.7,4.3,1.2,27.4,8.1,53.7,1.0,61.3,4.8
2025-26,Regular+Season,DET,1610612765,Detroit Pistons,Daniss Jenkins,1642450,21,17,4,19.3,1.8,0.1,7.9,3.3,55.1,0.1,56.7,12.1
2025-26,Regular+Season,BKN,1610612751,Brooklyn Nets,Danny Wolf,1642874,22,8,14,20.3,3.4,0.9,26.7,5.6,61.0,0.6,68.8,5.1
2025-26,Regular+Season,SAC,1610612758,Sacramento Kings,Dario Šarić,203967,3,1,2,11.1,1.7,1.0,60.0,2.7,62.5,0.3,71.4,4.7
2025-26,Regular+Season,CLE,1610612739,Cleveland Cavaliers,Darius Garland,1629636,22,11,11,30.9,2.2,0.5,20.8,4.3,51.1,0.5,58.5,11.1
2025-26,Regular+Season,SAS,1610612759,San Antonio Spurs,David Jones Garcia,1642357,7,5,2,7.5,1.3,0.6,44.4,1.9,69.2,0.1,75.0,6.4
2025-26,Regular+Season,MIA,1610612748,Miami Heat,Davion Mitchell,1630558,33,18,15,29.6,2.3,0.4,16.9,4.7,49.4,0.5,55.0,9.8
2025-26,Regular+Season,BKN,1610612751,Brooklyn Nets,Day'Ron Sharpe,1630549,36,11,25,17.8,3.8,1.4,37.7,6.0,63.9,0.7,72.6,4.1
2025-26,Regular+Season,SAS,1610612759,San Antonio Spurs,De'Aaron Fox,1628368,31,21,10,32.6,3.4,0.4,10.4,5.5,62.4,0.4,67.1,9.0
2025-26,Regular+Season,CLE,1610612739,Cleveland Cavaliers,De'Andre Hunter,1629631,34,19,15,27.2,3.7,1.1,28.6,6.4,58.3,0.7,65.6,5.8
2025-26,Regular+Season,GSW,1610612744,Golden State Warriors,De'Anthony Melton,1629001,13,8,5,21.5,2.3,0.6,26.7,4.4,52.6,0.6,61.2,6.9
2025-26,Regular+Season,NOP,1610612740,New Orleans Pelicans,DeAndre Jordan,201599,2,0,2,11.7,3.0,0.5,16.7,6.0,50.0,0.0,50.0,4.9
2025-26,Regular+Season,SAC,1610612758,Sacramento Kings,DeMar DeRozan,201942,38,9,29,33.8,2.9,0.8,29.1,5.2,56.1,0.4,61.1,8.6
2025-26,Regular+Season,CLE,1610612739,Cleveland Cavaliers,Dean Wade,1629731,33,18,15,23.3,3.3,0.8,25.7,6.4,51.9,0.9,60.6,6.0
2025-26,Regular+Season,LAL,1610612747,Los Angeles Lakers,Deandre Ayton,1629028,33,20,13,29.7,6.4,2.0,31.4,10.2,62.7,1.2,71.2,4.5
2025-26,Regular+Season,POR,1610612757,Portland Trail Blazers,Deni Avdija,1630166,40,19,21,35.4,6.1,1.3,20.6,10.4,58.7,1.0,65.1,5.3
2025-26,Regular+Season,SAC,1610612758,Sacramento Kings,Dennis Schröder,203471,30,7,23,27.5,2.8,0.5,17.6,5.0,56.3,0.5,62.5,8.8
2025-26,Regular+Season,DAL,1610612742,Dallas Mavericks,Dereck Lively II,1641726,7,3,4,16.5,3.3,0.7,21.7,6.6,50.0,1.1,60.5,3.9
2025-26,Regular+Season,NOP,1610612740,New Orleans Pelicans,Derik Queen,1642852,41,9,32,26.2,5.8,2.2,37.7,10.2,56.6,1.3,65.0,4.5
2025-26,Regular+Season,LAC,1610612746,Los Angeles Clippers,Derrick Jones Jr.,1627884,16,7,9,24.0,1.9,0.6,30.0,3.4,54.5,0.3,58.8,8.4
2025-26,Regular+Season,BOS,1610612738,Boston Celtics,Derrick White,1628401,38,23,15,34.3,3.6,0.6,16.3,6.9,51.7,0.7,57.2,7.2
2025-26,Regular+Season,ORL,1610612753,Orlando Magic,Desmond Bane,1630217,38,20,18,34.2,3.4,0.7,19.8,5.7,60.1,0.6,67.2,8.5
2025-26,Regular+Season,PHX,1610612756,Phoenix Suns,Devin Booker,1626164,35,22,13,34.3,3.4,0.8,22.9,6.3,53.9,0.7,60.8,8.9
2025-26,Regular+Season,SAC,1610612758,Sacramento Kings,Devin Carter,1642269,8,1,7,10.5,1.1,0.3,22.2,2.3,50.0,0.4,60.0,4.5
2025-26,Regular+Season,SAS,1610612759,San Antonio Spurs,Devin Vassell,1630170,32,23,9,31.9,3.6,0.8,21.1,5.9,60.3,0.3,63.0,7.3
2025-26,Regular+Season,PHX,1610612756,Phoenix Suns,Dillon Brooks,1628415,33,20,13,31.0,2.7,0.4,15.7,5.5,48.6,0.5,53.9,7.7
2025-26,Regular+Season,SAC,1610612758,Sacramento Kings,Domantas Sabonis,1627734,11,2,9,33.2,8.9,2.8,31.6,14.5,61.6,1.4,68.1,3.7
2025-26,Regular+Season,PHI,1610612755,Philadelphia 76ers,Dominick Barlow,1631230,28,17,11,25.0,3.2,1.0,32.2,6.1,52.9,0.5,57.3,6.0
2025-26,Regular+Season,POR,1610612757,Portland Trail Blazers,Donovan Clingan,1642270,37,19,18,27.1,6.3,2.4,38.8,11.6,54.2,1.3,60.9,3.8
2025-26,Regular+Season,CLE,1610612739,Cleveland Cavaliers,Donovan Mitchell,1628378,36,20,16,33.8,3.8,0.8,19.9,6.1,61.8,0.5,67.7,8.9
2025-26,Regular+Season,MIN,1610612750,Minnesota Timberwolves,Donte DiVincenzo,1628978,39,26,13,31.5,3.6,0.5,14.1,5.8,62.6,0.5,67.9,9.2
2025-26,Regular+Season,HOU,1610612745,Houston Rockets,Dorian Finney-Smith,1627827,8,4,4,15.7,1.9,0.4,20.0,2.8,68.2,0.1,71.4,5.8
2025-26,Regular+Season,SAC,1610612758,Sacramento Kings,Doug McDermott,203926,3,1,2,14.2,1.7,0.7,40.0,3.7,45.5,0.0,45.5,9.7
2025-26,Regular+Season,BKN,1610612751,Brooklyn Nets,Drake Powell,1642962,22,7,15,19.5,1.6,0.4,25.0,2.8,58.1,0.4,66.7,9.4
2025-26,Regular+Season,GSW,1610612744,Golden State Warriors,Draymond Green,203110,34,19,15,26.9,5.2,1.9,35.6,9.1,56.9,0.7,61.9,4.3
2025-26,Regular+Season,SAC,1610612758,Sacramento Kings,Drew Eubanks,1629234,29,7,22,14.3,2.0,0.7,36.8,4.2,46.7,0.6,54.3,4.4
2025-26,Regular+Season,CHA,1610612766,Charlotte Hornets,Drew Peterson,1641809,5,1,4,11.6,1.2,0.2,16.7,2.4,50.0,0.2,54.5,5.3
2025-26,Regular+Season,LAL,1610612747,Los Angeles Lakers,Drew Timme,1631166,3,2,1,4.5,1.0,0.3,33.3,1.7,60.0,0.0,60.0,6.5
2025-26,Regular+Season,MIA,1610612748,Miami Heat,Dru Smith,1630696,30,15,15,17.5,2.0,0.5,23.0,3.7,55.5,0.3,61.0,9.9
2025-26,Regular+Season,DET,1610612765,Detroit Pistons,Duncan Robinson,1629130,33,26,7,29.0,2.5,0.5,19.0,4.4,57.9,0.3,62.2,9.0
2025-26,Regular+Season,POR,1610612757,Portland Trail Blazers,Duop Reath,1641871,15,6,9,10.0,1.5,0.4,27.3,3.1,47.8,0.5,56.4,5.6
2025-26,Regular+Season,DAL,1610612742,Dallas Mavericks,Dwight Powell,203939,21,9,12,14.6,2.4,0.9,35.3,4.4,54.8,0.1,56.7,5.6
2025-26,Regular+Season,SAC,1610612758,Sacramento Kings,Dylan Cardwell,1642928,13,5,8,17.6,3.3,1.2,34.9,6.5,50.6,0.8,57.3,4.7
2025-26,Regular+Season,SAS,1610612759,San Antonio Spurs,Dylan Harper,1642844,28,20,8,21.5,2.5,0.9,33.8,4.0,62.8,0.1,65.1,7.5
2025-26,Regular+Season,ATL,1610612737,Atlanta Hawks,Dyson Daniels,1630700,41,20,21,34.2,4.4,1.0,23.6,7.0,63.0,0.5,67.7,6.7
2025-26,Regular+Season,BKN,1610612751,Brooklyn Nets,E.J. Liddell,1630604,5,0,5,4.9,1.0,0.2,20.0,1.6,62.5,0.0,62.5,4.9
2025-26,Regular+Season,BKN,1610612751,Brooklyn Nets,Egor Dëmin,1642856,31,10,21,25.1,2.9,0.8,27.5,4.6,63.2,0.3,66.9,8.1
2025-26,Regular+Season,UTA,1610612762,Utah Jazz,Elijah Harkless,1641989,4,1,3,12.4,1.0,0.3,25.0,2.8,36.4,1.0,57.1,5.9
2025-26,Regular+Season,CHI,1610612741,Chicago Bulls,Emanuel Miller,1641801,3,0,3,6.2,0.7,0.3,50.0,1.3,50.0,0.3,66.7,3.0
2025-26,Regular+Season,PHI,1610612755,Philadelphia 76ers,Eric Gordon,201569,1,0,1,22.4,1.0,0.0,0.0,1.0,100,0.0,100,11.1
2025-26,Regular+Season,IND,1610612754,Indiana Pacers,Ethan Thompson,1630679,10,3,7,22.5,1.9,0.3,15.8,4.4,43.2,0.8,52.8,6.8
2025-26,Regular+Season,CLE,1610612739,Cleveland Cavaliers,Evan Mobley,1630596,34,19,15,33.0,6.3,2.6,41.6,11.4,55.4,1.4,62.9,5.0
2025-26,Regular+Season,ORL,1610612753,Orlando Magic,Franz Wagner,1630532,24,14,10,33.4,4.6,0.7,14.4,7.1,64.9,0.6,70.7,7.6
2025-26,Regular+Season,MEM,1610612763,Memphis Grizzlies,GG Jackson,1641713,15,6,9,17.8,3.1,0.4,12.8,5.3,58.8,0.5,65.3,5.2
2025-26,Regular+Season,LAL,1610612747,Los Angeles Lakers,Gabe Vincent,1629216,11,7,4,20.8,1.1,0.4,33.3,2.0,54.5,0.3,63.2,10.7
2025-26,Regular+Season,TOR,1610612761,Toronto Raptors,Garrett Temple,202066,4,2,2,3.3,1.0,0.5,50.0,1.3,80.0,0.0,80.0,7.6
2025-26,Regular+Season,IND,1610612754,Indiana Pacers,Garrison Mathews,1629726,11,3,8,15.2,1.4,0.2,13.3,3.2,42.9,0.4,48.4,8.2
2025-26,Regular+Season,MIL,1610612749,Milwaukee Bucks,Gary Harris,203914,20,8,12,16.0,1.6,0.3,15.6,2.7,60.4,0.2,64.0,10.6
2025-26,Regular+Season,GSW,1610612744,Golden State Warriors,Gary Payton II,1627780,32,16,16,13.7,2.4,0.4,17.9,4.1,60.0,0.2,63.4,4.8
2025-26,Regular+Season,MIL,1610612749,Milwaukee Bucks,Gary Trent Jr.,1629018,26,15,11,24.5,1.7,0.3,18.6,2.4,69.4,0.0,70.5,10.1
2025-26,Regular+Season,MIL,1610612749,Milwaukee Bucks,Giannis Antetokounmpo,203507,26,14,12,29.3,6.8,1.4,20.5,9.5,71.3,0.6,75.9,5.1
2025-26,Regular+Season,ORL,1610612753,Orlando Magic,Goga Bitadze,1629048,36,20,16,17.0,3.2,1.3,42.1,5.6,56.7,0.6,63.0,4.0
2025-26,Regular+Season,TOR,1610612761,Toronto Raptors,Gradey Dick,1641711,35,21,14,16.2,1.7,0.4,25.9,2.7,61.1,0.3,69.9,8.3
2025-26,Regular+Season,CHA,1610612766,Charlotte Hornets,Grant Williams,1629684,2,1,1,13.6,3.0,1.5,50.0,6.5,46.2,2.0,66.7,4.0
2025-26,Regular+Season,PHX,1610612756,Phoenix Suns,Grayson Allen,1628960,21,10,11,29.8,2.5,0.7,26.9,5.6,44.1,0.8,51.0,9.0
2025-26,Regular+Season,NYK,1610612752,New York Knicks,Guerschon Yabusele,1627824,28,19,9,10.3,1.8,0.5,26.0,3.3,53.8,0.6,64.9,6.2
2025-26,Regular+Season,GSW,1610612744,Golden State Warriors,Gui Santos,1630611,26,12,14,13.0,2.0,0.7,33.3,3.4,57.3,0.3,63.8,6.0
2025-26,Regular+Season,SAS,1610612759,San Antonio Spurs,Harrison Barnes,203084,37,25,12,29.0,2.4,0.7,30.0,4.3,57.0,0.3,61.6,7.4
2025-26,Regular+Season,SAS,1610612759,San Antonio Spurs,Harrison Ingram,1631127,2,1,1,4.3,0.0,0.0,0.0,0.0,0.0,0.0,0.0,0.0
2025-26,Regular+Season,NOP,1610612740,New Orleans Pelicans,Herbert Jones,1630529,23,7,16,28.3,2.6,0.6,23.7,4.7,55.1,0.4,60.2,8.7
2025-26,Regular+Season,BOS,1610612738,Boston Celtics,Hugo González,1642864,30,18,12,16.1,2.7,0.6,22.0,4.8,57.3,0.4,62.6,6.0
2025-26,Regular+Season,PHI,1610612755,Philadelphia 76ers,Hunter Sallis,1642282,1,1,0,4.1,1.0,0.0,0.0,2.0,50.0,0.0,50.0,10.7
2025-26,Regular+Season,DEN,1610612743,Denver Nuggets,Hunter Tyson,1641816,13,9,4,7.7,1.7,0.6,36.4,2.4,71.0,0.2,78.6,4.9
2025-26,Regular+Season,TOR,1610612761,Toronto Raptors,Immanuel Quickley,1630193,40,24,16,32.5,3.6,0.4,11.7,6.2,58.7,0.6,64.7,9.1
2025-26,Regular+Season,DET,1610612765,Detroit Pistons,Isaac Jones,1642403,1,1,0,14.0,0.0,0.0,0.0,1.0,0.0,1.0,0.0,0.0
2025-26,Regular+Season,CHI,1610612741,Chicago Bulls,Isaac Okoro,1630171,29,15,14,25.0,1.7,0.5,28.0,3.9,44.6,0.6,52.6,9.7
2025-26,Regular+Season,UTA,1610612762,Utah Jazz,Isaiah Collier,1642268,25,9,16,24.0,2.5,0.3,12.7,4.6,55.3,0.4,60.6,9.3
2025-26,Regular+Season,OKC,1610612760,Oklahoma City Thunder,Isaiah Hartenstein,1628392,24,19,5,26.9,7.0,2.2,31.0,11.0,63.4,1.3,71.5,4.6
2025-26,Regular+Season,IND,1610612754,Indiana Pacers,Isaiah Jackson,1630543,28,6,22,18.8,3.5,1.1,31.6,6.6,52.7,0.6,57.6,5.2
2025-26,Regular+Season,OKC,1610612760,Oklahoma City Thunder,Isaiah Joe,1630198,29,24,5,19.5,2.3,0.4,19.7,4.1,55.5,0.5,63.5,8.1
2025-26,Regular+Season,PHX,1610612756,Phoenix Suns,Isaiah Livers,1630587,16,11,5,12.0,1.8,0.7,39.3,2.9,59.6,0.2,63.6,7.0
2025-26,Regular+Season,DET,1610612765,Detroit Pistons,Isaiah Stewart,1630191,33,24,9,23.5,3.7,1.2,32.2,7.1,51.9,0.5,55.8,6.1
2025-26,Regular+Season,LAC,1610612746,Los Angeles Clippers,Ivica Zubac,1627826,34,11,23,31.3,7.2,2.7,37.8,12.3,58.9,1.4,66.5,4.1
2025-26,Regular+Season,HOU,1610612745,Houston Rockets,JD Davison,1631120,6,5,1,10.7,1.8,0.2,9.1,2.7,68.8,0.2,73.3,8.1
2025-26,Regular+Season,MEM,1610612763,Memphis Grizzlies,Ja Morant,1629630,17,6,11,28.4,3.0,0.3,9.8,4.3,69.9,0.5,78.5,7.3
2025-26,Regular+Season,TOR,1610612761,Toronto Raptors,Ja'Kobe Walter,1642266,29,19,10,19.3,1.8,0.4,23.1,3.6,49.5,0.4,55.3,7.6
2025-26,Regular+Season,HOU,1610612745,Houston Rockets,Jabari Smith Jr.,1631095,36,22,14,34.6,5.4,1.6,29.5,8.6,62.5,0.6,67.2,5.5
2025-26,Regular+Season,PHI,1610612755,Philadelphia 76ers,Jabari Walker,1631133,31,17,14,14.0,2.3,0.6,26.4,4.0,58.5,0.3,63.7,5.3
2025-26,Regular+Season,ATL,1610612737,Atlanta Hawks,Jacob Toppin,1631210,1,1,0,3.1,1.0,0.0,0.0,1.0,100,0.0,100,2.6
2025-26,Regular+Season,DAL,1610612742,Dallas Mavericks,Jaden Hardy,1630702,23,6,17,12.4,1.2,0.2,17.9,2.3,52.8,0.3,59.6,8.5
2025-26,Regular+Season,DET,1610612765,Detroit Pistons,Jaden Ivey,1631093,17,12,5,17.8,2.1,0.5,25.7,3.6,56.5,0.4,63.6,9.9
2025-26,Regular+Season,MIN,1610612750,Minnesota Timberwolves,Jaden McDaniels,1630183,38,24,14,31.6,3.3,0.8,24.6,6.4,52.1,0.7,58.6,6.3
2025-26,Regular+Season,HOU,1610612745,Houston Rockets,Jae'Sean Tate,1630256,16,12,4,9.5,1.1,0.3,23.5,2.2,48.6,0.3,54.8,6.2
2025-26,Regular+Season,MEM,1610612763,Memphis Grizzlies,Jahmai Mashack,1642942,3,2,1,5.2,1.7,0.3,20.0,2.0,83.3,0.0,83.3,6.5
2025-26,Regular+Season,MIA,1610612748,Miami Heat,Jahmir Young,1642443,2,1,1,7.3,1.0,0.0,0.0,1.0,100,0.0,100,6.6
2025-26,Regular+Season,LAC,1610612746,Los Angeles Clippers,Jahmyl Telfort,1643141,3,0,3,5.6,1.0,0.0,0.0,1.0,100,0.0,100,11.9
2025-26,Regular+Season,MIA,1610612748,Miami Heat,Jaime Jaquez Jr.,1631170,34,19,15,29.3,4.2,0.9,20.1,7.8,54.5,0.8,60.5,6.8
2025-26,Regular+Season,LAL,1610612747,Los Angeles Lakers,Jake LaRavia,1631222,36,23,13,27.8,2.8,0.8,27.5,5.4,52.8,0.6,59.0,8.0
2025-26,Regular+Season,TOR,1610612761,Toronto Raptors,Jakob Poeltl,1627751,21,13,8,25.3,5.0,2.1,41.9,8.8,56.8,1.0,63.6,4.3
2025-26,Regular+Season,NYK,1610612752,New York Knicks,Jalen Brunson,1628973,35,23,12,35.5,2.9,0.4,15.0,5.5,52.4,0.6,59.2,9.1
2025-26,Regular+Season,DET,1610612765,Detroit Pistons,Jalen Duren,1631105,31,22,9,28.4,6.5,2.2,33.5,12.0,54.4,1.5,62.1,4.1
2025-26,Regular+Season,PHX,1610612756,Phoenix Suns,Jalen Green,1630224,2,2,0,14.9,1.0,0.0,0.0,2.0,50.0,1.0,100,5.5
2025-26,Regular+Season,ATL,1610612737,Atlanta Hawks,Jalen Johnson,1630552,38,19,19,35.3,8.7,2.5,28.9,12.9,67.0,1.0,72.5,5.2
2025-26,Regular+Season,DEN,1610612743,Denver Nuggets,Jalen Pickett,1629618,19,12,7,19.3,2.6,0.4,16.3,4.3,59.8,0.6,69.0,8.2
2025-26,Regular+Season,CHI,1610612741,Chicago Bulls,Jalen Smith,1630188,31,18,13,18.4,4.5,1.6,34.8,7.5,61.0,0.7,67.8,4.3
2025-26,Regular+Season,ORL,1610612753,Orlando Magic,Jalen Suggs,1630591,23,14,9,25.4,2.9,0.5,16.4,5.0,58.8,0.4,63.8,7.9
2025-26,Regular+Season,OKC,1610612760,Oklahoma City Thunder,Jalen Williams,1631114,21,15,6,30.3,4.3,1.2,28.9,6.8,62.9,0.6,69.2,6.7
2025-26,Regular+Season,BKN,1610612751,Brooklyn Nets,Jalen Wilson,1630592,17,2,15,16.7,1.4,0.5,37.5,2.6,53.3,0.4,63.2,8.0
2025-26,Regular+Season,ORL,1610612753,Orlando Magic,Jamal Cain,1631288,7,2,5,11.2,0.9,0.0,0.0,2.0,42.9,0.6,60.0,4.2
2025-26,Regular+Season,DEN,1610612743,Denver Nuggets,Jamal Murray,1627750,35,23,12,35.5,4.3,0.9,21.5,6.8,62.3,0.6,68.7,7.1
2025-26,Regular+Season,TOR,1610612761,Toronto Raptors,Jamal Shead,1642347,33,20,13,21.5,1.7,0.4,21.1,3.3,51.8,0.2,55.3,10.1
2025-26,Regular+Season,PHX,1610612756,Phoenix Suns,Jamaree Bouyea,1631123,17,10,7,16.1,1.7,0.2,13.8,2.8,60.4,0.4,69.0,7.7
2025-26,Regular+Season,LAC,1610612746,Los Angeles Clippers,James Harden,201935,35,15,20,35.4,4.3,0.8,18.0,6.5,65.8,0.6,72.1,7.8
2025-26,Regular+Season,IND,1610612754,Indiana Pacers,James Wiseman,1630164,3,0,3,15.6,1.0,0.7,66.7,5.0,20.0,1.0,25.0,2.7
2025-26,Regular+Season,WAS,1610612764,Washington Wizards,Jamir Watkins,1642364,8,2,6,17.5,3.6,1.0,27.6,5.5,65.9,0.3,69.0,5.1
2025-26,Regular+Season,TOR,1610612761,Toronto Raptors,Jamison Battle,1642419,21,11,10,10.0,1.5,0.4,28.1,2.9,52.5,0.5,62.7,6.9
2025-26,Regular+Season,IND,1610612754,Indiana Pacers,Jarace Walker,1641716,39,9,30,23.5,4.1,0.7,18.4,6.5,62.5,0.5,67.2,5.4
2025-26,Regular+Season,PHI,1610612755,Philadelphia 76ers,Jared McCain,1642272,24,13,11,19.1,2.6,0.4,14.5,3.9,66.0,0.0,66.7,7.6
2025-26,Regular+Season,MEM,1610612763,Memphis Grizzlies,Jaren Jackson Jr.,1628991,37,15,22,30.4,4.7,1.6,34.7,8.7,53.7,1.0,60.9,5.8
2025-26,Regular+Season,LAL,1610612747,Los Angeles Lakers,Jarred Vanderbilt,1629020,26,16,10,20.9,4.0,1.1,27.2,6.4,62.0,0.6,68.7,5.6
2025-26,Regular+Season,CLE,1610612739,Cleveland Cavaliers,Jarrett Allen,1628386,28,16,12,26.3,5.8,1.8,30.4,9.4,61.5,0.8,67.1,4.9
2025-26,Regular+Season,ORL,1610612753,Orlando Magic,Jase Richardson,1642859,16,6,10,16.7,1.6,0.3,16.0,2.4,64.1,0.1,67.6,9.0
2025-26,Regular+Season,MEM,1610612763,Memphis Grizzlies,Javon Small,1642914,9,3,6,15.7,1.7,0.9,53.3,2.3,71.4,0.2,78.9,9.7
2025-26,Regular+Season,POR,1610612757,Portland Trail Blazers,Javonte Cooke,1631451,4,0,4,7.3,1.3,0.3,20.0,2.0,62.5,0.3,71.4,4.2
2025-26,Regular+Season,DET,1610612765,Detroit Pistons,Javonte Green,1629750,33,24,9,21.4,2.4,0.5,23.1,4.2,56.1,0.3,60.9,7.5
2025-26,Regular+Season,LAL,1610612747,Los Angeles Lakers,Jaxson Hayes,1629637,32,20,12,17.6,2.5,1.0,38.3,4.1,61.4,0.3,65.9,5.8
2025-26,Regular+Season,IND,1610612754,Indiana Pacers,Jay Huff,1630643,35,8,27,21.4,3.1,0.8,26.6,7.3,42.9,1.1,50.5,5.5
2025-26,Regular+Season,BOS,1610612738,Boston Celtics,Jaylen Brown,1627759,36,22,14,34.2,5.3,1.3,24.9,8.3,63.0,0.6,68.2,6.1
2025-26,Regular+Season,MIN,1610612750,Minnesota Timberwolves,Jaylen Clark,1641740,30,21,9,15.7,1.3,0.4,30.0,2.4,56.3,0.2,62.5,9.4
2025-26,Regular+Season,MEM,1610612763,Memphis Grizzlies,Jaylen Wells,1642377,39,17,22,27.5,2.6,0.4,16.7,4.6,56.4,0.5,63.8,7.8
2025-26,Regular+Season,OKC,1610612760,Oklahoma City Thunder,Jaylin Williams,1631119,26,24,2,18.6,4.5,1.7,38.1,7.0,64.5,0.6,70.2,4.5
2025-26,Regular+Season,CLE,1610612739,Cleveland Cavaliers,Jaylon Tyson,1642281,34,18,16,27.6,3.5,0.5,13.4,6.0,58.6,0.9,69.2,7.2
2025-26,Regular+Season,HOU,1610612745,Houston Rockets,Jeff Green,201145,6,5,1,4.0,0.8,0.3,40.0,1.5,55.6,0.2,62.5,5.7
2025-26,Regular+Season,POR,1610612757,Portland Trail Blazers,Jerami Grant,203924,26,11,15,30.4,2.9,0.5,16.0,4.7,61.5,0.4,67.0,7.8
2025-26,Regular+Season,NOP,1610612740,New Orleans Pelicans,Jeremiah Fears,1642847,40,9,31,27.0,3.0,0.6,19.2,5.0,59.7,0.6,68.2,7.0
2025-26,Regular+Season,IND,1610612754,Indiana Pacers,Jeremiah Robinson-Earl,1630526,16,4,12,17.9,3.5,0.8,21.4,5.8,60.2,0.5,65.9,4.4
2025-26,Regular+Season,SAS,1610612759,San Antonio Spurs,Jeremy Sochan,1631110,22,14,8,14.5,2.1,0.5,23.9,4.1,50.5,0.4,56.1,6.1
2025-26,Regular+Season,MIL,1610612749,Milwaukee Bucks,Jericho Sims,1630579,21,7,14,18.2,3.4,1.0,29.2,5.5,62.6,0.6,69.9,5.2
2025-26,Regular+Season,ORL,1610612753,Orlando Magic,Jett Howard,1641724,16,7,9,14.3,1.8,0.7,37.9,2.5,72.5,0.0,72.5,9.4
2025-26,Regular+Season,CHI,1610612741,Chicago Bulls,Jevon Carter,1628975,12,3,9,15.4,1.3,0.1,6.3,1.8,76.2,0.2,84.2,10.2
2025-26,Regular+Season,GSW,1610612744,Golden State Warriors,Jimmy Butler III,202710,36,21,15,31.4,3.4,1.0,29.8,5.7,59.3,0.4,64.4,7.5
2025-26,Regular+Season,MIN,1610612750,Minnesota Timberwolves,Joan Beringer,1642866,9,6,3,8.3,1.7,0.1,6.7,3.3,50.0,0.4,57.7,5.9
2025-26,Regular+Season,MEM,1610612763,Memphis Grizzlies,Jock Landale,1629111,37,16,21,22.6,3.4,1.2,36.3,6.5,51.9,0.8,58.8,5.4
2025-26,Regular+Season,MIN,1610612750,Minnesota Timberwolves,Joe Ingles,204060,3,3,0,7.0,1.7,0.0,0.0,1.7,100,0.0,100,7.0
2025-26,Regular+Season,PHI,1610612755,Philadelphia 76ers,Joel Embiid,203954,20,12,8,29.5,5.1,1.8,34.3,9.3,55.1,1.0,61.8,4.5
2025-26,Regular+Season,LAC,1610612746,Los Angeles Clippers,John Collins,1628381,37,15,22,27.6,3.7,1.2,32.8,6.8,54.2,0.6,59.6,5.8
2025-26,Regular+Season,MEM,1610612763,Memphis Grizzlies,John Konchar,1629723,22,12,10,13.0,2.2,0.5,20.8,3.8,57.8,0.5,65.8,8.0
2025-26,Regular+Season,PHI,1610612755,Philadelphia 76ers,Johni Broome,1641780,4,2,2,7.6,1.8,0.8,42.9,2.0,87.5,0.0,87.5,4.2
2025-26,Regular+Season,IND,1610612754,Indiana Pacers,Johnny Furphy,1642277,21,6,15,16.7,2.9,0.7,25.0,5.0,57.7,0.5,64.5,5.9
2025-26,Regular+Season,MIN,1610612750,Minnesota Timberwolves,Johnny Juzang,1630548,8,5,3,5.8,1.0,0.1,12.5,1.5,66.7,0.3,80.0,6.6
2025-26,Regular+Season,DEN,1610612743,Denver Nuggets,Jonas Valančiūnas,202685,33,23,10,13.3,3.3,1.0,30.9,5.4,61.8,0.6,69.6,4.4
2025-26,Regular+Season,ORL,1610612753,Orlando Magic,Jonathan Isaac,1628371,28,17,11,11.5,2.3,0.6,27.7,3.7,62.5,0.4,69.1,5.0
2025-26,Regular+Season,GSW,1610612744,Golden State Warriors,Jonathan Kuminga,1630228,18,9,9,24.8,4.6,1.2,25.3,7.2,64.3,0.2,66.4,6.8
2025-26,Regular+Season,TOR,1610612761,Toronto Raptors,Jonathan Mogbo,1642367,9,2,7,6.8,1.4,0.3,23.1,2.1,68.4,0.2,76.5,5.0
2025-26,Regular+Season,NYK,1610612752,New York Knicks,Jordan Clarkson,203903,32,20,12,20.8,1.3,0.3,25.0,2.7,46.0,0.4,53.3,10.8
2025-26,Regular+Season,PHX,1610612756,Phoenix Suns,Jordan Goodwin,1630692,37,23,14,21.5,2.7,0.8,29.3,4.7,57.2,0.4,62.7,6.7
2025-26,Regular+Season,NOP,1610612740,New Orleans Pelicans,Jordan Hawkins,1641722,25,4,21,15.4,1.7,0.5,28.6,3.1,53.8,0.5,63.6,7.2
2025-26,Regular+Season,SAS,1610612759,San Antonio Spurs,Jordan McLaughlin,1629162,5,4,1,10.6,1.2,0.0,0.0,1.4,85.7,0.0,85.7,8.8
2025-26,Regular+Season,LAC,1610612746,Los Angeles Clippers,Jordan Miller,1641757,15,9,6,17.2,2.2,0.7,33.3,3.9,55.9,0.3,61.1,5.6
2025-26,Regular+Season,NOP,1610612740,New Orleans Pelicans,Jordan Poole,1629673,20,6,14,27.2,1.6,0.2,12.9,3.0,52.5,0.4,59.6,10.2
2025-26,Regular+Season,BOS,1610612738,Boston Celtics,Jordan Walsh,1641775,30,19,11,21.5,3.7,1.0,26.8,5.9,62.9,0.5,68.3,5.9
2025-26,Regular+Season,NOP,1610612740,New Orleans Pelicans,Jose Alvarado,1630631,32,8,24,22.8,2.7,0.5,18.8,5.1,52.5,0.6,59.0,10.4
2025-26,Regular+Season,CHI,1610612741,Chicago Bulls,Josh Giddey,1630581,30,15,15,32.8,7.8,1.2,15.9,11.4,67.9,0.8,73.3,6.1
2025-26,Regular+Season,CHA,1610612766,Charlotte Hornets,Josh Green,1630182,13,7,6,16.1,1.1,0.2,14.3,2.2,50.0,0.2,53.8,8.5
2025-26,Regular+Season,NYK,1610612752,New York Knicks,Josh Hart,1628404,29,20,9,30.3,6.2,1.3,21.8,9.8,63.0,1.1,71.0,6.0
2025-26,Regular+Season,BOS,1610612738,Boston Celtics,Josh Minott,1631169,27,17,10,18.2,2.8,0.7,23.7,4.4,63.3,0.4,69.1,5.9
2025-26,Regular+Season,HOU,1610612745,Houston Rockets,Josh Okogie,1629006,31,18,13,20.0,2.0,0.6,31.1,3.4,58.7,0.3,64.9,9.6
2025-26,Regular+Season,POR,1610612757,Portland Trail Blazers,Jrue Holiday,201950,14,6,8,31.3,3.9,0.7,18.5,5.6,69.2,0.2,72.0,9.7
2025-26,Regular+Season,SAS,1610612759,San Antonio Spurs,Julian Champagnie,1630577,40,27,13,28.5,5.2,1.3,24.2,8.1,64.3,1.0,73.7,6.3
2025-26,Regular+Season,CHI,1610612741,Chicago Bulls,Julian Phillips,1641763,20,6,14,12.3,1.0,0.3,31.6,1.5,63.3,0.1,65.5,7.5
2025-26,Regular+Season,DEN,1610612743,Denver Nuggets,Julian Strawther,1631124,12,9,3,10.5,1.9,0.4,21.7,2.5,76.7,0.2,82.1,6.6
2025-26,Regular+Season,MIN,1610612750,Minnesota Timberwolves,Julius Randle,203944,40,26,14,33.3,5.4,1.4,25.0,8.7,62.4,0.9,69.5,6.3
2025-26,Regular+Season,WAS,1610612764,Washington Wizards,Justin Champagnie,1630551,33,9,24,18.9,3.8,1.0,27.4,5.8,64.9,0.5,71.3,5.2
2025-26,Regular+Season,PHI,1610612755,Philadelphia 76ers,Justin Edwards,1642348,20,10,10,19.2,1.7,0.5,26.5,2.6,66.7,0.2,70.8,8.8
2025-26,Regular+Season,UTA,1610612762,Utah Jazz,Jusuf Nurkić,203994,32,11,21,25.9,7.3,2.7,37.5,11.5,62.9,1.5,72.5,4.2
2025-26,Regular+Season,CHA,1610612766,Charlotte Hornets,KJ Simpson,1642354,10,3,7,18.4,2.4,0.5,20.8,3.6,66.7,0.3,72.7,8.9
2025-26,Regular+Season,IND,1610612754,Indiana Pacers,Kam Jones,1642880,4,1,3,8.9,0.8,0.0,0.0,1.3,60.0,0.3,75.0,8.8
2025-26,Regular+Season,NYK,1610612752,New York Knicks,Karl-Anthony Towns,1626157,36,23,13,32.3,8.5,2.1,24.1,12.8,66.9,1.1,73.4,4.9
2025-26,Regular+Season,NOP,1610612740,New Orleans Pelicans,Karlo Matković,1631255,25,8,17,12.9,2.8,0.9,32.9,4.4,64.2,0.4,70.0,4.9
2025-26,Regular+Season,MIA,1610612748,Miami Heat,Kasparas Jakučionis,1642857,10,4,6,16.4,1.5,0.3,20.0,2.6,57.7,0.5,71.4,7.1
2025-26,Regular+Season,LAC,1610612746,Los Angeles Clippers,Kawhi Leonard,202695,29,14,15,33.9,5.4,1.1,20.3,8.3,65.3,0.5,69.6,6.7
2025-26,Regular+Season,ATL,1610612737,Atlanta Hawks,Keaton Wallace,1630811,25,12,13,13.8,1.7,0.3,16.7,2.6,64.6,0.2,68.9,8.4
2025-26,Regular+Season,SAC,1610612758,Sacramento Kings,Keegan Murray,1631099,19,4,15,35.9,4.5,1.1,23.3,8.3,54.4,0.9,61.4,6.4
2025-26,Regular+Season,MIA,1610612748,Miami Heat,Kel'el Ware,1642276,38,20,18,24.5,6.8,2.3,33.5,10.8,63.1,1.1,70.3,4.1
2025-26,Regular+Season,SAS,1610612759,San Antonio Spurs,Keldon Johnson,1629640,40,27,13,23.6,4.3,1.4,31.4,7.0,61.9,0.7,68.8,5.4
2025-26,Regular+Season,SAS,1610612759,San Antonio Spurs,Kelly Olynyk,203482,21,14,7,11.2,1.7,0.4,22.9,2.5,66.0,0.3,76.1,6.2
2025-26,Regular+Season,PHI,1610612755,Philadelphia 76ers,Kelly Oubre Jr.,1626162,16,10,6,32.3,3.9,1.0,25.8,8.1,48.1,0.8,53.0,5.4
2025-26,Regular+Season,OKC,1610612760,Oklahoma City Thunder,Kenrich Williams,1629026,19,15,4,14.1,2.3,0.7,29.5,3.6,63.8,0.3,68.8,6.1
2025-26,Regular+Season,MEM,1610612763,Memphis Grizzlies,Kentavious Caldwell-Pope,203484,33,15,18,21.0,2.3,0.4,17.1,3.2,71.0,0.2,74.5,8.6
2025-26,Regular+Season,SAC,1610612758,Sacramento Kings,Keon Ellis,1631165,29,7,22,18.7,1.3,0.2,18.4,2.3,57.6,0.0,58.5,9.4
2025-26,Regular+Season,MIA,1610612748,Miami Heat,Keshad Johnson,1642352,12,7,5,10.5,1.8,0.7,38.1,3.3,53.8,0.4,61.8,4.4
2025-26,Regular+Season,HOU,1610612745,Houston Rockets,Kevin Durant,201142,35,21,14,36.4,5.0,1.3,25.1,7.1,70.0,0.7,77.1,7.4
2025-26,Regular+Season,CHI,1610612741,Chicago Bulls,Kevin Huerter,1628989,31,15,16,25.3,3.6,0.7,20.7,5.9,60.7,0.5,65.7,6.9
2025-26,Regular+Season,UTA,1610612762,Utah Jazz,Kevin Love,201567,22,7,15,17.0,3.7,1.3,35.8,7.1,51.9,1.0,60.4,4.6
2025-26,Regular+Season,NYK,1610612752,New York Knicks,Kevin McCullar Jr.,1641755,6,2,4,11.8,2.0,0.5,25.0,2.8,70.6,0.0,70.6,7.4
2025-26,Regular+Season,MIL,1610612749,Milwaukee Bucks,Kevin Porter Jr.,1629645,20,9,11,35.6,4.6,0.8,17.4,7.9,58.6,0.7,64.3,7.8
2025-26,Regular+Season,NOP,1610612740,New Orleans Pelicans,Kevon Looney,1626172,15,2,13,14.4,2.9,0.7,25.6,5.3,54.4,0.5,59.7,6.4
2025-26,Regular+Season,UTA,1610612762,Utah Jazz,Keyonte George,1641718,36,13,23,34.5,3.8,0.4,11.6,5.5,70.1,0.4,75.8,8.9
2025-26,Regular+Season,PHX,1610612756,Phoenix Suns,Khaman Maluach,1642863,10,6,4,6.2,1.3,0.3,23.1,2.0,65.0,0.5,86.7,5.4
2025-26,Regular+Season,WAS,1610612764,Washington Wizards,Khris Middleton,203114,26,9,17,24.0,3.0,0.8,28.2,5.0,59.5,0.4,64.5,7.3
2025-26,Regular+Season,DAL,1610612742,Dallas Mavericks,Klay Thompson,202691,35,12,23,22.1,2.3,0.5,20.3,4.1,54.9,0.3,59.8,9.6
2025-26,Regular+Season,LAC,1610612746,Los Angeles Clippers,Kobe Brown,1641738,17,5,12,11.1,1.7,0.6,34.5,2.9,58.0,0.2,61.7,7.1
2025-26,Regular+Season,LAL,1610612747,Los Angeles Lakers,Kobe Bufkin,1641723,1,1,0,3.8,1.0,1.0,100,2.0,50.0,0.0,50.0,3.4
2025-26,Regular+Season,LAC,1610612746,Los Angeles Clippers,Kobe Sanders,1642920,27,12,15,21.0,2.2,0.5,22.0,3.7,59.6,0.4,66.3,7.9
2025-26,Regular+Season,PHX,1610612756,Phoenix Suns,Koby Brea,1642886,1,0,1,3.8,1.0,0.0,0.0,1.0,100,0.0,100,4.0
2025-26,Regular+Season,CHA,1610612766,Charlotte Hornets,Kon Knueppel,1642851,38,13,25,32.9,4.2,0.8,18.6,7.8,54.6,0.8,61.0,6.9
2025-26,Regular+Season,LAC,1610612746,Los Angeles Clippers,Kris Dunn,1627739,35,14,21,27.7,2.3,0.4,16.5,4.5,50.3,0.6,58.1,7.0
2025-26,Regular+Season,POR,1610612757,Portland Trail Blazers,Kris Murray,1631200,31,14,17,26.0,2.4,0.8,32.0,4.8,50.0,0.5,55.1,9.0
2025-26,Regular+Season,ATL,1610612737,Atlanta Hawks,Kristaps Porziņģis,204001,17,9,8,24.3,3.9,1.8,47.0,6.9,55.9,0.8,62.9,5.7
2025-26,Regular+Season,UTA,1610612762,Utah Jazz,Kyle Anderson,203937,9,2,7,19.8,2.6,0.7,26.1,3.8,67.6,0.1,69.7,7.5
2025-26,Regular+Season,UTA,1610612762,Utah Jazz,Kyle Filipowski,1642271,37,13,24,21.9,4.5,1.3,29.1,6.8,66.0,0.2,68.5,5.0
2025-26,Regular+Season,MIL,1610612749,Milwaukee Bucks,Kyle Kuzma,1628398,36,17,19,26.0,3.7,1.1,30.3,6.2,59.5,0.7,67.3,7.2
2025-26,Regular+Season,PHI,1610612755,Philadelphia 76ers,Kyle Lowry,200768,3,1,2,9.4,1.0,0.7,66.7,2.7,37.5,0.0,37.5,9.1
2025-26,Regular+Season,WAS,1610612764,Washington Wizards,Kyshawn George,1642273,29,5,24,31.4,4.6,1.2,26.9,7.6,61.2,0.5,65.7,7.3
2025-26,Regular+Season,CHA,1610612766,Charlotte Hornets,LaMelo Ball,1630163,30,11,19,27.9,4.2,0.9,22.2,6.0,70.0,0.4,75.0,6.5
2025-26,Regular+Season,CHI,1610612741,Chicago Bulls,Lachlan Olbrich,1642950,7,1,6,9.3,1.9,0.7,38.5,3.4,54.2,0.1,56.5,4.4
2025-26,Regular+Season,NYK,1610612752,New York Knicks,Landry Shamet,1629013,14,9,5,22.2,1.6,0.2,13.0,3.4,47.9,0.6,57.5,10.9
2025-26,Regular+Season,CLE,1610612739,Cleveland Cavaliers,Larry Nance Jr.,1626204,14,9,5,16.3,2.3,0.5,21.9,4.9,47.1,0.8,56.1,5.2
2025-26,Regular+Season,UTA,1610612762,Utah Jazz,Lauri Markkanen,1628374,32,13,19,35.9,5.2,1.5,28.7,7.7,67.9,0.4,71.4,6.2
2025-26,Regular+Season,LAL,1610612747,Los Angeles Lakers,LeBron James,2544,20,13,7,33.4,5.4,1.0,17.8,7.8,68.6,0.7,74.8,7.2
2025-26,Regular+Season,MIN,1610612750,Minnesota Timberwolves,Leonard Miller,1631159,12,9,3,5.5,1.3,0.4,31.3,1.9,69.6,0.3,80.0,4.9
2025-26,Regular+Season,CHA,1610612766,Charlotte Hornets,Liam McNeeley,1642862,24,6,18,13.7,2.0,0.3,16.7,3.7,53.9,0.5,61.5,6.0
2025-26,Regular+Season,SAS,1610612759,San Antonio Spurs,Lindy Waters III,1630322,14,9,5,9.2,1.3,0.5,38.9,2.3,56.3,0.2,62.1,6.4
2025-26,Regular+Season,CLE,1610612739,Cleveland Cavaliers,Lonzo Ball,1628366,27,13,14,22.4,3.1,1.0,30.6,5.2,60.7,0.5,66.9,6.6
2025-26,Regular+Season,OKC,1610612760,Oklahoma City Thunder,Luguentz Dort,1629652,31,25,6,26.9,2.8,0.8,29.5,5.0,56.8,0.6,64.2,8.0
2025-26,Regular+Season,LAL,1610612747,Los Angeles Lakers,Luka Dončić,1629029,31,20,11,36.4,6.9,1.8,26.5,10.5,66.4,0.5,70.0,5.5
2025-26,Regular+Season,BOS,1610612738,Boston Celtics,Luka Garza,1630568,28,18,10,17.3,2.1,1.1,50.8,4.9,42.8,1.0,54.1,5.9
2025-26,Regular+Season,ATL,1610612737,Atlanta Hawks,Luke Kennard,1628379,28,15,13,21.3,1.9,0.2,11.1,3.3,58.7,0.3,63.5,8.3
2025-26,Regular+Season,SAS,1610612759,San Antonio Spurs,Luke Kornet,1628436,31,22,9,24.7,3.9,1.5,39.7,7.6,51.3,1.1,59.9,5.3
2025-26,Regular+Season,CLE,1610612739,Cleveland Cavaliers,Luke Travers,1631247,9,5,4,10.1,1.7,0.6,33.3,2.3,71.4,0.0,71.4,4.9
2025-26,Regular+Season,IND,1610612754,Indiana Pacers,Mac McClung,1630644,2,0,2,15.8,2.0,0.5,25.0,4.5,44.4,1.0,57.1,8.3
2025-26,Regular+Season,WAS,1610612764,Washington Wizards,Malaki Branham,1631103,15,1,14,12.1,1.8,0.3,18.5,3.0,60.0,0.2,64.3,6.3
2025-26,Regular+Season,SAC,1610612758,Sacramento Kings,Malik Monk,1628370,28,7,21,23.4,1.9,0.4,22.2,3.5,54.5,0.4,62.1,9.6
2025-26,Regular+Season,DET,1610612765,Detroit Pistons,Marcus Sasser,1631204,6,4,2,11.3,1.7,0.2,10.0,1.7,100,0.0,100,9.2
2025-26,Regular+Season,LAL,1610612747,Los Angeles Lakers,Marcus Smart,203935,25,16,9,29.7,2.8,1.0,34.3,5.0,56.5,0.6,64.8,10.1
2025-26,Regular+Season,MIL,1610612749,Milwaukee Bucks,Mark Sears,1641813,2,0,2,2.4,0.5,0.0,0.0,1.0,50.0,0.0,50.0,5.4
2025-26,Regular+Season,PHX,1610612756,Phoenix Suns,Mark Williams,1631109,35,22,13,24.0,5.2,1.5,28.6,8.5,61.3,0.8,67.7,4.6
2025-26,Regular+Season,WAS,1610612764,Washington Wizards,Marvin Bagley III,1628963,32,9,23,19.2,3.1,1.4,45.9,6.4,47.8,0.9,56.0,5.0
2025-26,Regular+Season,CHA,1610612766,Charlotte Hornets,Mason Plumlee,203486,12,6,6,9.2,2.5,0.7,26.7,4.0,62.5,0.1,63.8,3.6
2025-26,Regular+Season,CHI,1610612741,Chicago Bulls,Matas Buzelis,1641824,37,16,21,28.0,4.4,0.8,17.9,7.9,55.1,1.1,64.3,5.7
2025-26,Regular+Season,POR,1610612757,Portland Trail Blazers,Matisse Thybulle,1629680,2,1,1,14.5,2.0,1.0,50.0,3.5,57.1,1.0,80.0,6.5
2025-26,Regular+Season,DAL,1610612742,Dallas Mavericks,Max Christie,1631108,34,14,20,29.8,3.5,0.9,24.2,5.6,62.8,0.4,67.0,7.8
2025-26,Regular+Season,LAL,1610612747,Los Angeles Lakers,Maxi Kleber,1628467,15,6,9,13.0,1.5,0.3,22.7,2.7,53.7,0.4,62.9,5.9
2025-26,Regular+Season,SAC,1610612758,Sacramento Kings,Maxime Raynaud,1642875,31,9,22,24.1,4.7,1.6,34.2,7.9,59.3,0.6,64.6,4.3
2025-26,Regular+Season,NOP,1610612740,New Orleans Pelicans,Micah Peavy,1642877,32,6,26,16.7,1.4,0.3,19.6,2.7,52.9,0.3,58.2,7.5
2025-26,Regular+Season,IND,1610612754,Indiana Pacers,Micah Potter,1630695,9,2,7,18.9,3.2,1.1,34.5,7.2,44.6,0.7,49.2,4.3
2025-26,Regular+Season,BKN,1610612751,Brooklyn Nets,Michael Porter Jr.,1629008,30,11,19,33.1,6.2,1.7,27.8,10.0,62.1,0.8,67.8,5.4
2025-26,Regular+Season,NYK,1610612752,New York Knicks,Mikal Bridges,1628969,38,25,13,35.1,3.6,0.7,20.6,6.0,59.6,0.6,65.7,8.0
2025-26,Regular+Season,MIN,1610612750,Minnesota Timberwolves,Mike Conley,201144,29,21,8,19.3,1.7,0.3,18.8,2.9,56.5,0.2,60.0,10.6
2025-26,Regular+Season,CHA,1610612766,Charlotte Hornets,Miles Bridges,1628970,39,14,25,33.4,5.5,1.1,20.0,8.4,65.7,0.6,71.0,6.0
2025-26,Regular+Season,DAL,1610612742,Dallas Mavericks,Miles Kelly,1642939,2,0,2,12.0,3.0,1.5,50.0,3.5,85.7,0.0,85.7,9.8
2025-26,Regular+Season,NYK,1610612752,New York Knicks,Miles McBride,1630540,26,17,9,27.7,1.9,0.6,30.0,4.0,48.1,0.4,53.8,11.0
2025-26,Regular+Season,NYK,1610612752,New York Knicks,Mitchell Robinson,1629011,27,17,10,19.4,4.2,1.9,45.1,6.6,63.5,0.3,66.5,5.4
2025-26,Regular+Season,TOR,1610612761,Toronto Raptors,Mo Bamba,1628964,1,1,0,1.6,1.0,0.0,0.0,1.0,100,0.0,100,2.5
2025-26,Regular+Season,NYK,1610612752,New York Knicks,Mohamed Diawara,1642885,13,9,4,8.2,1.7,0.2,9.1,2.3,73.3,0.2,78.6,5.7
2025-26,Regular+Season,IND,1610612754,Indiana Pacers,Monte Morris,1628420,5,0,5,12.5,1.2,0.0,0.0,1.6,75.0,0.0,75.0,8.1
2025-26,Regular+Season,ORL,1610612753,Orlando Magic,Moritz Wagner,1629021,1,1,0,9.8,2.0,0.0,0.0,3.0,66.7,0.0,66.7,4.9
2025-26,Regular+Season,GSW,1610612744,Golden State Warriors,Moses Moody,1630541,37,19,18,24.5,2.4,0.6,24.7,4.4,55.3,0.5,61.8,7.7
2025-26,Regular+Season,ATL,1610612737,Atlanta Hawks,Mouhamed Gueye,1631243,35,19,16,17.5,2.7,0.8,30.9,4.9,55.3,0.5,61.4,5.1
2025-26,Regular+Season,DAL,1610612742,Dallas Mavericks,Moussa Cisse,1630619,18,6,12,12.1,2.7,0.8,28.6,5.8,46.7,0.8,53.8,5.3
2025-26,Regular+Season,CHA,1610612766,Charlotte Hornets,Moussa Diabaté,1631217,37,13,24,24.3,4.7,1.3,27.6,8.9,52.9,1.5,63.3,4.8
2025-26,Regular+Season,MIL,1610612749,Milwaukee Bucks,Myles Turner,1626167,38,17,21,28.4,4.1,1.7,42.2,9.7,41.8,1.6,50.3,5.4
2025-26,Regular+Season,MIA,1610612748,Miami Heat,Myron Gardner,1642066,8,5,3,7.3,1.1,0.3,22.2,1.9,60.0,0.1,64.3,5.8
2025-26,Regular+Season,ATL,1610612737,Atlanta Hawks,N'Faly Dante,1642368,2,1,1,6.2,2.0,0.5,25.0,2.5,80.0,0.0,80.0,5.1
2025-26,Regular+Season,CLE,1610612739,Cleveland Cavaliers,Nae'Qwan Tomlin,1641772,24,12,12,17.4,2.0,0.5,22.4,3.8,53.8,0.5,61.3,7.4
2025-26,Regular+Season,DAL,1610612742,Dallas Mavericks,Naji Marshall,1630230,39,15,24,28.5,3.7,0.7,19.2,6.3,59.1,0.6,65.2,6.8
2025-26,Regular+Season,MIN,1610612750,Minnesota Timberwolves,Naz Reid,1629675,40,26,14,26.6,5.1,1.4,27.6,8.3,61.1,0.8,67.9,5.0
2025-26,Regular+Season,BOS,1610612738,Boston Celtics,Neemias Queta,1629674,37,22,15,24.8,5.1,2.3,44.7,10.0,51.5,1.6,61.1,4.0
2025-26,Regular+Season,BKN,1610612751,Brooklyn Nets,Nic Claxton,1629651,35,10,25,29.7,4.9,1.6,32.4,8.7,55.6,0.7,60.7,4.3
2025-26,Regular+Season,PHX,1610612756,Phoenix Suns,Nick Richards,1630208,23,13,10,10.0,2.4,0.8,33.9,3.7,65.9,0.2,70.0,4.1
2025-26,Regular+Season,LAL,1610612747,Los Angeles Lakers,Nick Smith Jr.,1641733,10,5,5,20.2,1.6,0.1,6.3,2.7,59.3,0.1,61.5,7.3
2025-26,Regular+Season,ATL,1610612737,Atlanta Hawks,Nickeil Alexander-Walker,1629638,38,17,21,33.1,3.1,0.8,24.4,5.8,53.8,0.5,58.6,8.8
2025-26,Regular+Season,LAC,1610612746,Los Angeles Clippers,Nicolas Batum,201587,36,15,21,20.9,2.2,0.5,24.1,3.9,56.0,0.4,62.2,7.0
2025-26,Regular+Season,PHX,1610612756,Phoenix Suns,Nigel Hayes-Davis,1628502,15,8,7,9.3,1.2,0.1,11.1,1.7,69.2,0.0,69.2,8.4
2025-26,Regular+Season,DEN,1610612743,Denver Nuggets,Nikola Jokić,203999,32,22,10,34.6,9.1,3.8,41.8,14.0,65.3,1.5,73.0,4.4
2025-26,Regular+Season,MIA,1610612748,Miami Heat,Nikola Jović,1631107,26,14,12,21.5,3.7,1.3,34.7,6.6,55.2,0.8,62.5,6.6
2025-26,Regular+Season,CHI,1610612741,Chicago Bulls,Nikola Vučević,202696,38,18,20,30.7,7.1,2.5,34.8,11.4,62.4,1.2,69.4,4.7
2025-26,Regular+Season,SAC,1610612758,Sacramento Kings,Nique Clifford,1642363,30,9,21,19.6,2.5,0.5,18.7,4.6,54.0,0.5,60.0,6.6
2025-26,Regular+Season,BKN,1610612751,Brooklyn Nets,Noah Clowney,1641730,37,11,26,28.5,2.9,0.9,30.2,5.8,49.3,0.6,55.2,5.4
2025-26,Regular+Season,ORL,1610612753,Orlando Magic,Noah Penda,1642869,23,11,12,14.8,2.7,0.8,31.1,4.2,62.9,0.3,68.5,5.2
2025-26,Regular+Season,BKN,1610612751,Brooklyn Nets,Nolan Traore,1642849,11,5,6,18.3,1.5,0.5,35.3,2.6,58.6,0.3,65.4,9.6
2025-26,Regular+Season,MIA,1610612748,Miami Heat,Norman Powell,1626181,32,18,14,30.8,3.4,1.1,30.9,5.5,62.1,0.5,67.9,8.6
2025-26,Regular+Season,NYK,1610612752,New York Knicks,OG Anunoby,1628384,28,18,10,33.0,4.3,1.2,27.3,7.1,61.1,0.6,67.2,6.3
2025-26,Regular+Season,IND,1610612754,Indiana Pacers,Obi Toppin,1630167,3,0,3,27.4,5.7,1.0,17.6,8.0,70.8,0.7,77.3,5.1
2025-26,Regular+Season,TOR,1610612761,Toronto Raptors,Ochai Agbaji,1630534,27,14,13,17.0,2.0,0.5,26.4,3.4,57.0,0.5,66.3,8.5
2025-26,Regular+Season,MEM,1610612763,Memphis Grizzlies,Olivier-Maxence Prosper,1641765,16,8,8,13.5,2.1,0.6,30.3,3.4,61.1,0.5,71.7,5.3
2025-26,Regular+Season,ATL,1610612737,Atlanta Hawks,Onyeka Okongwu,1630168,40,18,22,31.9,6.0,1.8,29.9,9.9,61.0,0.9,67.1,4.6
2025-26,Regular+Season,ORL,1610612753,Orlando Magic,Orlando Robinson,1631115,2,0,2,8.2,1.0,0.0,0.0,1.5,66.7,0.0,66.7,2.8
2025-26,Regular+Season,UTA,1610612762,Utah Jazz,Oscar Tshiebwe,1631131,1,0,1,14.8,4.0,2.0,50.0,9.0,44.4,1.0,50.0,2.4
2025-26,Regular+Season,PHX,1610612756,Phoenix Suns,Oso Ighodaro,1642345,37,22,15,20.2,3.3,1.0,29.8,5.8,56.5,0.6,62.7,5.8
2025-26,Regular+Season,OKC,1610612760,Oklahoma City Thunder,Ousmane Dieng,1631172,14,13,1,14.1,1.7,0.5,29.2,2.9,60.0,0.1,63.2,7.1
2025-26,Regular+Season,DAL,1610612742,Dallas Mavericks,P.J. Washington,1629023,29,9,20,32.3,6.2,1.3,21.5,9.7,64.2,0.7,69.1,6.0
2025-26,Regular+Season,CHA,1610612766,Charlotte Hornets,PJ Hall,1641790,12,3,9,12.6,2.4,1.0,41.4,4.3,56.9,0.3,60.4,5.3
2025-26,Regular+Season,NYK,1610612752,New York Knicks,Pacôme Dadiet,1642359,9,6,3,3.9,1.1,0.0,0.0,1.6,71.4,0.2,83.3,8.1
2025-26,Regular+Season,ORL,1610612753,Orlando Magic,Paolo Banchero,1631094,30,15,15,33.7,7.7,1.5,19.8,10.9,70.7,0.7,75.8,4.9
2025-26,Regular+Season,IND,1610612754,Indiana Pacers,Pascal Siakam,1627783,39,9,30,33.8,5.2,0.9,18.2,8.0,65.3,0.8,72.5,6.6
2025-26,Regular+Season,CHA,1610612766,Charlotte Hornets,Pat Connaughton,1626192,10,2,8,10.8,2.0,0.9,45.0,3.9,51.3,0.3,55.6,4.6
2025-26,Regular+Season,GSW,1610612744,Golden State Warriors,Pat Spencer,1630311,19,10,9,17.8,1.9,0.3,13.9,3.8,50.0,0.5,57.1,7.1
2025-26,Regular+Season,CHI,1610612741,Chicago Bulls,Patrick Williams,1630172,33,13,20,20.0,2.5,0.8,32.5,3.8,65.9,0.3,72.2,6.1
2025-26,Regular+Season,PHI,1610612755,Philadelphia 76ers,Paul George,202331,21,13,8,29.8,4.7,0.9,18.2,8.7,54.4,1.0,61.1,6.0
2025-26,Regular+Season,DET,1610612765,Detroit Pistons,Paul Reed,1630194,24,16,8,13.7,2.7,1.0,38.5,4.8,56.5,0.5,63.1,4.6
2025-26,Regular+Season,BOS,1610612738,Boston Celtics,Payton Pritchard,1630202,39,24,15,32.9,3.5,0.5,14.7,6.3,55.5,0.7,63.0,8.8
2025-26,Regular+Season,MIA,1610612748,Miami Heat,Pelle Larsson,1641796,26,17,9,23.5,2.5,0.8,31.3,4.3,57.7,0.4,64.0,8.4
2025-26,Regular+Season,MIL,1610612749,Milwaukee Bucks,Pete Nance,1631250,5,1,4,4.5,1.2,0.2,16.7,1.8,66.7,0.0,66.7,4.8
2025-26,Regular+Season,DEN,1610612743,Denver Nuggets,Peyton Watson,1631212,37,25,12,30.0,4.1,1.0,24.2,6.7,61.9,0.6,68.0,6.0
2025-26,Regular+Season,SAC,1610612758,Sacramento Kings,Precious Achiuwa,1630173,32,8,24,20.7,3.6,1.4,39.7,6.6,54.7,0.8,62.4,5.3
2025-26,Regular+Season,PHI,1610612755,Philadelphia 76ers,Quentin Grimes,1629656,35,21,14,31.8,3.3,0.9,25.9,6.0,55.2,0.6,61.4,7.0
2025-26,Regular+Season,IND,1610612754,Indiana Pacers,Quenton Jackson,1631245,11,2,9,18.1,2.2,0.5,20.8,3.6,60.0,0.4,66.7,8.2
2025-26,Regular+Season,GSW,1610612744,Golden State Warriors,Quinten Post,1642366,37,18,19,19.3,3.2,1.0,30.3,6.4,50.4,0.9,58.9,6.0
2025-26,Regular+Season,TOR,1610612761,Toronto Raptors,RJ Barrett,1629628,23,16,7,30.4,4.3,0.9,21.4,7.0,60.9,0.6,66.7,6.2
2025-26,Regular+Season,PHX,1610612756,Phoenix Suns,Rasheer Fleming,1642853,13,10,3,7.9,1.0,0.3,30.8,1.5,65.0,0.2,72.2,6.9
2025-26,Regular+Season,ATL,1610612737,Atlanta Hawks,RayJ Dennis,1642484,10,1,9,14.3,1.5,0.1,6.7,2.7,55.6,0.6,71.4,9.3
2025-26,Regular+Season,POR,1610612757,Portland Trail Blazers,Rayan Rupert,1641712,23,13,10,13.2,1.9,0.3,18.6,3.3,57.3,0.4,65.2,7.4
2025-26,Regular+Season,HOU,1610612745,Houston Rockets,Reed Sheppard,1642263,31,21,10,25.6,2.7,0.5,18.8,4.8,56.7,0.4,61.2,8.2
2025-26,Regular+Season,SAS,1610612759,San Antonio Spurs,Riley Minix,1642434,2,1,1,3.1,0.5,0.0,0.0,1.0,50.0,0.0,50.0,2.6
2025-26,Regular+Season,MIN,1610612750,Minnesota Timberwolves,Rob Dillingham,1642265,21,13,8,10.1,1.6,0.2,11.8,2.2,72.3,0.3,82.9,9.4
2025-26,Regular+Season,POR,1610612757,Portland Trail Blazers,Robert Williams III,1629057,28,13,15,15.7,4.0,1.6,39.3,6.2,64.4,0.6,71.3,4.8
2025-26,Regular+Season,BOS,1610612738,Boston Celtics,Ron Harper Jr.,1631199,1,0,1,9.8,2.0,0.0,0.0,3.0,66.7,1.0,100,10.1
2025-26,Regular+Season,DET,1610612765,Detroit Pistons,Ronald Holland II,1641842,34,25,9,21.3,3.3,0.8,24.1,5.1,64.0,0.4,69.1,7.2
2025-26,Regular+Season,PHX,1610612756,Phoenix Suns,Royce O'Neale,1626220,40,24,16,29.5,4.4,1.1,25.1,6.8,64.6,0.7,71.4,6.6
2025-26,Regular+Season,MIN,1610612750,Minnesota Timberwolves,Rudy Gobert,203497,39,25,14,31.6,7.4,2.2,30.1,12.7,58.3,1.4,65.7,4.3
2025-26,Regular+Season,LAL,1610612747,Los Angeles Lakers,Rui Hachimura,1629060,28,20,8,32.0,2.9,0.8,26.8,5.3,55.4,0.4,59.9,7.9
2025-26,Regular+Season,SAC,1610612758,Sacramento Kings,Russell Westbrook,201566,39,10,29,29.6,5.1,0.9,18.3,7.1,71.6,0.4,75.5,6.6
2025-26,Regular+Season,PHX,1610612756,Phoenix Suns,Ryan Dunn,1642346,33,20,13,21.6,3.1,0.7,22.8,5.5,55.2,0.6,61.6,4.9
2025-26,Regular+Season,CHA,1610612766,Charlotte Hornets,Ryan Kalkbrenner,1641750,27,10,17,25.5,3.9,1.8,46.2,8.3,46.6,1.3,55.6,5.5
2025-26,Regular+Season,DAL,1610612742,Dallas Mavericks,Ryan Nembhard,1642948,20,9,11,23.0,2.1,0.3,11.9,4.2,50.0,0.4,55.3,9.6
2025-26,Regular+Season,MIL,1610612749,Milwaukee Bucks,Ryan Rollins,1631157,38,17,21,31.6,3.7,0.8,20.4,6.6,56.3,0.6,62.0,7.3
2025-26,Regular+Season,NOP,1610612740,New Orleans Pelicans,Saddiq Bey,1630180,35,8,27,29.9,4.1,0.9,21.5,6.0,68.6,0.5,74.6,7.3
2025-26,Regular+Season,BOS,1610612738,Boston Celtics,Sam Hauser,1630573,37,24,13,23.0,3.0,0.5,15.3,5.2,57.5,0.4,62.0,6.8
2025-26,Regular+Season,CLE,1610612739,Cleveland Cavaliers,Sam Merrill,1630241,19,12,7,26.6,2.0,0.5,23.7,4.6,43.7,0.6,50.7,7.8
2025-26,Regular+Season,TOR,1610612761,Toronto Raptors,Sandro Mamukelashvili,1630572,39,23,16,21.4,3.4,0.8,23.1,6.4,54.0,0.6,60.1,5.8
2025-26,Regular+Season,MEM,1610612763,Memphis Grizzlies,Santi Aldama,1630583,39,17,22,28.0,5.2,1.0,18.7,8.4,61.9,0.9,69.8,5.7
2025-26,Regular+Season,TOR,1610612761,Toronto Raptors,Scottie Barnes,1630567,40,24,16,34.3,6.1,1.6,26.6,9.4,64.9,0.9,71.3,5.9
2025-26,Regular+Season,GSW,1610612744,Golden State Warriors,Seth Curry,203552,2,0,2,16.0,1.5,1.0,66.7,1.5,100,0.0,100,16.6
2025-26,Regular+Season,POR,1610612757,Portland Trail Blazers,Shaedon Sharpe,1631101,36,16,20,29.7,3.4,0.6,19.0,5.6,59.6,0.3,62.7,6.9
2025-26,Regular+Season,OKC,1610612760,Oklahoma City Thunder,Shai Gilgeous-Alexander,1628983,38,32,6,33.2,4.2,1.0,24.7,6.2,66.9,0.4,71.5,8.9
2025-26,Regular+Season,POR,1610612757,Portland Trail Blazers,Sidy Cissoko,1631321,30,11,19,21.5,1.6,0.4,22.9,3.2,49.5,0.3,54.5,8.5
2025-26,Regular+Season,MIA,1610612748,Miami Heat,Simone Fontecchio,1631323,32,15,17,17.5,2.5,0.6,22.5,4.2,60.2,0.6,69.6,7.2
2025-26,Regular+Season,CHA,1610612766,Charlotte Hornets,Sion James,1642883,39,13,26,25.7,2.9,0.6,21.9,5.5,53.5,0.5,59.4,7.8
2025-26,Regular+Season,DEN,1610612743,Denver Nuggets,Spencer Jones,1642461,27,18,9,26.1,2.1,0.6,25.9,4.6,46.4,0.6,53.7,7.3
2025-26,Regular+Season,GSW,1610612744,Golden State Warriors,Stephen Curry,201939,29,17,12,32.0,3.6,0.8,23.1,5.8,61.5,0.4,65.8,8.1
2025-26,Regular+Season,SAS,1610612759,San Antonio Spurs,Stephon Castle,1642264,29,19,10,31.6,4.3,1.1,24.8,6.6,65.8,0.5,71.0,7.3
2025-26,Regular+Season,HOU,1610612745,Houston Rockets,Steven Adams,203500,29,20,9,22.8,4.2,1.4,34.7,7.4,56.3,0.7,62.1,5.1
2025-26,Regular+Season,UTA,1610612762,Utah Jazz,Svi Mykhailiuk,1629004,34,11,23,24.7,1.9,0.5,26.6,2.8,68.1,0.4,78.0,9.0
2025-26,Regular+Season,IND,1610612754,Indiana Pacers,T.J. McConnell,204456,26,7,19,17.4,2.0,0.2,7.5,3.5,57.6,0.4,64.6,9.8
2025-26,Regular+Season,IND,1610612754,Indiana Pacers,Taelon Peter,1643007,11,0,11,7.5,1.2,0.3,23.1,2.0,59.1,0.2,65.0,8.5
2025-26,Regular+Season,HOU,1610612745,Houston Rockets,Tari Eason,1631106,21,13,8,23.7,4.0,0.7,17.6,5.3,75.9,0.4,82.5,7.0
2025-26,Regular+Season,MIL,1610612749,Milwaukee Bucks,Taurean Prince,1627752,5,3,2,21.7,2.6,0.4,15.4,4.8,54.2,0.0,54.2,7.6
2025-26,Regular+Season,UTA,1610612762,Utah Jazz,Taylor Hendricks,1641707,24,7,17,16.8,2.4,0.7,27.6,4.0,60.4,0.2,63.7,6.7
2025-26,Regular+Season,BKN,1610612751,Brooklyn Nets,Terance Mann,1629611,31,9,22,26.4,2.2,0.5,20.3,4.1,54.8,0.5,63.3,7.7
2025-26,Regular+Season,MIN,1610612750,Minnesota Timberwolves,Terrence Shannon Jr.,1630545,13,6,7,14.9,1.7,0.5,31.8,2.8,59.5,0.2,62.9,9.0
2025-26,Regular+Season,MIL,1610612749,Milwaukee Bucks,Thanasis Antetokounmpo,203648,5,0,5,4.5,0.6,0.4,66.7,1.0,60.0,0.0,60.0,9.3
2025-26,Regular+Season,CLE,1610612739,Cleveland Cavaliers,Thomas Bryant,1628418,22,11,11,11.5,2.5,0.9,37.0,4.5,54.5,0.5,61.4,4.3
2025-26,Regular+Season,CHA,1610612766,Charlotte Hornets,Tidjane Salaün,1642275,24,9,15,17.3,3.7,1.0,28.1,5.8,64.5,0.2,66.9,5.0
2025-26,Regular+Season,DEN,1610612743,Denver Nuggets,Tim Hardaway Jr.,203501,37,24,13,27.3,2.3,0.8,36.9,4.0,56.8,0.4,62.2,8.0
2025-26,Regular+Season,DET,1610612765,Detroit Pistons,Tobias Harris,202699,20,13,7,28.7,3.9,1.1,26.9,6.3,61.9,0.4,66.1,7.2
2025-26,Regular+Season,DET,1610612765,Detroit Pistons,Tolu Smith,1642449,5,3,2,10.9,3.6,0.6,16.7,4.8,75.0,0.4,81.8,4.5
2025-26,Regular+Season,IND,1610612754,Indiana Pacers,Tony Bradley,1628396,26,5,21,11.6,1.3,0.3,26.5,2.4,54.0,0.3,61.8,5.0
2025-26,Regular+Season,NYK,1610612752,New York Knicks,Tosan Evbuomwan,1641787,2,2,0,2.3,0.5,0.0,0.0,1.0,50.0,0.0,50.0,7.6
2025-26,Regular+Season,POR,1610612757,Portland Trail Blazers,Toumani Camara,1641739,41,19,22,33.8,3.4,0.7,20.3,6.4,52.3,0.6,58.0,7.6
2025-26,Regular+Season,WAS,1610612764,Washington Wizards,Trae Young,1629027,9,2,7,27.6,1.7,0.1,6.7,2.6,65.2,0.2,71.4,10.3
2025-26,Regular+Season,GSW,1610612744,Golden State Warriors,Trayce Jackson-Davis,1631218,23,12,11,14.1,2.7,0.8,31.1,4.8,55.5,0.9,67.8,5.2
2025-26,Regular+Season,WAS,1610612764,Washington Wizards,Tre Johnson,1642848,29,7,22,24.3,2.7,0.3,11.7,4.2,63.6,0.4,70.0,7.9
2025-26,Regular+Season,CHI,1610612741,Chicago Bulls,Tre Jones,1630200,32,15,17,26.8,2.3,0.3,10.7,3.8,61.5,0.3,67.0,9.2
2025-26,Regular+Season,CHA,1610612766,Charlotte Hornets,Tre Mann,1630544,24,9,15,18.8,2.0,0.4,21.3,3.7,52.8,0.5,60.3,5.8
2025-26,Regular+Season,PHI,1610612755,Philadelphia 76ers,Trendon Watford,1630570,15,7,8,18.5,3.5,0.7,20.8,5.1,69.7,0.4,75.7,6.8
2025-26,Regular+Season,CHI,1610612741,Chicago Bulls,Trentyn Flowers,1642280,1,0,1,4.4,0.0,0.0,0.0,0.0,0.0,0.0,0.0,0.0
2025-26,Regular+Season,NOP,1610612740,New Orleans Pelicans,Trey Alexander,1641725,2,0,2,16.4,2.0,0.0,0.0,4.0,50.0,1.0,66.7,4.4
2025-26,Regular+Season,NYK,1610612752,New York Knicks,Trey Jemison III,1641998,5,4,1,7.1,1.0,0.4,40.0,1.8,55.6,0.4,71.4,7.5
2025-26,Regular+Season,NOP,1610612740,New Orleans Pelicans,Trey Murphy III,1630530,38,9,29,35.6,5.0,1.3,25.8,8.2,60.7,0.7,66.4,5.8
2025-26,Regular+Season,WAS,1610612764,Washington Wizards,Tristan Vukcevic,1641774,23,5,18,13.5,2.3,0.5,22.6,4.4,52.5,0.7,62.4,5.2
2025-26,Regular+Season,ORL,1610612753,Orlando Magic,Tristan da Silva,1641783,33,18,15,23.2,2.9,1.0,34.0,5.0,58.8,0.6,66.4,6.9
2025-26,Regular+Season,MIA,1610612748,Miami Heat,Tyler Herro,1629639,8,3,5,31.6,4.8,0.4,7.9,7.8,61.3,0.5,65.5,7.4
2025-26,Regular+Season,NYK,1610612752,New York Knicks,Tyler Kolek,1642278,25,13,12,15.1,2.2,0.3,14.5,3.4,64.0,0.2,68.8,10.2
2025-26,Regular+Season,BKN,1610612751,Brooklyn Nets,Tyrese Martin,1631213,30,8,22,19.6,2.1,0.6,28.6,3.8,55.3,0.4,62.4,8.3
2025-26,Regular+Season,PHI,1610612755,Philadelphia 76ers,Tyrese Maxey,1630178,36,21,15,39.6,4.2,0.5,12.5,6.9,61.5,0.4,65.5,9.5
2025-26,Regular+Season,CLE,1610612739,Cleveland Cavaliers,Tyrese Proctor,1642878,17,10,7,13.7,1.7,0.3,17.2,2.5,67.4,0.1,70.7,11.8
2025-26,Regular+Season,ORL,1610612753,Orlando Magic,Tyus Jones,1626145,25,15,10,18.8,1.5,0.1,8.1,2.4,62.7,0.2,69.8,10.1
2025-26,Regular+Season,PHI,1610612755,Philadelphia 76ers,VJ Edgecombe,1642845,34,21,13,36.1,3.7,1.0,27.2,7.0,52.3,0.7,57.9,6.8
2025-26,Regular+Season,SAS,1610612759,San Antonio Spurs,Victor Wembanyama,1641705,26,17,9,29.0,9.1,2.8,30.9,13.7,66.3,1.2,72.8,5.1
2025-26,Regular+Season,MEM,1610612763,Memphis Grizzlies,Vince Williams Jr.,1631246,25,12,13,21.9,3.5,0.8,21.8,5.8,60.0,0.5,65.9,8.2
2025-26,Regular+Season,ATL,1610612737,Atlanta Hawks,Vít Krejčí,1630249,34,17,17,23.9,2.1,0.6,27.1,3.8,53.8,0.5,61.9,8.1
2025-26,Regular+Season,UTA,1610612762,Utah Jazz,Walker Kessler,1631117,5,2,3,30.8,6.2,1.4,22.6,12.4,50.0,2.0,59.6,4.4
2025-26,Regular+Season,UTA,1610612762,Utah Jazz,Walter Clayton Jr.,1642383,26,10,16,17.8,2.1,0.4,18.2,3.5,60.4,0.4,67.9,9.4
2025-26,Regular+Season,ORL,1610612753,Orlando Magic,Wendell Carter Jr.,1628976,38,21,17,30.3,5.3,2.0,38.1,9.9,53.7,1.4,62.5,5.1
2025-26,Regular+Season,DET,1610612765,Detroit Pistons,Wendell Moore Jr.,1631111,2,2,0,16.6,1.5,0.0,0.0,3.5,42.9,1.5,75.0,8.5
2025-26,Regular+Season,GSW,1610612744,Golden State Warriors,Will Richard,1642954,30,19,11,19.4,1.9,0.5,26.3,3.3,57.0,0.4,64.8,7.0
2025-26,Regular+Season,WAS,1610612764,Washington Wizards,Will Riley,1642860,26,8,18,14.3,1.4,0.2,11.1,2.3,60.0,0.2,64.3,8.4
2025-26,Regular+Season,BOS,1610612738,Boston Celtics,Xavier Tillman,1630214,7,4,3,12.4,2.0,0.4,21.4,2.7,73.7,0.0,73.7,8.8
2025-26,Regular+Season,POR,1610612757,Portland Trail Blazers,Yang Hansen,1642905,18,7,11,9.8,1.7,0.6,36.7,3.9,42.3,0.7,51.7,5.3
2025-26,Regular+Season,LAC,1610612746,Los Angeles Clippers,Yanic Konan Niederhäuser,1642949,18,8,10,8.8,1.3,0.4,30.4,3.4,37.1,0.3,40.4,4.2
2025-26,Regular+Season,NOP,1610612740,New Orleans Pelicans,Yves Missi,1642274,32,6,26,18.5,2.8,1.0,34.8,5.6,49.4,0.5,54.3,4.5
2025-26,Regular+Season,ATL,1610612737,Atlanta Hawks,Zaccharie Risacher,1642258,34,17,17,24.9,2.5,0.6,24.7,4.1,61.6,0.4,67.5,6.7
2025-26,Regular+Season,CHI,1610612741,Chicago Bulls,Zach Collins,1628380,10,6,4,18.4,4.0,1.5,37.5,6.8,58.8,0.9,67.8,4.9
2025-26,Regular+Season,MEM,1610612763,Memphis Grizzlies,Zach Edey,1641744,11,7,4,25.8,7.2,2.5,34.2,12.1,59.4,1.7,69.3,4.7
2025-26,Regular+Season,SAC,1610612758,Sacramento Kings,Zach LaVine,203897,28,7,21,32.7,2.8,0.5,19.0,4.9,57.2,0.5,64.2,7.0
2025-26,Regular+Season,DEN,1610612743,Denver Nuggets,Zeke Nnaji,1630192,19,15,4,15.0,2.5,0.4,17.0,3.7,66.2,0.3,72.3,5.3
2025-26,Regular+Season,BKN,1610612751,Brooklyn Nets,Ziaire Williams,1630533,26,8,18,22.8,2.0,0.3,17.0,3.2,63.1,0.1,65.4,7.2
2025-26,Regular+Season,NOP,1610612740,New Orleans Pelicans,Zion Williamson,1629627,25,6,19,29.2,3.5,1.3,37.5,6.2,57.1,0.7,64.2,6.0
