SEASON,SEASON_TYPE,TEAM_ABB,TEAM_NAME,GP,W,L,W_PCT,MIN,EFG_PCT,FTA_RATE,TM_TOV_PCT,OREB_PCT,OPP_EFG_PCT,OPP_FTA_RATE,OPP_TOV_PCT,OPP_OREB_PCT
2015-16,Pre+Season,CHA,Charlotte Hornets,5,5,0,1.000,14,51.9,0.692,3.0,-,28.1,0.125,3.3,29.2
2015-16,Pre+Season,Istanbul Fenerbahce Sports Club,Istanbul Fenerbahce Sports Club,1,1,0,1.000,4,33.3,0.333,12.5,-,16.7,0.333,14.3,-
2015-16,Pre+Season,LAC,LA Clippers,2,2,0,1.000,8,62.5,0.188,11.1,25.0,31.8,0.364,26.7,-
2015-16,Pre+Season,MEM,Memphis Grizzlies,4,4,0,1.000,15,52.0,0.480,12.9,-,40.5,0.286,15.4,21.4
2015-16,Pre+Season,MIN,Minnesota Timberwolves,2,2,0,1.000,7,85.7,1.714,18.8,-,35.7,1.143,30.8,-
2015-16,Pre+Season,OKC,Oklahoma City Thunder,1,1,0,1.000,0,100,0.000,0.0,-,0.0,0.000,0.0,-
2015-16,Pre+Season,SAC,Sacramento Kings,5,4,1,.800,22,43.9,0.390,10.0,32.1,31.8,0.182,14.3,37.5
2015-16,Pre+Season,ATL,Atlanta Hawks,4,3,1,.750,9,73.5,0.294,18.2,-,35.7,0.429,17.6,-
2015-16,Pre+Season,IND,Indiana Pacers,4,3,1,.750,15,50.0,0.875,2.9,21.4,27.3,0.303,9.7,38.5
2015-16,Pre+Season,TOR,Toronto Raptors,4,3,1,.750,8,64.3,0.571,25.0,-,50.0,2.000,21.4,-
2015-16,Pre+Season,BOS,Boston Celtics,3,2,1,.667,5,58.3,0.167,27.3,-,45.0,0.000,12.5,-
2015-16,Pre+Season,NYK,New York Knicks,3,2,1,.667,11,47.6,0.286,12.5,-,56.3,0.688,20.8,-
2015-16,Pre+Season,ORL,Orlando Magic,6,4,2,.667,37,40.7,0.247,11.8,44.6,44.3,0.475,11.5,28.2
2015-16,Pre+Season,NOP,New Orleans Pelicans,6,3,3,.500,17,35.4,0.833,14.7,27.8,47.1,0.235,13.5,45.5
2015-16,Pre+Season,PHX,Phoenix Suns,2,1,1,.500,11,36.1,0.444,29.2,-,34.5,0.586,3.0,-
2015-16,Pre+Season,WAS,Washington Wizards,4,2,2,.500,12,45.2,0.333,8.0,-,38.9,0.611,19.2,-
2015-16,Pre+Season,MIA,Miami Heat,7,3,4,.429,35,39.4,0.530,11.5,41.3,43.8,0.453,12.8,28.3
2015-16,Pre+Season,PHI,Philadelphia 76ers,5,2,3,.400,12,52.8,1.000,10.7,33.3,44.4,1.000,18.8,-
2015-16,Pre+Season,UTA,Utah Jazz,5,2,3,.400,21,29.7,0.514,8.9,23.3,51.3,0.410,10.4,28.6
2015-16,Pre+Season,CHI,Chicago Bulls,3,1,2,.333,8,67.9,0.000,11.8,-,33.3,0.167,5.9,-
2015-16,Pre+Season,POR,Portland Trail Blazers,6,2,4,.333,29,49.2,0.148,15.4,38.2,52.9,0.442,16.2,28.1
2015-16,Pre+Season,SAS,San Antonio Spurs,3,1,2,.333,13,34.4,0.500,30.8,-,31.5,0.296,14.8,47.4
2015-16,Pre+Season,HOU,Houston Rockets,4,1,3,.250,21,43.6,0.489,7.3,33.3,44.4,0.528,27.1,-
2015-16,Pre+Season,LAL,Los Angeles Lakers,4,1,3,.250,13,43.2,0.818,9.7,21.4,50.0,0.625,6.5,-
2015-16,Pre+Season,BKN,Brooklyn Nets,5,1,4,.200,13,20.6,1.059,11.1,-,48.0,0.560,9.7,-
2015-16,Pre+Season,CLE,Cleveland Cavaliers,5,1,4,.200,10,46.9,0.438,17.4,-,75.0,0.400,11.1,-
2015-16,Pre+Season,DAL,Dallas Mavericks,3,0,3,.000,9,28.1,0.313,19.0,-,61.4,0.182,12.5,-
2015-16,Pre+Season,DEN,Denver Nuggets,1,0,1,.000,4,16.7,0.333,28.6,-,30.0,0.300,0.0,-
2015-16,Pre+Season,DET,Detroit Pistons,4,0,4,.000,18,25.6,0.146,12.8,-,40.0,1.160,9.5,-
2015-16,Pre+Season,Haifa Maccabi Haifa,Haifa Maccabi Haifa,1,0,1,.000,2,0.0,2.000,33.3,-,80.0,0.400,0.0,-
2015-16,Pre+Season,MIL,Milwaukee Bucks,2,0,2,.000,6,11.1,0.444,25.0,22.2,54.2,0.750,0.0,-
2015-16,Regular+Season,GSW,Golden State Warriors,34,30,4,.882,144,54.1,0.494,12.8,34.0,34.5,0.422,12.8,30.2
2015-16,Regular+Season,SAS,San Antonio Spurs,30,21,9,.700,106,49.2,0.432,11.6,38.4,44.1,0.401,13.9,25.7
2015-16,Regular+Season,TOR,Toronto Raptors,51,32,19,.627,166,46.9,0.611,10.2,33.3,42.2,0.681,12.4,27.9
2015-16,Regular+Season,DET,Detroit Pistons,42,25,17,.595,172,47.0,0.664,10.8,33.5,42.3,0.411,13.5,33.5
2015-16,Regular+Season,LAC,LA Clippers,42,25,17,.595,166,52.7,0.708,10.0,25.6,44.5,0.558,12.5,39.5
2015-16,Regular+Season,MEM,Memphis Grizzlies,44,26,18,.591,170,45.4,0.577,11.4,36.6,43.7,0.502,16.0,30.5
2015-16,Regular+Season,CHI,Chicago Bulls,46,27,19,.587,212,43.3,0.505,14.5,29.1,42.3,0.421,8.2,38.2
2015-16,Regular+Season,MIA,Miami Heat,43,25,18,.581,178,49.2,0.538,8.4,31.7,44.0,0.472,12.8,27.6
2015-16,Regular+Season,CLE,Cleveland Cavaliers,33,19,14,.576,142,44.6,0.591,11.6,32.3,45.0,0.458,13.0,29.4
2015-16,Regular+Season,HOU,Houston Rockets,49,28,21,.571,196,48.0,0.670,11.3,28.8,43.1,0.481,13.1,29.3
2015-16,Regular+Season,IND,Indiana Pacers,53,30,23,.566,215,44.8,0.515,11.2,31.8,48.0,0.472,15.8,32.6
2015-16,Regular+Season,POR,Portland Trail Blazers,42,23,19,.548,139,45.7,0.512,7.6,31.3,51.2,0.467,12.8,30.6
2015-16,Regular+Season,ATL,Atlanta Hawks,44,24,20,.545,166,45.3,0.445,9.3,28.1,43.9,0.481,12.2,34.1
2015-16,Regular+Season,BOS,Boston Celtics,46,25,21,.543,158,49.8,0.495,10.8,29.4,45.8,0.624,11.4,31.5
2015-16,Regular+Season,CHA,Charlotte Hornets,42,22,20,.524,155,45.4,0.475,10.0,38.2,40.9,0.396,12.1,31.7
2015-16,Regular+Season,DAL,Dallas Mavericks,49,25,24,.510,226,52.8,0.387,7.8,20.5,45.7,0.383,13.3,32.8
2015-16,Regular+Season,MIL,Milwaukee Bucks,40,20,20,.500,161,48.3,0.645,15.5,27.5,47.0,0.496,13.1,27.5
2015-16,Regular+Season,OKC,Oklahoma City Thunder,44,22,22,.500,172,44.5,0.406,12.1,36.3,48.2,0.525,9.9,33.9
2015-16,Regular+Season,DEN,Denver Nuggets,52,25,27,.481,194,40.9,0.483,11.8,27.7,42.7,0.467,10.6,27.6
2015-16,Regular+Season,WAS,Washington Wizards,34,16,18,.471,130,44.8,0.502,12.4,30.5,49.1,0.527,14.6,28.9
2015-16,Regular+Season,ORL,Orlando Magic,44,19,25,.432,198,42.5,0.326,13.9,31.1,40.8,0.548,10.7,30.0
2015-16,Regular+Season,SAC,Sacramento Kings,43,18,25,.419,150,44.0,0.477,15.5,31.8,48.6,0.570,12.7,33.5
2015-16,Regular+Season,MIN,Minnesota Timberwolves,50,20,30,.400,207,41.8,0.600,14.1,36.3,46.3,0.478,10.9,30.5
2015-16,Regular+Season,NOP,New Orleans Pelicans,46,18,28,.391,172,49.8,0.574,15.0,26.3,51.6,0.606,10.8,30.8
2015-16,Regular+Season,BKN,Brooklyn Nets,41,15,26,.366,141,43.6,0.498,14.6,32.5,51.3,0.498,10.6,26.6
2015-16,Regular+Season,NYK,New York Knicks,41,15,26,.366,165,44.6,0.437,13.8,31.6,48.8,0.587,8.4,29.6
2015-16,Regular+Season,LAL,Los Angeles Lakers,33,11,22,.333,115,48.0,0.478,10.0,34.4,51.0,0.561,9.7,31.9
2015-16,Regular+Season,UTA,Utah Jazz,42,14,28,.333,204,46.3,0.459,12.9,35.9,53.6,0.529,10.9,36.0
2015-16,Regular+Season,PHX,Phoenix Suns,39,12,27,.308,126,39.8,0.414,16.1,35.3,56.5,0.673,13.6,33.1
2015-16,Regular+Season,PHI,Philadelphia 76ers,35,5,30,.143,133,39.4,0.373,16.0,27.1,51.7,0.703,10.1,32.6
2015-16,Playoffs,HOU,Houston Rockets,1,1,0,1.000,4,58.3,0.667,10.0,-,43.8,0.125,12.5,-
2015-16,Playoffs,CLE,Cleveland Cavaliers,8,7,1,.875,29,44.3,0.189,16.3,47.1,36.5,0.351,6.7,18.5
2015-16,Playoffs,BOS,Boston Celtics,3,2,1,.667,18,45.0,0.400,15.0,-,31.7,0.400,15.8,21.7
2015-16,Playoffs,CHA,Charlotte Hornets,3,2,1,.667,11,47.2,0.222,14.3,-,47.1,0.294,15.0,36.4
2015-16,Playoffs,GSW,Golden State Warriors,9,6,3,.667,36,54.3,0.174,9.5,31.6,33.6,0.509,15.7,24.4
2015-16,Playoffs,TOR,Toronto Raptors,9,6,3,.667,46,43.4,0.691,11.2,33.3,44.5,0.484,14.3,22.0
2015-16,Playoffs,DAL,Dallas Mavericks,2,1,1,.500,6,50.0,0.200,10.0,-,25.0,0.071,18.2,-
2015-16,Playoffs,OKC,Oklahoma City Thunder,10,5,5,.500,32,38.0,0.420,24.2,42.4,45.6,0.526,4.5,34.3
2015-16,Playoffs,POR,Portland Trail Blazers,5,2,3,.400,25,42.7,0.561,13.7,29.6,57.6,0.326,11.5,38.5
2015-16,Playoffs,SAS,San Antonio Spurs,5,2,3,.400,18,37.5,0.750,2.6,36.4,53.7,0.370,23.5,-
2015-16,Playoffs,MIA,Miami Heat,8,3,5,.375,44,45.4,0.492,12.0,24.4,43.1,0.458,12.5,31.4
2015-16,Playoffs,IND,Indiana Pacers,3,1,2,.333,8,56.3,0.500,30.8,-,44.4,1.111,7.1,-
2015-16,Playoffs,ATL,Atlanta Hawks,6,1,5,.167,26,36.9,0.286,13.5,17.2,45.9,0.306,16.4,-
2015-16,Playoffs,DET,Detroit Pistons,3,0,3,.000,11,35.0,0.500,7.1,14.3,52.9,0.294,23.5,-
2015-16,Playoffs,LAC,LA Clippers,2,0,2,.000,8,30.8,0.692,6.7,36.4,53.6,0.786,10.5,33.3
2015-16,Playoffs,MEM,Memphis Grizzlies,1,0,1,.000,2,25.0,0.000,0.0,-,50.0,0.333,0.0,-
2016-17,Pre+Season,Madrid Real Madrid,Madrid Real Madrid,1,1,0,1.000,9,83.3,0.333,16.7,-,62.5,0.313,10.5,22.2
2016-17,Pre+Season,MEM,Memphis Grizzlies,2,2,0,1.000,18,50.0,0.441,5.1,28.6,50.0,0.500,21.1,31.6
2016-17,Pre+Season,MIL,Milwaukee Bucks,2,2,0,1.000,6,27.8,0.444,8.3,-,40.0,1.600,36.4,-
2016-17,Pre+Season,MIN,Minnesota Timberwolves,1,1,0,1.000,4,33.3,0.000,62.5,-,12.5,0.000,14.3,-
2016-17,Pre+Season,POR,Portland Trail Blazers,5,4,1,.800,24,56.6,0.342,12.0,13.6,21.4,0.357,8.3,20.0
2016-17,Pre+Season,GSW,Golden State Warriors,4,3,1,.750,14,66.7,0.519,6.3,31.3,46.2,0.538,23.5,47.1
2016-17,Pre+Season,LAC,LA Clippers,4,3,1,.750,15,47.5,0.900,17.6,-,55.6,0.593,12.5,-
2016-17,Pre+Season,ATL,Atlanta Hawks,3,2,1,.667,10,52.9,0.529,12.5,-,27.8,0.500,9.5,26.7
2016-17,Pre+Season,BOS,Boston Celtics,3,2,1,.667,11,50.0,0.316,12.0,18.2,30.6,0.444,20.8,20.0
2016-17,Pre+Season,CHA,Charlotte Hornets,3,2,1,.667,16,35.3,0.353,8.6,-,41.4,0.138,22.9,-
2016-17,Pre+Season,DAL,Dallas Mavericks,3,2,1,.667,9,50.0,0.412,15.0,-,35.0,0.350,8.7,-
2016-17,Pre+Season,NYK,New York Knicks,3,2,1,.667,7,46.9,0.125,17.6,-,60.0,0.500,23.5,-
2016-17,Pre+Season,PHX,Phoenix Suns,6,4,2,.667,13,35.4,0.500,9.1,-,50.0,0.650,6.9,-
2016-17,Pre+Season,SAS,San Antonio Spurs,3,2,1,.667,7,46.2,0.154,22.2,11.1,22.2,0.444,31.3,-
2016-17,Pre+Season,DEN,Denver Nuggets,4,2,2,.500,16,50.0,0.371,8.3,40.0,48.5,0.412,11.8,50.0
2016-17,Pre+Season,HOU,Houston Rockets,2,1,1,.500,19,48.4,0.355,23.1,36.8,40.3,0.472,10.0,36.0
2016-17,Pre+Season,PHI,Philadelphia 76ers,4,2,2,.500,24,43.1,0.472,20.8,18.2,42.2,0.511,14.3,37.9
2016-17,Pre+Season,WAS,Washington Wizards,4,2,2,.500,18,51.4,0.600,14.9,50.0,42.6,0.667,21.4,-
2016-17,Pre+Season,ORL,Orlando Magic,5,2,3,.400,19,44.3,0.429,19.0,-,37.5,0.389,14.9,28.0
2016-17,Pre+Season,UTA,Utah Jazz,5,2,3,.400,10,35.7,1.357,8.7,50.0,80.0,0.467,22.7,-
2016-17,Pre+Season,BKN,Brooklyn Nets,3,1,2,.333,7,23.1,0.538,5.9,-,53.8,0.308,11.1,-
2016-17,Pre+Season,CLE,Cleveland Cavaliers,3,1,2,.333,10,36.1,0.278,14.3,15.4,38.9,0.667,8.0,-
2016-17,Pre+Season,DET,Detroit Pistons,3,1,2,.333,7,33.3,0.417,7.1,22.2,45.8,0.000,26.7,-
2016-17,Pre+Season,IND,Indiana Pacers,3,1,2,.333,4,50.0,0.000,28.6,-,50.0,0.000,25.0,-
2016-17,Pre+Season,OKC,Oklahoma City Thunder,3,1,2,.333,19,50.0,0.316,14.3,41.7,60.6,0.424,15.0,-
2016-17,Pre+Season,SAC,Sacramento Kings,3,1,2,.333,5,58.3,2.000,29.4,-,60.7,0.500,0.0,-
2016-17,Pre+Season,TOR,Toronto Raptors,3,1,2,.333,12,36.2,0.207,22.2,59.1,52.8,0.889,14.3,-
2016-17,Pre+Season,LAL,Los Angeles Lakers,5,1,4,.200,21,27.8,0.444,9.5,25.0,35.1,0.324,7.0,22.2
2016-17,Pre+Season,Barcelona FC Barcelona Lassa,Barcelona FC Barcelona Lassa,1,0,1,.000,5,31.3,0.250,20.0,-,62.5,0.375,30.0,-
2016-17,Pre+Season,CHI,Chicago Bulls,3,0,3,.000,16,34.1,0.545,25.0,23.5,27.4,0.452,9.1,44.0
2016-17,Pre+Season,MIA,Miami Heat,3,0,3,.000,12,25.0,0.273,23.1,29.4,55.6,0.222,31.0,-
2016-17,Pre+Season,NOP,New Orleans Pelicans,2,0,2,.000,12,17.4,0.391,25.9,-,50.0,0.240,15.4,-
2016-17,Regular+Season,SAS,San Antonio Spurs,43,29,14,.674,163,50.2,0.557,11.5,31.8,44.2,0.421,17.1,30.7
2016-17,Regular+Season,BOS,Boston Celtics,49,32,17,.653,187,52.0,0.581,10.8,36.1,47.4,0.570,12.6,30.9
2016-17,Regular+Season,GSW,Golden State Warriors,25,16,9,.640,100,47.8,0.400,12.6,37.5,48.4,0.439,17.1,32.7
2016-17,Regular+Season,CLE,Cleveland Cavaliers,36,23,13,.639,139,54.9,0.486,11.3,30.4,48.9,0.444,10.4,25.5
2016-17,Regular+Season,OKC,Oklahoma City Thunder,42,26,16,.619,154,50.3,0.432,10.3,37.0,42.0,0.539,15.4,30.3
2016-17,Regular+Season,UTA,Utah Jazz,45,27,18,.600,143,56.5,0.516,12.3,29.6,46.5,0.404,10.8,27.3
2016-17,Regular+Season,ATL,Atlanta Hawks,44,26,18,.591,174,50.9,0.576,12.5,30.0,45.3,0.307,12.2,31.7
2016-17,Regular+Season,LAC,LA Clippers,34,20,14,.588,116,45.5,0.632,12.2,32.9,49.4,0.604,16.0,25.7
2016-17,Regular+Season,WAS,Washington Wizards,55,32,23,.582,210,52.0,0.542,10.0,34.0,46.9,0.400,12.8,32.8
2016-17,Regular+Season,IND,Indiana Pacers,38,22,16,.579,164,46.2,0.464,10.4,24.8,46.7,0.376,12.9,37.3
2016-17,Regular+Season,HOU,Houston Rockets,41,23,18,.561,135,48.8,0.630,14.1,28.5,49.4,0.447,11.7,32.3
2016-17,Regular+Season,CHI,Chicago Bulls,42,23,19,.548,159,43.1,0.405,8.1,32.6,45.1,0.455,13.3,31.5
2016-17,Regular+Season,MIL,Milwaukee Bucks,39,21,18,.538,149,43.0,0.421,14.7,23.5,43.3,0.444,11.9,38.3
2016-17,Regular+Season,MEM,Memphis Grizzlies,46,24,22,.522,190,48.4,0.424,13.4,34.0,44.7,0.562,15.1,27.9
2016-17,Regular+Season,TOR,Toronto Raptors,49,25,24,.510,175,49.8,0.377,9.6,34.2,43.7,0.461,12.5,25.0
2016-17,Regular+Season,SAC,Sacramento Kings,49,24,25,.490,210,46.3,0.491,14.6,29.6,47.1,0.556,11.9,34.7
2016-17,Regular+Season,POR,Portland Trail Blazers,47,23,24,.489,233,48.0,0.486,14.2,32.8,45.7,0.363,9.9,30.1
2016-17,Regular+Season,MIA,Miami Heat,44,21,23,.477,165,45.1,0.359,15.2,33.5,47.5,0.527,12.5,29.2
2016-17,Regular+Season,PHI,Philadelphia 76ers,44,21,23,.477,170,47.0,0.526,19.7,34.7,47.0,0.518,9.0,28.9
2016-17,Regular+Season,DAL,Dallas Mavericks,41,19,22,.463,149,51.7,0.424,13.0,17.9,55.6,0.364,16.9,32.6
2016-17,Regular+Season,ORL,Orlando Magic,39,18,21,.462,151,44.2,0.442,9.7,28.8,50.9,0.419,9.6,29.6
2016-17,Regular+Season,NYK,New York Knicks,43,19,24,.442,176,49.0,0.300,12.0,37.2,44.1,0.482,8.5,38.2
2016-17,Regular+Season,CHA,Charlotte Hornets,51,22,29,.431,185,52.9,0.381,10.2,32.6,55.6,0.347,8.2,31.8
2016-17,Regular+Season,DET,Detroit Pistons,37,15,22,.405,145,46.5,0.292,10.6,34.1,51.6,0.453,11.3,34.2
2016-17,Regular+Season,DEN,Denver Nuggets,40,16,24,.400,127,40.7,0.523,11.7,31.3,50.2,0.628,10.7,23.1
2016-17,Regular+Season,NOP,New Orleans Pelicans,44,17,27,.386,184,41.1,0.481,12.5,29.0,44.0,0.390,15.3,33.3
2016-17,Regular+Season,PHX,Phoenix Suns,50,17,33,.340,180,46.0,0.480,12.1,32.8,53.9,0.553,10.6,35.0
2016-17,Regular+Season,MIN,Minnesota Timberwolves,45,15,30,.333,171,43.3,0.426,14.5,34.4,49.6,0.516,12.6,31.2
2016-17,Regular+Season,LAL,Los Angeles Lakers,43,14,29,.326,128,47.6,0.493,10.2,28.3,53.6,0.481,10.2,34.6
2016-17,Regular+Season,BKN,Brooklyn Nets,41,13,28,.317,140,45.7,0.362,12.5,28.7,51.4,0.520,12.3,38.6
2016-17,Playoffs,CHI,Chicago Bulls,1,1,0,1.000,4,62.5,1.250,33.3,-,20.0,0.400,25.0,-
2016-17,Playoffs,GSW,Golden State Warriors,4,4,0,1.000,13,76.9,0.385,6.9,-,21.4,0.810,7.4,33.3
2016-17,Playoffs,TOR,Toronto Raptors,4,3,1,.750,11,56.7,0.667,4.5,-,52.6,0.368,14.3,-
2016-17,Playoffs,CLE,Cleveland Cavaliers,7,5,2,.714,27,38.6,0.591,12.7,34.3,48.7,0.237,15.2,25.0
2016-17,Playoffs,WAS,Washington Wizards,7,5,2,.714,23,54.8,0.286,6.7,34.8,44.4,0.111,11.6,33.3
2016-17,Playoffs,HOU,Houston Rockets,5,3,2,.600,23,59.1,0.758,17.6,27.8,43.6,0.821,12.5,45.5
2016-17,Playoffs,SAS,San Antonio Spurs,5,3,2,.600,30,51.8,0.400,7.0,50.0,59.7,0.583,26.8,26.3
2016-17,Playoffs,BOS,Boston Celtics,4,2,2,.500,23,47.7,0.233,9.5,38.5,52.7,0.324,18.2,45.5
2016-17,Playoffs,UTA,Utah Jazz,6,3,3,.500,20,63.2,0.588,8.9,29.4,55.4,0.857,5.0,29.4
2016-17,Playoffs,LAC,LA Clippers,5,2,3,.400,18,47.9,1.000,5.6,-,67.2,0.469,9.8,33.3
2016-17,Playoffs,MEM,Memphis Grizzlies,3,1,2,.333,14,60.7,1.214,25.0,-,66.1,0.179,7.1,50.0
2016-17,Playoffs,OKC,Oklahoma City Thunder,4,1,3,.250,13,45.5,1.045,13.3,42.9,63.6,1.045,9.1,36.4
2016-17,Playoffs,ATL,Atlanta Hawks,5,1,4,.200,9,40.6,0.000,17.6,-,61.8,0.412,0.0,-
2016-17,Playoffs,IND,Indiana Pacers,4,0,4,.000,17,37.0,0.087,24.1,25.0,40.7,0.704,11.4,31.8
2016-17,Playoffs,MIL,Milwaukee Bucks,3,0,3,.000,10,52.6,0.211,15.8,-,60.7,0.714,4.8,-
2016-17,Playoffs,POR,Portland Trail Blazers,1,0,1,.000,2,0.0,0.000,33.3,-,75.0,0.667,0.0,-
2017-18,Pre+Season,BOS,Boston Celtics,2,2,0,1.000,5,50.0,0.091,18.2,57.1,33.3,0.333,25.0,33.3
2017-18,Pre+Season,BKN,Brooklyn Nets,1,1,0,1.000,2,30.0,0.200,0.0,25.0,0.0,0.000,33.3,0.0
2017-18,Pre+Season,CHI,Chicago Bulls,1,1,0,1.000,5,61.1,0.222,7.7,0.0,45.5,0.182,0.0,0.0
2017-18,Pre+Season,DAL,Dallas Mavericks,2,2,0,1.000,7,34.6,0.615,18.8,44.4,56.3,0.000,6.3,28.6
2017-18,Pre+Season,DEN,Denver Nuggets,2,2,0,1.000,1,50.0,0.500,33.3,0.0,0.0,0.000,0.0,0.0
2017-18,Pre+Season,MEM,Memphis Grizzlies,1,1,0,1.000,1,33.3,0.000,0.0,50.0,0.0,0.000,0.0,0.0
2017-18,Pre+Season,MIN,Minnesota Timberwolves,1,1,0,1.000,3,87.5,0.000,20.0,0.0,16.7,0.333,0.0,42.9
2017-18,Pre+Season,OKC,Oklahoma City Thunder,1,1,0,1.000,5,28.6,0.286,0.0,16.7,17.9,0.000,14.3,75.0
2017-18,Pre+Season,UTA,Utah Jazz,2,2,0,1.000,5,54.2,0.333,0.0,50.0,33.3,0.000,33.3,0.0
2017-18,Pre+Season,MIA,Miami Heat,3,2,1,.667,14,57.7,0.423,13.9,13.3,41.9,0.258,28.2,55.0
2017-18,Pre+Season,WAS,Washington Wizards,3,2,1,.667,8,39.5,0.316,16.7,46.2,67.9,0.357,15.0,14.3
2017-18,Pre+Season,IND,Indiana Pacers,2,1,1,.500,8,50.0,0.400,23.5,0.0,38.5,0.538,11.1,0.0
2017-18,Pre+Season,LAL,Los Angeles Lakers,4,2,2,.500,14,45.7,0.348,26.7,11.1,38.5,0.231,14.3,23.1
2017-18,Pre+Season,MIL,Milwaukee Bucks,2,1,1,.500,8,50.0,0.400,14.3,25.0,47.1,0.294,23.8,50.0
2017-18,Pre+Season,ORL,Orlando Magic,4,2,2,.500,11,64.3,0.238,22.6,22.2,16.7,0.619,14.3,22.2
2017-18,Pre+Season,PHX,Phoenix Suns,2,1,1,.500,5,77.8,1.000,0.0,33.3,43.8,1.125,9.1,33.3
2017-18,Pre+Season,POR,Portland Trail Blazers,2,1,1,.500,5,25.0,0.900,7.7,22.2,63.6,0.818,6.3,33.3
2017-18,Pre+Season,SAS,San Antonio Spurs,2,1,1,.500,6,27.8,0.333,28.6,25.0,50.0,0.083,20.0,16.7
2017-18,Pre+Season,CHA,Charlotte Hornets,3,1,2,.333,15,35.0,0.233,23.5,36.8,48.1,0.222,18.9,25.0
2017-18,Pre+Season,DET,Detroit Pistons,3,1,2,.333,12,50.0,0.217,18.8,33.3,36.1,0.667,23.3,15.4
2017-18,Pre+Season,GSW,Golden State Warriors,3,1,2,.333,4,25.0,0.250,0.0,42.9,87.5,0.250,16.7,0.0
2017-18,Pre+Season,CLE,Cleveland Cavaliers,1,0,1,.000,5,0.0,0.857,18.2,0.0,71.4,0.286,18.2,0.0
2017-18,Pre+Season,HOU,Houston Rockets,1,0,1,.000,1,0.0,0.000,50.0,0.0,33.3,0.000,33.3,50.0
2017-18,Pre+Season,LAC,LA Clippers,1,0,1,.000,4,28.6,0.286,22.2,0.0,57.1,0.857,36.4,0.0
2017-18,Pre+Season,Melbourne United,Melbourne United,1,0,1,.000,5,17.9,0.000,14.3,75.0,28.6,0.286,0.0,16.7
2017-18,Pre+Season,NOP,New Orleans Pelicans,1,0,1,.000,5,45.5,0.182,0.0,0.0,61.1,0.222,7.7,0.0
2017-18,Pre+Season,NYK,New York Knicks,3,0,3,.000,5,12.5,0.250,11.1,14.3,40.0,0.400,7.1,14.3
2017-18,Pre+Season,PHI,Philadelphia 76ers,1,0,1,.000,1,0.0,0.000,0.0,0.0,33.3,0.000,0.0,100
2017-18,Pre+Season,SAC,Sacramento Kings,2,0,2,.000,5,25.0,0.000,14.3,0.0,50.0,0.182,10.0,25.0
2017-18,Pre+Season,TOR,Toronto Raptors,1,0,1,.000,1,0.0,0.000,33.3,0.0,0.0,0.000,0.0,0.0
2017-18,Regular+Season,HOU,Houston Rockets,35,25,10,.714,107,53.6,0.674,8.3,32.2,49.4,0.512,13.5,27.3
2017-18,Regular+Season,CLE,Cleveland Cavaliers,45,30,15,.667,154,52.0,0.518,9.2,33.3,47.1,0.376,10.3,23.6
2017-18,Regular+Season,GSW,Golden State Warriors,29,19,10,.655,110,56.1,0.506,13.4,21.2,43.4,0.534,10.1,33.3
2017-18,Regular+Season,BOS,Boston Celtics,46,29,17,.630,180,55.6,0.357,12.5,24.4,47.1,0.434,11.2,34.8
2017-18,Regular+Season,NOP,New Orleans Pelicans,50,30,20,.600,226,52.7,0.380,10.5,26.9,45.5,0.340,14.0,29.2
2017-18,Regular+Season,IND,Indiana Pacers,44,26,18,.591,155,48.0,0.482,12.5,39.1,45.2,0.421,16.2,32.3
2017-18,Regular+Season,PHI,Philadelphia 76ers,45,26,19,.578,148,56.6,0.740,16.2,30.6,42.9,0.496,12.4,30.4
2017-18,Regular+Season,TOR,Toronto Raptors,44,25,19,.568,161,47.3,0.563,13.0,29.5,50.2,0.446,14.3,29.0
2017-18,Regular+Season,POR,Portland Trail Blazers,45,25,20,.556,177,47.3,0.480,12.2,26.7,46.3,0.401,13.3,32.3
2017-18,Regular+Season,MIL,Milwaukee Bucks,47,26,21,.553,179,50.0,0.490,12.8,25.3,45.6,0.474,14.7,31.6
2017-18,Regular+Season,UTA,Utah Jazz,29,16,13,.552,108,49.0,0.482,12.8,28.2,46.0,0.484,13.2,33.6
2017-18,Regular+Season,MIA,Miami Heat,53,29,24,.547,229,54.3,0.409,15.0,31.6,44.7,0.398,12.3,33.8
2017-18,Regular+Season,SAS,San Antonio Spurs,37,20,17,.541,139,47.4,0.545,13.2,29.7,50.0,0.408,12.2,30.8
2017-18,Regular+Season,MIN,Minnesota Timberwolves,42,22,20,.524,178,47.6,0.503,12.5,36.5,49.3,0.484,9.5,31.4
2017-18,Regular+Season,SAC,Sacramento Kings,42,22,20,.524,153,48.4,0.394,9.7,32.8,44.4,0.558,14.9,29.7
2017-18,Regular+Season,OKC,Oklahoma City Thunder,46,24,22,.522,188,46.4,0.382,10.7,40.0,51.6,0.445,12.1,27.4
2017-18,Regular+Season,CHI,Chicago Bulls,41,21,20,.512,180,46.5,0.400,13.6,25.3,44.4,0.438,9.4,28.4
2017-18,Regular+Season,LAC,LA Clippers,41,21,20,.512,130,48.2,0.523,10.2,30.1,57.0,0.502,13.5,34.1
2017-18,Regular+Season,DEN,Denver Nuggets,43,22,21,.512,181,47.8,0.498,17.2,35.8,47.2,0.514,12.2,25.8
2017-18,Regular+Season,LAL,Los Angeles Lakers,42,20,22,.476,184,48.4,0.461,11.5,26.2,45.7,0.451,9.0,31.1
2017-18,Regular+Season,WAS,Washington Wizards,45,21,24,.467,186,42.3,0.462,10.0,29.8,49.7,0.497,15.7,29.4
2017-18,Regular+Season,DET,Detroit Pistons,41,19,22,.463,148,45.1,0.327,13.8,35.4,47.5,0.414,10.9,33.3
2017-18,Regular+Season,PHX,Phoenix Suns,38,16,22,.421,112,43.6,0.586,16.7,35.2,48.4,0.422,10.8,34.6
2017-18,Regular+Season,CHA,Charlotte Hornets,41,16,25,.390,153,41.8,0.513,9.9,28.3,49.8,0.454,16.5,20.1
2017-18,Regular+Season,ATL,Atlanta Hawks,44,17,27,.386,151,46.9,0.460,10.8,29.0,53.3,0.575,13.1,33.5
2017-18,Regular+Season,BKN,Brooklyn Nets,50,19,31,.380,197,44.2,0.425,15.6,36.9,48.8,0.524,11.1,30.1
2017-18,Regular+Season,NYK,New York Knicks,35,12,23,.343,141,43.1,0.381,10.9,30.8,46.5,0.473,11.7,34.4
2017-18,Regular+Season,ORL,Orlando Magic,41,14,27,.341,127,49.2,0.421,17.3,29.3,50.0,0.458,11.4,30.5
2017-18,Regular+Season,MEM,Memphis Grizzlies,41,12,29,.293,149,36.9,0.471,11.1,29.9,47.3,0.600,17.2,28.1
2017-18,Regular+Season,DAL,Dallas Mavericks,50,12,38,.240,171,43.6,0.332,15.3,23.4,57.0,0.498,11.9,34.2
2017-18,Playoffs,HOU,Houston Rockets,4,4,0,1.000,13,43.5,0.435,10.7,25.0,28.6,0.429,19.2,38.9
2017-18,Playoffs,NOP,New Orleans Pelicans,4,3,1,.750,11,60.9,0.522,8.0,53.8,55.9,0.294,14.3,33.3
2017-18,Playoffs,CLE,Cleveland Cavaliers,10,7,3,.700,41,46.4,0.500,8.6,39.1,38.8,0.343,11.4,38.0
2017-18,Playoffs,BOS,Boston Celtics,8,5,3,.625,39,51.6,0.806,8.1,35.1,50.7,0.338,12.3,30.0
2017-18,Playoffs,GSW,Golden State Warriors,7,4,3,.571,22,54.4,0.441,11.4,25.0,38.9,0.500,12.8,44.4
2017-18,Playoffs,MIA,Miami Heat,2,1,1,.500,5,44.4,0.556,0.0,37.5,36.4,0.455,16.7,66.7
2017-18,Playoffs,MIL,Milwaukee Bucks,4,2,2,.500,16,58.6,0.448,8.1,23.5,58.3,1.083,13.2,42.9
2017-18,Playoffs,SAS,San Antonio Spurs,2,1,1,.500,2,100,1.000,20.0,100,40.0,0.600,0.0,0.0
2017-18,Playoffs,UTA,Utah Jazz,4,2,2,.500,12,50.0,0.625,9.1,20.0,39.7,0.069,0.0,42.1
2017-18,Playoffs,TOR,Toronto Raptors,5,2,3,.400,21,33.3,0.278,8.6,39.3,50.0,0.306,8.1,38.1
2017-18,Playoffs,OKC,Oklahoma City Thunder,3,1,2,.333,10,34.6,0.077,0.0,44.4,46.4,0.714,5.0,11.1
2017-18,Playoffs,WAS,Washington Wizards,3,1,2,.333,6,50.0,0.400,0.0,20.0,45.8,0.167,7.7,25.0
2017-18,Playoffs,IND,Indiana Pacers,5,1,4,.200,13,29.5,0.273,16.7,36.8,56.8,0.773,6.1,23.1
2017-18,Playoffs,PHI,Philadelphia 76ers,5,1,4,.200,24,45.6,0.244,18.0,44.0,53.7,0.610,3.8,33.3
2017-18,Playoffs,MIN,Minnesota Timberwolves,1,0,1,.000,2,20.0,0.400,20.0,50.0,62.5,0.500,14.3,0.0
2017-18,Playoffs,POR,Portland Trail Blazers,3,0,3,.000,11,55.9,0.294,15.0,33.3,60.9,0.522,8.0,53.8
2017-18,All+Star,Team LeBron,Team LeBron,1,1,0,1.000,5,68.2,0.273,0.0,40.0,40.0,0.200,27.3,66.7
2017-18,All+Star,Team Stephen,Team Stephen,1,0,1,.000,5,40.0,0.200,27.3,66.7,68.2,0.273,0.0,40.0
2018-19,Pre+Season,CLE,Cleveland Cavaliers,1,1,0,1.000,0,100,0.000,0.0,0.0,0.0,0.000,0.0,0.0
2018-19,Pre+Season,LAC,LA Clippers,1,1,0,1.000,2,57.1,0.286,0.0,25.0,0.0,0.667,20.0,0.0
2018-19,Pre+Season,MEM,Memphis Grizzlies,1,1,0,1.000,10,40.6,0.500,9.1,9.1,26.5,0.235,31.8,38.5
2018-19,Pre+Season,MIN,Minnesota Timberwolves,1,1,0,1.000,5,25.0,0.250,8.3,27.3,20.0,0.000,9.1,0.0
2018-19,Pre+Season,UTA,Utah Jazz,1,1,0,1.000,2,110.0,0.400,16.7,100,33.3,0.667,33.3,0.0
2018-19,Pre+Season,CHA,Charlotte Hornets,4,3,1,.750,14,50.0,0.714,13.5,31.3,52.0,0.560,11.8,21.4
2018-19,Pre+Season,NYK,New York Knicks,4,3,1,.750,17,55.8,0.654,14.3,17.6,51.9,0.962,22.0,38.9
2018-19,Pre+Season,BKN,Brooklyn Nets,3,2,1,.667,15,58.7,0.565,25.7,58.3,54.3,0.435,21.9,35.7
2018-19,Pre+Season,DEN,Denver Nuggets,3,2,1,.667,11,50.0,0.556,20.0,23.1,58.7,0.130,16.0,38.5
2018-19,Pre+Season,LAL,Los Angeles Lakers,3,2,1,.667,11,72.2,0.611,12.5,33.3,52.3,0.091,26.1,53.8
2018-19,Pre+Season,WAS,Washington Wizards,3,2,1,.667,19,66.7,0.394,22.7,17.6,39.7,0.529,11.1,28.0
2018-19,Pre+Season,ATL,Atlanta Hawks,2,1,1,.500,9,55.6,0.000,5.6,11.1,61.1,0.444,5.0,30.0
2018-19,Pre+Season,MIA,Miami Heat,4,2,2,.500,13,43.2,0.636,17.6,23.5,50.0,0.269,15.6,13.3
2018-19,Pre+Season,OKC,Oklahoma City Thunder,2,1,1,.500,13,38.0,0.600,16.7,36.4,52.1,0.333,16.7,25.0
2018-19,Pre+Season,PHI,Philadelphia 76ers,2,1,1,.500,6,54.2,0.167,21.4,33.3,77.8,1.111,0.0,20.0
2018-19,Pre+Season,PHX,Phoenix Suns,2,1,1,.500,6,50.0,0.900,18.8,42.9,56.3,1.750,6.3,0.0
2018-19,Pre+Season,POR,Portland Trail Blazers,2,1,1,.500,7,46.2,0.385,23.5,33.3,60.7,0.571,5.9,37.5
2018-19,Pre+Season,SAS,San Antonio Spurs,2,1,1,.500,6,77.3,0.455,7.1,25.0,70.8,0.083,14.3,40.0
2018-19,Pre+Season,BOS,Boston Celtics,3,1,2,.333,8,53.3,0.200,11.8,28.6,53.3,0.467,15.8,12.5
2018-19,Pre+Season,DAL,Dallas Mavericks,3,1,2,.333,11,70.6,1.118,7.1,20.0,56.8,0.500,17.9,45.5
2018-19,Pre+Season,DET,Detroit Pistons,3,1,2,.333,20,40.8,0.289,15.0,40.0,51.5,0.091,22.5,25.0
2018-19,Pre+Season,SAC,Sacramento Kings,3,1,2,.333,15,44.4,0.815,10.8,38.9,55.6,0.667,14.3,41.2
2018-19,Pre+Season,CHI,Chicago Bulls,2,0,2,.000,6,27.8,0.222,18.2,28.6,30.0,1.200,6.7,22.2
2018-19,Pre+Season,GSW,Golden State Warriors,2,0,2,.000,5,20.0,0.000,9.1,0.0,30.8,0.231,7.7,27.3
2018-19,Pre+Season,IND,Indiana Pacers,1,0,1,.000,10,26.5,0.235,31.8,38.5,40.6,0.500,9.1,9.1
2018-19,Pre+Season,MIL,Milwaukee Bucks,1,0,1,.000,9,50.0,0.313,19.0,27.3,50.0,0.813,19.0,46.2
2018-19,Pre+Season,NOP,New Orleans Pelicans,1,0,1,.000,1,0.0,0.500,0.0,0.0,50.0,0.250,0.0,0.0
2018-19,Pre+Season,New Zealand Breakers,New Zealand Breakers,1,0,1,.000,1,0.0,0.000,0.0,0.0,0.0,4.000,20.0,0.0
2018-19,Pre+Season,ORL,Orlando Magic,1,0,1,.000,5,31.3,0.250,20.0,14.3,33.3,0.333,27.3,0.0
2018-19,Regular+Season,DEN,Denver Nuggets,46,31,15,.674,152,50.4,0.430,15.5,41.8,44.0,0.444,12.9,29.0
2018-19,Regular+Season,PHI,Philadelphia 76ers,45,30,15,.667,165,51.9,0.667,14.0,30.8,48.8,0.421,10.8,31.4
2018-19,Regular+Season,LAC,LA Clippers,43,27,16,.628,155,54.6,0.594,12.3,29.3,45.0,0.298,14.1,34.1
2018-19,Regular+Season,MIL,Milwaukee Bucks,36,22,14,.611,138,53.6,0.420,14.1,35.4,54.5,0.408,13.9,28.8
2018-19,Regular+Season,TOR,Toronto Raptors,38,23,15,.605,173,49.2,0.335,10.4,33.3,49.3,0.412,16.3,33.9
2018-19,Regular+Season,SAS,San Antonio Spurs,40,24,16,.600,160,52.9,0.368,9.1,25.3,51.6,0.299,9.5,32.0
2018-19,Regular+Season,POR,Portland Trail Blazers,42,25,17,.595,142,48.0,0.441,9.1,40.3,45.1,0.442,9.8,31.6
2018-19,Regular+Season,HOU,Houston Rockets,41,24,17,.585,147,46.4,0.630,11.0,34.0,51.5,0.492,10.5,32.2
2018-19,Regular+Season,GSW,Golden State Warriors,35,20,15,.571,138,51.9,0.412,11.4,23.2,45.9,0.457,11.9,31.1
2018-19,Regular+Season,IND,Indiana Pacers,41,23,18,.561,121,56.3,0.350,14.1,28.3,47.2,0.317,10.5,29.8
2018-19,Regular+Season,BOS,Boston Celtics,42,23,19,.548,148,57.3,0.443,10.0,27.5,54.9,0.413,14.8,37.3
2018-19,Regular+Season,BKN,Brooklyn Nets,44,24,20,.545,183,52.0,0.427,12.6,35.0,47.5,0.413,11.4,40.4
2018-19,Regular+Season,SAC,Sacramento Kings,49,24,25,.490,162,46.4,0.461,8.9,29.7,50.3,0.437,14.5,33.7
2018-19,Regular+Season,LAL,Los Angeles Lakers,43,21,22,.488,144,50.6,0.483,12.3,39.3,49.2,0.629,10.4,28.1
2018-19,Regular+Season,ATL,Atlanta Hawks,41,20,21,.488,165,51.6,0.435,12.8,25.1,45.2,0.450,13.3,34.0
2018-19,Regular+Season,OKC,Oklahoma City Thunder,46,22,24,.478,174,44.2,0.514,11.4,37.9,49.7,0.467,14.4,31.9
2018-19,Regular+Season,DET,Detroit Pistons,42,20,22,.476,173,51.2,0.416,13.2,37.9,54.0,0.422,10.5,25.6
2018-19,Regular+Season,ORL,Orlando Magic,47,22,25,.468,165,45.6,0.365,14.4,31.6,48.5,0.415,12.5,19.6
2018-19,Regular+Season,MIA,Miami Heat,45,21,24,.467,158,43.1,0.399,14.5,37.4,45.7,0.492,14.8,27.5
2018-19,Regular+Season,CHA,Charlotte Hornets,39,18,21,.462,159,46.8,0.400,8.1,30.2,50.5,0.411,8.2,27.3
2018-19,Regular+Season,UTA,Utah Jazz,33,15,18,.455,109,47.7,0.533,14.2,40.0,48.5,0.415,10.8,36.6
2018-19,Regular+Season,DAL,Dallas Mavericks,46,20,26,.435,171,45.3,0.437,9.3,28.4,50.3,0.405,8.6,27.5
2018-19,Regular+Season,MIN,Minnesota Timberwolves,45,19,26,.422,172,44.2,0.391,13.4,38.5,49.8,0.399,11.0,39.0
2018-19,Regular+Season,MEM,Memphis Grizzlies,47,19,28,.404,193,47.7,0.452,11.1,25.7,49.2,0.498,13.6,35.2
2018-19,Regular+Season,CHI,Chicago Bulls,39,15,24,.385,163,49.2,0.342,15.9,29.5,50.5,0.409,13.6,31.2
2018-19,Regular+Season,WAS,Washington Wizards,39,15,24,.385,181,48.0,0.373,14.1,37.9,49.5,0.462,14.6,44.4
2018-19,Regular+Season,CLE,Cleveland Cavaliers,34,13,21,.382,101,45.5,0.309,10.4,29.5,45.8,0.505,8.7,34.1
2018-19,Regular+Season,NOP,New Orleans Pelicans,45,17,28,.378,144,45.2,0.409,9.3,27.1,49.4,0.523,10.5,31.6
2018-19,Regular+Season,PHX,Phoenix Suns,33,12,21,.364,148,52.3,0.328,14.7,32.4,51.1,0.592,11.3,37.1
2018-19,Regular+Season,NYK,New York Knicks,34,11,23,.324,130,46.2,0.559,12.2,32.2,48.1,0.362,12.8,36.5
2018-19,Playoffs,LAC,LA Clippers,2,2,0,1.000,9,81.8,0.818,17.6,25.0,43.8,0.188,31.6,50.0
2018-19,Playoffs,BOS,Boston Celtics,4,3,1,.750,8,71.9,0.188,0.0,28.6,50.0,0.111,16.7,0.0
2018-19,Playoffs,GSW,Golden State Warriors,13,8,5,.615,58,47.1,0.350,15.4,44.6,47.4,0.323,14.9,30.0
2018-19,Playoffs,TOR,Toronto Raptors,12,7,5,.583,58,48.9,0.537,13.7,39.7,50.6,0.440,20.6,40.4
2018-19,Playoffs,POR,Portland Trail Blazers,9,5,4,.556,53,44.9,0.213,4.6,32.8,50.0,0.267,17.1,46.0
2018-19,Playoffs,HOU,Houston Rockets,8,4,4,.500,35,42.2,0.588,17.6,41.7,46.9,0.375,7.1,31.7
2018-19,Playoffs,ORL,Orlando Magic,2,1,1,.500,6,62.5,0.000,9.1,50.0,59.1,0.182,23.1,60.0
2018-19,Playoffs,PHI,Philadelphia 76ers,4,2,2,.500,18,53.8,0.654,19.4,46.7,46.2,0.462,27.0,35.3
2018-19,Playoffs,DEN,Denver Nuggets,7,3,4,.429,44,47.9,0.343,18.8,42.5,45.8,0.250,6.9,39.2
2018-19,Playoffs,MIL,Milwaukee Bucks,5,2,3,.400,29,45.6,0.378,17.6,41.4,44.7,0.638,8.9,40.0
2018-19,Playoffs,OKC,Oklahoma City Thunder,3,1,2,.333,5,66.7,0.111,15.4,25.0,66.7,1.111,0.0,50.0
2018-19,Playoffs,SAS,San Antonio Spurs,3,1,2,.333,10,39.3,0.571,10.5,22.2,34.2,0.316,10.0,38.5
2018-19,Playoffs,BKN,Brooklyn Nets,1,0,1,.000,5,43.8,0.000,45.5,40.0,63.6,0.182,18.2,80.0
2018-19,Playoffs,IND,Indiana Pacers,3,0,3,.000,8,50.0,0.000,18.2,0.0,71.9,0.188,0.0,28.6
2018-19,Playoffs,UTA,Utah Jazz,2,0,2,.000,9,42.1,0.105,10.0,16.7,35.7,1.071,9.5,33.3
2018-19,All+Star,-,-,1,1,0,1.000,1,125.0,0.000,0.0,0.0,0.0,0.000,100,100
2018-19,All+Star,-,-,1,0,1,.000,1,0.0,0.000,100,100,125.0,0.000,0.0,0.0
2019-20,Pre+Season,ATL,Atlanta Hawks,1,1,0,1.000,5,25.0,1.333,25.0,33.3,33.3,0.222,25.0,14.3
2019-20,Pre+Season,BOS,Boston Celtics,1,1,0,1.000,2,0.0,6.000,40.0,50.0,100,0.000,50.0,0.0
2019-20,Pre+Season,DET,Detroit Pistons,2,2,0,1.000,3,75.0,1.333,10.0,100,14.3,0.286,11.1,0.0
2019-20,Pre+Season,MIL,Milwaukee Bucks,3,3,0,1.000,8,70.0,0.200,20.0,16.7,18.2,0.909,25.0,41.7
2019-20,Pre+Season,NOP,New Orleans Pelicans,3,3,0,1.000,12,47.5,0.600,16.7,14.3,40.0,0.240,20.7,41.2
2019-20,Pre+Season,DEN,Denver Nuggets,5,4,1,.800,9,46.7,0.667,9.1,33.3,35.3,0.235,15.8,27.3
2019-20,Pre+Season,BKN,Brooklyn Nets,3,2,1,.667,13,67.5,0.700,15.6,27.3,31.3,0.417,19.4,29.4
2019-20,Pre+Season,HOU,Houston Rockets,3,2,1,.667,11,42.0,0.400,25.8,47.1,37.5,0.650,28.6,42.9
2019-20,Pre+Season,LAC,LA Clippers,3,2,1,.667,10,55.9,1.000,8.0,25.0,35.0,0.450,9.1,37.5
2019-20,Pre+Season,TOR,Toronto Raptors,3,2,1,.667,10,47.5,0.750,21.4,41.7,34.1,0.545,24.1,47.1
2019-20,Pre+Season,IND,Indiana Pacers,5,3,2,.600,12,62.5,0.300,32.3,30.0,44.6,0.500,11.8,31.6
2019-20,Pre+Season,LAL,Los Angeles Lakers,5,3,2,.600,10,52.2,0.174,7.4,23.1,41.7,1.167,21.7,20.0
2019-20,Pre+Season,DAL,Dallas Mavericks,4,2,2,.500,16,61.7,0.433,8.6,35.3,58.6,0.552,13.2,28.6
2019-20,Pre+Season,MIA,Miami Heat,2,1,1,.500,9,52.4,0.381,12.5,45.5,62.5,0.583,26.3,28.6
2019-20,Pre+Season,MIN,Minnesota Timberwolves,2,1,1,.500,1,25.0,0.000,33.3,66.7,50.0,0.500,20.0,0.0
2019-20,Pre+Season,OKC,Oklahoma City Thunder,2,1,1,.500,5,63.6,0.364,0.0,28.6,22.7,0.545,6.7,22.2
2019-20,Pre+Season,PHX,Phoenix Suns,2,1,1,.500,2,40.0,0.400,12.5,33.3,100,4.000,33.3,0.0
2019-20,Pre+Season,SAS,San Antonio Spurs,2,1,1,.500,6,42.9,0.714,30.8,25.0,60.0,0.700,0.0,28.6
2019-20,Pre+Season,UTA,Utah Jazz,4,2,2,.500,15,59.6,0.308,20.0,23.1,51.7,0.207,14.3,29.4
2019-20,Pre+Season,MEM,Memphis Grizzlies,3,1,2,.333,3,14.3,0.571,37.5,83.3,57.1,0.143,12.5,25.0
2019-20,Pre+Season,NYK,New York Knicks,3,1,2,.333,9,25.0,0.563,17.4,23.1,19.2,1.154,16.7,23.1
2019-20,Pre+Season,ORL,Orlando Magic,3,1,2,.333,5,33.3,1.333,15.4,0.0,45.0,0.600,0.0,33.3
2019-20,Pre+Season,PHI,Philadelphia 76ers,3,1,2,.333,16,41.7,0.400,8.8,31.6,67.7,0.161,6.5,40.0
2019-20,Pre+Season,SAC,Sacramento Kings,3,1,2,.333,17,55.8,0.692,13.5,26.7,60.3,0.235,22.5,50.0
2019-20,Pre+Season,POR,Portland Trail Blazers,5,1,4,.200,3,50.0,0.800,12.5,25.0,80.0,0.600,25.0,0.0
2019-20,Pre+Season,CHA,Charlotte Hornets,2,0,2,.000,2,75.0,0.000,50.0,0.0,0.0,10.000,37.5,50.0
2019-20,Pre+Season,CHI,Chicago Bulls,2,0,2,.000,5,25.0,0.400,18.2,44.4,78.6,0.857,9.1,0.0
2019-20,Pre+Season,CLE,Cleveland Cavaliers,1,0,1,.000,3,16.7,0.333,0.0,0.0,75.0,0.667,0.0,100
2019-20,Pre+Season,GSW,Golden State Warriors,1,0,1,.000,0,0.0,0.000,0.0,0.0,150.0,0.000,0.0,0.0
2019-20,Pre+Season,WAS,Washington Wizards,5,0,5,.000,17,21.9,0.219,17.1,35.7,68.5,0.741,12.2,14.3
2019-20,Regular+Season,MIL,Milwaukee Bucks,24,17,7,.708,74,47.1,0.410,13.2,38.1,44.6,0.554,13.3,25.0
2019-20,Regular+Season,UTA,Utah Jazz,41,28,13,.683,145,49.6,0.533,9.1,26.7,46.2,0.425,10.1,27.5
2019-20,Regular+Season,TOR,Toronto Raptors,37,25,12,.676,131,56.8,0.646,12.1,29.3,49.1,0.380,16.4,31.2
2019-20,Regular+Season,LAL,Los Angeles Lakers,30,20,10,.667,114,48.5,0.488,8.5,29.9,46.6,0.514,17.0,27.3
2019-20,Regular+Season,OKC,Oklahoma City Thunder,45,30,15,.667,191,55.6,0.569,12.1,31.6,48.2,0.337,16.2,30.1
2019-20,Regular+Season,DEN,Denver Nuggets,45,29,16,.644,176,51.5,0.500,10.0,35.8,48.4,0.413,12.5,29.9
2019-20,Regular+Season,IND,Indiana Pacers,36,22,14,.611,152,51.4,0.367,15.1,32.2,42.5,0.382,14.3,37.0
2019-20,Regular+Season,POR,Portland Trail Blazers,37,22,15,.595,134,55.3,0.382,6.2,25.0,49.6,0.354,13.9,39.2
2019-20,Regular+Season,HOU,Houston Rockets,32,19,13,.594,112,50.2,0.505,11.5,33.3,41.1,0.385,13.5,35.4
2019-20,Regular+Season,LAC,LA Clippers,32,19,13,.594,127,56.6,0.516,13.8,35.2,48.3,0.388,10.4,39.5
2019-20,Regular+Season,PHI,Philadelphia 76ers,44,26,18,.591,135,48.9,0.561,14.7,29.7,49.5,0.647,12.2,25.6
2019-20,Regular+Season,BOS,Boston Celtics,42,23,19,.548,144,51.1,0.445,13.0,35.6,47.6,0.534,11.7,30.1
2019-20,Regular+Season,BKN,Brooklyn Nets,40,20,20,.500,175,48.4,0.450,12.8,39.6,46.9,0.374,11.1,32.5
2019-20,Regular+Season,CHA,Charlotte Hornets,34,17,17,.500,148,59.1,0.531,13.4,28.9,50.6,0.340,10.4,34.4
2019-20,Regular+Season,MIA,Miami Heat,36,18,18,.500,153,44.2,0.533,9.1,30.1,51.7,0.371,10.2,32.1
2019-20,Regular+Season,SAC,Sacramento Kings,39,19,20,.487,142,48.9,0.330,9.2,30.7,50.4,0.590,12.3,34.3
2019-20,Regular+Season,CLE,Cleveland Cavaliers,29,13,16,.448,132,47.6,0.361,15.6,43.2,46.2,0.344,6.5,32.9
2019-20,Regular+Season,MEM,Memphis Grizzlies,30,13,17,.433,97,47.3,0.390,15.2,35.4,53.4,0.580,8.9,28.7
2019-20,Regular+Season,PHX,Phoenix Suns,37,16,21,.432,130,48.9,0.580,11.6,26.1,50.4,0.628,10.3,26.6
2019-20,Regular+Season,DAL,Dallas Mavericks,41,17,24,.415,163,44.9,0.470,11.6,31.1,48.8,0.404,9.0,29.5
2019-20,Regular+Season,NYK,New York Knicks,34,14,20,.412,137,46.5,0.395,11.7,39.6,47.0,0.523,12.8,26.8
2019-20,Regular+Season,ORL,Orlando Magic,34,14,20,.412,122,46.1,0.343,14.9,26.7,50.9,0.366,12.2,24.2
2019-20,Regular+Season,SAS,San Antonio Spurs,45,18,27,.400,175,49.4,0.376,9.1,25.6,49.2,0.437,11.3,33.3
2019-20,Regular+Season,WAS,Washington Wizards,35,14,21,.400,103,41.5,0.451,9.6,31.1,54.6,0.615,12.5,33.0
2019-20,Regular+Season,ATL,Atlanta Hawks,34,13,21,.382,129,41.4,0.404,13.0,33.5,45.5,0.468,12.8,34.4
2019-20,Regular+Season,CHI,Chicago Bulls,38,13,25,.342,119,48.2,0.432,13.0,31.7,55.0,0.565,12.3,43.1
2019-20,Regular+Season,DET,Detroit Pistons,30,10,20,.333,121,42.1,0.263,13.0,25.9,48.9,0.431,8.3,35.4
2019-20,Regular+Season,MIN,Minnesota Timberwolves,33,11,22,.333,112,43.6,0.537,10.3,36.7,52.5,0.458,10.4,28.2
2019-20,Regular+Season,NOP,New Orleans Pelicans,41,13,28,.317,143,42.3,0.431,8.5,26.2,50.8,0.548,8.7,29.5
2019-20,Regular+Season,GSW,Golden State Warriors,27,8,19,.296,100,48.6,0.387,12.1,27.5,56.3,0.603,8.4,29.1
2019-20,Playoffs,MIA,Miami Heat,14,11,3,.786,50,61.3,0.573,12.5,40.5,36.1,0.380,11.6,41.8
2019-20,Playoffs,OKC,Oklahoma City Thunder,4,3,1,.750,22,42.5,0.425,18.4,39.3,40.0,0.150,23.5,21.4
2019-20,Playoffs,TOR,Toronto Raptors,6,4,2,.667,29,37.8,0.388,13.3,33.3,46.7,0.217,16.7,25.0
2019-20,Playoffs,LAL,Los Angeles Lakers,10,6,4,.600,26,37.0,0.420,13.0,40.5,54.7,0.563,12.2,4.8
2019-20,Playoffs,DEN,Denver Nuggets,11,6,5,.545,39,59.7,0.299,8.9,24.3,46.4,0.732,17.1,30.6
2019-20,Playoffs,DAL,Dallas Mavericks,2,1,1,.500,13,54.3,0.130,16.0,30.8,61.4,0.409,3.8,16.7
2019-20,Playoffs,POR,Portland Trail Blazers,2,1,1,.500,5,77.8,0.000,25.0,0.0,37.5,0.750,0.0,0.0
2019-20,Playoffs,BOS,Boston Celtics,13,6,7,.462,52,43.1,0.450,16.0,35.3,45.8,0.482,10.7,30.2
2019-20,Playoffs,LAC,LA Clippers,5,2,3,.400,20,56.3,0.594,2.5,16.7,57.4,0.235,15.0,26.3
2019-20,Playoffs,UTA,Utah Jazz,4,1,3,.250,20,56.0,0.840,21.4,28.6,68.3,0.146,7.3,38.9
2019-20,Playoffs,HOU,Houston Rockets,5,1,4,.200,22,40.0,0.150,23.5,21.4,45.1,0.415,18.0,39.3
2019-20,Playoffs,MIL,Milwaukee Bucks,5,1,4,.200,18,40.0,0.520,3.4,27.8,57.6,0.303,18.9,52.9
2019-20,Playoffs,BKN,Brooklyn Nets,1,0,1,.000,2,25.0,0.000,20.0,0.0,66.7,1.000,14.3,0.0
2019-20,Playoffs,IND,Indiana Pacers,1,0,1,.000,4,50.0,0.200,14.3,0.0,20.0,1.200,28.6,75.0
2019-20,Playoffs,PHI,Philadelphia 76ers,3,0,3,.000,7,12.5,0.750,16.7,22.2,50.0,1.667,11.8,33.3
2019-20,All+Star,Team LeBron,Team LeBron,1,1,0,1.000,0,36.7,0.667,400.0,9.1,17.9,1.000,600.0,14.3
2019-20,All+Star,Team Giannis,Team Giannis,1,0,1,.000,0,17.9,1.000,600.0,14.3,36.7,0.667,400.0,9.1
2019-20,PlayIn,POR,Portland Trail Blazers,1,1,0,1.000,5,80.0,0.900,0.0,42.9,28.6,0.286,37.5,66.7
2019-20,PlayIn,MEM,Memphis Grizzlies,1,0,1,.000,5,28.6,0.286,37.5,66.7,80.0,0.900,0.0,42.9
2019-20,IST,TOR,Toronto Raptors,1,1,0,1.000,8,60.7,0.714,11.1,42.9,53.6,0.143,12.5,12.5
2019-20,IST,NOP,New Orleans Pelicans,1,0,1,.000,8,53.6,0.143,12.5,12.5,60.7,0.714,11.1,42.9
2020-21,Pre+Season,BKN,Brooklyn Nets,1,1,0,1.000,5,35.7,1.143,18.2,33.3,8.3,0.167,25.0,45.5
2020-21,Pre+Season,CHI,Chicago Bulls,1,1,0,1.000,4,40.9,0.273,9.1,28.6,18.8,0.250,33.3,28.6
2020-21,Pre+Season,HOU,Houston Rockets,1,1,0,1.000,0,150.0,0.000,0.0,0.0,0.0,0.000,0.0,0.0
2020-21,Pre+Season,LAL,Los Angeles Lakers,3,3,0,1.000,14,66.7,0.500,3.4,10.0,38.0,0.240,21.4,47.1
2020-21,Pre+Season,PHI,Philadelphia 76ers,1,1,0,1.000,2,66.7,2.000,12.5,0.0,0.0,1.000,16.7,20.0
2020-21,Pre+Season,SAC,Sacramento Kings,1,1,0,1.000,5,50.0,0.111,25.0,0.0,50.0,0.200,9.1,16.7
2020-21,Pre+Season,TOR,Toronto Raptors,1,1,0,1.000,1,0.0,4.000,0.0,0.0,33.3,0.000,0.0,50.0
2020-21,Pre+Season,ATL,Atlanta Hawks,3,2,1,.667,10,59.4,0.813,20.7,27.3,42.9,0.714,17.9,38.9
2020-21,Pre+Season,CLE,Cleveland Cavaliers,3,2,1,.667,13,65.2,0.391,17.2,30.0,54.0,0.320,7.1,28.6
2020-21,Pre+Season,DET,Detroit Pistons,2,1,1,.500,5,11.1,0.556,14.3,0.0,11.1,0.222,21.4,0.0
2020-21,Pre+Season,GSW,Golden State Warriors,2,1,1,.500,10,39.5,0.474,13.0,30.8,40.6,0.438,26.1,18.2
2020-21,Pre+Season,MEM,Memphis Grizzlies,2,1,1,.500,6,46.2,0.615,27.8,40.0,75.0,0.417,23.5,50.0
2020-21,Pre+Season,MIN,Minnesota Timberwolves,2,1,1,.500,10,50.0,0.273,4.3,33.3,18.8,0.625,9.1,15.4
2020-21,Pre+Season,NYK,New York Knicks,2,1,1,.500,5,64.3,0.857,10.0,25.0,22.2,0.111,33.3,28.6
2020-21,Pre+Season,OKC,Oklahoma City Thunder,2,1,1,.500,7,19.2,0.154,35.3,36.4,28.1,0.188,6.3,16.7
2020-21,Pre+Season,ORL,Orlando Magic,4,2,2,.500,12,56.5,0.609,10.0,28.6,47.9,0.500,9.4,23.5
2020-21,Pre+Season,WAS,Washington Wizards,2,1,1,.500,9,10.5,0.211,25.0,29.4,17.9,0.857,14.3,15.4
2020-21,Pre+Season,CHA,Charlotte Hornets,3,1,2,.333,7,50.0,0.211,5.3,33.3,60.0,0.467,10.5,12.5
2020-21,Pre+Season,DAL,Dallas Mavericks,1,0,1,.000,8,13.3,0.400,5.6,15.4,47.2,0.333,5.0,30.0
2020-21,Pre+Season,DEN,Denver Nuggets,1,0,1,.000,5,28.6,0.857,27.3,33.3,27.8,0.778,16.7,42.9
2020-21,Pre+Season,IND,Indiana Pacers,3,0,3,.000,11,39.1,0.217,7.7,23.5,84.2,0.789,10.3,16.7
2020-21,Pre+Season,LAC,LA Clippers,1,0,1,.000,4,62.5,0.250,57.1,50.0,83.3,1.000,0.0,0.0
2020-21,Pre+Season,PHX,Phoenix Suns,2,0,2,.000,10,33.3,0.238,9.5,46.7,61.1,0.333,4.8,12.5
2020-21,Pre+Season,SAS,San Antonio Spurs,2,0,2,.000,2,0.0,0.000,0.0,0.0,41.7,0.000,33.3,50.0
2020-21,Regular+Season,PHI,Philadelphia 76ers,34,25,9,.735,136,50.5,0.623,17.7,38.5,44.6,0.386,15.6,34.4
2020-21,Regular+Season,PHX,Phoenix Suns,37,25,12,.676,160,48.5,0.413,8.5,32.4,50.2,0.480,11.4,30.5
2020-21,Regular+Season,BKN,Brooklyn Nets,40,27,13,.675,144,53.9,0.568,11.6,25.4,52.2,0.470,12.3,29.4
2020-21,Regular+Season,POR,Portland Trail Blazers,37,24,13,.649,137,55.7,0.358,7.3,33.8,45.5,0.457,12.8,26.2
2020-21,Regular+Season,LAL,Los Angeles Lakers,35,21,14,.600,140,51.9,0.272,11.4,33.8,48.6,0.336,13.1,25.2
2020-21,Regular+Season,CHA,Charlotte Hornets,31,18,13,.581,105,56.7,0.422,11.6,35.5,46.7,0.470,13.4,27.4
2020-21,Regular+Season,DEN,Denver Nuggets,31,18,13,.581,145,56.6,0.383,11.5,26.9,49.4,0.393,13.0,31.7
2020-21,Regular+Season,UTA,Utah Jazz,30,17,13,.567,90,53.2,0.398,10.4,33.3,49.7,0.437,12.2,33.7
2020-21,Regular+Season,NYK,New York Knicks,36,20,16,.556,162,49.6,0.438,10.9,25.1,44.4,0.453,14.7,24.7
2020-21,Regular+Season,DAL,Dallas Mavericks,33,18,15,.545,101,53.1,0.417,8.8,27.5,52.4,0.417,7.8,33.0
2020-21,Regular+Season,OKC,Oklahoma City Thunder,30,16,14,.533,105,47.7,0.457,15.7,27.9,48.4,0.380,11.5,27.2
2020-21,Regular+Season,MIA,Miami Heat,34,18,16,.529,121,42.3,0.445,12.9,30.5,46.1,0.291,13.0,32.6
2020-21,Regular+Season,SAC,Sacramento Kings,42,22,20,.524,148,51.3,0.431,12.0,28.3,51.7,0.593,12.9,34.6
2020-21,Regular+Season,ATL,Atlanta Hawks,36,18,18,.500,129,55.5,0.424,10.1,22.9,55.5,0.379,11.4,23.5
2020-21,Regular+Season,GSW,Golden State Warriors,32,16,16,.500,112,51.8,0.276,12.4,35.4,55.0,0.485,11.3,32.8
2020-21,Regular+Season,IND,Indiana Pacers,40,20,20,.500,168,51.1,0.309,14.8,20.1,48.3,0.423,14.0,28.0
2020-21,Regular+Season,MEM,Memphis Grizzlies,38,19,19,.500,141,47.6,0.500,12.4,31.1,56.0,0.313,14.7,30.6
2020-21,Regular+Season,WAS,Washington Wizards,39,19,20,.487,169,51.1,0.452,10.6,29.1,48.7,0.438,9.4,23.4
2020-21,Regular+Season,LAC,LA Clippers,34,16,18,.471,86,51.0,0.479,10.7,32.6,46.9,0.631,9.1,37.1
2020-21,Regular+Season,MIL,Milwaukee Bucks,28,13,15,.464,98,53.0,0.401,14.9,23.0,51.8,0.266,9.9,27.4
2020-21,Regular+Season,MIN,Minnesota Timberwolves,39,18,21,.462,142,49.4,0.429,14.0,27.6,57.0,0.434,10.7,30.3
2020-21,Regular+Season,NOP,New Orleans Pelicans,39,17,22,.436,158,47.5,0.548,12.7,34.6,48.1,0.334,11.8,26.0
2020-21,Regular+Season,ORL,Orlando Magic,30,13,17,.433,97,50.6,0.392,13.9,28.6,46.2,0.446,10.7,30.6
2020-21,Regular+Season,CLE,Cleveland Cavaliers,26,11,15,.423,106,49.7,0.544,16.9,24.8,54.5,0.385,15.1,29.5
2020-21,Regular+Season,SAS,San Antonio Spurs,38,16,22,.421,168,48.2,0.433,10.5,25.0,51.3,0.354,11.1,31.0
2020-21,Regular+Season,CHI,Chicago Bulls,35,14,21,.400,125,51.1,0.452,14.3,31.5,52.1,0.530,11.2,23.9
2020-21,Regular+Season,BOS,Boston Celtics,43,17,26,.395,151,47.1,0.522,11.1,26.7,51.3,0.507,12.7,30.0
2020-21,Regular+Season,HOU,Houston Rockets,24,7,17,.292,80,41.6,0.595,13.5,28.7,50.7,0.513,10.6,34.4
2020-21,Regular+Season,TOR,Toronto Raptors,39,11,28,.282,116,46.8,0.426,11.4,25.2,57.0,0.814,16.2,28.6
2020-21,Regular+Season,DET,Detroit Pistons,32,7,25,.219,122,47.1,0.558,13.6,37.9,54.3,0.597,9.1,32.8
2020-21,Playoffs,BOS,Boston Celtics,1,1,0,1.000,0,100,0.000,0.0,0.0,0.0,0.000,0.0,0.0
2020-21,Playoffs,LAL,Los Angeles Lakers,1,1,0,1.000,3,116.7,1.000,16.7,0.0,25.0,0.000,0.0,0.0
2020-21,Playoffs,MIL,Milwaukee Bucks,9,7,2,.778,44,48.2,0.518,5.6,37.5,37.0,0.315,11.9,27.5
2020-21,Playoffs,DAL,Dallas Mavericks,4,3,1,.750,12,50.0,0.429,12.0,30.8,42.9,0.214,25.0,10.0
2020-21,Playoffs,DEN,Denver Nuggets,4,3,1,.750,15,68.0,0.680,6.3,40.0,48.1,0.148,10.3,29.4
2020-21,Playoffs,ATL,Atlanta Hawks,9,6,3,.667,31,56.9,0.627,12.9,25.9,50.0,0.534,4.2,23.7
2020-21,Playoffs,UTA,Utah Jazz,7,4,3,.571,10,67.6,0.647,0.0,25.0,40.0,0.350,9.1,41.7
2020-21,Playoffs,NYK,New York Knicks,2,1,1,.500,8,68.8,0.125,0.0,12.5,62.5,0.417,6.7,0.0
2020-21,Playoffs,PHX,Phoenix Suns,8,4,4,.500,22,38.3,0.500,17.4,14.3,50.0,0.571,4.3,37.9
2020-21,Playoffs,WAS,Washington Wizards,2,1,1,.500,6,50.0,0.182,15.4,28.6,37.5,1.500,21.4,57.1
2020-21,Playoffs,MEM,Memphis Grizzlies,3,1,2,.333,6,35.7,0.143,8.3,44.4,75.0,1.125,0.0,25.0
2020-21,Playoffs,PHI,Philadelphia 76ers,7,2,5,.286,22,35.7,1.029,11.1,28.6,58.1,0.595,16.1,20.0
2020-21,Playoffs,LAC,LA Clippers,11,3,8,.273,28,40.2,0.488,13.0,25.8,52.1,0.447,13.6,25.9
2020-21,Playoffs,BKN,Brooklyn Nets,4,1,3,.250,21,36.1,0.222,7.7,24.0,48.6,0.351,7.5,31.8
2020-21,Playoffs,MIA,Miami Heat,1,0,1,.000,10,43.3,0.333,15.8,18.2,36.7,1.067,10.0,35.7
2020-21,Playoffs,POR,Portland Trail Blazers,3,0,3,.000,15,48.1,0.074,11.1,29.4,68.0,0.680,6.3,40.0
2020-21,PlayIn,LAL,Los Angeles Lakers,1,1,0,1.000,5,38.9,0.444,9.1,28.6,50.0,0.400,40.0,0.0
2020-21,PlayIn,MEM,Memphis Grizzlies,2,2,0,1.000,10,68.4,0.474,9.1,44.4,50.0,0.533,15.8,50.0
2020-21,PlayIn,GSW,Golden State Warriors,2,0,2,.000,12,66.7,0.467,26.1,42.9,52.2,0.304,8.3,35.7
2020-21,PlayIn,SAS,San Antonio Spurs,1,0,1,.000,3,0.0,0.600,16.7,33.3,90.0,1.200,11.1,50.0
2021-22,Pre+Season,BKN,Brooklyn Nets,2,2,0,1.000,9,38.2,0.588,13.6,27.3,23.5,0.412,14.3,26.7
2021-22,Pre+Season,CHI,Chicago Bulls,2,2,0,1.000,8,64.3,0.500,12.5,66.7,40.9,0.636,31.3,30.0
2021-22,Pre+Season,DAL,Dallas Mavericks,1,1,0,1.000,1,83.3,0.000,0.0,100,0.0,0.000,0.0,0.0
2021-22,Pre+Season,GSW,Golden State Warriors,3,3,0,1.000,10,60.0,0.200,16.0,9.1,47.2,0.167,18.2,18.2
2021-22,Pre+Season,IND,Indiana Pacers,1,1,0,1.000,5,75.0,0.250,20.0,0.0,64.3,0.286,20.0,33.3
2021-22,Pre+Season,MIA,Miami Heat,3,3,0,1.000,8,52.6,0.421,11.8,81.8,53.6,0.000,18.8,25.0
2021-22,Pre+Season,NYK,New York Knicks,2,2,0,1.000,2,137.5,1.500,0.0,0.0,35.7,0.000,0.0,0.0
2021-22,Pre+Season,SAC,Sacramento Kings,1,1,0,1.000,1,100,0.000,0.0,0.0,0.0,0.000,0.0,0.0
2021-22,Pre+Season,UTA,Utah Jazz,1,1,0,1.000,5,35.0,0.500,8.3,25.0,0.0,0.000,10.0,0.0
2021-22,Pre+Season,BOS,Boston Celtics,3,2,1,.667,13,60.4,0.375,17.9,53.8,46.2,0.115,8.7,52.9
2021-22,Pre+Season,MIN,Minnesota Timberwolves,3,2,1,.667,15,35.2,0.333,6.7,21.1,37.9,0.276,20.0,35.0
2021-22,Pre+Season,ATL,Atlanta Hawks,2,1,1,.500,8,58.3,0.000,15.8,22.2,18.2,0.909,23.8,27.3
2021-22,Pre+Season,CLE,Cleveland Cavaliers,2,1,1,.500,8,37.5,1.417,10.5,33.3,52.9,0.176,17.6,55.6
2021-22,Pre+Season,DET,Detroit Pistons,2,1,1,.500,4,27.8,0.444,0.0,42.9,83.3,1.667,25.0,0.0
2021-22,Pre+Season,HOU,Houston Rockets,2,1,1,.500,6,66.7,1.111,16.7,37.5,43.8,0.750,14.3,0.0
2021-22,Pre+Season,LAC,LA Clippers,2,1,1,.500,5,57.1,1.000,0.0,25.0,54.2,0.250,8.3,42.9
2021-22,Pre+Season,OKC,Oklahoma City Thunder,2,1,1,.500,10,33.3,0.000,15.0,26.7,53.1,0.125,15.8,18.2
2021-22,Pre+Season,SAS,San Antonio Spurs,2,1,1,.500,9,55.6,0.000,22.2,40.0,68.8,0.500,11.8,75.0
2021-22,Pre+Season,TOR,Toronto Raptors,2,1,1,.500,8,46.7,0.400,6.3,45.5,40.0,0.267,22.2,30.0
2021-22,Pre+Season,ORL,Orlando Magic,3,1,2,.333,13,47.9,0.208,13.0,53.3,44.4,0.185,15.4,50.0
2021-22,Pre+Season,DEN,Denver Nuggets,5,1,4,.200,29,50.9,0.132,18.0,30.3,43.8,0.268,7.0,24.3
2021-22,Pre+Season,CHA,Charlotte Hornets,1,0,1,.000,2,0.0,0.000,0.0,40.0,33.3,0.167,33.3,100
2021-22,Pre+Season,LAL,Los Angeles Lakers,3,0,3,.000,6,20.0,0.300,16.7,22.2,66.7,0.083,18.8,0.0
2021-22,Pre+Season,MEM,Memphis Grizzlies,3,0,3,.000,13,38.2,0.118,35.7,25.0,71.7,0.261,14.3,12.5
2021-22,Pre+Season,MIL,Milwaukee Bucks,2,0,2,.000,10,10.5,0.368,8.7,15.8,45.0,0.450,12.5,30.8
2021-22,Pre+Season,NOP,New Orleans Pelicans,1,0,1,.000,1,66.7,0.000,25.0,0.0,0.0,2.000,0.0,0.0
2021-22,Pre+Season,PHI,Philadelphia 76ers,1,0,1,.000,4,50.0,2.500,28.6,0.0,31.3,0.500,0.0,50.0
2021-22,Pre+Season,WAS,Washington Wizards,3,0,3,.000,12,31.8,0.182,11.1,5.9,64.3,1.000,7.4,37.5
2021-22,Regular+Season,PHX,Phoenix Suns,42,33,9,.786,130,64.9,0.578,10.4,32.0,41.3,0.476,11.2,29.9
2021-22,Regular+Season,MEM,Memphis Grizzlies,32,21,11,.656,126,46.6,0.459,12.6,39.6,45.3,0.374,14.3,37.0
2021-22,Regular+Season,WAS,Washington Wizards,40,25,15,.625,160,53.8,0.368,13.4,30.4,41.6,0.367,9.4,28.6
2021-22,Regular+Season,CHI,Chicago Bulls,41,25,16,.610,141,51.8,0.549,9.2,29.6,44.8,0.533,9.2,31.9
2021-22,Regular+Season,MIA,Miami Heat,38,23,15,.605,134,48.8,0.483,14.4,27.4,45.8,0.470,15.0,27.9
2021-22,Regular+Season,MIL,Milwaukee Bucks,41,24,17,.585,122,54.8,0.466,12.8,34.1,47.6,0.463,12.7,26.3
2021-22,Regular+Season,DAL,Dallas Mavericks,38,22,16,.579,128,51.4,0.332,11.6,33.1,57.5,0.412,11.6,32.4
2021-22,Regular+Season,TOR,Toronto Raptors,45,26,19,.578,181,47.3,0.402,8.7,42.9,45.3,0.332,13.3,33.0
2021-22,Regular+Season,DEN,Denver Nuggets,40,23,17,.575,160,46.4,0.479,10.6,30.5,51.1,0.370,11.3,25.3
2021-22,Regular+Season,LAC,LA Clippers,42,24,18,.571,149,59.1,0.488,10.0,29.3,50.8,0.392,11.7,35.2
2021-22,Regular+Season,GSW,Golden State Warriors,42,23,19,.548,148,47.7,0.301,12.3,30.4,45.9,0.432,15.8,32.1
2021-22,Regular+Season,PHI,Philadelphia 76ers,45,24,21,.533,178,50.2,0.484,10.5,27.9,49.0,0.362,11.3,28.7
2021-22,Regular+Season,MIN,Minnesota Timberwolves,38,20,18,.526,127,48.8,0.443,11.5,29.3,48.4,0.400,13.3,37.1
2021-22,Regular+Season,BKN,Brooklyn Nets,42,22,20,.524,163,47.4,0.457,8.9,33.1,46.7,0.411,12.3,28.8
2021-22,Regular+Season,CHA,Charlotte Hornets,37,19,18,.514,163,49.3,0.327,8.4,25.6,52.4,0.485,12.9,34.4
2021-22,Regular+Season,CLE,Cleveland Cavaliers,46,22,24,.478,156,48.3,0.489,11.1,37.5,44.9,0.423,12.9,37.3
2021-22,Regular+Season,ATL,Atlanta Hawks,38,18,20,.474,131,48.9,0.395,10.2,32.1,53.1,0.462,7.5,29.5
2021-22,Regular+Season,LAL,Los Angeles Lakers,47,21,26,.447,209,50.7,0.366,13.2,31.0,51.9,0.365,12.4,28.8
2021-22,Regular+Season,NOP,New Orleans Pelicans,32,14,18,.438,115,50.0,0.527,12.3,30.6,56.3,0.442,7.8,28.8
2021-22,Regular+Season,SAC,Sacramento Kings,40,17,23,.425,156,49.8,0.502,13.4,32.9,53.4,0.418,13.6,30.5
2021-22,Regular+Season,UTA,Utah Jazz,40,17,23,.425,142,48.6,0.435,10.7,30.0,51.5,0.458,13.7,30.7
2021-22,Regular+Season,POR,Portland Trail Blazers,33,14,19,.424,105,44.6,0.426,12.3,43.0,52.7,0.524,15.5,25.7
2021-22,Regular+Season,OKC,Oklahoma City Thunder,38,16,22,.421,147,50.6,0.457,11.1,25.3,48.8,0.395,11.7,38.3
2021-22,Regular+Season,HOU,Houston Rockets,31,13,18,.419,118,51.6,0.476,19.4,32.2,48.4,0.480,9.6,39.3
2021-22,Regular+Season,DET,Detroit Pistons,44,18,26,.409,147,43.9,0.338,15.6,32.9,46.4,0.431,8.8,36.9
2021-22,Regular+Season,NYK,New York Knicks,44,18,26,.409,154,42.6,0.307,11.6,29.5,52.1,0.527,7.4,26.6
2021-22,Regular+Season,ORL,Orlando Magic,33,13,20,.394,126,43.7,0.528,13.6,29.0,44.5,0.367,8.1,26.1
2021-22,Regular+Season,SAS,San Antonio Spurs,39,15,24,.385,147,41.2,0.381,11.7,31.1,44.7,0.496,12.7,37.6
2021-22,Regular+Season,BOS,Boston Celtics,35,13,22,.371,166,44.6,0.398,11.3,23.7,49.3,0.437,13.0,30.4
2021-22,Regular+Season,IND,Indiana Pacers,45,11,34,.244,184,39.7,0.348,12.8,34.9,52.0,0.452,12.2,34.6
2021-22,Playoffs,PHI,Philadelphia 76ers,2,2,0,1.000,11,58.3,0.111,16.7,44.4,54.2,0.333,5.6,10.0
2021-22,Playoffs,PHX,Phoenix Suns,4,3,1,.750,10,70.0,0.800,9.5,60.0,70.0,0.200,15.0,0.0
2021-22,Playoffs,GSW,Golden State Warriors,9,6,3,.667,34,59.5,0.466,10.8,36.7,49.1,0.389,13.0,20.0
2021-22,Playoffs,MIL,Milwaukee Bucks,5,3,2,.600,16,38.3,0.400,18.8,52.4,30.9,0.294,9.1,44.0
2021-22,Playoffs,BOS,Boston Celtics,12,7,5,.583,33,38.0,0.480,14.1,30.6,48.1,0.340,11.3,26.5
2021-22,Playoffs,MIA,Miami Heat,7,4,3,.571,18,51.6,0.281,5.7,26.3,50.0,0.591,15.6,14.3
2021-22,Playoffs,CHI,Chicago Bulls,2,1,1,.500,6,36.7,0.000,7.7,40.0,36.4,0.727,23.1,62.5
2021-22,Playoffs,MEM,Memphis Grizzlies,8,4,4,.500,33,45.8,0.366,5.9,44.4,44.6,0.482,8.6,23.1
2021-22,Playoffs,DAL,Dallas Mavericks,7,3,4,.429,21,62.9,0.355,2.6,11.8,50.0,0.588,7.5,30.4
2021-22,Playoffs,MIN,Minnesota Timberwolves,5,2,3,.400,18,40.0,0.400,5.6,13.6,42.5,0.375,8.8,57.1
2021-22,Playoffs,UTA,Utah Jazz,5,2,3,.400,20,47.0,0.576,7.9,30.4,62.9,0.355,2.6,11.8
2021-22,Playoffs,ATL,Atlanta Hawks,3,1,2,.333,9,42.3,0.462,7.1,25.0,47.4,0.000,5.6,33.3
2021-22,Playoffs,DEN,Denver Nuggets,3,1,2,.333,14,59.4,0.625,25.0,14.3,60.9,0.478,6.7,30.0
2021-22,Playoffs,NOP,New Orleans Pelicans,3,1,2,.333,10,70.0,0.200,15.0,0.0,70.0,0.733,10.0,60.0
2021-22,Playoffs,BKN,Brooklyn Nets,4,0,4,.000,10,34.6,0.308,5.9,0.0,55.9,0.412,9.5,33.3
2021-22,Playoffs,TOR,Toronto Raptors,1,0,1,.000,10,54.2,0.333,5.6,10.0,50.0,0.125,18.8,44.4
2021-22,All+Star,Team LeBron,Team LeBron,1,1,0,1.000,12,54.8,0.095,100,36.4,36.8,0.263,100,38.5
2021-22,All+Star,Team Durant,Team Durant,1,0,1,.000,12,36.8,0.263,100,38.5,54.8,0.095,100,36.4
2022-23,Pre+Season,Adelaide 36ers,Adelaide 36ers,1,1,0,1.000,0,150.0,0.000,0.0,0.0,0.0,0.000,0.0,0.0
2022-23,Pre+Season,DEN,Denver Nuggets,1,1,0,1.000,5,78.6,1.143,7.7,0.0,54.5,0.000,25.0,33.3
2022-23,Pre+Season,IND,Indiana Pacers,1,1,0,1.000,4,108.3,0.000,0.0,0.0,35.7,0.000,28.6,40.0
2022-23,Pre+Season,MIA,Miami Heat,1,1,0,1.000,3,41.7,0.667,12.5,40.0,42.9,0.000,0.0,20.0
2022-23,Pre+Season,MIN,Minnesota Timberwolves,2,2,0,1.000,6,50.0,0.889,18.8,14.3,20.8,0.000,21.4,30.0
2022-23,Pre+Season,NOP,New Orleans Pelicans,3,3,0,1.000,9,55.0,0.500,16.7,41.7,46.9,0.375,15.0,18.2
2022-23,Pre+Season,ORL,Orlando Magic,4,4,0,1.000,16,81.6,1.158,23.7,22.2,43.3,0.067,19.4,15.8
2022-23,Pre+Season,PHI,Philadelphia 76ers,2,2,0,1.000,8,50.0,0.667,13.6,22.2,50.0,0.200,31.6,40.0
2022-23,Pre+Season,SAC,Sacramento Kings,1,1,0,1.000,2,133.3,0.000,40.0,0.0,37.5,0.000,0.0,66.7
2022-23,Pre+Season,TOR,Toronto Raptors,2,2,0,1.000,17,50.0,0.529,2.8,42.9,34.8,0.333,11.8,43.5
2022-23,Pre+Season,GSW,Golden State Warriors,3,2,1,.667,11,50.0,0.538,33.3,28.6,36.7,0.133,39.1,20.0
2022-23,Pre+Season,DAL,Dallas Mavericks,2,1,1,.500,5,68.2,0.000,7.7,20.0,50.0,1.667,8.3,0.0
2022-23,Pre+Season,LAC,LA Clippers,2,1,1,.500,9,42.1,0.158,20.0,42.9,42.3,0.231,29.4,40.0
2022-23,Pre+Season,OKC,Oklahoma City Thunder,2,1,1,.500,9,37.5,1.250,5.3,10.0,47.7,0.045,14.3,38.5
2022-23,Pre+Season,CLE,Cleveland Cavaliers,3,1,2,.333,10,44.0,0.000,20.0,33.3,66.7,0.667,24.0,28.6
2022-23,Pre+Season,LAL,Los Angeles Lakers,3,1,2,.333,12,38.9,0.556,31.0,38.5,18.8,1.375,13.8,21.4
2022-23,Pre+Season,MEM,Memphis Grizzlies,3,1,2,.333,11,63.6,0.227,11.5,30.0,50.0,0.722,20.7,16.7
2022-23,Pre+Season,WAS,Washington Wizards,3,1,2,.333,9,57.1,0.071,31.6,14.3,59.1,0.455,31.6,20.0
2022-23,Pre+Season,PHX,Phoenix Suns,4,1,3,.250,13,39.6,0.417,11.1,37.5,71.1,0.842,18.8,27.3
2022-23,Pre+Season,ATL,Atlanta Hawks,2,0,2,.000,3,50.0,0.667,0.0,0.0,62.5,0.500,0.0,40.0
2022-23,Pre+Season,BOS,Boston Celtics,2,0,2,.000,17,34.8,0.333,11.8,43.5,50.0,0.529,2.8,42.9
2022-23,Pre+Season,CHA,Charlotte Hornets,2,0,2,.000,7,28.6,0.714,35.7,14.3,73.1,0.462,16.7,20.0
2022-23,Pre+Season,CHI,Chicago Bulls,1,0,1,.000,4,60.0,0.200,18.2,40.0,55.0,0.600,16.7,50.0
2022-23,Pre+Season,DET,Detroit Pistons,1,0,1,.000,2,0.0,0.667,20.0,0.0,66.7,0.000,40.0,0.0
2022-23,Pre+Season,MIL,Milwaukee Bucks,1,0,1,.000,3,20.0,0.400,25.0,0.0,80.0,0.800,12.5,100
2022-23,Pre+Season,NYK,New York Knicks,1,0,1,.000,4,35.7,0.000,28.6,40.0,108.3,0.000,0.0,0.0
2022-23,Pre+Season,POR,Portland Trail Blazers,1,0,1,.000,4,20.0,0.600,33.3,60.0,61.1,0.333,22.2,66.7
2022-23,Pre+Season,SAS,San Antonio Spurs,2,0,2,.000,9,31.6,0.105,25.0,28.6,54.2,1.250,10.0,22.2
2022-23,PlayIn,LAL,Los Angeles Lakers,1,1,0,1.000,10,50.0,0.200,28.6,33.3,14.3,0.214,40.0,25.0
2022-23,PlayIn,MIA,Miami Heat,1,1,0,1.000,4,70.0,1.200,11.1,0.0,35.7,0.286,11.1,0.0
2022-23,PlayIn,OKC,Oklahoma City Thunder,1,1,0,1.000,5,33.3,1.333,8.3,66.7,50.0,0.444,15.4,20.0
2022-23,PlayIn,CHI,Chicago Bulls,2,1,1,.500,9,43.3,0.533,5.6,22.2,47.1,0.765,5.3,46.2
2022-23,PlayIn,MIN,Minnesota Timberwolves,1,0,1,.000,10,14.3,0.214,40.0,25.0,50.0,0.200,28.6,33.3
2022-23,PlayIn,NOP,New Orleans Pelicans,1,0,1,.000,5,50.0,0.444,15.4,20.0,33.3,1.333,8.3,66.7
2022-23,PlayIn,TOR,Toronto Raptors,1,0,1,.000,5,37.5,0.583,0.0,60.0,50.0,0.750,0.0,50.0
2023-24,Regular+Season,LAL,Los Angeles Lakers,33,24,9,.727,144,52.2,0.652,11.1,32.0,50.2,0.230,11.1,33.5
2023-24,Regular+Season,DAL,Dallas Mavericks,32,23,9,.719,106,57.3,0.415,7.2,30.3,51.2,0.419,12.4,29.7
2023-24,Regular+Season,DEN,Denver Nuggets,40,26,14,.650,135,59.1,0.513,12.5,37.1,44.6,0.419,10.8,25.2
2023-24,Regular+Season,BOS,Boston Celtics,33,21,12,.636,127,52.4,0.524,10.0,33.6,47.2,0.327,10.9,33.6
2023-24,Regular+Season,OKC,Oklahoma City Thunder,38,24,14,.632,131,59.2,0.484,11.6,32.2,51.7,0.433,12.5,38.1
2023-24,Regular+Season,CHI,Chicago Bulls,44,27,17,.614,210,54.8,0.429,10.8,30.2,43.8,0.422,15.9,33.6
2023-24,Regular+Season,ORL,Orlando Magic,35,21,14,.600,133,43.2,0.445,13.1,39.7,44.6,0.453,11.6,33.3
2023-24,Regular+Season,MIN,Minnesota Timberwolves,36,21,15,.583,146,50.2,0.502,13.9,31.5,52.8,0.498,9.6,27.3
2023-24,Regular+Season,MIL,Milwaukee Bucks,40,23,17,.575,147,52.3,0.559,10.6,31.9,48.8,0.413,14.2,29.6
2023-24,Regular+Season,LAC,LA Clippers,40,22,18,.550,126,51.2,0.521,11.6,36.5,48.6,0.377,14.9,39.7
2023-24,Regular+Season,MIA,Miami Heat,42,22,20,.524,150,42.8,0.383,10.7,29.3,53.3,0.454,13.2,27.1
2023-24,Regular+Season,NYK,New York Knicks,33,17,16,.515,110,49.3,0.477,8.5,41.5,48.3,0.438,13.7,25.0
2023-24,Regular+Season,SAC,Sacramento Kings,39,20,19,.513,170,50.5,0.409,12.7,34.8,49.3,0.367,13.5,29.1
2023-24,Regular+Season,GSW,Golden State Warriors,48,24,24,.500,159,52.9,0.287,9.5,34.1,52.6,0.521,14.6,38.7
2023-24,Regular+Season,PHI,Philadelphia 76ers,36,18,18,.500,133,51.1,0.472,10.8,31.7,50.4,0.549,13.7,35.3
2023-24,Regular+Season,PHX,Phoenix Suns,41,20,21,.488,145,46.7,0.407,10.7,28.3,44.5,0.395,12.9,43.3
2023-24,Regular+Season,IND,Indiana Pacers,37,18,19,.486,128,55.3,0.346,11.8,32.3,56.0,0.558,12.7,34.4
2023-24,Regular+Season,UTA,Utah Jazz,33,16,17,.485,131,53.8,0.384,16.0,42.4,46.4,0.362,9.8,34.4
2023-24,Regular+Season,NOP,New Orleans Pelicans,29,14,15,.483,94,49.7,0.442,16.0,32.3,50.7,0.592,9.9,34.8
2023-24,Regular+Season,CLE,Cleveland Cavaliers,42,20,22,.476,154,49.8,0.444,14.7,29.8,47.7,0.410,9.5,33.1
2023-24,Regular+Season,POR,Portland Trail Blazers,37,17,20,.459,153,50.4,0.372,18.6,43.2,44.7,0.435,11.9,32.1
2023-24,Regular+Season,ATL,Atlanta Hawks,47,21,26,.447,176,43.0,0.481,10.2,32.4,55.6,0.438,11.7,34.3
2023-24,Regular+Season,BKN,Brooklyn Nets,35,15,20,.429,161,49.8,0.397,10.1,29.1,50.2,0.385,10.1,36.5
2023-24,Regular+Season,CHA,Charlotte Hornets,35,15,20,.429,125,53.5,0.422,12.1,28.1,51.8,0.447,13.1,37.2
2023-24,Regular+Season,HOU,Houston Rockets,40,17,23,.425,148,48.3,0.422,7.7,36.8,57.5,0.498,14.2,40.0
2023-24,Regular+Season,MEM,Memphis Grizzlies,36,15,21,.417,130,42.9,0.420,16.5,37.1,46.8,0.379,13.4,41.1
2023-24,Regular+Season,TOR,Toronto Raptors,42,17,25,.405,153,50.6,0.451,12.6,34.9,51.6,0.444,9.3,26.6
2023-24,Regular+Season,SAS,San Antonio Spurs,41,13,28,.317,155,45.4,0.494,15.1,36.3,52.4,0.385,10.4,28.4
2023-24,Regular+Season,WAS,Washington Wizards,37,9,28,.243,115,40.3,0.238,14.2,30.6,53.6,0.556,9.3,43.5
2023-24,Regular+Season,DET,Detroit Pistons,35,8,27,.229,114,41.6,0.291,13.9,31.6,56.6,0.622,9.4,28.6
2023-24,Playoffs,BOS,Boston Celtics,6,6,0,1.000,24,54.3,0.348,11.5,36.0,41.9,0.270,20.0,20.8
2023-24,Playoffs,NYK,New York Knicks,8,6,2,.750,38,53.7,0.552,10.7,40.5,42.6,0.541,16.9,46.3
2023-24,Playoffs,DEN,Denver Nuggets,5,3,2,.600,13,72.2,0.278,9.5,33.3,60.7,0.214,0.0,46.2
2023-24,Playoffs,OKC,Oklahoma City Thunder,5,3,2,.600,21,52.9,0.343,15.2,28.6,43.4,0.526,17.8,43.3
2023-24,Playoffs,MIN,Minnesota Timberwolves,7,4,3,.571,25,59.0,0.538,14.0,36.4,57.1,0.371,23.9,47.6
2023-24,Playoffs,DAL,Dallas Mavericks,11,6,5,.545,45,52.1,0.549,14.4,40.8,58.1,0.456,11.4,27.8
2023-24,Playoffs,LAC,LA Clippers,2,1,1,.500,7,94.4,0.889,0.0,0.0,59.1,1.000,6.3,57.1
2023-24,Playoffs,ORL,Orlando Magic,2,1,1,.500,10,52.6,0.632,4.8,46.2,53.8,0.462,16.7,28.6
2023-24,Playoffs,CLE,Cleveland Cavaliers,3,1,2,.333,11,50.0,0.429,15.0,25.0,54.3,0.565,4.0,46.7
2023-24,Playoffs,IND,Indiana Pacers,7,2,5,.286,40,43.5,0.362,19.0,44.4,56.2,0.431,11.0,32.4
2023-24,Playoffs,PHI,Philadelphia 76ers,5,1,4,.200,26,40.7,0.535,14.9,46.7,50.0,0.542,10.7,41.9
2023-24,Playoffs,LAL,Los Angeles Lakers,3,0,3,.000,9,61.8,0.118,0.0,14.3,73.3,0.267,6.3,40.0
2023-24,Playoffs,MIL,Milwaukee Bucks,1,0,1,.000,10,53.6,0.286,5.9,12.5,36.4,0.273,6.3,62.5
2023-24,Playoffs,NOP,New Orleans Pelicans,2,0,2,.000,6,29.2,0.000,30.8,44.4,43.8,0.375,28.6,0.0
2023-24,Playoffs,PHX,Phoenix Suns,1,0,1,.000,3,50.0,1.000,37.5,75.0,100,0.833,10.0,0.0
2023-24,PlayIn,LAL,Los Angeles Lakers,1,1,0,1.000,5,56.3,1.000,9.1,50.0,77.8,0.222,9.1,50.0
2023-24,PlayIn,PHI,Philadelphia 76ers,1,1,0,1.000,5,45.0,1.000,0.0,50.0,72.7,0.091,16.7,40.0
2023-24,PlayIn,MIA,Miami Heat,1,0,1,.000,5,72.7,0.091,16.7,40.0,45.0,1.000,0.0,50.0
2023-24,PlayIn,NOP,New Orleans Pelicans,1,0,1,.000,5,77.8,0.222,9.1,50.0,56.3,1.000,9.1,50.0
2023-24,IST,BKN,Brooklyn Nets,2,2,0,1.000,8,83.3,0.583,12.5,16.7,39.5,0.211,0.0,38.5
2023-24,IST,DAL,Dallas Mavericks,1,1,0,1.000,3,56.3,0.500,0.0,25.0,50.0,0.000,16.7,0.0
2023-24,IST,IND,Indiana Pacers,6,6,0,1.000,21,74.4,0.439,11.8,35.3,44.6,0.714,16.7,26.3
2023-24,IST,LAL,Los Angeles Lakers,2,2,0,1.000,10,47.4,0.526,5.0,50.0,41.2,0.176,10.5,20.0
2023-24,IST,MIN,Minnesota Timberwolves,3,3,0,1.000,10,53.1,0.688,18.2,50.0,45.2,0.143,4.8,23.1
2023-24,IST,ORL,Orlando Magic,1,1,0,1.000,5,35.0,0.700,9.1,42.9,68.8,0.375,10.0,0.0
2023-24,IST,POR,Portland Trail Blazers,1,1,0,1.000,6,75.0,1.125,25.0,50.0,40.9,0.182,28.6,42.9
2023-24,IST,SAC,Sacramento Kings,3,3,0,1.000,7,50.0,0.533,6.3,36.4,40.0,0.400,28.6,37.5
2023-24,IST,MIL,Milwaukee Bucks,4,3,1,.750,18,56.7,0.867,12.2,29.4,52.7,0.216,7.3,30.4
2023-24,IST,NOP,New Orleans Pelicans,3,2,1,.667,9,62.5,0.667,28.6,33.3,35.3,0.588,5.6,42.9
2023-24,IST,ATL,Atlanta Hawks,2,1,1,.500,10,78.6,0.643,13.0,0.0,72.2,0.000,23.8,28.6
2023-24,IST,BOS,Boston Celtics,2,1,1,.500,10,53.6,0.429,10.5,12.5,59.4,0.625,0.0,20.0
2023-24,IST,CHA,Charlotte Hornets,2,1,1,.500,8,53.8,0.231,15.4,57.1,35.3,0.412,6.3,46.2
2023-24,IST,CLE,Cleveland Cavaliers,2,1,1,.500,15,41.3,0.652,18.8,43.8,48.3,0.300,9.4,29.4
2023-24,IST,DEN,Denver Nuggets,2,1,1,.500,9,44.4,0.444,10.0,50.0,46.4,0.571,15.0,22.2
2023-24,IST,GSW,Golden State Warriors,4,2,2,.500,15,50.0,0.720,18.4,29.4,40.4,0.654,17.1,36.8
2023-24,IST,NYK,New York Knicks,2,1,1,.500,7,50.0,0.467,0.0,18.2,31.8,0.909,11.8,0.0
2023-24,IST,UTA,Utah Jazz,2,1,1,.500,7,41.7,0.333,15.4,37.5,30.8,0.385,13.3,40.0
2023-24,IST,HOU,Houston Rockets,3,1,2,.333,12,47.4,0.579,16.0,28.6,46.0,0.440,13.3,26.7
2023-24,IST,LAC,LA Clippers,3,1,2,.333,11,33.3,0.333,4.8,26.7,55.9,0.529,18.2,50.0
2023-24,IST,MIA,Miami Heat,3,1,2,.333,11,42.5,0.500,7.7,14.3,58.8,0.706,8.3,20.0
2023-24,IST,PHX,Phoenix Suns,3,1,2,.333,13,45.2,0.333,11.5,25.0,45.7,0.522,4.2,46.7
2023-24,IST,CHI,Chicago Bulls,2,0,2,.000,10,52.4,0.238,5.0,30.8,55.9,0.529,15.0,40.0
2023-24,IST,DET,Detroit Pistons,2,0,2,.000,5,35.0,0.000,20.0,28.6,68.8,0.750,15.4,25.0
2023-24,IST,MEM,Memphis Grizzlies,2,0,2,.000,11,30.0,0.150,22.7,40.0,59.4,0.688,24.0,44.4
2023-24,IST,OKC,Oklahoma City Thunder,3,0,3,.000,11,50.0,0.471,9.5,33.3,59.4,0.813,9.5,50.0
2023-24,IST,PHI,Philadelphia 76ers,2,0,2,.000,13,40.0,0.200,8.7,37.5,60.0,0.700,16.7,44.4
2023-24,IST,SAS,San Antonio Spurs,3,0,3,.000,3,0.0,0.750,0.0,25.0,87.5,2.750,9.1,0.0
2023-24,IST,TOR,Toronto Raptors,2,0,2,.000,8,35.7,0.571,0.0,20.0,60.7,0.500,5.6,12.5
2023-24,IST,WAS,Washington Wizards,2,0,2,.000,9,44.4,0.167,10.5,38.5,62.5,0.500,5.3,60.0
2024-25,Pre+Season,GSW,Golden State Warriors,2,2,0,1.000,9,70.8,0.667,17.6,33.3,36.8,0.105,6.3,38.5
2024-25,Pre+Season,WAS,Washington Wizards,1,1,0,1.000,5,70.0,0.200,0.0,25.0,50.0,0.750,18.2,40.0
2024-25,Pre+Season,MEM,Memphis Grizzlies,4,3,1,.750,13,52.2,0.826,9.7,37.5,50.0,0.600,16.1,7.1
2024-25,Pre+Season,MIA,Miami Heat,4,3,1,.750,16,50.0,0.467,19.5,40.0,43.8,0.667,27.8,31.6
2024-25,Pre+Season,NYK,New York Knicks,4,3,1,.750,13,47.6,0.571,22.6,30.8,65.0,0.600,7.1,18.2
2024-25,Pre+Season,UTA,Utah Jazz,4,3,1,.750,9,55.0,1.500,10.5,20.0,56.3,0.000,13.6,58.3
2024-25,Pre+Season,BOS,Boston Celtics,3,2,1,.667,8,61.5,0.846,8.3,0.0,45.8,0.917,15.0,20.0
2024-25,Pre+Season,LAL,Los Angeles Lakers,3,2,1,.667,14,66.7,0.381,18.8,18.2,50.0,0.400,11.4,27.8
2024-25,Pre+Season,OKC,Oklahoma City Thunder,3,2,1,.667,12,41.7,0.611,14.3,8.3,37.0,0.435,16.0,38.9
2024-25,Pre+Season,PHX,Phoenix Suns,3,2,1,.667,14,58.1,0.323,11.1,25.0,50.0,0.286,13.8,14.3
2024-25,Pre+Season,TOR,Toronto Raptors,3,2,1,.667,5,50.0,1.143,15.4,25.0,60.0,0.700,0.0,40.0
2024-25,Pre+Season,CHI,Chicago Bulls,5,3,2,.600,29,47.5,0.417,13.9,30.0,43.9,0.509,17.1,46.2
2024-25,Pre+Season,ATL,Atlanta Hawks,2,1,1,.500,10,47.5,0.250,18.2,35.7,41.7,1.333,16.0,0.0
2024-25,Pre+Season,HOU,Houston Rockets,2,1,1,.500,6,45.8,0.750,7.7,50.0,37.5,0.167,7.7,12.5
2024-25,Pre+Season,LAC,LA Clippers,2,1,1,.500,10,45.0,0.100,5.6,33.3,67.9,0.429,15.8,37.5
2024-25,Pre+Season,MIL,Milwaukee Bucks,2,1,1,.500,7,40.0,0.267,22.2,45.5,60.0,0.700,26.3,0.0
2024-25,Pre+Season,NOP,New Orleans Pelicans,2,1,1,.500,9,56.3,0.813,17.4,16.7,36.1,0.444,13.6,33.3
2024-25,Pre+Season,SAS,San Antonio Spurs,4,2,2,.500,9,62.5,0.300,17.4,45.5,58.8,0.588,4.3,20.0
2024-25,Pre+Season,DEN,Denver Nuggets,3,1,2,.333,8,45.0,1.000,16.7,11.1,71.4,0.286,10.0,0.0
2024-25,Pre+Season,IND,Indiana Pacers,3,1,2,.333,11,52.6,0.632,4.3,36.4,63.2,0.526,25.0,50.0
2024-25,Pre+Season,CHA,Charlotte Hornets,4,1,3,.250,18,51.7,0.586,23.8,30.0,45.6,0.441,14.6,39.1
2024-25,Pre+Season,MIN,Minnesota Timberwolves,4,1,3,.250,11,45.0,0.250,8.3,25.0,55.9,0.529,20.0,20.0
2024-25,Pre+Season,BKN,Brooklyn Nets,1,0,1,.000,1,70.0,0.000,0.0,100,100,4.000,25.0,0.0
2024-25,Pre+Season,CLE,Cleveland Cavaliers,2,0,2,.000,13,38.9,0.481,18.8,52.6,45.3,0.344,14.7,47.6
2024-25,Pre+Season,DAL,Dallas Mavericks,2,0,2,.000,5,25.0,0.875,8.3,28.6,37.5,0.750,0.0,50.0
2024-25,Pre+Season,ORL,Orlando Magic,2,0,2,.000,6,42.3,0.385,0.0,12.5,65.4,0.538,12.5,22.2
2024-25,Pre+Season,PHI,Philadelphia 76ers,1,0,1,.000,4,0.0,0.000,50.0,0.0,55.6,0.000,0.0,20.0
2024-25,Pre+Season,POR,Portland Trail Blazers,1,0,1,.000,4,66.7,0.667,10.0,33.3,55.0,0.000,10.0,20.0
2024-25,Pre+Season,SAC,Sacramento Kings,2,0,2,.000,9,43.2,0.000,15.8,50.0,72.2,1.556,16.7,33.3
2024-25,Regular+Season,BOS,Boston Celtics,35,24,11,.686,139,58.1,0.423,10.7,33.1,50.7,0.507,12.4,35.2
2024-25,Regular+Season,CLE,Cleveland Cavaliers,38,26,12,.684,135,52.5,0.570,11.8,41.1,43.8,0.468,10.9,34.4
2024-25,Regular+Season,OKC,Oklahoma City Thunder,24,16,8,.667,66,54.1,0.555,8.8,28.4,46.6,0.558,17.1,39.2
2024-25,Regular+Season,IND,Indiana Pacers,38,24,14,.632,169,55.7,0.496,10.3,26.0,45.5,0.477,13.6,29.1
2024-25,Regular+Season,NYK,New York Knicks,31,19,12,.613,160,51.8,0.294,9.8,32.5,49.6,0.438,16.5,35.4
2024-25,Regular+Season,HOU,Houston Rockets,44,26,18,.591,157,43.8,0.553,12.7,38.4,47.4,0.547,14.8,35.0
2024-25,Regular+Season,LAL,Los Angeles Lakers,39,23,16,.590,119,57.8,0.452,11.4,27.0,55.6,0.337,12.7,26.4
2024-25,Regular+Season,MIL,Milwaukee Bucks,41,24,17,.585,159,47.8,0.452,13.1,22.9,45.5,0.379,14.5,23.2
2024-25,Regular+Season,DEN,Denver Nuggets,37,21,16,.568,146,60.3,0.488,11.7,35.7,52.0,0.391,13.0,32.4
2024-25,Regular+Season,GSW,Golden State Warriors,45,25,20,.556,145,46.1,0.537,12.5,39.9,53.0,0.494,11.0,22.3
2024-25,Regular+Season,PHX,Phoenix Suns,40,21,19,.525,141,50.4,0.531,11.6,35.8,52.8,0.474,9.6,37.3
2024-25,Regular+Season,ORL,Orlando Magic,35,18,17,.514,120,46.1,0.550,9.1,24.4,46.1,0.482,17.6,32.6
2024-25,Regular+Season,LAC,LA Clippers,37,19,18,.514,139,49.3,0.599,17.6,34.8,50.2,0.533,13.2,29.8
2024-25,Regular+Season,MEM,Memphis Grizzlies,37,19,18,.514,132,49.6,0.435,11.9,31.9,46.7,0.436,17.1,44.1
2024-25,Regular+Season,ATL,Atlanta Hawks,41,21,20,.512,160,51.8,0.509,12.4,36.1,52.2,0.391,13.7,28.4
2024-25,Regular+Season,CHI,Chicago Bulls,34,17,17,.500,118,54.0,0.418,14.5,36.8,49.5,0.236,12.8,26.4
2024-25,Regular+Season,DAL,Dallas Mavericks,40,20,20,.500,142,50.0,0.490,12.7,34.2,51.4,0.402,13.3,37.8
2024-25,Regular+Season,DET,Detroit Pistons,44,21,23,.477,150,52.9,0.527,16.4,32.2,54.8,0.463,13.0,34.8
2024-25,Regular+Season,SAS,San Antonio Spurs,37,17,20,.459,138,50.6,0.332,15.6,30.1,48.0,0.349,14.3,37.7
2024-25,Regular+Season,POR,Portland Trail Blazers,33,15,18,.455,122,50.2,0.414,13.1,37.0,57.3,0.560,9.8,23.5
2024-25,Regular+Season,SAC,Sacramento Kings,42,19,23,.452,179,52.0,0.391,8.9,31.5,51.8,0.452,12.8,31.8
2024-25,Regular+Season,WAS,Washington Wizards,29,13,16,.448,85,50.7,0.327,10.4,19.8,50.3,0.500,9.9,30.3
2024-25,Regular+Season,BKN,Brooklyn Nets,38,17,21,.447,145,50.2,0.368,18.0,35.4,47.0,0.574,9.4,37.5
2024-25,Regular+Season,MIN,Minnesota Timberwolves,46,20,26,.435,177,48.5,0.442,14.3,34.6,51.1,0.479,10.1,30.1
2024-25,Regular+Season,PHI,Philadelphia 76ers,36,15,21,.417,133,45.5,0.565,11.6,28.4,54.3,0.470,15.1,39.3
2024-25,Regular+Season,NOP,New Orleans Pelicans,34,14,20,.412,130,50.7,0.426,10.9,28.7,47.4,0.563,14.4,34.0
2024-25,Regular+Season,CHA,Charlotte Hornets,38,14,24,.368,152,46.4,0.447,17.2,40.7,48.5,0.538,9.9,34.3
2024-25,Regular+Season,MIA,Miami Heat,42,14,28,.333,195,45.8,0.277,11.8,26.4,55.5,0.302,14.9,32.2
2024-25,Regular+Season,TOR,Toronto Raptors,32,10,22,.313,127,49.3,0.365,14.0,33.8,49.4,0.468,8.4,37.1
2024-25,Regular+Season,UTA,Utah Jazz,33,8,25,.242,134,46.7,0.446,16.8,42.8,57.3,0.440,9.1,37.6
2024-25,Playoffs,IND,Indiana Pacers,11,9,2,.818,39,53.2,0.397,5.0,43.5,50.9,0.586,19.0,38.9
2024-25,Playoffs,MIN,Minnesota Timberwolves,5,4,1,.800,17,69.4,0.452,13.5,43.8,50.0,0.385,14.3,16.7
2024-25,Playoffs,GSW,Golden State Warriors,4,3,1,.750,10,40.5,0.333,5.6,50.0,57.1,0.357,20.0,33.3
2024-25,Playoffs,NYK,New York Knicks,11,7,4,.636,49,50.6,0.518,12.8,34.0,44.5,0.402,16.8,32.7
2024-25,Playoffs,OKC,Oklahoma City Thunder,10,6,4,.600,36,50.8,0.661,8.2,24.3,45.4,0.431,10.5,37.0
2024-25,Playoffs,DEN,Denver Nuggets,8,4,4,.500,35,45.2,0.452,13.0,46.5,54.1,0.246,12.7,29.4
2024-25,Playoffs,LAC,LA Clippers,4,2,2,.500,19,64.8,0.148,20.0,23.1,45.3,0.500,20.0,56.5
2024-25,Playoffs,ORL,Orlando Magic,2,1,1,.500,6,25.0,0.250,0.0,33.3,44.4,0.667,9.1,40.0
2024-25,Playoffs,DET,Detroit Pistons,5,2,3,.400,22,61.3,0.452,22.7,26.7,57.9,0.474,8.0,28.0
2024-25,Playoffs,CLE,Cleveland Cavaliers,4,1,3,.250,8,73.1,0.462,10.0,20.0,67.6,0.235,6.7,55.6
2024-25,Playoffs,BOS,Boston Celtics,5,1,4,.200,21,23.4,0.406,14.3,38.5,42.1,0.237,5.4,33.3
2024-25,Playoffs,HOU,Houston Rockets,3,0,3,.000,7,44.4,0.222,9.1,16.7,50.0,0.294,0.0,60.0
2024-25,Playoffs,LAL,Los Angeles Lakers,3,0,3,.000,11,43.8,0.063,11.8,16.7,75.0,0.389,5.0,28.6
2024-25,Playoffs,MEM,Memphis Grizzlies,2,0,2,.000,7,45.8,0.167,25.0,22.2,50.0,1.556,5.9,0.0
2024-25,Playoffs,MIA,Miami Heat,1,0,1,.000,4,42.9,0.000,14.3,25.0,71.4,0.429,0.0,0.0
2024-25,Playoffs,MIL,Milwaukee Bucks,2,0,2,.000,12,62.5,0.150,18.2,38.5,50.0,0.200,0.0,42.9
2024-25,PlayIn,GSW,Golden State Warriors,1,1,0,1.000,5,57.1,0.571,25.0,0.0,35.7,1.000,25.0,42.9
2024-25,PlayIn,MIA,Miami Heat,1,1,0,1.000,7,78.6,0.143,6.7,33.3,45.5,0.000,15.4,0.0
2024-25,PlayIn,ATL,Atlanta Hawks,1,0,1,.000,7,45.5,0.000,15.4,0.0,78.6,0.143,6.7,33.3
2024-25,PlayIn,MEM,Memphis Grizzlies,1,0,1,.000,5,35.7,1.000,25.0,42.9,57.1,0.571,25.0,0.0
2024-25,IST,DET,Detroit Pistons,2,2,0,1.000,8,64.3,1.714,40.0,25.0,34.4,0.313,11.1,36.4
2024-25,IST,HOU,Houston Rockets,2,2,0,1.000,12,38.1,0.190,4.2,14.3,27.3,0.318,25.0,47.1
2024-25,IST,MIL,Milwaukee Bucks,3,3,0,1.000,15,65.0,0.900,17.1,9.1,36.5,0.577,0.0,14.3
2024-25,IST,NYK,New York Knicks,2,2,0,1.000,7,53.6,0.643,0.0,25.0,50.0,0.636,23.1,62.5
2024-25,IST,OKC,Oklahoma City Thunder,1,1,0,1.000,5,50.0,0.556,0.0,14.3,58.3,0.500,22.2,0.0
2024-25,IST,BOS,Boston Celtics,4,3,1,.750,10,94.7,0.421,14.8,33.3,47.1,0.294,5.9,36.4
2024-25,IST,DAL,Dallas Mavericks,3,2,1,.667,12,52.2,0.565,10.3,28.6,45.8,0.333,7.4,23.5
2024-25,IST,MIN,Minnesota Timberwolves,3,2,1,.667,24,42.7,0.268,17.0,38.5,44.4,0.111,10.9,25.0
2024-25,IST,GSW,Golden State Warriors,5,3,2,.600,12,50.0,0.650,21.9,33.3,47.1,0.588,14.8,9.1
2024-25,IST,ATL,Atlanta Hawks,2,1,1,.500,10,40.0,0.200,5.0,23.1,75.0,0.571,21.7,28.6
2024-25,IST,BKN,Brooklyn Nets,2,1,1,.500,8,53.8,0.385,13.3,42.9,38.9,0.333,11.1,46.2
2024-25,IST,CLE,Cleveland Cavaliers,2,1,1,.500,2,25.0,1.750,0.0,50.0,90.0,0.400,0.0,0.0
2024-25,IST,DEN,Denver Nuggets,4,2,2,.500,11,41.2,0.706,14.3,38.5,47.5,0.400,7.7,18.2
2024-25,IST,LAL,Los Angeles Lakers,2,1,1,.500,10,60.7,0.500,15.8,12.5,50.0,0.389,5.0,25.0
2024-25,IST,NOP,New Orleans Pelicans,2,1,1,.500,4,75.0,0.375,0.0,0.0,100,9.000,44.4,33.3
2024-25,IST,ORL,Orlando Magic,2,1,1,.500,6,50.0,0.917,0.0,20.0,58.3,1.833,20.0,0.0
2024-25,IST,PHI,Philadelphia 76ers,2,1,1,.500,6,83.3,1.833,20.0,0.0,54.5,0.545,21.4,50.0
2024-25,IST,TOR,Toronto Raptors,2,1,1,.500,4,25.0,1.500,0.0,0.0,25.0,1.500,25.0,66.7
2024-25,IST,CHA,Charlotte Hornets,3,0,3,.000,14,44.0,0.600,24.1,61.1,69.0,0.952,9.4,22.2
2024-25,IST,CHI,Chicago Bulls,2,0,2,.000,2,0.0,0.000,0.0,0.0,83.3,0.833,12.5,100
2024-25,IST,IND,Indiana Pacers,1,0,1,.000,1,0.0,2.000,50.0,100,100,4.000,0.0,0.0
2024-25,IST,LAC,LA Clippers,1,0,1,.000,5,43.8,0.125,33.3,40.0,31.3,0.250,20.0,33.3
2024-25,IST,MEM,Memphis Grizzlies,3,0,3,.000,4,31.3,0.000,0.0,16.7,60.0,0.600,0.0,71.4
2024-25,IST,MIA,Miami Heat,2,0,2,.000,11,47.7,0.227,8.3,38.5,80.0,1.200,37.5,0.0
2024-25,IST,SAC,Sacramento Kings,1,0,1,.000,10,50.0,0.105,11.1,36.4,66.7,0.222,10.0,37.5
2024-25,IST,SAS,San Antonio Spurs,1,0,1,.000,5,50.0,0.222,10.0,40.0,62.5,0.500,10.0,25.0
2024-25,IST,WAS,Washington Wizards,1,0,1,.000,1,0.0,0.000,0.0,0.0,100,0.333,0.0,0.0
2025-26,Pre+Season,HOU,Houston Rockets,2,2,0,1.000,4,60.0,0.200,10.0,40.0,50.0,0.400,28.6,33.3
2025-26,Pre+Season,IND,Indiana Pacers,1,1,0,1.000,6,28.6,0.357,7.7,41.7,59.1,0.455,0.0,33.3
2025-26,Pre+Season,NYK,New York Knicks,2,2,0,1.000,9,50.0,0.125,6.3,36.4,20.8,0.167,7.1,10.0
2025-26,Pre+Season,OKC,Oklahoma City Thunder,3,3,0,1.000,14,54.3,0.522,10.0,20.0,28.3,0.435,17.2,30.0
2025-26,Pre+Season,ORL,Orlando Magic,1,1,0,1.000,4,62.5,0.375,22.2,100,41.7,0.333,14.3,25.0
2025-26,Pre+Season,SAS,San Antonio Spurs,2,2,0,1.000,15,56.5,0.522,18.8,41.7,37.5,0.071,13.3,21.1
2025-26,Pre+Season,CHI,Chicago Bulls,4,3,1,.750,16,46.3,0.325,5.7,46.4,46.3,0.407,17.6,28.6
2025-26,Pre+Season,MIL,Milwaukee Bucks,4,3,1,.750,18,63.6,0.545,22.9,9.1,27.6,0.552,17.6,36.0
2025-26,Pre+Season,ATL,Atlanta Hawks,3,2,1,.667,12,37.0,0.556,3.7,38.1,54.0,0.200,20.8,76.9
2025-26,Pre+Season,DEN,Denver Nuggets,3,2,1,.667,14,47.9,0.458,12.9,23.5,28.6,0.250,14.8,36.4
2025-26,Pre+Season,GSW,Golden State Warriors,3,2,1,.667,9,58.8,0.765,9.5,62.5,43.3,0.800,19.0,50.0
2025-26,Pre+Season,PHX,Phoenix Suns,3,2,1,.667,14,47.8,0.435,12.9,20.0,54.8,0.524,27.3,25.0
2025-26,Pre+Season,TOR,Toronto Raptors,5,3,2,.600,17,43.5,0.258,18.9,31.6,62.5,0.900,23.8,16.7
2025-26,Pre+Season,BOS,Boston Celtics,2,1,1,.500,5,71.4,0.857,31.3,25.0,61.1,0.222,21.4,0.0
2025-26,Pre+Season,LAC,LA Clippers,2,1,1,.500,8,38.5,0.692,12.5,44.4,52.6,0.158,6.3,54.5
2025-26,Pre+Season,NOP,New Orleans Pelicans,2,1,1,.500,4,41.7,0.667,14.3,50.0,38.9,0.222,0.0,33.3
2025-26,Pre+Season,SAC,Sacramento Kings,2,1,1,.500,10,55.0,0.500,10.0,54.5,47.1,0.706,18.2,54.5
2025-26,Pre+Season,UTA,Utah Jazz,2,1,1,.500,14,39.3,0.321,9.7,26.3,53.8,0.308,12.1,23.1
2025-26,Pre+Season,BKN,Brooklyn Nets,3,1,2,.333,18,56.0,0.600,26.8,21.4,53.6,0.500,12.8,17.6
2025-26,Pre+Season,CHA,Charlotte Hornets,3,1,2,.333,4,25.0,1.250,12.5,40.0,64.3,0.857,10.0,50.0
2025-26,Pre+Season,POR,Portland Trail Blazers,4,1,3,.250,15,40.7,0.593,18.9,33.3,58.3,1.000,13.9,36.4
2025-26,Pre+Season,CLE,Cleveland Cavaliers,2,0,2,.000,9,36.8,0.368,13.6,25.0,52.4,0.476,9.1,42.9
2025-26,Pre+Season,DAL,Dallas Mavericks,1,0,1,.000,0,0.0,0.000,0.0,0.0,0.0,0.000,0.0,0.0
2025-26,Pre+Season,DET,Detroit Pistons,1,0,1,.000,5,20.0,0.500,18.2,37.5,80.0,1.200,27.3,0.0
2025-26,Pre+Season,LAL,Los Angeles Lakers,2,0,2,.000,6,40.9,0.364,16.7,57.1,61.5,0.385,0.0,57.1
2025-26,Pre+Season,Melbourne United,Melbourne United,1,0,1,.000,1,0.0,0.000,0.0,50.0,0.0,1.000,0.0,50.0
2025-26,Pre+Season,MEM,Memphis Grizzlies,1,0,1,.000,2,50.0,1.500,0.0,0.0,58.3,0.833,0.0,50.0
2025-26,Pre+Season,MIA,Miami Heat,4,0,4,.000,21,43.4,0.211,24.4,52.0,42.3,0.538,13.3,44.4
2025-26,Pre+Season,MIN,Minnesota Timberwolves,3,0,3,.000,17,42.3,0.269,9.7,27.8,47.4,0.179,5.9,44.4
2025-26,Pre+Season,WAS,Washington Wizards,1,0,1,.000,2,33.3,1.333,0.0,50.0,20.0,0.000,20.0,25.0
2025-26,Regular+Season,LAL,Los Angeles Lakers,13,13,0,1.000,30,61.3,0.660,9.9,34.6,39.8,0.306,12.7,36.1
2025-26,Regular+Season,OKC,Oklahoma City Thunder,15,11,4,.733,79,51.3,0.538,2.8,36.7,48.8,0.425,16.8,32.9
2025-26,Regular+Season,DET,Detroit Pistons,23,16,7,.696,85,48.2,0.494,12.3,42.3,42.9,0.536,13.9,27.6
2025-26,Regular+Season,SAS,San Antonio Spurs,19,13,6,.684,70,55.9,0.617,11.3,43.4,48.8,0.444,9.7,35.0
2025-26,Regular+Season,TOR,Toronto Raptors,19,13,6,.684,66,42.5,0.317,7.9,33.7,43.8,0.295,13.0,38.7
2025-26,Regular+Season,ORL,Orlando Magic,21,13,8,.619,93,41.9,0.411,7.1,37.4,49.7,0.503,13.4,32.7
2025-26,Regular+Season,CHI,Chicago Bulls,22,13,9,.591,93,52.5,0.472,11.9,30.5,50.0,0.326,7.5,30.8
2025-26,Regular+Season,PHI,Philadelphia 76ers,23,13,10,.565,111,51.0,0.361,11.9,32.5,45.1,0.256,16.0,37.6
2025-26,Regular+Season,MIA,Miami Heat,16,9,7,.563,45,49.3,0.600,10.2,19.5,44.7,0.368,13.4,50.0
2025-26,Regular+Season,MIN,Minnesota Timberwolves,16,9,7,.563,67,58.5,0.518,17.6,29.0,44.6,0.843,12.1,31.0
2025-26,Regular+Season,PHX,Phoenix Suns,16,9,7,.563,61,60.2,0.631,10.9,35.8,47.1,0.648,13.8,32.8
2025-26,Regular+Season,UTA,Utah Jazz,16,9,7,.563,73,51.2,0.488,13.9,34.2,42.6,0.519,12.7,37.9
2025-26,Regular+Season,POR,Portland Trail Blazers,24,13,11,.542,98,59.2,0.776,17.3,31.1,52.9,0.503,11.6,32.1
2025-26,Regular+Season,NYK,New York Knicks,15,8,7,.533,46,54.1,0.329,10.8,32.7,50.0,0.537,10.7,32.0
2025-26,Regular+Season,MIL,Milwaukee Bucks,20,10,10,.500,77,53.8,0.371,14.6,35.4,51.2,0.488,11.3,28.0
2025-26,Regular+Season,WAS,Washington Wizards,12,6,6,.500,51,41.9,0.293,14.5,32.4,44.2,0.495,9.6,42.6
2025-26,Regular+Season,DEN,Denver Nuggets,17,8,9,.471,81,48.4,0.640,14.0,34.6,53.6,0.414,10.5,37.1
2025-26,Regular+Season,SAC,Sacramento Kings,15,7,8,.467,65,41.9,0.514,10.7,27.6,50.9,0.570,21.1,40.6
2025-26,Regular+Season,ATL,Atlanta Hawks,20,9,11,.450,76,53.5,0.469,11.4,25.0,55.7,0.426,17.9,43.2
2025-26,Regular+Season,BOS,Boston Celtics,18,8,10,.444,45,62.8,0.608,16.8,27.9,52.4,0.720,10.4,42.0
2025-26,Regular+Season,DAL,Dallas Mavericks,28,12,16,.429,120,44.3,0.530,11.5,29.3,43.7,0.512,9.1,27.2
2025-26,Regular+Season,HOU,Houston Rockets,17,7,10,.412,95,45.1,0.437,13.8,46.0,54.1,0.630,12.3,30.8
2025-26,Regular+Season,MEM,Memphis Grizzlies,22,9,13,.409,80,45.7,0.384,14.5,36.3,50.7,0.307,10.9,26.4
2025-26,Regular+Season,GSW,Golden State Warriors,20,8,12,.400,70,57.6,0.282,13.7,31.1,61.1,0.429,12.2,40.0
2025-26,Regular+Season,CLE,Cleveland Cavaliers,21,8,13,.381,69,44.1,0.430,11.0,41.6,48.4,0.472,13.7,29.6
2025-26,Regular+Season,CHA,Charlotte Hornets,15,4,11,.267,67,49.2,0.283,13.0,33.8,52.9,0.242,8.3,26.9
2025-26,Regular+Season,NOP,New Orleans Pelicans,19,5,14,.263,80,42.2,0.477,13.6,33.7,59.3,0.548,13.8,32.8
2025-26,Regular+Season,BKN,Brooklyn Nets,13,3,10,.231,31,42.3,0.212,11.1,29.4,55.0,0.560,9.7,37.9
2025-26,Regular+Season,LAC,LA Clippers,13,3,10,.231,52,47.0,0.622,16.4,30.8,56.8,0.625,8.5,32.7
2025-26,Regular+Season,IND,Indiana Pacers,16,3,13,.188,64,43.4,0.475,12.9,27.5,45.5,0.568,10.7,30.1
2025-26,IST,LAL,Los Angeles Lakers,1,1,0,1.000,0,0.0,0.000,0.0,0.0,0.0,0.000,0.0,0.0
2025-26,IST,MIA,Miami Heat,1,1,0,1.000,1,50.0,0.000,0.0,0.0,33.3,0.333,0.0,33.3
2025-26,IST,ORL,Orlando Magic,3,3,0,1.000,11,50.0,0.333,12.5,53.3,42.1,0.263,9.5,14.3
2025-26,IST,POR,Portland Trail Blazers,2,2,0,1.000,10,70.6,0.647,13.6,57.1,44.4,0.278,25.0,54.5
2025-26,IST,TOR,Toronto Raptors,3,3,0,1.000,9,46.9,0.438,5.3,22.2,23.1,0.231,25.0,36.4
2025-26,IST,LAC,LA Clippers,3,2,1,.667,17,51.9,0.519,13.5,25.0,50.0,0.609,11.4,25.0
2025-26,IST,MEM,Memphis Grizzlies,3,2,1,.667,10,71.4,0.643,14.3,16.7,32.5,0.050,13.0,26.7
2025-26,IST,NYK,New York Knicks,3,2,1,.667,9,50.0,0.385,12.5,12.5,34.6,0.462,13.3,30.0
2025-26,IST,OKC,Oklahoma City Thunder,3,2,1,.667,14,42.3,1.038,2.8,33.3,51.9,0.615,18.2,36.8
2025-26,IST,SAS,San Antonio Spurs,5,3,2,.600,19,43.8,0.550,10.9,42.9,54.8,0.613,12.5,38.9
2025-26,IST,ATL,Atlanta Hawks,2,1,1,.500,5,70.0,0.500,0.0,40.0,75.0,0.125,25.0,0.0
2025-26,IST,BOS,Boston Celtics,4,2,2,.500,9,50.0,1.000,10.5,18.2,47.2,0.556,10.0,50.0
2025-26,IST,BKN,Brooklyn Nets,2,1,1,.500,6,33.3,0.000,0.0,12.5,59.1,0.455,16.7,50.0
2025-26,IST,CHA,Charlotte Hornets,2,1,1,.500,9,61.8,0.176,9.5,12.5,70.0,0.000,6.3,0.0
2025-26,IST,CHI,Chicago Bulls,2,1,1,.500,3,40.0,0.400,16.7,33.3,37.5,0.125,0.0,0.0
2025-26,IST,DAL,Dallas Mavericks,2,1,1,.500,17,61.4,0.591,19.4,20.0,38.7,0.452,11.4,33.3
2025-26,IST,PHX,Phoenix Suns,2,1,1,.500,9,71.4,0.214,17.6,16.7,53.6,1.071,18.2,44.4
2025-26,IST,DEN,Denver Nuggets,3,1,2,.333,15,47.5,0.850,23.3,54.5,53.4,0.552,11.8,50.0
2025-26,IST,DET,Detroit Pistons,3,1,2,.333,11,57.5,0.700,17.4,50.0,50.0,0.524,9.1,50.0
2025-26,IST,GSW,Golden State Warriors,3,1,2,.333,14,52.1,0.292,19.4,26.7,53.7,0.481,18.9,40.0
2025-26,IST,HOU,Houston Rockets,3,1,2,.333,12,50.0,0.750,14.3,42.9,61.8,0.765,18.5,33.3
2025-26,IST,MIL,Milwaukee Bucks,3,1,2,.333,13,66.7,0.143,9.1,18.2,55.0,0.350,8.0,18.2
2025-26,IST,CLE,Cleveland Cavaliers,2,0,2,.000,7,45.5,0.091,28.6,28.6,70.0,0.467,0.0,28.6
2025-26,IST,IND,Indiana Pacers,1,0,1,.000,5,37.5,0.250,20.0,33.3,33.3,0.444,0.0,33.3
2025-26,IST,MIN,Minnesota Timberwolves,2,0,2,.000,9,50.0,0.600,33.3,54.5,57.7,0.923,10.5,28.6
2025-26,IST,NOP,New Orleans Pelicans,3,0,3,.000,18,31.9,0.278,10.3,30.8,76.0,0.720,19.0,10.0
2025-26,IST,PHI,Philadelphia 76ers,2,0,2,.000,2,83.3,0.000,0.0,0.0,100,1.333,16.7,0.0
