SEASON,SEASON_TYPE,TEAM_ABB,TEAM_NAME,GP,G,FREQ_WHOLE_NUM,D_FGM,D_FGA,D_FG_PCT,NORMAL_FG_PCT,PCT_PLUSMINUS
2015-16,Regular+Season,ATL,Atlanta Hawks,82,82,100%,37.1,86.0,43.2,45.0,-1.8
2015-16,Regular+Season,LAC,LA Clippers,82,82,100%,36.8,84.7,43.4,45.1,-1.7
2015-16,Regular+Season,GSW,Golden State Warriors,82,82,100%,38.9,89.4,43.5,44.9,-1.5
2015-16,Regular+Season,OKC,Oklahoma City Thunder,82,82,100%,38.4,87.7,43.8,45.1,-1.3
2015-16,Regular+Season,SAS,San Antonio Spurs,82,82,100%,35.7,81.8,43.6,44.9,-1.3
2015-16,Regular+Season,IND,Indiana Pacers,82,82,100%,37.4,84.9,44.0,45.1,-1.1
2015-16,Regular+Season,CHI,Chicago Bulls,82,82,100%,39.4,89.4,44.1,45.1,-1.0
2015-16,Regular+Season,BOS,Boston Celtics,81,81,100%,37.6,85.1,44.2,45.1,-0.9
2015-16,Regular+Season,MIA,Miami Heat,82,82,100%,37.2,84.3,44.2,44.9,-0.8
2015-16,Regular+Season,NYK,New York Knicks,82,82,100%,38.0,85.8,44.3,45.1,-0.8
2015-16,Regular+Season,CHA,Charlotte Hornets,82,82,100%,37.8,85.0,44.4,45.1,-0.7
2015-16,Regular+Season,TOR,Toronto Raptors,81,81,100%,36.4,81.9,44.4,45.0,-0.6
2015-16,Regular+Season,UTA,Utah Jazz,82,82,100%,35.6,79.9,44.6,45.1,-0.5
2015-16,Regular+Season,DAL,Dallas Mavericks,82,82,100%,38.3,84.9,45.1,45.3,-0.2
2015-16,Regular+Season,CLE,Cleveland Cavaliers,82,82,100%,36.8,82.1,44.8,45.0,-0.2
2015-16,Regular+Season,POR,Portland Trail Blazers,82,82,100%,38.3,84.6,45.3,45.2,0.1
2015-16,Regular+Season,MEM,Memphis Grizzlies,82,82,100%,35.9,78.7,45.6,45.2,0.5
2015-16,Regular+Season,MIL,Milwaukee Bucks,82,82,100%,37.8,83.1,45.4,44.9,0.5
2015-16,Regular+Season,HOU,Houston Rockets,82,82,100%,39.0,85.1,45.9,45.2,0.7
2015-16,Regular+Season,DEN,Denver Nuggets,82,82,100%,38.8,84.2,46.1,45.2,0.9
2015-16,Regular+Season,ORL,Orlando Magic,81,81,100%,38.4,83.5,46.1,45.1,1.0
2015-16,Regular+Season,DET,Detroit Pistons,82,82,100%,38.8,84.2,46.1,45.1,1.0
2015-16,Regular+Season,WAS,Washington Wizards,82,82,100%,38.7,83.8,46.2,45.0,1.2
2015-16,Regular+Season,SAC,Sacramento Kings,81,81,100%,40.6,87.8,46.2,45.1,1.2
2015-16,Regular+Season,PHI,Philadelphia 76ers,82,82,100%,39.7,85.4,46.4,45.1,1.4
2015-16,Regular+Season,PHX,Phoenix Suns,82,82,100%,39.1,83.8,46.7,45.2,1.5
2015-16,Regular+Season,NOP,New Orleans Pelicans,82,82,100%,39.2,83.9,46.8,45.2,1.6
2015-16,Regular+Season,MIN,Minnesota Timberwolves,82,82,100%,39.9,84.8,47.1,45.0,2.0
2015-16,Regular+Season,LAL,Los Angeles Lakers,82,82,100%,40.5,85.6,47.3,45.3,2.0
2015-16,Regular+Season,BKN,Brooklyn Nets,82,82,100%,40.8,85.2,47.9,45.0,2.9
2015-16,Playoffs,IND,Indiana Pacers,7,7,100%,32.4,82.4,39.3,44.5,-5.2
2015-16,Playoffs,LAC,LA Clippers,6,6,100%,35.3,86.3,40.9,44.6,-3.7
2015-16,Playoffs,ATL,Atlanta Hawks,10,10,100%,36.4,88.0,41.4,44.6,-3.2
2015-16,Playoffs,BOS,Boston Celtics,6,6,100%,37.0,87.2,42.4,45.5,-3.1
2015-16,Playoffs,GSW,Golden State Warriors,24,24,100%,37.3,86.9,42.9,45.9,-3.0
2015-16,Playoffs,SAS,San Antonio Spurs,10,10,100%,34.9,81.3,42.9,45.8,-2.9
2015-16,Playoffs,MIA,Miami Heat,14,14,100%,34.0,81.9,41.5,44.0,-2.5
2015-16,Playoffs,OKC,Oklahoma City Thunder,18,18,100%,37.9,85.1,44.6,47.1,-2.5
2015-16,Playoffs,POR,Portland Trail Blazers,11,11,100%,39.7,87.2,45.6,47.1,-1.5
2015-16,Playoffs,CLE,Cleveland Cavaliers,21,21,100%,35.3,79.5,44.4,45.8,-1.4
2015-16,Playoffs,CHA,Charlotte Hornets,7,7,100%,37.9,81.1,46.7,46.9,-0.2
2015-16,Playoffs,DET,Detroit Pistons,4,4,100%,38.5,83.5,46.1,46.2,-0.1
2015-16,Playoffs,TOR,Toronto Raptors,20,20,100%,35.6,77.3,46.1,46.0,0.1
2015-16,Playoffs,MEM,Memphis Grizzlies,4,4,100%,37.0,76.3,48.5,48.2,0.3
2015-16,Playoffs,HOU,Houston Rockets,5,5,100%,40.8,84.4,48.3,48.0,0.3
2015-16,Playoffs,DAL,Dallas Mavericks,5,5,100%,39.4,82.8,47.6,47.2,0.4
2016-17,Regular+Season,GSW,Golden State Warriors,82,82,100%,38.8,89.2,43.5,45.6,-2.1
2016-17,Regular+Season,MEM,Memphis Grizzlies,82,82,100%,34.9,78.8,44.3,45.8,-1.5
2016-17,Regular+Season,UTA,Utah Jazz,82,82,100%,36.3,81.9,44.3,45.7,-1.4
2016-17,Regular+Season,SAS,San Antonio Spurs,81,81,100%,36.9,83.3,44.3,45.7,-1.4
2016-17,Regular+Season,ATL,Atlanta Hawks,82,82,100%,38.7,87.2,44.4,45.6,-1.2
2016-17,Regular+Season,NOP,New Orleans Pelicans,82,82,100%,40.1,89.0,45.0,45.8,-0.7
2016-17,Regular+Season,IND,Indiana Pacers,81,81,100%,37.8,84.2,44.9,45.5,-0.6
2016-17,Regular+Season,MIA,Miami Heat,82,82,100%,37.9,84.2,45.0,45.6,-0.6
2016-17,Regular+Season,TOR,Toronto Raptors,81,81,100%,37.2,82.8,44.9,45.6,-0.6
2016-17,Regular+Season,BOS,Boston Celtics,82,82,100%,38.6,85.8,45.0,45.6,-0.6
2016-17,Regular+Season,LAC,LA Clippers,82,82,100%,38.6,85.3,45.2,45.7,-0.5
2016-17,Regular+Season,POR,Portland Trail Blazers,82,82,100%,39.1,86.1,45.4,45.8,-0.3
2016-17,Regular+Season,NYK,New York Knicks,82,82,100%,39.7,87.3,45.5,45.6,-0.2
2016-17,Regular+Season,CHI,Chicago Bulls,82,82,100%,39.5,86.6,45.6,45.7,-0.1
2016-17,Regular+Season,CHA,Charlotte Hornets,82,82,100%,39.5,86.5,45.6,45.7,0.0
2016-17,Regular+Season,OKC,Oklahoma City Thunder,82,82,100%,39.1,85.2,45.9,45.8,0.1
2016-17,Regular+Season,BKN,Brooklyn Nets,81,81,100%,41.6,90.8,45.8,45.7,0.2
2016-17,Regular+Season,MIL,Milwaukee Bucks,82,82,100%,37.9,82.8,45.8,45.6,0.2
2016-17,Regular+Season,CLE,Cleveland Cavaliers,82,82,100%,40.6,88.8,45.8,45.5,0.2
2016-17,Regular+Season,PHI,Philadelphia 76ers,82,82,100%,39.6,85.9,46.1,45.6,0.4
2016-17,Regular+Season,SAC,Sacramento Kings,82,82,100%,38.4,83.2,46.2,45.8,0.4
2016-17,Regular+Season,DET,Detroit Pistons,82,82,100%,38.3,83.3,46.0,45.6,0.4
2016-17,Regular+Season,HOU,Houston Rockets,82,82,100%,41.1,88.8,46.3,45.7,0.6
2016-17,Regular+Season,PHX,Phoenix Suns,80,80,100%,40.2,86.2,46.6,45.8,0.9
2016-17,Regular+Season,ORL,Orlando Magic,82,82,100%,40.2,86.2,46.7,45.6,1.0
2016-17,Regular+Season,DAL,Dallas Mavericks,81,81,100%,37.0,79.0,46.8,45.8,1.0
2016-17,Regular+Season,WAS,Washington Wizards,82,82,100%,39.6,85.0,46.6,45.5,1.1
2016-17,Regular+Season,MIN,Minnesota Timberwolves,82,82,100%,39.6,83.3,47.5,45.7,1.8
2016-17,Regular+Season,DEN,Denver Nuggets,81,81,100%,42.0,88.2,47.6,45.7,2.0
2016-17,Regular+Season,LAL,Los Angeles Lakers,82,82,100%,41.5,86.0,48.3,45.8,2.5
2016-17,Playoffs,GSW,Golden State Warriors,17,17,100%,38.3,89.2,42.9,46.6,-3.7
2016-17,Playoffs,MIL,Milwaukee Bucks,6,6,100%,32.3,73.8,43.8,46.2,-2.4
2016-17,Playoffs,ATL,Atlanta Hawks,6,6,100%,39.3,86.7,45.4,47.2,-1.8
2016-17,Playoffs,CLE,Cleveland Cavaliers,18,18,100%,40.2,88.0,45.7,47.0,-1.3
2016-17,Playoffs,POR,Portland Trail Blazers,4,4,100%,42.3,87.3,48.4,49.4,-1.0
2016-17,Playoffs,TOR,Toronto Raptors,10,10,100%,36.7,78.7,46.6,47.3,-0.6
2016-17,Playoffs,HOU,Houston Rockets,11,11,100%,40.7,89.5,45.5,46.0,-0.5
2016-17,Playoffs,UTA,Utah Jazz,11,11,100%,37.9,79.5,47.7,48.2,-0.5
2016-17,Playoffs,OKC,Oklahoma City Thunder,5,5,100%,38.2,83.8,45.6,45.9,-0.3
2016-17,Playoffs,CHI,Chicago Bulls,6,6,100%,38.5,84.0,45.8,45.5,0.3
2016-17,Playoffs,SAS,San Antonio Spurs,16,16,100%,38.1,82.4,46.2,46.0,0.3
2016-17,Playoffs,WAS,Washington Wizards,13,13,100%,38.3,83.5,45.9,45.3,0.5
2016-17,Playoffs,IND,Indiana Pacers,4,4,100%,40.0,82.8,48.3,47.4,0.9
2016-17,Playoffs,BOS,Boston Celtics,18,18,100%,39.7,83.8,47.3,46.3,1.0
2016-17,Playoffs,LAC,LA Clippers,7,7,100%,36.1,75.7,47.7,46.4,1.3
2016-17,Playoffs,MEM,Memphis Grizzlies,6,6,100%,37.2,77.2,48.2,46.8,1.4
2017-18,Regular+Season,PHI,Philadelphia 76ers,81,81,100%,38.0,87.6,43.4,45.9,-2.6
2017-18,Regular+Season,BOS,Boston Celtics,79,79,100%,37.4,85.2,43.9,45.9,-2.0
2017-18,Regular+Season,POR,Portland Trail Blazers,82,82,100%,38.4,85.9,44.7,46.0,-1.3
2017-18,Regular+Season,GSW,Golden State Warriors,82,82,100%,40.2,90.0,44.7,45.8,-1.2
2017-18,Regular+Season,UTA,Utah Jazz,82,82,100%,37.3,83.0,44.9,46.0,-1.1
2017-18,Regular+Season,MIA,Miami Heat,81,81,100%,37.7,83.8,45.0,45.9,-0.9
2017-18,Regular+Season,TOR,Toronto Raptors,82,82,100%,38.4,85.6,44.9,45.8,-0.9
2017-18,Regular+Season,SAS,San Antonio Spurs,82,82,100%,38.2,84.3,45.3,46.0,-0.7
2017-18,Regular+Season,NOP,New Orleans Pelicans,82,82,100%,41.7,91.9,45.4,45.9,-0.5
2017-18,Regular+Season,OKC,Oklahoma City Thunder,80,80,100%,38.5,84.2,45.8,46.0,-0.3
2017-18,Regular+Season,LAL,Los Angeles Lakers,82,82,100%,41.0,89.9,45.7,46.0,-0.3
2017-18,Regular+Season,NYK,New York Knicks,81,81,100%,39.5,86.3,45.7,45.9,-0.2
2017-18,Regular+Season,LAC,LA Clippers,82,82,100%,40.2,87.7,45.9,46.0,-0.1
2017-18,Regular+Season,DET,Detroit Pistons,82,82,100%,39.1,85.2,45.9,46.0,-0.1
2017-18,Regular+Season,MEM,Memphis Grizzlies,82,82,100%,37.1,80.3,46.2,46.0,0.2
2017-18,Regular+Season,HOU,Houston Rockets,82,82,100%,39.5,85.5,46.2,46.0,0.3
2017-18,Regular+Season,WAS,Washington Wizards,82,82,100%,39.0,84.3,46.2,45.9,0.3
2017-18,Regular+Season,ORL,Orlando Magic,81,81,100%,40.8,87.4,46.6,45.9,0.7
2017-18,Regular+Season,IND,Indiana Pacers,82,82,100%,39.4,84.8,46.4,45.8,0.7
2017-18,Regular+Season,BKN,Brooklyn Nets,80,80,100%,41.7,89.3,46.7,46.0,0.7
2017-18,Regular+Season,DAL,Dallas Mavericks,82,82,100%,39.3,83.8,46.9,46.1,0.8
2017-18,Regular+Season,CHA,Charlotte Hornets,81,81,100%,41.1,87.7,46.9,46.0,0.9
2017-18,Regular+Season,PHX,Phoenix Suns,82,82,100%,41.8,88.7,47.1,46.1,1.0
2017-18,Regular+Season,SAC,Sacramento Kings,82,82,100%,38.7,82.4,47.0,46.0,1.0
2017-18,Regular+Season,ATL,Atlanta Hawks,81,81,100%,40.7,86.7,46.9,46.0,1.0
2017-18,Regular+Season,MIL,Milwaukee Bucks,81,81,100%,39.2,83.8,46.8,45.8,1.0
2017-18,Regular+Season,CHI,Chicago Bulls,82,82,100%,41.0,86.8,47.2,46.0,1.2
2017-18,Regular+Season,CLE,Cleveland Cavaliers,82,82,100%,41.8,88.3,47.4,45.9,1.5
2017-18,Regular+Season,MIN,Minnesota Timberwolves,82,82,100%,40.2,84.6,47.5,45.9,1.6
2017-18,Regular+Season,DEN,Denver Nuggets,82,82,100%,41.3,86.7,47.6,46.0,1.7
2017-18,Playoffs,GSW,Golden State Warriors,21,21,100%,37.0,87.4,42.3,46.6,-4.2
2017-18,Playoffs,IND,Indiana Pacers,7,7,100%,33.0,76.1,43.3,47.1,-3.8
2017-18,Playoffs,SAS,San Antonio Spurs,5,5,100%,39.6,82.8,47.8,49.8,-2.0
2017-18,Playoffs,MIA,Miami Heat,5,5,100%,39.2,87.4,44.9,46.8,-1.9
2017-18,Playoffs,NOP,New Orleans Pelicans,9,9,100%,42.3,92.3,45.8,47.8,-1.9
2017-18,Playoffs,UTA,Utah Jazz,11,11,100%,37.9,86.6,43.8,45.4,-1.7
2017-18,Playoffs,HOU,Houston Rockets,17,17,100%,38.5,82.7,46.5,48.1,-1.5
2017-18,Playoffs,BOS,Boston Celtics,19,19,100%,37.5,81.4,46.1,47.3,-1.2
2017-18,Playoffs,MIN,Minnesota Timberwolves,5,5,100%,39.2,88.0,44.5,45.6,-1.1
2017-18,Playoffs,OKC,Oklahoma City Thunder,6,6,100%,38.2,84.0,45.4,46.1,-0.7
2017-18,Playoffs,PHI,Philadelphia 76ers,10,10,100%,37.1,83.3,44.5,45.1,-0.6
2017-18,Playoffs,MIL,Milwaukee Bucks,7,7,100%,37.0,83.6,44.3,44.8,-0.5
2017-18,Playoffs,CLE,Cleveland Cavaliers,22,22,100%,38.3,82.0,46.7,47.0,-0.2
2017-18,Playoffs,WAS,Washington Wizards,6,6,100%,39.2,82.8,47.3,47.2,0.1
2017-18,Playoffs,TOR,Toronto Raptors,10,10,100%,41.8,86.0,48.6,46.9,1.7
2017-18,Playoffs,POR,Portland Trail Blazers,4,4,100%,43.8,84.0,52.1,48.3,3.8
2018-19,Regular+Season,MIL,Milwaukee Bucks,82,82,100%,40.5,93.5,43.3,45.7,-2.3
2018-19,Regular+Season,MIA,Miami Heat,82,82,100%,38.3,86.8,44.1,45.8,-1.7
2018-19,Regular+Season,GSW,Golden State Warriors,82,82,100%,40.4,91.1,44.4,45.9,-1.5
2018-19,Regular+Season,MEM,Memphis Grizzlies,82,82,100%,37.6,83.3,45.1,46.1,-1.0
2018-19,Regular+Season,UTA,Utah Jazz,80,80,100%,40.0,88.7,45.1,45.9,-0.9
2018-19,Regular+Season,BOS,Boston Celtics,82,82,100%,39.5,88.1,44.8,45.7,-0.9
2018-19,Regular+Season,LAL,Los Angeles Lakers,82,82,100%,41.9,92.8,45.2,46.0,-0.9
2018-19,Regular+Season,TOR,Toronto Raptors,82,82,100%,40.3,89.7,44.9,45.7,-0.8
2018-19,Regular+Season,IND,Indiana Pacers,82,82,100%,38.7,86.1,45.0,45.7,-0.7
2018-19,Regular+Season,POR,Portland Trail Blazers,82,82,100%,41.1,90.0,45.7,46.0,-0.4
2018-19,Regular+Season,LAC,LA Clippers,82,82,100%,41.7,91.3,45.7,46.0,-0.3
2018-19,Regular+Season,BKN,Brooklyn Nets,82,82,100%,42.2,92.5,45.6,45.8,-0.2
2018-19,Regular+Season,DEN,Denver Nuggets,82,82,100%,39.6,86.4,45.8,46.0,-0.2
2018-19,Regular+Season,DAL,Dallas Mavericks,82,82,100%,40.9,89.2,45.9,46.1,-0.2
2018-19,Regular+Season,ORL,Orlando Magic,80,80,100%,40.1,87.8,45.7,45.8,-0.1
2018-19,Regular+Season,PHI,Philadelphia 76ers,79,79,100%,41.7,91.4,45.6,45.7,-0.1
2018-19,Regular+Season,OKC,Oklahoma City Thunder,81,81,100%,40.8,88.8,46.0,46.0,-0.1
2018-19,Regular+Season,SAS,San Antonio Spurs,82,82,100%,41.5,89.7,46.3,45.9,0.4
2018-19,Regular+Season,HOU,Houston Rockets,81,81,100%,40.4,86.7,46.6,46.1,0.5
2018-19,Regular+Season,SAC,Sacramento Kings,82,82,100%,42.3,90.6,46.6,46.0,0.6
2018-19,Regular+Season,MIN,Minnesota Timberwolves,82,82,100%,42.1,90.1,46.7,46.1,0.7
2018-19,Regular+Season,NOP,New Orleans Pelicans,82,82,100%,43.3,92.8,46.6,45.9,0.7
2018-19,Regular+Season,NYK,New York Knicks,81,81,100%,41.9,89.6,46.7,45.9,0.8
2018-19,Regular+Season,DET,Detroit Pistons,82,82,100%,39.9,85.0,46.9,45.9,1.1
2018-19,Regular+Season,CHA,Charlotte Hornets,81,81,100%,41.9,89.1,47.0,45.8,1.2
2018-19,Regular+Season,ATL,Atlanta Hawks,82,82,100%,42.8,90.5,47.3,45.9,1.4
2018-19,Regular+Season,CHI,Chicago Bulls,80,80,100%,42.3,89.3,47.4,45.8,1.6
2018-19,Regular+Season,PHX,Phoenix Suns,82,82,100%,42.5,88.2,48.2,46.1,2.1
2018-19,Regular+Season,WAS,Washington Wizards,81,81,100%,43.5,90.6,48.0,45.7,2.2
2018-19,Regular+Season,CLE,Cleveland Cavaliers,82,82,100%,43.2,87.2,49.5,45.8,3.7
2018-19,Playoffs,BOS,Boston Celtics,9,9,100%,36.9,87.6,42.1,47.2,-5.1
2018-19,Playoffs,MIL,Milwaukee Bucks,15,15,100%,36.5,90.0,40.6,45.6,-5.1
2018-19,Playoffs,TOR,Toronto Raptors,24,24,100%,35.3,83.2,42.4,47.1,-4.6
2018-19,Playoffs,HOU,Houston Rockets,11,11,100%,38.0,86.5,43.9,47.8,-3.9
2018-19,Playoffs,PHI,Philadelphia 76ers,12,12,100%,37.1,86.4,42.9,45.8,-2.9
2018-19,Playoffs,DEN,Denver Nuggets,14,14,100%,39.9,89.0,44.9,46.9,-2.1
2018-19,Playoffs,POR,Portland Trail Blazers,16,16,100%,39.9,89.6,44.6,46.6,-2.0
2018-19,Playoffs,IND,Indiana Pacers,4,4,100%,35.5,80.0,44.4,46.1,-1.7
2018-19,Playoffs,GSW,Golden State Warriors,22,22,100%,38.4,86.1,44.6,46.2,-1.7
2018-19,Playoffs,OKC,Oklahoma City Thunder,5,5,100%,39.8,89.0,44.7,46.2,-1.5
2018-19,Playoffs,UTA,Utah Jazz,5,5,100%,36.6,84.2,43.5,44.9,-1.4
2018-19,Playoffs,SAS,San Antonio Spurs,7,7,100%,40.0,87.0,46.0,46.2,-0.2
2018-19,Playoffs,ORL,Orlando Magic,5,5,100%,40.4,84.4,47.9,46.7,1.2
2018-19,Playoffs,LAC,LA Clippers,6,6,100%,44.7,89.0,50.2,48.8,1.4
2018-19,Playoffs,BKN,Brooklyn Nets,5,5,100%,46.0,93.2,49.4,46.9,2.5
2018-19,Playoffs,DET,Detroit Pistons,4,4,100%,44.0,86.3,51.0,47.2,3.8
2019-20,Regular+Season,MIL,Milwaukee Bucks,72,72,100%,39.0,94.1,41.5,45.8,-4.4
2019-20,Regular+Season,TOR,Toronto Raptors,72,72,100%,37.8,88.3,42.8,45.9,-3.1
2019-20,Regular+Season,LAC,LA Clippers,72,72,100%,39.5,90.2,43.8,46.1,-2.3
2019-20,Regular+Season,BOS,Boston Celtics,72,72,100%,38.4,87.1,44.1,45.9,-1.8
2019-20,Regular+Season,BKN,Brooklyn Nets,72,72,100%,41.4,92.9,44.6,45.8,-1.2
2019-20,Regular+Season,MIA,Miami Heat,72,72,100%,38.8,86.7,44.7,45.9,-1.2
2019-20,Regular+Season,LAL,Los Angeles Lakers,71,71,100%,39.1,87.1,44.8,46.1,-1.2
2019-20,Regular+Season,MEM,Memphis Grizzlies,73,73,100%,40.6,90.3,45.0,46.1,-1.1
2019-20,Regular+Season,IND,Indiana Pacers,73,73,100%,39.5,88.5,44.6,45.8,-1.1
2019-20,Regular+Season,OKC,Oklahoma City Thunder,72,72,100%,40.8,89.6,45.5,46.1,-0.6
2019-20,Regular+Season,POR,Portland Trail Blazers,73,73,100%,41.8,91.5,45.6,46.1,-0.4
2019-20,Regular+Season,UTA,Utah Jazz,72,72,100%,40.7,89.1,45.7,46.0,-0.3
2019-20,Regular+Season,DAL,Dallas Mavericks,74,74,100%,41.9,91.6,45.8,46.1,-0.3
2019-20,Regular+Season,HOU,Houston Rockets,72,72,100%,42.3,91.5,46.2,46.1,0.1
2019-20,Regular+Season,DEN,Denver Nuggets,73,73,100%,40.0,86.5,46.3,46.0,0.3
2019-20,Regular+Season,PHI,Philadelphia 76ers,73,73,100%,39.8,85.9,46.3,45.9,0.4
2019-20,Regular+Season,NYK,New York Knicks,66,66,100%,39.9,86.0,46.3,45.9,0.4
2019-20,Regular+Season,ORL,Orlando Magic,73,73,100%,40.4,86.9,46.5,46.0,0.5
2019-20,Regular+Season,NOP,New Orleans Pelicans,72,72,100%,42.7,91.8,46.6,46.0,0.5
2019-20,Regular+Season,SAC,Sacramento Kings,72,72,100%,40.3,85.5,47.1,46.0,1.0
2019-20,Regular+Season,SAS,San Antonio Spurs,70,70,100%,42.3,90.0,47.0,46.0,1.0
2019-20,Regular+Season,PHX,Phoenix Suns,72,72,100%,41.2,87.1,47.3,46.0,1.3
2019-20,Regular+Season,GSW,Golden State Warriors,65,65,100%,42.2,88.6,47.6,46.1,1.5
2019-20,Regular+Season,MIN,Minnesota Timberwolves,64,64,100%,43.1,90.4,47.7,46.0,1.7
2019-20,Regular+Season,CHA,Charlotte Hornets,64,64,100%,41.6,87.5,47.5,45.9,1.7
2019-20,Regular+Season,ATL,Atlanta Hawks,67,67,100%,43.3,90.7,47.8,45.9,1.9
2019-20,Regular+Season,CHI,Chicago Bulls,65,65,100%,39.5,82.5,47.9,45.8,2.1
2019-20,Regular+Season,DET,Detroit Pistons,65,65,100%,41.9,87.3,48.0,45.8,2.2
2019-20,Regular+Season,WAS,Washington Wizards,72,72,100%,43.1,88.4,48.8,45.8,3.0
2019-20,Regular+Season,CLE,Cleveland Cavaliers,65,65,100%,43.9,89.4,49.1,45.9,3.2
2019-20,Playoffs,BOS,Boston Celtics,17,17,100%,36.4,86.0,42.3,46.1,-3.8
2019-20,Playoffs,TOR,Toronto Raptors,11,11,100%,36.8,85.9,42.9,45.4,-2.6
2019-20,Playoffs,MIA,Miami Heat,21,21,100%,38.7,84.8,45.6,47.2,-1.6
2019-20,Playoffs,MIL,Milwaukee Bucks,10,10,100%,37.2,84.9,43.8,45.4,-1.6
2019-20,Playoffs,OKC,Oklahoma City Thunder,7,7,100%,39.4,90.6,43.5,44.9,-1.4
2019-20,Playoffs,LAL,Los Angeles Lakers,21,21,100%,36.9,81.4,45.3,46.2,-1.0
2019-20,Playoffs,HOU,Houston Rockets,12,12,100%,38.7,83.7,46.2,47.1,-0.9
2019-20,Playoffs,PHI,Philadelphia 76ers,4,4,100%,39.0,86.3,45.2,46.0,-0.8
2019-20,Playoffs,UTA,Utah Jazz,7,7,100%,40.1,86.0,46.7,47.3,-0.6
2019-20,Playoffs,IND,Indiana Pacers,4,4,100%,37.5,80.8,46.4,46.7,-0.3
2019-20,Playoffs,LAC,LA Clippers,13,13,100%,39.8,84.8,46.9,46.8,0.1
2019-20,Playoffs,POR,Portland Trail Blazers,5,5,100%,42.8,88.4,48.4,48.2,0.2
2019-20,Playoffs,DEN,Denver Nuggets,19,19,100%,39.2,82.2,47.7,47.3,0.4
2019-20,Playoffs,ORL,Orlando Magic,5,5,100%,42.4,88.0,48.2,47.4,0.8
2019-20,Playoffs,DAL,Dallas Mavericks,6,6,100%,45.2,90.2,50.1,46.7,3.4
2019-20,Playoffs,BKN,Brooklyn Nets,4,4,100%,45.0,91.0,49.5,45.5,4.0
2019-20,PlayIn,MEM,Memphis Grizzlies,1,1,100%,38.0,84.0,45.2,46.0,-0.8
2019-20,PlayIn,POR,Portland Trail Blazers,1,1,100%,45.0,92.0,48.9,46.8,2.1
2019-20,IST,NOP,New Orleans Pelicans,1,1,100%,42.0,103.0,40.8,45.5,-4.7
2019-20,IST,TOR,Toronto Raptors,1,1,100%,43.0,102.0,42.2,46.5,-4.3
2020-21,Regular+Season,NYK,New York Knicks,72,72,100%,37.9,86.2,44.0,46.5,-2.6
2020-21,Regular+Season,UTA,Utah Jazz,72,72,100%,40.9,91.4,44.7,46.5,-1.8
2020-21,Regular+Season,GSW,Golden State Warriors,72,72,100%,40.2,89.0,45.2,46.5,-1.3
2020-21,Regular+Season,PHI,Philadelphia 76ers,72,72,100%,39.4,86.9,45.3,46.4,-1.1
2020-21,Regular+Season,MIL,Milwaukee Bucks,72,72,100%,42.4,92.9,45.6,46.4,-0.8
2020-21,Regular+Season,MIA,Miami Heat,72,72,100%,39.1,85.2,45.9,46.5,-0.6
2020-21,Regular+Season,BKN,Brooklyn Nets,72,72,100%,41.9,91.3,45.9,46.4,-0.5
2020-21,Regular+Season,DAL,Dallas Mavericks,72,72,100%,40.1,87.1,46.0,46.5,-0.5
2020-21,Regular+Season,TOR,Toronto Raptors,72,72,100%,39.0,84.7,46.1,46.6,-0.5
2020-21,Regular+Season,LAL,Los Angeles Lakers,72,72,100%,39.8,86.4,46.0,46.5,-0.5
2020-21,Regular+Season,MEM,Memphis Grizzlies,72,72,100%,41.0,88.7,46.2,46.5,-0.3
2020-21,Regular+Season,ATL,Atlanta Hawks,72,72,100%,41.3,89.1,46.3,46.5,-0.2
2020-21,Regular+Season,LAC,LA Clippers,72,72,100%,40.1,86.4,46.4,46.4,0.0
2020-21,Regular+Season,BOS,Boston Celtics,72,72,100%,39.9,86.0,46.4,46.5,0.0
2020-21,Regular+Season,PHX,Phoenix Suns,72,72,100%,40.5,86.8,46.7,46.4,0.2
2020-21,Regular+Season,CHA,Charlotte Hornets,72,72,100%,41.3,88.1,46.8,46.5,0.3
2020-21,Regular+Season,ORL,Orlando Magic,72,72,100%,42.2,89.7,47.1,46.6,0.4
2020-21,Regular+Season,IND,Indiana Pacers,72,72,100%,42.7,91.3,46.8,46.4,0.4
2020-21,Regular+Season,DEN,Denver Nuggets,72,72,100%,40.0,85.4,46.9,46.5,0.4
2020-21,Regular+Season,NOP,New Orleans Pelicans,72,72,100%,41.9,89.3,46.9,46.5,0.4
2020-21,Regular+Season,WAS,Washington Wizards,72,72,100%,43.1,91.6,47.1,46.4,0.6
2020-21,Regular+Season,POR,Portland Trail Blazers,72,72,100%,41.8,88.3,47.3,46.6,0.7
2020-21,Regular+Season,OKC,Oklahoma City Thunder,72,72,100%,43.4,91.7,47.3,46.6,0.7
2020-21,Regular+Season,SAS,San Antonio Spurs,72,72,100%,42.4,89.8,47.2,46.6,0.7
2020-21,Regular+Season,CHI,Chicago Bulls,72,72,100%,41.4,87.7,47.3,46.4,0.8
2020-21,Regular+Season,DET,Detroit Pistons,72,72,100%,41.4,86.9,47.6,46.5,1.1
2020-21,Regular+Season,HOU,Houston Rockets,72,72,100%,42.7,89.0,48.0,46.6,1.3
2020-21,Regular+Season,MIN,Minnesota Timberwolves,72,72,100%,43.0,89.2,48.2,46.6,1.6
2020-21,Regular+Season,CLE,Cleveland Cavaliers,72,72,100%,42.0,86.7,48.4,46.5,1.9
2020-21,Regular+Season,SAC,Sacramento Kings,72,72,100%,43.6,89.4,48.8,46.5,2.3
2020-21,Playoffs,PHX,Phoenix Suns,22,22,100%,38.1,86.6,44.0,47.7,-3.7
2020-21,Playoffs,BKN,Brooklyn Nets,12,12,100%,39.0,88.9,43.9,47.4,-3.5
2020-21,Playoffs,LAL,Los Angeles Lakers,6,6,100%,37.5,81.8,45.8,48.8,-3.0
2020-21,Playoffs,MIL,Milwaukee Bucks,23,23,100%,39.6,87.2,45.4,47.8,-2.4
2020-21,Playoffs,NYK,New York Knicks,5,5,100%,37.6,84.8,44.3,46.4,-2.1
2020-21,Playoffs,PHI,Philadelphia 76ers,12,12,100%,39.5,87.8,45.0,46.9,-1.8
2020-21,Playoffs,ATL,Atlanta Hawks,18,18,100%,39.8,87.1,45.8,47.2,-1.5
2020-21,Playoffs,LAC,LA Clippers,19,19,100%,39.3,85.2,46.1,47.5,-1.4
2020-21,Playoffs,MIA,Miami Heat,4,4,100%,44.3,94.5,46.8,48.1,-1.3
2020-21,Playoffs,POR,Portland Trail Blazers,6,6,100%,43.0,91.2,47.2,48.1,-0.9
2020-21,Playoffs,BOS,Boston Celtics,5,5,100%,42.0,84.6,49.6,49.1,0.5
2020-21,Playoffs,DAL,Dallas Mavericks,7,7,100%,39.0,80.0,48.8,48.1,0.7
2020-21,Playoffs,UTA,Utah Jazz,11,11,100%,42.9,88.5,48.5,47.4,1.1
2020-21,Playoffs,MEM,Memphis Grizzlies,5,5,100%,42.2,86.4,48.8,46.9,1.9
2020-21,Playoffs,DEN,Denver Nuggets,10,10,100%,43.0,87.5,49.1,46.8,2.3
2020-21,Playoffs,WAS,Washington Wizards,5,5,100%,45.8,89.6,51.1,47.9,3.2
2020-21,PlayIn,MEM,Memphis Grizzlies,2,2,100%,38.0,95.5,39.8,46.4,-6.7
2020-21,PlayIn,WAS,Washington Wizards,2,2,100%,39.5,98.0,40.3,46.9,-6.6
2020-21,PlayIn,GSW,Golden State Warriors,2,2,100%,38.5,94.5,40.7,46.6,-5.9
2020-21,PlayIn,BOS,Boston Celtics,1,1,100%,40.0,92.0,43.5,47.5,-4.0
2020-21,PlayIn,SAS,San Antonio Spurs,1,1,100%,40.0,90.0,44.4,46.6,-2.2
2020-21,PlayIn,LAL,Los Angeles Lakers,1,1,100%,37.0,83.0,44.6,46.8,-2.2
2020-21,PlayIn,IND,Indiana Pacers,2,2,100%,48.5,93.5,51.9,46.5,5.4
2020-21,PlayIn,CHA,Charlotte Hornets,1,1,100%,58.0,105.0,55.2,47.5,7.7
2021-22,Pre+Season,DAL,Dallas Mavericks,4,4,100%,34.3,87.5,39.1,46.4,-7.3
2021-22,Pre+Season,ORL,Orlando Magic,3,3,100%,36.0,92.7,38.8,46.1,-7.2
2021-22,Pre+Season,ATL,Atlanta Hawks,2,2,100%,35.0,89.0,39.3,46.3,-7.0
2021-22,Pre+Season,CHI,Chicago Bulls,4,4,100%,35.8,88.0,40.6,46.3,-5.7
2021-22,Pre+Season,PHX,Phoenix Suns,4,4,100%,35.0,86.5,40.5,46.0,-5.5
2021-22,Pre+Season,SAS,San Antonio Spurs,4,4,100%,38.8,96.3,40.3,45.5,-5.3
2021-22,Pre+Season,MEM,Memphis Grizzlies,5,5,100%,37.6,90.6,41.5,46.2,-4.7
2021-22,Pre+Season,MIN,Minnesota Timberwolves,3,3,100%,35.7,83.3,42.8,47.3,-4.5
2021-22,Pre+Season,NYK,New York Knicks,4,4,100%,37.0,87.8,42.2,45.9,-3.8
2021-22,Pre+Season,CLE,Cleveland Cavaliers,5,5,100%,40.8,92.6,44.1,47.0,-2.9
2021-22,Pre+Season,LAL,Los Angeles Lakers,5,5,100%,43.0,95.6,45.0,47.5,-2.5
2021-22,Pre+Season,GSW,Golden State Warriors,5,5,100%,37.4,85.8,43.6,46.0,-2.4
2021-22,Pre+Season,POR,Portland Trail Blazers,4,4,100%,42.8,95.3,44.9,47.2,-2.3
2021-22,Pre+Season,LAC,LA Clippers,3,3,100%,40.0,89.7,44.6,46.7,-2.1
2021-22,Pre+Season,MIA,Miami Heat,4,4,100%,38.0,85.8,44.3,46.3,-2.0
2021-22,Pre+Season,SAC,Sacramento Kings,4,4,100%,38.8,86.8,44.7,46.5,-1.8
2021-22,Pre+Season,WAS,Washington Wizards,3,3,100%,39.7,93.3,42.5,44.0,-1.5
2021-22,Pre+Season,BOS,Boston Celtics,4,4,100%,39.3,90.8,43.3,44.4,-1.2
2021-22,Pre+Season,DET,Detroit Pistons,4,4,100%,42.3,94.8,44.6,45.7,-1.1
2021-22,Pre+Season,UTA,Utah Jazz,4,4,100%,41.5,90.8,45.7,46.2,-0.5
2021-22,Pre+Season,DEN,Denver Nuggets,4,4,100%,37.3,82.5,45.2,45.3,-0.1
2021-22,Pre+Season,NOP,New Orleans Pelicans,4,4,100%,41.3,90.0,45.8,45.9,-0.1
2021-22,Pre+Season,CHA,Charlotte Hornets,4,4,100%,42.0,92.3,45.5,45.3,0.2
2021-22,Pre+Season,IND,Indiana Pacers,4,4,100%,40.8,88.5,46.0,45.7,0.3
2021-22,Pre+Season,BKN,Brooklyn Nets,3,3,100%,40.7,87.3,46.6,46.2,0.4
2021-22,Pre+Season,MIL,Milwaukee Bucks,4,4,100%,42.8,92.5,46.2,45.8,0.4
2021-22,Pre+Season,TOR,Toronto Raptors,4,4,100%,39.3,83.3,47.1,46.4,0.7
2021-22,Pre+Season,OKC,Oklahoma City Thunder,3,3,100%,43.7,91.0,48.0,47.1,0.9
2021-22,Pre+Season,HOU,Houston Rockets,3,3,100%,42.3,90.3,46.9,45.8,1.1
2021-22,Pre+Season,PHI,Philadelphia 76ers,3,3,100%,39.3,80.0,49.2,45.1,4.1
2021-22,Regular+Season,BOS,Boston Celtics,82,82,100%,38.3,88.1,43.4,46.0,-2.6
2021-22,Regular+Season,GSW,Golden State Warriors,82,82,100%,37.9,86.6,43.8,46.1,-2.3
2021-22,Regular+Season,PHX,Phoenix Suns,82,82,100%,39.2,88.3,44.4,45.9,-1.5
2021-22,Regular+Season,NYK,New York Knicks,82,82,100%,38.5,86.0,44.7,46.1,-1.4
2021-22,Regular+Season,MIA,Miami Heat,82,82,100%,37.5,84.0,44.7,46.0,-1.3
2021-22,Regular+Season,LAC,LA Clippers,82,82,100%,40.8,90.6,45.0,46.1,-1.1
2021-22,Regular+Season,CLE,Cleveland Cavaliers,82,82,100%,39.5,87.2,45.2,46.0,-0.8
2021-22,Regular+Season,BKN,Brooklyn Nets,82,82,100%,40.7,90.2,45.2,45.9,-0.7
2021-22,Regular+Season,UTA,Utah Jazz,82,82,100%,40.4,89.2,45.3,46.0,-0.7
2021-22,Regular+Season,MEM,Memphis Grizzlies,82,82,100%,40.3,88.6,45.5,46.1,-0.6
2021-22,Regular+Season,OKC,Oklahoma City Thunder,82,82,100%,41.4,90.5,45.8,46.2,-0.4
2021-22,Regular+Season,DAL,Dallas Mavericks,82,82,100%,39.0,85.4,45.7,46.0,-0.4
2021-22,Regular+Season,MIL,Milwaukee Bucks,82,82,100%,41.4,90.6,45.6,46.0,-0.4
2021-22,Regular+Season,ORL,Orlando Magic,82,82,100%,40.8,89.0,45.8,46.1,-0.3
2021-22,Regular+Season,PHI,Philadelphia 76ers,82,82,100%,39.7,86.5,45.8,46.0,-0.1
2021-22,Regular+Season,MIN,Minnesota Timberwolves,82,82,100%,40.2,87.3,46.0,46.1,0.0
2021-22,Regular+Season,TOR,Toronto Raptors,82,82,100%,39.0,84.4,46.2,46.2,0.0
2021-22,Regular+Season,WAS,Washington Wizards,82,82,100%,41.3,88.8,46.4,45.9,0.5
2021-22,Regular+Season,SAS,San Antonio Spurs,82,82,100%,42.5,91.2,46.6,46.1,0.5
2021-22,Regular+Season,CHA,Charlotte Hornets,82,82,100%,41.8,89.8,46.6,46.0,0.6
2021-22,Regular+Season,DEN,Denver Nuggets,82,82,100%,41.0,87.4,47.0,45.9,1.0
2021-22,Regular+Season,NOP,New Orleans Pelicans,82,82,100%,40.3,85.5,47.1,46.1,1.0
2021-22,Regular+Season,LAL,Los Angeles Lakers,82,82,100%,42.6,90.5,47.0,46.0,1.0
2021-22,Regular+Season,ATL,Atlanta Hawks,82,82,100%,41.9,89.0,47.1,46.0,1.1
2021-22,Regular+Season,DET,Detroit Pistons,82,82,100%,40.6,86.0,47.3,46.2,1.1
2021-22,Regular+Season,CHI,Chicago Bulls,82,82,100%,41.4,87.4,47.4,45.9,1.5
2021-22,Regular+Season,POR,Portland Trail Blazers,82,82,100%,41.1,85.9,47.9,46.2,1.7
2021-22,Regular+Season,SAC,Sacramento Kings,82,82,100%,43.3,90.2,48.0,46.1,1.9
2021-22,Regular+Season,HOU,Houston Rockets,82,82,100%,43.4,89.9,48.3,46.1,2.2
2021-22,Regular+Season,IND,Indiana Pacers,82,82,100%,42.5,88.0,48.3,46.0,2.3
2021-22,Playoffs,MIL,Milwaukee Bucks,12,12,100%,36.6,86.9,42.1,46.8,-4.7
2021-22,Playoffs,BOS,Boston Celtics,24,24,100%,37.6,86.2,43.6,46.7,-3.1
2021-22,Playoffs,GSW,Golden State Warriors,22,22,100%,37.5,85.5,43.9,46.5,-2.5
2021-22,Playoffs,MIA,Miami Heat,18,18,100%,34.7,77.8,44.6,46.5,-2.0
2021-22,Playoffs,UTA,Utah Jazz,6,6,100%,35.8,80.7,44.4,45.9,-1.5
2021-22,Playoffs,MEM,Memphis Grizzlies,12,12,100%,39.1,86.6,45.1,46.4,-1.3
2021-22,Playoffs,MIN,Minnesota Timberwolves,6,6,100%,39.8,87.8,45.4,45.8,-0.4
2021-22,Playoffs,PHI,Philadelphia 76ers,12,12,100%,38.5,84.7,45.5,45.4,0.1
2021-22,Playoffs,DAL,Dallas Mavericks,18,18,100%,38.9,81.7,47.7,47.6,0.1
2021-22,Playoffs,ATL,Atlanta Hawks,5,5,100%,39.8,85.6,46.5,46.3,0.2
2021-22,Playoffs,PHX,Phoenix Suns,13,13,100%,38.1,82.6,46.2,45.9,0.3
2021-22,Playoffs,CHI,Chicago Bulls,5,5,100%,40.6,86.0,47.2,46.4,0.8
2021-22,Playoffs,TOR,Toronto Raptors,6,6,100%,38.2,78.2,48.8,46.6,2.2
2021-22,Playoffs,BKN,Brooklyn Nets,4,4,100%,41.3,84.3,49.0,46.2,2.8
2021-22,Playoffs,NOP,New Orleans Pelicans,6,6,100%,43.3,82.8,52.3,48.6,3.7
2021-22,Playoffs,DEN,Denver Nuggets,5,5,100%,42.0,81.6,51.5,47.1,4.4
2021-22,PlayIn,ATL,Atlanta Hawks,2,2,100%,35.5,85.5,41.5,46.8,-5.3
2021-22,PlayIn,NOP,New Orleans Pelicans,2,2,100%,36.0,88.0,40.9,46.2,-5.3
2021-22,PlayIn,BKN,Brooklyn Nets,1,1,100%,41.0,92.0,44.6,46.9,-2.3
2021-22,PlayIn,MIN,Minnesota Timberwolves,1,1,100%,34.0,78.0,43.6,45.7,-2.1
2021-22,PlayIn,LAC,LA Clippers,2,2,100%,39.5,85.5,46.2,45.7,0.5
2021-22,PlayIn,CLE,Cleveland Cavaliers,2,2,100%,42.0,82.0,51.2,47.3,3.9
2021-22,PlayIn,CHA,Charlotte Hornets,1,1,100%,49.0,94.0,52.1,46.9,5.2
2021-22,PlayIn,SAS,San Antonio Spurs,1,1,100%,44.0,81.0,54.3,45.8,8.5
2022-23,Regular+Season,MEM,Memphis Grizzlies,82,82,100%,40.7,89.8,45.3,47.4,-2.1
2022-23,Regular+Season,MIL,Milwaukee Bucks,82,82,100%,42.5,93.2,45.6,47.4,-1.8
2022-23,Regular+Season,NYK,New York Knicks,82,82,100%,40.8,88.2,46.2,47.4,-1.2
2022-23,Regular+Season,BKN,Brooklyn Nets,82,82,100%,41.0,88.5,46.3,47.3,-1.0
2022-23,Regular+Season,PHX,Phoenix Suns,82,82,100%,40.0,85.9,46.6,47.5,-1.0
2022-23,Regular+Season,BOS,Boston Celtics,82,82,100%,41.8,90.2,46.3,47.3,-1.0
2022-23,Regular+Season,CHI,Chicago Bulls,82,82,100%,40.7,87.1,46.8,47.3,-0.6
2022-23,Regular+Season,GSW,Golden State Warriors,82,82,100%,42.4,90.5,46.9,47.5,-0.6
2022-23,Regular+Season,LAL,Los Angeles Lakers,82,82,100%,44.0,93.9,46.9,47.5,-0.6
2022-23,Regular+Season,CLE,Cleveland Cavaliers,82,82,100%,39.0,83.5,46.8,47.3,-0.5
2022-23,Regular+Season,MIN,Minnesota Timberwolves,82,82,100%,41.8,88.7,47.1,47.4,-0.3
2022-23,Regular+Season,UTA,Utah Jazz,82,82,100%,43.4,91.7,47.3,47.5,-0.2
2022-23,Regular+Season,LAC,LA Clippers,82,82,100%,41.8,88.3,47.4,47.4,-0.1
2022-23,Regular+Season,OKC,Oklahoma City Thunder,82,82,100%,41.9,88.4,47.4,47.5,-0.1
2022-23,Regular+Season,PHI,Philadelphia 76ers,82,82,100%,40.4,85.4,47.3,47.4,-0.1
2022-23,Regular+Season,NOP,New Orleans Pelicans,82,82,100%,40.9,86.7,47.2,47.4,-0.1
2022-23,Regular+Season,WAS,Washington Wizards,82,82,100%,42.5,89.8,47.3,47.3,0.0
2022-23,Regular+Season,ORL,Orlando Magic,82,82,100%,41.3,86.9,47.6,47.4,0.2
2022-23,Regular+Season,CHA,Charlotte Hornets,82,82,100%,43.0,90.1,47.7,47.5,0.2
2022-23,Regular+Season,DEN,Denver Nuggets,82,82,100%,41.7,87.4,47.8,47.3,0.4
2022-23,Regular+Season,HOU,Houston Rockets,82,82,100%,42.4,88.1,48.2,47.6,0.6
2022-23,Regular+Season,MIA,Miami Heat,82,82,100%,40.1,83.2,48.2,47.4,0.8
2022-23,Regular+Season,DAL,Dallas Mavericks,82,82,100%,41.8,86.2,48.5,47.5,1.0
2022-23,Regular+Season,IND,Indiana Pacers,82,82,100%,43.3,89.3,48.5,47.4,1.1
2022-23,Regular+Season,ATL,Atlanta Hawks,82,82,100%,43.8,90.2,48.6,47.3,1.2
2022-23,Regular+Season,DET,Detroit Pistons,82,82,100%,43.1,88.1,48.9,47.4,1.5
2022-23,Regular+Season,POR,Portland Trail Blazers,82,82,100%,43.0,87.5,49.1,47.5,1.6
2022-23,Regular+Season,TOR,Toronto Raptors,82,82,100%,40.4,82.3,49.1,47.4,1.6
2022-23,Regular+Season,SAC,Sacramento Kings,82,82,100%,43.8,88.9,49.2,47.4,1.9
2022-23,Regular+Season,SAS,San Antonio Spurs,82,82,100%,46.1,91.0,50.7,47.5,3.2
2022-23,Playoffs,LAL,Los Angeles Lakers,16,16,100%,41.1,93.6,43.9,47.9,-4.0
2022-23,Playoffs,CLE,Cleveland Cavaliers,5,5,100%,36.0,83.8,43.0,46.6,-3.6
2022-23,Playoffs,NYK,New York Knicks,11,11,100%,35.9,82.5,43.6,47.1,-3.5
2022-23,Playoffs,GSW,Golden State Warriors,13,13,100%,40.9,91.0,45.0,48.5,-3.5
2022-23,Playoffs,BKN,Brooklyn Nets,4,4,100%,38.5,85.5,45.0,48.1,-3.1
2022-23,Playoffs,PHI,Philadelphia 76ers,11,11,100%,37.2,81.5,45.6,47.9,-2.3
2022-23,Playoffs,MIN,Minnesota Timberwolves,5,5,100%,42.2,87.8,48.1,50.2,-2.1
2022-23,Playoffs,SAC,Sacramento Kings,7,7,100%,41.7,92.0,45.3,47.4,-2.1
2022-23,Playoffs,BOS,Boston Celtics,20,20,100%,39.9,87.7,45.5,47.4,-1.9
2022-23,Playoffs,DEN,Denver Nuggets,20,20,100%,39.0,85.5,45.5,47.4,-1.8
2022-23,Playoffs,MEM,Memphis Grizzlies,6,6,100%,42.0,90.7,46.3,47.9,-1.6
2022-23,Playoffs,MIA,Miami Heat,23,23,100%,38.8,83.4,46.5,47.8,-1.3
2022-23,Playoffs,PHX,Phoenix Suns,11,11,100%,42.5,88.5,48.0,49.0,-1.0
2022-23,Playoffs,ATL,Atlanta Hawks,6,6,100%,46.2,90.2,51.2,47.6,3.6
2022-23,Playoffs,LAC,LA Clippers,5,5,100%,44.6,86.6,51.5,47.1,4.4
2022-23,Playoffs,MIL,Milwaukee Bucks,5,5,100%,46.6,89.8,51.9,45.9,6.0
2023-24,Regular+Season,MIN,Minnesota Timberwolves,82,82,100%,39.0,86.7,45.0,47.3,-2.3
2023-24,Regular+Season,BOS,Boston Celtics,82,82,100%,41.5,91.6,45.3,47.3,-1.9
2023-24,Regular+Season,OKC,Oklahoma City Thunder,82,82,100%,40.6,89.3,45.5,47.2,-1.8
2023-24,Regular+Season,HOU,Houston Rockets,82,82,100%,40.7,87.8,46.3,47.4,-1.1
2023-24,Regular+Season,DEN,Denver Nuggets,81,81,100%,40.6,87.9,46.2,47.2,-1.0
2023-24,Regular+Season,NOP,New Orleans Pelicans,82,82,100%,40.2,86.7,46.3,47.3,-1.0
2023-24,Regular+Season,PHX,Phoenix Suns,82,82,100%,42.0,90.6,46.4,47.3,-0.9
2023-24,Regular+Season,CLE,Cleveland Cavaliers,82,82,100%,40.5,87.5,46.3,47.2,-0.9
2023-24,Regular+Season,GSW,Golden State Warriors,82,82,100%,42.1,90.4,46.6,47.4,-0.8
2023-24,Regular+Season,MIA,Miami Heat,82,82,100%,40.2,86.0,46.7,47.2,-0.5
2023-24,Regular+Season,LAC,LA Clippers,82,82,100%,41.6,88.8,46.8,47.3,-0.4
2023-24,Regular+Season,PHI,Philadelphia 76ers,82,82,100%,40.4,86.3,46.8,47.2,-0.4
2023-24,Regular+Season,BKN,Brooklyn Nets,81,81,100%,41.5,88.3,47.0,47.3,-0.3
2023-24,Regular+Season,NYK,New York Knicks,82,82,100%,40.3,85.7,47.0,47.3,-0.3
2023-24,Regular+Season,MIL,Milwaukee Bucks,82,82,100%,43.2,91.9,47.0,47.3,-0.3
2023-24,Regular+Season,MEM,Memphis Grizzlies,82,82,100%,41.2,86.9,47.4,47.5,0.0
2023-24,Regular+Season,CHI,Chicago Bulls,82,82,100%,41.0,86.7,47.3,47.3,0.0
2023-24,Regular+Season,LAL,Los Angeles Lakers,82,82,100%,44.2,93.2,47.4,47.3,0.1
2023-24,Regular+Season,ORL,Orlando Magic,82,82,100%,39.8,84.0,47.4,47.2,0.2
2023-24,Regular+Season,DAL,Dallas Mavericks,82,82,100%,43.0,90.4,47.5,47.2,0.3
2023-24,Regular+Season,SAC,Sacramento Kings,82,82,100%,41.6,86.8,48.0,47.5,0.5
2023-24,Regular+Season,UTA,Utah Jazz,82,82,100%,44.5,91.5,48.7,47.4,1.3
2023-24,Regular+Season,SAS,San Antonio Spurs,82,82,100%,44.9,92.3,48.7,47.4,1.3
2023-24,Regular+Season,POR,Portland Trail Blazers,82,82,100%,42.5,86.6,49.1,47.5,1.6
2023-24,Regular+Season,DET,Detroit Pistons,82,82,100%,43.6,89.0,49.0,47.3,1.7
2023-24,Regular+Season,TOR,Toronto Raptors,82,82,100%,44.7,91.2,49.1,47.3,1.8
2023-24,Regular+Season,ATL,Atlanta Hawks,82,82,100%,44.6,90.2,49.5,47.3,2.2
2023-24,Regular+Season,CHA,Charlotte Hornets,82,82,100%,43.4,87.7,49.5,47.3,2.2
2023-24,Regular+Season,WAS,Washington Wizards,82,82,100%,46.1,92.9,49.6,47.2,2.4
2023-24,Regular+Season,IND,Indiana Pacers,82,82,100%,44.5,89.8,49.6,47.2,2.5
2023-24,IST,LAL,Los Angeles Lakers,7,7,100%,34.3,86.4,39.7,47.2,-7.5
2023-24,IST,HOU,Houston Rockets,4,4,100%,36.0,85.3,42.2,48.4,-6.2
2023-24,IST,CLE,Cleveland Cavaliers,4,4,100%,39.8,93.5,42.5,47.4,-4.9
2023-24,IST,BKN,Brooklyn Nets,4,4,100%,39.8,91.5,43.4,47.4,-4.0
2023-24,IST,OKC,Oklahoma City Thunder,4,4,100%,39.0,88.5,44.1,47.4,-3.3
2023-24,IST,MIN,Minnesota Timberwolves,4,4,100%,41.5,92.0,45.1,47.7,-2.6
2023-24,IST,NOP,New Orleans Pelicans,6,6,100%,37.3,82.0,45.5,48.0,-2.4
2023-24,IST,PHX,Phoenix Suns,5,5,100%,39.6,87.6,45.2,46.8,-1.6
2023-24,IST,NYK,New York Knicks,5,5,100%,39.6,86.2,45.9,47.3,-1.4
2023-24,IST,BOS,Boston Celtics,5,5,100%,41.0,88.2,46.5,47.6,-1.1
2023-24,IST,MIL,Milwaukee Bucks,6,6,100%,44.0,95.0,46.3,47.2,-0.9
2023-24,IST,SAC,Sacramento Kings,5,5,100%,41.0,86.2,47.6,48.0,-0.4
2023-24,IST,DEN,Denver Nuggets,4,4,100%,41.0,85.5,48.0,47.7,0.3
2023-24,IST,PHI,Philadelphia 76ers,4,4,100%,43.5,90.5,48.1,47.8,0.3
2023-24,IST,DET,Detroit Pistons,4,4,100%,42.8,88.5,48.3,47.9,0.4
2023-24,IST,ORL,Orlando Magic,4,4,100%,37.5,78.8,47.6,47.0,0.6
2023-24,IST,GSW,Golden State Warriors,4,4,100%,43.0,88.8,48.5,47.8,0.7
2023-24,IST,TOR,Toronto Raptors,4,4,100%,43.5,90.8,47.9,47.1,0.9
2023-24,IST,LAC,LA Clippers,4,4,100%,42.5,86.3,49.3,47.7,1.5
2023-24,IST,UTA,Utah Jazz,4,4,100%,44.3,90.3,49.0,46.4,2.6
2023-24,IST,CHA,Charlotte Hornets,4,4,100%,43.3,87.0,49.7,47.1,2.6
2023-24,IST,CHI,Chicago Bulls,4,4,100%,43.3,87.0,49.7,47.0,2.7
2023-24,IST,DAL,Dallas Mavericks,4,4,100%,45.8,90.0,50.8,48.0,2.8
2023-24,IST,POR,Portland Trail Blazers,4,4,100%,43.5,87.0,50.0,47.1,2.9
2023-24,IST,SAS,San Antonio Spurs,4,4,100%,43.8,85.5,51.2,48.2,2.9
2023-24,IST,IND,Indiana Pacers,7,7,100%,46.1,90.9,50.8,47.6,3.2
2023-24,IST,MEM,Memphis Grizzlies,4,4,100%,41.5,82.3,50.5,47.2,3.3
2023-24,IST,MIA,Miami Heat,4,4,100%,42.0,82.8,50.8,47.0,3.7
2023-24,IST,WAS,Washington Wizards,4,4,100%,47.8,93.3,51.2,46.8,4.4
2023-24,IST,ATL,Atlanta Hawks,4,4,100%,49.3,91.3,54.0,47.7,6.2
2025-26,Pre+Season,BOS,Boston Celtics,1,1,100%,32.0,83.0,38.6,45.4,-6.8
2025-26,Pre+Season,MEM,Memphis Grizzlies,1,1,100%,41.0,94.0,43.6,47.3,-3.7
2025-26,Pre+Season,IND,Indiana Pacers,1,1,100%,43.0,90.0,47.8,48.0,-0.2
2025-26,Pre+Season,MIN,Minnesota Timberwolves,1,1,100%,45.0,94.0,47.9,44.1,3.8
2025-26,Pre+Season,UTA,Utah Jazz,1,1,100%,52.0,97.0,53.6,48.5,5.1
2025-26,Pre+Season,HOU,Houston Rockets,1,1,100%,50.0,89.0,56.2,46.3,9.9
2025-26,Regular+Season,OKC,Oklahoma City Thunder,38,38,100%,37.7,86.8,43.5,46.3,-2.9
2025-26,Regular+Season,DET,Detroit Pistons,37,37,100%,38.0,85.7,44.3,46.7,-2.4
2025-26,Regular+Season,BOS,Boston Celtics,36,36,100%,38.7,85.9,45.0,46.8,-1.7
2025-26,Regular+Season,MIN,Minnesota Timberwolves,37,37,100%,41.1,90.2,45.6,47.0,-1.4
2025-26,Regular+Season,MIA,Miami Heat,37,37,100%,42.9,93.4,45.9,47.0,-1.2
2025-26,Regular+Season,DAL,Dallas Mavericks,37,37,100%,43.2,94.1,45.9,47.0,-1.0
2025-26,Regular+Season,TOR,Toronto Raptors,38,38,100%,39.5,86.0,45.8,46.7,-0.9
2025-26,Regular+Season,CLE,Cleveland Cavaliers,38,38,100%,41.4,89.7,46.1,46.9,-0.8
2025-26,Regular+Season,MEM,Memphis Grizzlies,37,37,100%,42.3,91.1,46.5,47.2,-0.7
2025-26,Regular+Season,SAS,San Antonio Spurs,37,37,100%,41.2,89.3,46.2,46.9,-0.7
2025-26,Regular+Season,HOU,Houston Rockets,34,34,100%,40.3,87.0,46.3,46.9,-0.6
2025-26,Regular+Season,PHI,Philadelphia 76ers,35,35,100%,42.1,90.0,46.8,47.0,-0.3
2025-26,Regular+Season,POR,Portland Trail Blazers,38,38,100%,42.1,89.3,47.1,47.3,-0.2
2025-26,Regular+Season,PHX,Phoenix Suns,37,37,100%,40.2,85.6,47.0,47.2,-0.2
2025-26,Regular+Season,NYK,New York Knicks,37,37,100%,41.0,87.6,46.7,46.8,0.0
2025-26,Regular+Season,GSW,Golden State Warriors,38,38,100%,41.9,89.0,47.1,46.9,0.1
2025-26,Regular+Season,LAC,LA Clippers,36,36,100%,41.4,87.7,47.2,47.0,0.2
2025-26,Regular+Season,MIL,Milwaukee Bucks,37,37,100%,40.8,87.4,46.7,46.5,0.3
2025-26,Regular+Season,WAS,Washington Wizards,36,36,100%,44.7,94.7,47.2,46.9,0.4
2025-26,Regular+Season,CHI,Chicago Bulls,37,37,100%,44.4,93.8,47.3,46.7,0.6
2025-26,Regular+Season,ATL,Atlanta Hawks,39,39,100%,43.3,90.8,47.7,47.0,0.6
2025-26,Regular+Season,DEN,Denver Nuggets,37,37,100%,43.0,91.2,47.2,46.5,0.7
2025-26,Regular+Season,ORL,Orlando Magic,38,38,100%,41.9,88.1,47.5,46.8,0.8
2025-26,Regular+Season,CHA,Charlotte Hornets,37,37,100%,43.6,90.2,48.3,47.2,1.1
2025-26,Regular+Season,IND,Indiana Pacers,37,37,100%,43.1,88.7,48.6,47.1,1.5
2025-26,Regular+Season,BKN,Brooklyn Nets,34,34,100%,41.6,85.9,48.5,47.0,1.5
2025-26,Regular+Season,NOP,New Orleans Pelicans,39,39,100%,44.6,91.7,48.6,47.1,1.5
2025-26,Regular+Season,SAC,Sacramento Kings,37,37,100%,44.5,89.9,49.5,47.6,1.9
2025-26,Regular+Season,UTA,Utah Jazz,36,36,100%,45.1,92.1,49.0,47.2,1.9
2025-26,Regular+Season,LAL,Los Angeles Lakers,35,35,100%,42.3,87.0,48.6,46.7,2.0
2025-26,IST,OKC,Oklahoma City Thunder,6,6,100%,36.8,86.2,42.7,46.8,-4.0
2025-26,IST,MIA,Miami Heat,5,5,100%,41.2,94.6,43.6,47.1,-3.5
2025-26,IST,TOR,Toronto Raptors,5,5,100%,37.0,86.0,43.0,46.5,-3.5
2025-26,IST,DET,Detroit Pistons,4,4,100%,37.8,88.5,42.7,46.2,-3.5
2025-26,IST,MIN,Minnesota Timberwolves,4,4,100%,38.3,87.0,44.0,46.8,-2.8
2025-26,IST,DEN,Denver Nuggets,4,4,100%,41.3,93.3,44.2,46.6,-2.4
2025-26,IST,SAS,San Antonio Spurs,6,6,100%,40.5,88.7,45.7,48.0,-2.3
2025-26,IST,IND,Indiana Pacers,4,4,100%,40.5,89.3,45.4,47.1,-1.7
2025-26,IST,ATL,Atlanta Hawks,4,4,100%,41.0,92.3,44.4,46.1,-1.6
2025-26,IST,POR,Portland Trail Blazers,4,4,100%,43.0,92.3,46.6,48.1,-1.4
2025-26,IST,PHI,Philadelphia 76ers,4,4,100%,43.3,94.8,45.6,46.8,-1.2
2025-26,IST,GSW,Golden State Warriors,4,4,100%,41.5,88.5,46.9,47.9,-1.0
2025-26,IST,CHI,Chicago Bulls,4,4,100%,46.0,97.8,47.1,47.1,-0.1
2025-26,IST,PHX,Phoenix Suns,5,5,100%,40.6,85.4,47.5,47.6,-0.1
2025-26,IST,NYK,New York Knicks,6,6,100%,40.8,87.0,46.9,47.0,-0.1
2025-26,IST,HOU,Houston Rockets,4,4,100%,39.3,83.5,47.0,47.0,0.0
2025-26,IST,MIL,Milwaukee Bucks,4,4,100%,42.0,89.3,47.1,46.7,0.3
2025-26,IST,ORL,Orlando Magic,6,6,100%,41.3,87.8,47.1,46.7,0.4
2025-26,IST,MEM,Memphis Grizzlies,4,4,100%,42.3,88.0,48.0,47.3,0.7
2025-26,IST,BOS,Boston Celtics,4,4,100%,39.5,83.8,47.2,46.4,0.7
2025-26,IST,CLE,Cleveland Cavaliers,4,4,100%,41.5,88.0,47.2,46.4,0.7
2025-26,IST,LAL,Los Angeles Lakers,5,5,100%,41.8,88.0,47.5,46.6,0.9
2025-26,IST,LAC,LA Clippers,4,4,100%,43.3,89.3,48.5,47.0,1.5
2025-26,IST,SAC,Sacramento Kings,4,4,100%,43.8,88.8,49.3,47.4,1.9
2025-26,IST,BKN,Brooklyn Nets,4,4,100%,42.5,85.3,49.9,46.9,2.9
2025-26,IST,DAL,Dallas Mavericks,4,4,100%,43.3,86.8,49.9,47.0,2.9
2025-26,IST,WAS,Washington Wizards,4,4,100%,47.8,95.0,50.3,46.5,3.8
2025-26,IST,NOP,New Orleans Pelicans,4,4,100%,45.5,88.5,51.4,47.2,4.2
2025-26,IST,UTA,Utah Jazz,4,4,100%,46.8,89.5,52.2,47.2,5.0
2025-26,IST,CHA,Charlotte Hornets,4,4,100%,50.5,92.3,54.7,47.5,7.3
