SEASON,SEASON_TYPE,TEAM_ABB,TEAM_NAME,GP,W,L,W_PCT,TRAVEL,DOUBLE_DRIBBLE,DISCONTINUED_DRIBBLE,OFF_THREE_SEC,FIVE_SEC,EIGHT_SEC,SHOT_CLOCK,INBOUND,BACKCOURT,OFF_GOALTENDING,PALMING,OFF_FOUL,DEF_THREE_SEC,CHARGE,DELAY_OF_GAME,DEF_GOALTENDING,LANE,JUMP_BALL,KICKED_BALL
2015-16,Pre+Season,ATL,Atlanta Hawks,7,4,3,.571,5,0,1,2,0,0,2,0,0,0,0,1,3,7,2,0,1,0,6
2015-16,Pre+Season,Bauru Paschoalotto/Bauru,Bauru Paschoalotto/Bauru,2,0,2,.000,5,0,0,0,0,0,1,0,0,1,0,0,0,0,0,1,0,0,0
2015-16,Pre+Season,BOS,Boston Celtics,7,6,1,.857,9,0,1,4,0,0,5,0,0,1,0,0,3,5,1,0,0,0,6
2015-16,Pre+Season,BKN,Brooklyn Nets,6,2,4,.333,3,0,0,1,0,0,0,0,0,0,0,0,3,6,0,0,0,0,1
2015-16,Pre+Season,CHA,Charlotte Hornets,8,7,1,.875,10,0,0,0,0,0,1,0,0,0,3,0,1,0,1,3,0,0,7
2015-16,Pre+Season,CHI,Chicago Bulls,8,4,4,.500,7,1,1,2,0,0,3,0,1,1,0,0,3,4,1,0,1,0,7
2015-16,Pre+Season,CLE,Cleveland Cavaliers,7,1,6,.143,10,0,0,2,0,0,4,0,0,0,1,0,1,3,2,3,0,1,1
2015-16,Pre+Season,DAL,Dallas Mavericks,7,0,7,.000,6,1,0,1,0,0,7,0,2,1,1,0,3,1,1,0,0,0,5
2015-16,Pre+Season,DEN,Denver Nuggets,7,4,3,.571,8,0,2,5,0,0,3,0,2,2,0,0,5,6,2,4,0,0,3
2015-16,Pre+Season,DET,Detroit Pistons,8,3,5,.375,9,1,1,1,0,0,8,0,0,1,2,1,2,7,3,2,0,0,3
2015-16,Pre+Season,Flamengo Flamengo,Flamengo Flamengo,1,0,1,.000,1,0,0,0,0,0,1,0,0,0,0,0,0,1,0,0,0,0,1
2015-16,Pre+Season,GSW,Golden State Warriors,7,3,4,.429,4,0,0,1,0,0,3,0,1,0,2,0,5,3,0,0,0,0,2
2015-16,Pre+Season,Haifa Maccabi Haifa,Haifa Maccabi Haifa,2,0,2,.000,4,0,0,0,0,0,2,0,0,0,0,0,1,1,1,0,0,0,0
2015-16,Pre+Season,HOU,Houston Rockets,8,3,5,.375,13,0,0,2,0,0,5,0,1,0,0,0,2,10,4,5,0,0,1
2015-16,Pre+Season,IND,Indiana Pacers,7,5,2,.714,3,0,1,0,0,0,4,0,0,0,0,0,1,4,1,2,0,0,7
2015-16,Pre+Season,Istanbul Fenerbahce Sports Club,Istanbul Fenerbahce Sports Club,2,1,1,.500,0,0,1,0,0,0,3,1,0,0,0,0,1,0,0,0,0,0,1
2015-16,Pre+Season,LAC,LA Clippers,6,3,3,.500,5,0,0,0,0,0,2,2,2,0,2,0,2,5,3,1,0,0,5
2015-16,Pre+Season,LAL,Los Angeles Lakers,8,3,5,.375,5,1,1,1,0,0,3,0,0,2,0,0,3,5,4,2,0,0,2
2015-16,Pre+Season,Madrid Real Madrid,Madrid Real Madrid,1,0,1,.000,0,0,0,0,0,0,0,0,0,0,0,0,0,0,0,0,0,0,2
2015-16,Pre+Season,MEM,Memphis Grizzlies,7,6,1,.857,8,0,0,3,0,0,4,0,0,0,0,0,0,4,1,1,0,0,5
2015-16,Pre+Season,MIA,Miami Heat,8,4,4,.500,9,0,2,1,0,0,4,0,1,0,0,0,1,2,3,2,0,0,6
2015-16,Pre+Season,Milano Olimpia Milano,Milano Olimpia Milano,1,0,1,.000,1,0,0,0,0,0,1,0,0,0,0,0,0,1,0,1,0,0,0
2015-16,Pre+Season,MIL,Milwaukee Bucks,6,2,4,.333,7,0,0,2,0,0,3,0,0,1,0,1,1,4,5,1,0,0,2
2015-16,Pre+Season,MIN,Minnesota Timberwolves,7,2,5,.286,8,1,0,1,0,0,5,1,1,0,0,0,3,4,1,5,1,0,7
2015-16,Pre+Season,NOP,New Orleans Pelicans,7,3,4,.429,4,0,0,1,0,0,2,0,0,0,0,0,1,5,2,4,0,0,4
2015-16,Pre+Season,NYK,New York Knicks,6,4,2,.667,5,1,1,2,0,0,7,0,0,0,0,0,2,1,3,1,0,0,3
2015-16,Pre+Season,OKC,Oklahoma City Thunder,6,5,1,.833,12,1,1,2,0,0,4,0,1,1,1,0,2,2,1,2,0,0,1
2015-16,Pre+Season,ORL,Orlando Magic,8,6,2,.750,10,0,1,2,0,0,4,1,1,0,0,0,5,4,0,3,0,0,5
2015-16,Pre+Season,PHI,Philadelphia 76ers,7,2,5,.286,14,0,1,2,0,0,5,0,1,0,3,1,1,13,1,1,0,0,3
2015-16,Pre+Season,PHX,Phoenix Suns,6,4,2,.667,5,0,0,1,0,0,3,0,0,0,0,0,2,4,2,0,0,0,5
2015-16,Pre+Season,POR,Portland Trail Blazers,7,3,4,.429,4,1,0,1,0,0,6,0,2,1,0,0,11,4,2,1,0,0,3
2015-16,Pre+Season,SAC,Sacramento Kings,6,5,1,.833,11,1,0,0,0,0,4,0,0,1,0,0,1,3,4,0,0,0,4
2015-16,Pre+Season,SAS,San Antonio Spurs,6,2,4,.333,5,1,0,2,0,0,1,0,1,1,0,0,1,5,2,0,0,0,1
2015-16,Pre+Season,TOR,Toronto Raptors,7,5,2,.714,7,2,0,2,0,0,5,1,1,0,1,0,3,6,0,3,0,0,5
2015-16,Pre+Season,UTA,Utah Jazz,7,3,4,.429,4,0,0,0,0,0,9,0,2,2,0,0,4,4,2,1,0,0,2
2015-16,Pre+Season,WAS,Washington Wizards,7,4,3,.571,7,0,1,0,0,0,2,0,0,0,0,0,1,5,1,1,0,0,7
2015-16,Playoffs,ATL,Atlanta Hawks,10,4,6,.400,7,0,0,1,0,0,7,0,2,0,0,0,0,4,1,4,0,0,8
2015-16,Playoffs,BOS,Boston Celtics,6,2,4,.333,2,0,0,1,0,0,3,0,1,0,0,0,1,5,3,0,0,0,0
2015-16,Playoffs,CHA,Charlotte Hornets,7,3,4,.429,4,0,0,1,0,0,5,0,2,0,0,0,0,7,1,1,0,2,1
2015-16,Playoffs,CLE,Cleveland Cavaliers,21,16,5,.762,8,0,0,1,0,0,18,0,2,2,0,0,1,15,0,1,0,0,8
2015-16,Playoffs,DAL,Dallas Mavericks,5,1,4,.200,1,0,0,0,0,0,3,0,0,0,0,0,1,2,1,0,0,0,0
2015-16,Playoffs,DET,Detroit Pistons,4,0,4,.000,2,0,0,0,0,0,4,0,0,0,0,0,0,3,0,0,1,0,0
2015-16,Playoffs,GSW,Golden State Warriors,24,15,9,.625,6,2,0,1,0,0,9,0,4,3,0,1,3,3,2,3,1,0,15
2015-16,Playoffs,HOU,Houston Rockets,5,1,4,.200,4,0,0,1,0,0,1,0,1,1,0,1,0,8,0,3,0,0,2
2015-16,Playoffs,IND,Indiana Pacers,7,3,4,.429,2,0,0,2,0,0,5,0,2,0,1,0,0,6,1,1,0,0,2
2015-16,Playoffs,LAC,LA Clippers,6,2,4,.333,0,0,0,1,0,0,2,0,1,0,0,0,0,2,0,0,0,0,0
2015-16,Playoffs,MEM,Memphis Grizzlies,4,0,4,.000,0,0,0,0,0,0,2,0,1,0,0,0,1,0,2,1,0,0,4
2015-16,Playoffs,MIA,Miami Heat,14,7,7,.500,9,0,0,2,0,0,13,0,0,0,0,1,0,8,1,5,0,1,4
2015-16,Playoffs,OKC,Oklahoma City Thunder,18,11,7,.611,5,0,1,1,0,0,8,0,0,0,0,1,1,15,2,3,0,0,4
2015-16,Playoffs,POR,Portland Trail Blazers,11,5,6,.455,1,0,0,1,0,0,6,0,1,0,0,1,1,6,1,7,0,0,1
2015-16,Playoffs,SAS,San Antonio Spurs,10,6,4,.600,4,0,0,4,0,0,13,0,0,0,0,0,3,1,0,2,0,0,2
2015-16,Playoffs,TOR,Toronto Raptors,20,10,10,.500,9,2,0,1,0,0,17,0,1,3,0,0,4,18,2,6,0,0,6
2016-17,Pre+Season,ATL,Atlanta Hawks,7,5,2,.714,7,2,0,2,0,0,3,0,0,0,0,0,2,5,1,2,0,0,4
2016-17,Pre+Season,Barcelona FC Barcelona Lassa,Barcelona FC Barcelona Lassa,1,0,1,.000,5,0,0,1,0,0,0,0,0,0,0,0,3,0,0,0,0,0,1
2016-17,Pre+Season,BOS,Boston Celtics,7,5,2,.714,6,0,2,0,0,0,4,0,1,0,1,0,0,4,0,1,0,0,5
2016-17,Pre+Season,BKN,Brooklyn Nets,6,1,5,.167,5,0,0,1,0,1,1,0,0,0,0,1,4,3,0,2,0,0,4
2016-17,Pre+Season,Buenos Aires San Lorenzo,Buenos Aires San Lorenzo,1,0,1,.000,1,0,0,0,0,0,2,0,0,0,0,0,0,0,0,0,0,0,0
2016-17,Pre+Season,CHA,Charlotte Hornets,7,3,4,.429,8,0,0,2,0,0,3,0,1,1,0,0,4,2,2,0,0,0,3
2016-17,Pre+Season,CHI,Chicago Bulls,7,3,4,.429,6,0,0,3,0,0,2,0,0,0,0,0,4,5,0,2,1,0,1
2016-17,Pre+Season,CLE,Cleveland Cavaliers,6,2,4,.333,1,1,0,0,0,0,3,0,0,0,0,1,0,4,0,0,0,0,4
2016-17,Pre+Season,DAL,Dallas Mavericks,7,2,5,.286,4,0,1,0,0,0,3,0,0,0,1,0,8,5,1,2,0,0,2
2016-17,Pre+Season,DEN,Denver Nuggets,8,4,4,.500,11,0,1,1,0,0,1,1,2,2,0,0,2,6,2,0,2,0,6
2016-17,Pre+Season,DET,Detroit Pistons,6,3,3,.500,4,0,0,3,0,0,2,0,0,0,0,0,4,5,1,3,0,0,0
2016-17,Pre+Season,GSW,Golden State Warriors,7,6,1,.857,6,0,0,1,0,0,3,0,0,1,0,0,4,1,3,0,1,0,8
2016-17,Pre+Season,Haifa Maccabi Haifa,Haifa Maccabi Haifa,1,0,1,.000,1,0,0,0,0,0,0,0,0,0,0,0,2,0,0,3,0,0,0
2016-17,Pre+Season,HOU,Houston Rockets,7,5,2,.714,9,0,0,0,0,0,1,0,0,0,0,0,4,2,1,4,0,0,4
2016-17,Pre+Season,IND,Indiana Pacers,6,3,3,.500,6,0,0,0,0,0,1,0,0,0,0,0,4,1,1,2,0,0,1
2016-17,Pre+Season,LAC,LA Clippers,6,3,3,.500,4,0,1,2,0,0,5,0,0,1,0,0,2,1,3,1,0,0,4
2016-17,Pre+Season,LAL,Los Angeles Lakers,8,2,6,.250,6,1,0,2,0,0,3,0,0,1,0,1,3,0,2,1,1,0,8
2016-17,Pre+Season,Madrid Real Madrid,Madrid Real Madrid,1,1,0,1.000,2,0,0,0,0,0,0,0,0,0,0,0,0,2,0,1,0,0,1
2016-17,Pre+Season,MEM,Memphis Grizzlies,6,4,2,.667,4,0,2,1,0,0,3,0,0,0,0,0,0,5,0,3,0,0,4
2016-17,Pre+Season,MIA,Miami Heat,8,4,4,.500,8,0,1,1,0,0,7,0,1,1,0,0,0,7,3,4,0,0,3
2016-17,Pre+Season,MIL,Milwaukee Bucks,6,3,3,.500,6,0,0,4,0,1,4,0,0,0,2,0,5,7,1,3,0,0,2
2016-17,Pre+Season,MIN,Minnesota Timberwolves,7,5,2,.714,19,1,1,4,0,0,5,0,0,0,1,0,3,9,1,2,0,0,10
2016-17,Pre+Season,NOP,New Orleans Pelicans,6,1,5,.167,9,0,0,0,0,0,2,0,0,0,0,0,2,8,0,4,0,0,6
2016-17,Pre+Season,NYK,New York Knicks,6,4,2,.667,8,0,0,0,0,0,3,0,0,0,0,1,3,2,2,2,0,0,4
2016-17,Pre+Season,OKC,Oklahoma City Thunder,6,3,3,.500,13,0,0,1,0,0,4,1,0,1,1,0,4,4,1,0,0,0,1
2016-17,Pre+Season,ORL,Orlando Magic,7,2,5,.286,9,1,1,2,0,0,4,0,1,0,0,1,4,2,1,0,0,0,4
2016-17,Pre+Season,PHI,Philadelphia 76ers,7,2,5,.286,9,0,0,1,0,0,5,0,1,0,1,0,3,4,1,1,1,0,1
2016-17,Pre+Season,PHX,Phoenix Suns,6,4,2,.667,10,1,0,2,0,0,2,0,0,0,0,0,8,4,1,1,1,0,4
2016-17,Pre+Season,POR,Portland Trail Blazers,7,4,3,.571,6,0,2,2,0,0,2,0,2,1,1,0,1,1,2,3,0,0,5
2016-17,Pre+Season,SAC,Sacramento Kings,6,3,3,.500,8,1,0,0,0,0,4,0,1,0,0,0,3,3,1,0,0,0,1
2016-17,Pre+Season,SAS,San Antonio Spurs,6,4,2,.667,9,0,0,2,0,0,3,0,0,0,1,0,3,2,0,1,0,0,2
2016-17,Pre+Season,Shanghai Shanghai Sharks,Shanghai Shanghai Sharks,1,0,1,.000,0,1,0,0,0,0,1,0,0,1,0,0,1,0,0,0,1,0,0
2016-17,Pre+Season,TOR,Toronto Raptors,7,4,3,.571,4,0,0,2,0,0,2,0,1,1,1,0,7,3,1,1,0,0,6
2016-17,Pre+Season,UTA,Utah Jazz,6,3,3,.500,11,0,0,2,0,0,5,0,1,0,0,0,3,2,0,0,0,0,1
2016-17,Pre+Season,WAS,Washington Wizards,7,4,3,.571,5,0,0,0,0,0,3,1,1,0,0,0,2,2,0,0,0,1,4
2016-17,Regular+Season,ATL,Atlanta Hawks,82,43,39,.524,58,2,6,22,0,0,42,1,9,9,1,1,20,48,17,23,1,0,38
2016-17,Regular+Season,BOS,Boston Celtics,82,53,29,.646,62,1,4,11,0,0,50,2,6,1,1,0,23,35,18,14,2,1,24
2016-17,Regular+Season,BKN,Brooklyn Nets,82,20,62,.244,72,3,7,9,2,0,42,0,8,1,2,0,23,67,13,6,2,1,30
2016-17,Regular+Season,CHA,Charlotte Hornets,82,36,46,.439,53,0,0,8,0,0,39,0,2,2,0,3,13,33,7,11,3,0,43
2016-17,Regular+Season,CHI,Chicago Bulls,82,41,41,.500,66,2,2,18,0,1,43,2,13,4,0,1,21,40,21,11,2,1,34
2016-17,Regular+Season,CLE,Cleveland Cavaliers,82,51,31,.622,47,2,2,5,0,1,37,1,6,1,4,3,9,56,13,11,0,0,35
2016-17,Regular+Season,DAL,Dallas Mavericks,82,33,49,.402,47,4,2,3,0,1,44,1,8,2,3,0,13,21,12,17,4,0,34
2016-17,Regular+Season,DEN,Denver Nuggets,82,40,42,.488,82,1,1,13,0,1,35,0,7,6,3,3,21,52,18,17,0,0,21
2016-17,Regular+Season,DET,Detroit Pistons,82,37,45,.451,47,2,1,19,0,0,38,1,5,7,2,0,28,28,28,22,0,0,20
2016-17,Regular+Season,GSW,Golden State Warriors,82,67,15,.817,55,1,2,12,1,1,27,1,3,0,5,2,20,34,19,28,1,0,55
2016-17,Regular+Season,HOU,Houston Rockets,82,55,27,.671,83,3,4,7,0,0,50,0,5,4,3,4,17,54,8,18,4,1,27
2016-17,Regular+Season,IND,Indiana Pacers,82,42,40,.512,50,4,2,12,0,0,39,1,16,3,0,1,20,44,14,10,2,0,25
2016-17,Regular+Season,LAC,LA Clippers,82,51,31,.622,37,6,3,10,0,1,38,1,7,4,1,4,21,25,26,12,2,0,28
2016-17,Regular+Season,LAL,Los Angeles Lakers,82,26,56,.317,68,6,6,11,0,4,40,1,8,1,1,0,18,48,29,19,5,1,34
2016-17,Regular+Season,MEM,Memphis Grizzlies,82,43,39,.524,62,1,1,5,0,2,36,0,7,2,3,2,19,42,34,13,1,0,48
2016-17,Regular+Season,MIA,Miami Heat,82,41,41,.500,72,1,4,16,0,1,60,1,6,10,4,1,11,42,13,28,2,0,25
2016-17,Regular+Season,MIL,Milwaukee Bucks,82,42,40,.512,79,7,2,10,0,0,48,0,3,6,6,3,31,62,18,25,6,2,34
2016-17,Regular+Season,MIN,Minnesota Timberwolves,82,31,51,.378,83,1,5,9,0,0,48,2,8,7,0,0,11,56,10,27,1,3,85
2016-17,Regular+Season,NOP,New Orleans Pelicans,82,34,48,.415,59,3,6,6,1,1,39,2,5,9,4,2,19,45,18,10,1,0,58
2016-17,Regular+Season,NYK,New York Knicks,82,31,51,.378,69,3,1,9,0,1,54,1,11,9,3,5,22,24,22,10,1,0,24
2016-17,Regular+Season,OKC,Oklahoma City Thunder,82,47,35,.573,70,2,3,20,0,0,29,0,3,6,0,3,12,56,13,24,4,1,40
2016-17,Regular+Season,ORL,Orlando Magic,82,29,53,.354,67,8,1,14,0,0,34,2,5,5,2,0,17,32,12,30,2,1,35
2016-17,Regular+Season,PHI,Philadelphia 76ers,82,28,54,.341,112,6,1,10,0,1,50,2,12,3,5,1,16,80,15,21,2,0,27
2016-17,Regular+Season,PHX,Phoenix Suns,82,24,58,.293,50,2,4,14,1,0,39,1,9,7,1,2,29,69,19,23,6,0,39
2016-17,Regular+Season,POR,Portland Trail Blazers,82,41,41,.500,60,0,1,11,1,0,44,1,6,6,2,3,24,49,15,20,2,0,18
2016-17,Regular+Season,SAC,Sacramento Kings,82,32,50,.390,54,4,1,4,0,1,41,0,9,3,1,1,9,41,20,12,6,0,38
2016-17,Regular+Season,SAS,San Antonio Spurs,82,61,21,.744,68,2,3,8,0,0,41,0,12,6,2,2,11,29,15,15,0,1,22
2016-17,Regular+Season,TOR,Toronto Raptors,82,51,31,.622,46,2,6,10,1,0,65,0,7,3,0,0,21,52,21,18,4,1,37
2016-17,Regular+Season,UTA,Utah Jazz,82,51,31,.622,70,1,2,14,0,1,55,0,8,5,1,1,20,42,9,14,3,0,31
2016-17,Regular+Season,WAS,Washington Wizards,82,49,33,.598,46,2,5,8,0,1,57,0,2,4,3,1,22,42,19,5,1,0,36
2016-17,Playoffs,ATL,Atlanta Hawks,6,2,4,.333,5,0,0,0,0,0,3,0,1,1,0,0,1,5,4,2,0,0,2
2016-17,Playoffs,BOS,Boston Celtics,18,9,9,.500,17,0,2,3,0,1,7,0,1,1,1,0,4,7,3,6,0,1,11
2016-17,Playoffs,CHI,Chicago Bulls,6,2,4,.333,4,0,0,1,0,0,8,0,0,0,0,0,0,4,1,1,0,0,2
2016-17,Playoffs,CLE,Cleveland Cavaliers,18,13,5,.722,8,0,0,1,0,0,5,0,0,0,0,0,4,7,2,7,0,0,5
2016-17,Playoffs,GSW,Golden State Warriors,17,16,1,.941,5,3,0,1,0,0,0,0,2,0,0,1,3,7,5,2,0,0,6
2016-17,Playoffs,HOU,Houston Rockets,11,6,5,.545,5,0,1,0,0,0,10,0,0,0,0,1,0,4,3,3,0,1,2
2016-17,Playoffs,IND,Indiana Pacers,4,0,4,.000,1,0,0,1,0,0,4,0,0,0,0,0,3,4,1,1,0,0,2
2016-17,Playoffs,LAC,LA Clippers,7,3,4,.429,5,1,0,2,0,0,3,0,1,0,0,1,0,1,2,1,0,0,1
2016-17,Playoffs,MEM,Memphis Grizzlies,6,2,4,.333,0,0,0,0,0,0,5,0,0,0,0,0,0,1,3,0,0,0,2
2016-17,Playoffs,MIL,Milwaukee Bucks,6,2,4,.333,4,0,0,0,0,0,1,0,0,0,0,1,1,6,0,2,0,0,2
2016-17,Playoffs,OKC,Oklahoma City Thunder,5,1,4,.200,3,0,0,0,0,1,0,0,0,0,0,0,0,2,2,2,0,0,0
2016-17,Playoffs,POR,Portland Trail Blazers,4,0,4,.000,1,0,0,1,0,0,2,0,0,0,0,0,0,2,1,0,0,0,1
2016-17,Playoffs,SAS,San Antonio Spurs,16,8,8,.500,6,1,0,1,0,0,11,0,2,2,0,1,2,8,1,6,0,0,4
2016-17,Playoffs,TOR,Toronto Raptors,10,4,6,.400,3,1,0,2,0,0,7,0,1,1,0,0,3,5,1,5,0,0,3
2016-17,Playoffs,UTA,Utah Jazz,11,4,7,.364,4,0,1,0,0,0,14,0,0,0,0,0,1,3,1,0,0,0,5
2016-17,Playoffs,WAS,Washington Wizards,13,7,6,.538,7,0,1,3,0,0,9,0,1,0,0,0,0,14,3,5,0,0,5
2016-17,All+Star,East NBA All Stars East,East NBA All Stars East,1,0,1,.000,0,0,0,0,0,0,0,0,0,0,0,0,0,0,0,0,0,0,0
2016-17,All+Star,West NBA All Stars West,West NBA All Stars West,1,1,0,1.000,0,0,0,0,0,0,0,0,0,0,0,0,0,0,0,0,0,0,0
2017-18,Pre+Season,ATL,Atlanta Hawks,5,2,3,.400,12,0,0,1,0,0,1,1,1,0,0,10,0,6,0,0,0,0,1
2017-18,Pre+Season,BOS,Boston Celtics,4,4,0,1.000,8,0,1,0,0,0,3,0,0,0,1,11,0,9,0,1,0,0,1
2017-18,Pre+Season,Brisbane Bullets,Brisbane Bullets,1,0,1,.000,2,0,0,0,0,0,0,0,0,0,0,1,0,1,0,0,0,0,0
2017-18,Pre+Season,BKN,Brooklyn Nets,4,3,1,.750,11,0,0,1,0,0,2,0,1,0,0,7,0,2,0,0,0,0,1
2017-18,Pre+Season,CHA,Charlotte Hornets,5,2,3,.400,15,0,0,1,1,0,1,0,1,0,0,10,0,5,0,1,0,0,1
2017-18,Pre+Season,CHI,Chicago Bulls,6,3,3,.500,8,0,1,0,0,0,2,1,0,1,0,18,4,10,0,1,0,0,1
2017-18,Pre+Season,CLE,Cleveland Cavaliers,5,1,4,.200,7,0,0,0,0,0,2,1,0,1,0,22,1,9,0,0,1,0,3
2017-18,Pre+Season,DAL,Dallas Mavericks,6,4,2,.667,9,0,1,1,0,1,5,0,1,0,0,8,3,2,0,1,0,0,1
2017-18,Pre+Season,DEN,Denver Nuggets,5,3,2,.600,9,0,0,2,0,0,3,0,0,0,0,9,3,5,0,1,1,0,2
2017-18,Pre+Season,DET,Detroit Pistons,5,2,3,.400,9,0,0,1,0,0,2,0,0,1,0,3,1,2,0,0,0,0,0
2017-18,Pre+Season,GSW,Golden State Warriors,4,2,2,.500,10,0,0,4,0,0,0,0,0,0,0,7,1,4,0,1,0,0,4
2017-18,Pre+Season,Guangzhou Long-Lions,Guangzhou Long-Lions,1,0,1,.000,0,0,0,0,0,0,2,0,0,0,0,2,0,2,0,0,0,0,0
2017-18,Pre+Season,Haifa Maccabi Haifa,Haifa Maccabi Haifa,3,0,3,.000,7,1,0,2,0,0,1,0,0,0,0,4,0,1,0,0,0,0,1
2017-18,Pre+Season,HOU,Houston Rockets,5,4,1,.800,13,1,0,1,0,0,1,0,1,0,0,13,1,2,0,0,0,0,1
2017-18,Pre+Season,IND,Indiana Pacers,4,3,1,.750,5,0,0,0,0,0,1,0,0,0,0,5,1,3,0,3,0,0,2
2017-18,Pre+Season,LAC,LA Clippers,5,2,3,.400,8,1,1,1,0,0,3,0,1,0,0,13,1,4,0,0,0,0,1
2017-18,Pre+Season,LAL,Los Angeles Lakers,6,2,4,.333,12,0,1,0,0,0,2,1,0,1,0,16,4,6,0,0,1,0,2
2017-18,Pre+Season,Melbourne United,Melbourne United,1,0,1,.000,3,0,0,0,0,0,0,0,0,0,0,3,0,0,0,0,0,0,0
2017-18,Pre+Season,MEM,Memphis Grizzlies,5,3,2,.600,13,0,0,0,0,0,3,0,1,0,0,11,0,8,0,0,0,0,1
2017-18,Pre+Season,MIA,Miami Heat,6,3,3,.500,14,0,1,1,0,0,1,0,0,0,0,18,0,7,0,0,0,0,1
2017-18,Pre+Season,MIL,Milwaukee Bucks,4,1,3,.250,6,0,0,2,0,0,1,0,0,0,2,7,1,4,0,3,0,0,3
2017-18,Pre+Season,MIN,Minnesota Timberwolves,3,2,1,.667,8,0,1,1,0,0,2,0,0,2,0,7,1,3,0,0,0,0,3
2017-18,Pre+Season,NOP,New Orleans Pelicans,4,1,3,.250,10,1,0,0,0,0,0,0,2,0,0,10,0,2,0,1,0,0,3
2017-18,Pre+Season,NYK,New York Knicks,5,0,5,.000,9,0,0,1,0,1,1,0,0,0,0,18,3,7,0,2,0,0,4
2017-18,Pre+Season,OKC,Oklahoma City Thunder,4,3,1,.750,6,1,0,1,0,0,6,0,1,0,1,13,0,2,0,1,0,0,2
2017-18,Pre+Season,ORL,Orlando Magic,6,3,3,.500,4,0,0,1,0,0,1,0,0,2,0,13,1,4,0,4,0,0,1
2017-18,Pre+Season,PHI,Philadelphia 76ers,5,2,3,.400,11,1,0,0,0,0,1,0,2,0,0,9,1,4,0,0,1,0,0
2017-18,Pre+Season,PHX,Phoenix Suns,5,2,3,.400,8,1,1,1,0,0,2,0,1,0,0,11,2,4,0,0,0,0,1
2017-18,Pre+Season,POR,Portland Trail Blazers,6,5,1,.833,10,1,0,3,0,0,2,0,0,0,1,18,0,9,0,1,0,0,4
2017-18,Pre+Season,SAC,Sacramento Kings,6,1,5,.167,12,0,0,1,0,0,2,0,0,1,0,19,0,5,0,1,0,0,2
2017-18,Pre+Season,SAS,San Antonio Spurs,5,3,2,.600,11,2,1,2,0,0,2,0,3,0,0,10,0,2,0,4,0,0,1
2017-18,Pre+Season,Shanghai Sharks,Shanghai Sharks,1,0,1,.000,0,0,0,0,1,0,1,0,0,0,0,3,1,1,0,1,0,0,1
2017-18,Pre+Season,SAC,Sacramento Kings,1,0,1,.000,0,1,0,0,0,0,1,0,0,1,0,3,0,1,0,0,0,0,0
2017-18,Pre+Season,TOR,Toronto Raptors,5,3,2,.600,9,0,0,1,1,0,5,0,0,2,1,17,0,9,0,2,1,0,2
2017-18,Pre+Season,UTA,Utah Jazz,5,5,0,1.000,8,0,1,1,0,0,3,0,3,0,0,5,1,3,0,1,0,0,0
2017-18,Pre+Season,WAS,Washington Wizards,5,4,1,.800,10,1,0,1,0,0,2,0,0,1,0,10,0,2,0,1,1,0,5
2017-18,Regular+Season,ATL,Atlanta Hawks,82,24,58,.293,69,8,1,5,0,1,45,0,4,9,4,150,26,56,14,20,2,0,45
2017-18,Regular+Season,BOS,Boston Celtics,82,55,27,.671,80,4,9,16,3,1,53,0,6,7,1,146,11,48,21,17,1,0,37
2017-18,Regular+Season,BKN,Brooklyn Nets,82,28,54,.341,82,2,4,5,2,0,76,0,10,1,1,163,19,62,11,7,4,1,31
2017-18,Regular+Season,CHA,Charlotte Hornets,82,36,46,.439,100,5,0,16,0,1,29,2,4,5,1,132,17,31,15,32,2,2,25
2017-18,Regular+Season,CHI,Chicago Bulls,82,27,55,.329,89,4,4,13,3,0,54,0,7,4,4,129,23,62,11,8,2,0,41
2017-18,Regular+Season,CLE,Cleveland Cavaliers,82,50,32,.610,58,4,1,5,0,0,35,1,12,2,2,127,10,36,19,12,0,0,34
2017-18,Regular+Season,DAL,Dallas Mavericks,82,24,58,.293,45,1,3,2,2,0,41,0,2,2,5,81,10,26,17,22,1,0,28
2017-18,Regular+Season,DEN,Denver Nuggets,82,46,36,.561,79,2,7,11,0,2,50,1,9,7,1,112,14,53,14,34,1,2,29
2017-18,Regular+Season,DET,Detroit Pistons,82,39,43,.476,56,2,3,14,6,0,51,1,2,8,1,120,21,38,15,31,1,2,28
2017-18,Regular+Season,GSW,Golden State Warriors,82,58,24,.707,66,7,2,7,0,0,36,5,6,6,9,129,14,59,17,26,4,0,52
2017-18,Regular+Season,HOU,Houston Rockets,82,65,17,.793,69,4,3,6,0,0,55,1,3,3,3,143,17,48,14,21,2,1,39
2017-18,Regular+Season,IND,Indiana Pacers,82,48,34,.585,83,4,2,7,3,0,38,1,8,3,3,138,12,61,12,19,0,0,29
2017-18,Regular+Season,LAC,LA Clippers,82,42,40,.512,75,4,1,16,0,0,50,1,4,9,2,92,20,33,13,12,2,0,21
2017-18,Regular+Season,LAL,Los Angeles Lakers,82,35,47,.427,94,2,3,4,1,0,37,1,6,8,2,178,17,80,27,15,2,0,18
2017-18,Regular+Season,MEM,Memphis Grizzlies,82,22,60,.268,93,6,5,7,1,1,43,0,6,7,8,136,10,58,19,10,3,0,38
2017-18,Regular+Season,MIA,Miami Heat,82,44,38,.537,72,5,6,8,3,0,57,0,9,2,0,147,7,59,11,22,1,1,27
2017-18,Regular+Season,MIL,Milwaukee Bucks,82,44,38,.537,74,2,4,13,0,0,57,0,4,4,5,120,16,56,19,31,5,0,38
2017-18,Regular+Season,MIN,Minnesota Timberwolves,82,47,35,.573,75,3,3,16,2,0,56,1,5,6,1,136,13,54,6,21,2,0,41
2017-18,Regular+Season,NOP,New Orleans Pelicans,82,48,34,.585,77,4,4,15,0,0,41,2,4,5,3,122,8,57,20,12,1,0,33
2017-18,Regular+Season,NYK,New York Knicks,82,29,53,.354,91,1,1,8,2,0,41,0,3,3,3,145,20,45,15,21,3,1,26
2017-18,Regular+Season,OKC,Oklahoma City Thunder,82,48,34,.585,63,2,1,11,0,0,45,0,3,3,3,148,20,37,19,26,6,2,47
2017-18,Regular+Season,ORL,Orlando Magic,82,25,57,.305,100,4,11,12,2,1,46,1,9,8,0,139,7,63,18,16,1,1,17
2017-18,Regular+Season,PHI,Philadelphia 76ers,82,52,30,.634,102,5,3,13,1,1,50,1,10,7,9,147,14,62,20,10,3,1,31
2017-18,Regular+Season,PHX,Phoenix Suns,82,21,61,.256,82,4,4,4,6,1,48,0,5,6,1,176,23,56,21,12,1,1,30
2017-18,Regular+Season,POR,Portland Trail Blazers,82,49,33,.598,59,5,0,10,2,0,40,0,5,4,4,135,11,44,10,8,2,1,31
2017-18,Regular+Season,SAC,Sacramento Kings,82,27,55,.329,68,2,0,7,0,1,41,1,7,5,5,116,10,38,13,24,3,0,41
2017-18,Regular+Season,SAS,San Antonio Spurs,82,47,35,.573,66,1,3,13,2,0,35,0,9,4,2,81,7,30,9,14,4,0,18
2017-18,Regular+Season,TOR,Toronto Raptors,82,59,23,.720,68,5,3,7,1,0,49,0,5,1,2,156,14,75,14,21,3,0,31
2017-18,Regular+Season,UTA,Utah Jazz,82,48,34,.585,84,4,4,8,0,0,50,0,3,6,4,118,13,45,15,23,4,0,56
2017-18,Regular+Season,WAS,Washington Wizards,82,43,39,.524,64,4,2,14,1,0,43,1,7,5,5,162,14,35,9,7,1,0,35
2017-18,Playoffs,BOS,Boston Celtics,19,11,8,.579,10,0,0,1,0,0,16,1,2,1,0,28,3,7,2,5,0,0,8
2017-18,Playoffs,CLE,Cleveland Cavaliers,22,12,10,.545,10,0,0,2,0,1,15,0,1,1,3,39,0,14,6,3,1,0,9
2017-18,Playoffs,GSW,Golden State Warriors,21,16,5,.762,8,3,0,3,0,0,11,0,1,1,1,23,5,6,0,6,0,0,12
2017-18,Playoffs,HOU,Houston Rockets,17,11,6,.647,8,2,0,0,0,0,16,0,1,0,0,25,1,4,3,5,0,0,7
2017-18,Playoffs,IND,Indiana Pacers,7,3,4,.429,7,1,0,0,0,0,7,0,1,0,0,11,0,4,0,2,1,0,5
2017-18,Playoffs,MIA,Miami Heat,5,1,4,.200,5,0,0,0,1,0,3,0,0,1,1,13,0,5,0,1,0,0,4
2017-18,Playoffs,MIL,Milwaukee Bucks,7,3,4,.429,3,1,0,0,0,0,4,0,1,0,0,13,0,6,0,4,0,0,2
2017-18,Playoffs,MIN,Minnesota Timberwolves,5,1,4,.200,5,0,0,1,0,0,3,0,0,0,0,7,0,4,1,0,0,0,2
2017-18,Playoffs,NOP,New Orleans Pelicans,9,5,4,.556,3,0,0,0,0,1,2,0,1,0,0,13,1,5,1,1,0,0,5
2017-18,Playoffs,OKC,Oklahoma City Thunder,6,2,4,.333,1,0,0,0,0,0,2,0,1,0,0,6,0,2,0,4,0,0,5
2017-18,Playoffs,PHI,Philadelphia 76ers,10,5,5,.500,7,0,0,0,0,0,10,0,0,0,1,18,0,5,1,0,0,0,3
2017-18,Playoffs,POR,Portland Trail Blazers,4,0,4,.000,0,0,0,0,0,0,0,0,1,0,0,6,0,1,0,0,0,0,3
2017-18,Playoffs,SAS,San Antonio Spurs,5,1,4,.200,2,0,0,1,0,0,3,0,0,1,0,2,0,1,0,1,0,0,0
2017-18,Playoffs,TOR,Toronto Raptors,10,4,6,.400,8,0,0,2,1,0,2,0,1,0,0,31,2,11,4,4,1,0,4
2017-18,Playoffs,UTA,Utah Jazz,11,5,6,.455,8,1,0,1,0,1,4,0,2,1,0,13,1,6,3,2,0,0,1
2017-18,Playoffs,WAS,Washington Wizards,6,2,4,.333,1,0,0,1,0,0,7,0,1,0,0,10,0,4,0,0,0,0,0
2017-18,All+Star,Team LeBron,Team LeBron,1,1,0,1.000,0,0,0,0,0,0,0,0,0,0,0,0,0,0,1,0,0,0,1
2017-18,All+Star,Team Stephen,Team Stephen,1,0,1,.000,0,1,0,0,0,0,0,0,1,0,0,0,0,0,0,1,0,0,2
2018-19,Regular+Season,ATL,Atlanta Hawks,82,29,53,.354,79,5,5,11,2,0,32,2,6,9,1,152,24,45,18,15,2,0,38
2018-19,Regular+Season,BOS,Boston Celtics,82,49,33,.598,75,3,7,6,0,0,33,0,8,4,0,159,11,46,22,26,3,1,46
2018-19,Regular+Season,BKN,Brooklyn Nets,82,42,40,.512,65,3,2,2,2,0,53,0,7,3,4,187,15,55,12,5,2,0,24
2018-19,Regular+Season,CHA,Charlotte Hornets,82,39,43,.476,66,1,0,8,1,0,44,1,4,1,3,131,20,36,11,26,7,0,24
2018-19,Regular+Season,CHI,Chicago Bulls,82,22,60,.268,81,6,3,15,1,0,52,1,4,8,1,154,17,49,15,14,1,0,18
2018-19,Regular+Season,CLE,Cleveland Cavaliers,82,19,63,.232,80,0,1,14,1,1,68,1,8,4,5,123,8,29,26,15,1,0,35
2018-19,Regular+Season,DAL,Dallas Mavericks,82,33,49,.402,66,1,2,8,2,0,47,0,8,5,8,137,11,38,17,13,2,0,46
2018-19,Regular+Season,DEN,Denver Nuggets,82,54,28,.659,78,2,2,13,2,1,45,0,5,5,0,133,19,45,11,22,2,1,26
2018-19,Regular+Season,DET,Detroit Pistons,82,41,41,.500,60,2,2,16,3,0,71,1,7,14,0,181,13,37,17,25,1,1,31
2018-19,Regular+Season,GSW,Golden State Warriors,82,57,25,.695,50,2,1,7,1,1,39,1,3,5,2,153,10,26,17,10,5,0,37
2018-19,Regular+Season,HOU,Houston Rockets,82,53,29,.646,49,4,2,5,0,2,54,0,2,7,1,142,15,39,10,15,5,0,17
2018-19,Regular+Season,IND,Indiana Pacers,82,48,34,.585,91,5,2,13,1,2,29,0,8,5,4,141,13,43,15,23,0,0,26
2018-19,Regular+Season,LAC,LA Clippers,82,48,34,.585,74,3,5,10,2,0,59,0,7,4,1,149,17,42,15,14,6,2,19
2018-19,Regular+Season,LAL,Los Angeles Lakers,82,37,45,.451,79,3,5,11,1,0,37,2,7,3,1,167,31,53,23,42,2,1,29
2018-19,Regular+Season,MEM,Memphis Grizzlies,82,33,49,.402,70,3,0,11,1,0,66,0,7,5,1,159,18,49,13,9,2,0,35
2018-19,Regular+Season,MIA,Miami Heat,82,39,43,.476,70,5,3,15,1,0,52,2,4,5,1,177,13,38,14,25,2,0,38
2018-19,Regular+Season,MIL,Milwaukee Bucks,82,60,22,.732,99,5,2,8,0,0,50,0,5,7,4,170,17,84,14,20,3,0,38
2018-19,Regular+Season,MIN,Minnesota Timberwolves,82,36,46,.439,99,0,2,18,1,0,43,0,5,4,2,155,9,55,14,34,0,0,51
2018-19,Regular+Season,NOP,New Orleans Pelicans,82,33,49,.402,78,8,5,9,1,0,25,3,9,4,4,136,14,62,9,12,1,0,39
2018-19,Regular+Season,NYK,New York Knicks,82,17,65,.207,102,0,1,12,2,0,50,2,10,5,3,144,12,55,14,44,4,0,30
2018-19,Regular+Season,OKC,Oklahoma City Thunder,82,49,33,.598,40,2,1,6,0,0,26,0,5,3,0,152,8,48,22,20,2,1,54
2018-19,Regular+Season,ORL,Orlando Magic,82,42,40,.512,73,4,3,13,5,0,41,1,2,10,2,127,18,47,11,24,5,0,26
2018-19,Regular+Season,PHI,Philadelphia 76ers,82,51,31,.622,83,5,3,17,1,1,35,0,9,5,3,168,12,50,17,17,2,0,38
2018-19,Regular+Season,PHX,Phoenix Suns,82,19,63,.232,75,2,6,9,0,0,35,3,7,3,4,161,21,49,17,14,4,0,35
2018-19,Regular+Season,POR,Portland Trail Blazers,82,53,29,.646,75,4,2,8,1,1,42,1,8,8,1,174,16,39,9,6,2,0,37
2018-19,Regular+Season,SAC,Sacramento Kings,82,39,43,.476,75,4,2,8,5,1,31,0,8,7,2,124,13,43,22,25,2,3,43
2018-19,Regular+Season,SAS,San Antonio Spurs,82,48,34,.585,48,3,2,10,3,0,20,2,7,3,1,111,10,30,11,16,0,0,20
2018-19,Regular+Season,TOR,Toronto Raptors,82,58,24,.707,82,1,1,14,3,0,54,1,8,5,1,145,27,46,11,17,5,1,26
2018-19,Regular+Season,UTA,Utah Jazz,82,50,32,.610,83,2,2,11,0,0,30,3,6,3,5,147,17,36,15,19,1,1,45
2018-19,Regular+Season,WAS,Washington Wizards,82,32,50,.390,70,2,1,8,1,0,33,3,3,2,0,132,12,52,22,14,2,0,28
2018-19,Playoffs,BOS,Boston Celtics,9,5,4,.556,16,0,0,1,1,0,7,0,0,0,0,24,1,6,1,3,0,0,5
2018-19,Playoffs,BKN,Brooklyn Nets,5,1,4,.200,3,0,0,0,0,0,3,0,2,1,0,7,1,1,0,1,0,0,1
2018-19,Playoffs,DEN,Denver Nuggets,14,7,7,.500,6,0,0,0,0,0,8,1,0,1,0,16,0,3,0,2,0,0,4
2018-19,Playoffs,DET,Detroit Pistons,4,0,4,.000,1,0,0,1,0,0,2,0,0,0,0,6,0,1,1,1,0,0,0
2018-19,Playoffs,GSW,Golden State Warriors,22,14,8,.636,12,1,0,0,0,0,7,0,4,2,2,49,1,12,5,2,2,1,16
2018-19,Playoffs,HOU,Houston Rockets,11,6,5,.545,7,1,0,0,0,0,14,0,0,2,0,22,1,8,2,1,0,0,5
2018-19,Playoffs,IND,Indiana Pacers,4,0,4,.000,0,0,0,0,0,0,3,0,2,0,0,6,0,3,0,0,0,0,2
2018-19,Playoffs,LAC,LA Clippers,6,2,4,.333,6,0,0,1,0,0,9,0,0,0,1,17,1,7,1,2,0,0,3
2018-19,Playoffs,MIL,Milwaukee Bucks,15,10,5,.667,15,0,0,0,0,0,9,0,3,0,1,24,2,15,4,6,1,0,6
2018-19,Playoffs,OKC,Oklahoma City Thunder,5,1,4,.200,4,1,0,1,0,0,0,0,0,1,0,18,1,6,1,1,0,0,5
2018-19,Playoffs,ORL,Orlando Magic,5,1,4,.200,7,0,0,0,0,0,1,1,0,0,0,17,0,7,1,2,0,0,0
2018-19,Playoffs,PHI,Philadelphia 76ers,12,7,5,.583,18,0,0,1,1,0,8,0,0,0,0,33,1,8,0,0,0,0,2
2018-19,Playoffs,POR,Portland Trail Blazers,16,8,8,.500,14,0,0,0,0,0,6,0,2,0,0,34,1,12,0,2,0,0,11
2018-19,Playoffs,SAS,San Antonio Spurs,7,3,4,.429,3,0,1,0,2,0,1,0,0,0,0,5,0,2,1,1,0,0,1
2018-19,Playoffs,TOR,Toronto Raptors,24,16,8,.667,18,1,0,2,0,0,14,0,1,1,0,41,5,13,5,6,0,0,5
2018-19,Playoffs,UTA,Utah Jazz,5,1,4,.200,3,0,0,0,0,0,3,0,3,0,0,8,0,3,0,0,0,0,0
2018-19,All+Star,-,-,1,1,0,1.000,0,0,0,0,0,0,0,0,0,0,0,0,0,0,0,0,0,0,0
2018-19,All+Star,-,-,1,0,1,.000,0,0,0,0,0,0,0,0,0,0,0,0,0,0,0,0,0,0,0
2019-20,Playoffs,BOS,Boston Celtics,17,10,7,.588,17,0,0,1,0,0,13,0,1,0,1,36,0,11,4,11,0,0,13
2019-20,Playoffs,BKN,Brooklyn Nets,4,0,4,.000,4,0,0,0,0,0,0,0,1,0,0,12,1,4,1,1,0,0,1
2019-20,Playoffs,DAL,Dallas Mavericks,6,2,4,.333,5,0,0,0,0,0,1,0,2,0,2,9,0,3,0,0,0,0,0
2019-20,Playoffs,DEN,Denver Nuggets,19,9,10,.474,6,0,0,1,0,0,14,0,0,1,0,51,1,15,0,2,0,1,8
2019-20,Playoffs,HOU,Houston Rockets,12,5,7,.417,10,2,0,0,0,0,4,0,0,1,0,24,0,7,2,1,0,0,5
2019-20,Playoffs,IND,Indiana Pacers,4,0,4,.000,5,0,0,0,0,0,3,0,1,1,0,7,0,3,0,1,0,0,2
2019-20,Playoffs,LAC,LA Clippers,13,7,6,.538,10,0,0,1,0,1,9,0,0,1,0,27,0,6,5,0,0,0,6
2019-20,Playoffs,LAL,Los Angeles Lakers,21,16,5,.762,13,2,1,4,0,0,20,0,1,2,0,50,1,22,5,5,1,0,18
2019-20,Playoffs,MIA,Miami Heat,21,14,7,.667,12,1,1,1,1,0,17,0,1,0,0,38,2,14,2,5,0,0,13
2019-20,Playoffs,MIL,Milwaukee Bucks,10,5,5,.500,15,0,0,0,0,0,3,0,2,0,0,28,4,11,2,0,0,0,2
2019-20,Playoffs,OKC,Oklahoma City Thunder,7,3,4,.429,3,0,0,0,0,0,7,0,1,0,0,24,2,11,2,2,0,0,4
2019-20,Playoffs,ORL,Orlando Magic,5,1,4,.200,5,0,1,1,0,0,2,0,1,1,0,15,0,4,1,0,1,0,0
2019-20,Playoffs,PHI,Philadelphia 76ers,4,0,4,.000,4,0,0,0,0,0,1,0,1,0,0,8,0,1,0,1,0,0,1
2019-20,Playoffs,POR,Portland Trail Blazers,5,1,4,.200,2,0,1,0,0,0,0,0,0,0,0,14,0,6,2,1,0,1,1
2019-20,Playoffs,TOR,Toronto Raptors,11,7,4,.636,7,0,0,2,0,0,7,0,5,0,0,26,0,12,3,1,0,0,2
2019-20,Playoffs,UTA,Utah Jazz,7,3,4,.429,3,1,0,1,0,1,5,0,0,0,0,17,1,3,0,0,0,0,3
2019-20,All+Star,Team Giannis,Team Giannis,1,0,1,.000,0,0,0,0,0,0,0,0,0,0,0,1,0,1,0,0,0,0,0
2019-20,All+Star,Team LeBron,Team LeBron,1,1,0,1.000,1,0,0,0,0,0,0,0,0,0,0,2,0,1,0,0,0,0,0
2019-20,PlayIn,MEM,Memphis Grizzlies,1,0,1,.000,1,0,0,0,0,0,0,0,0,0,0,0,0,0,0,0,0,0,1
2019-20,PlayIn,POR,Portland Trail Blazers,1,1,0,1.000,1,0,0,0,0,0,0,0,0,0,0,4,0,1,1,0,0,0,0
2019-20,IST,NOP,New Orleans Pelicans,1,0,1,.000,3,0,0,1,0,0,0,0,0,0,0,3,0,2,1,1,0,0,4
2019-20,IST,TOR,Toronto Raptors,1,1,0,1.000,2,0,0,0,0,1,0,0,1,0,0,5,0,1,0,1,1,0,0
2020-21,Pre+Season,ATL,Atlanta Hawks,4,2,2,.500,8,0,0,0,0,0,1,1,0,0,0,6,2,0,1,0,0,0,0
2020-21,Pre+Season,BOS,Boston Celtics,2,0,2,.000,3,0,0,0,0,0,1,0,0,0,0,6,1,1,0,0,0,0,0
2020-21,Pre+Season,BKN,Brooklyn Nets,2,2,0,1.000,0,0,0,0,0,0,1,0,1,0,1,6,0,2,0,0,0,0,0
2020-21,Pre+Season,CHA,Charlotte Hornets,4,1,3,.250,11,0,0,1,0,0,1,0,0,0,0,3,0,1,2,0,0,0,2
2020-21,Pre+Season,CHI,Chicago Bulls,4,3,1,.750,8,0,0,0,0,0,4,0,0,0,0,9,1,4,0,0,0,0,0
2020-21,Pre+Season,CLE,Cleveland Cavaliers,4,2,2,.500,13,0,0,0,0,0,4,0,0,0,0,14,1,7,2,0,0,0,4
2020-21,Pre+Season,DAL,Dallas Mavericks,3,2,1,.667,5,0,0,0,0,0,1,1,0,1,0,7,0,4,1,0,0,0,5
2020-21,Pre+Season,DEN,Denver Nuggets,3,2,1,.667,9,0,0,0,0,0,1,0,0,0,1,7,0,4,1,0,0,0,5
2020-21,Pre+Season,DET,Detroit Pistons,4,2,2,.500,9,0,0,1,0,0,1,0,0,1,1,13,2,7,3,0,0,0,2
2020-21,Pre+Season,GSW,Golden State Warriors,3,2,1,.667,1,0,0,0,0,0,0,0,0,0,2,6,0,1,1,0,0,0,2
2020-21,Pre+Season,HOU,Houston Rockets,4,3,1,.750,2,0,0,0,0,0,3,0,0,0,0,6,0,3,0,0,0,0,1
2020-21,Pre+Season,IND,Indiana Pacers,3,0,3,.000,4,0,0,0,0,0,3,0,0,0,0,8,1,1,1,0,0,0,1
2020-21,Pre+Season,LAC,LA Clippers,3,0,3,.000,8,2,0,1,0,0,4,0,0,0,0,6,2,1,0,1,0,0,1
2020-21,Pre+Season,LAL,Los Angeles Lakers,4,4,0,1.000,6,0,0,0,0,0,2,0,2,0,0,10,2,1,1,2,0,0,0
2020-21,Pre+Season,MEM,Memphis Grizzlies,4,3,1,.750,9,0,1,1,0,0,2,0,0,0,1,5,2,1,2,1,0,0,2
2020-21,Pre+Season,MIA,Miami Heat,2,1,1,.500,3,0,0,0,0,0,1,0,1,0,0,5,0,1,0,0,0,0,0
2020-21,Pre+Season,MIL,Milwaukee Bucks,3,0,3,.000,3,0,0,0,0,0,1,0,0,1,0,15,1,9,0,3,0,0,0
2020-21,Pre+Season,MIN,Minnesota Timberwolves,3,1,2,.333,5,0,0,0,0,0,1,0,0,0,0,11,0,4,0,2,0,0,3
2020-21,Pre+Season,NOP,New Orleans Pelicans,2,2,0,1.000,2,0,0,0,0,0,1,0,0,0,0,2,2,1,0,1,0,0,1
2020-21,Pre+Season,NYK,New York Knicks,4,3,1,.750,8,0,0,0,0,0,3,0,2,0,1,8,0,2,0,0,0,0,3
2020-21,Pre+Season,OKC,Oklahoma City Thunder,3,1,2,.333,6,0,0,0,0,0,1,0,0,0,0,5,1,1,0,2,0,0,1
2020-21,Pre+Season,ORL,Orlando Magic,4,2,2,.500,7,0,3,0,0,0,0,0,0,0,0,10,0,6,1,0,0,0,1
2020-21,Pre+Season,PHI,Philadelphia 76ers,2,2,0,1.000,3,0,0,0,0,0,1,0,0,0,0,13,2,2,0,1,0,0,2
2020-21,Pre+Season,PHX,Phoenix Suns,4,0,4,.000,7,1,0,0,0,0,2,0,0,0,0,21,3,6,2,2,0,0,0
2020-21,Pre+Season,POR,Portland Trail Blazers,4,1,3,.250,5,0,0,0,0,0,1,0,0,0,0,10,1,0,2,2,0,0,1
2020-21,Pre+Season,SAC,Sacramento Kings,4,2,2,.500,3,0,0,2,0,0,4,0,1,0,0,8,2,1,1,1,0,0,1
2020-21,Pre+Season,SAS,San Antonio Spurs,3,0,3,.000,1,0,0,0,0,0,0,0,0,0,0,9,0,5,2,1,0,0,2
2020-21,Pre+Season,TOR,Toronto Raptors,3,2,1,.667,6,0,0,1,0,0,2,0,1,0,0,16,0,6,0,0,1,0,0
2020-21,Pre+Season,UTA,Utah Jazz,3,3,0,1.000,3,0,0,0,0,0,3,0,0,0,0,9,1,2,0,0,0,0,4
2020-21,Pre+Season,WAS,Washington Wizards,3,1,2,.333,6,0,0,0,0,0,2,0,0,0,0,9,1,5,0,1,0,0,2
2020-21,Regular+Season,ATL,Atlanta Hawks,72,41,31,.569,58,2,3,7,1,2,37,1,6,3,2,123,9,28,8,20,1,0,25
2020-21,Regular+Season,BOS,Boston Celtics,72,36,36,.500,57,3,3,8,0,1,47,1,5,4,0,120,3,31,10,21,3,0,25
2020-21,Regular+Season,BKN,Brooklyn Nets,72,48,24,.667,43,2,2,2,0,0,31,2,2,6,1,94,11,19,9,10,2,0,15
2020-21,Regular+Season,CHA,Charlotte Hornets,72,33,39,.458,50,1,1,9,1,1,46,2,7,1,12,122,21,44,11,25,0,2,27
2020-21,Regular+Season,CHI,Chicago Bulls,72,31,41,.431,79,4,5,5,0,1,43,1,4,1,3,105,4,39,6,12,1,1,34
2020-21,Regular+Season,CLE,Cleveland Cavaliers,72,22,50,.306,54,5,2,10,3,2,70,1,4,5,5,103,10,30,13,13,0,0,28
2020-21,Regular+Season,DAL,Dallas Mavericks,72,42,30,.583,44,3,0,3,2,0,44,0,6,4,6,94,5,21,7,9,1,0,32
2020-21,Regular+Season,DEN,Denver Nuggets,72,47,25,.653,56,0,4,2,1,1,47,0,6,6,2,105,11,34,12,16,2,2,39
2020-21,Regular+Season,DET,Detroit Pistons,72,20,52,.278,71,5,5,9,3,0,52,2,4,5,1,138,11,47,9,22,1,1,32
2020-21,Regular+Season,GSW,Golden State Warriors,72,39,33,.542,69,2,1,4,1,1,24,0,12,2,6,131,7,40,7,22,1,0,28
2020-21,Regular+Season,HOU,Houston Rockets,72,17,55,.236,65,2,2,2,0,0,35,1,7,3,1,112,8,42,15,9,1,2,31
2020-21,Regular+Season,IND,Indiana Pacers,72,34,38,.472,53,4,2,2,1,0,37,0,10,5,1,106,9,44,8,16,2,0,33
2020-21,Regular+Season,LAC,LA Clippers,72,47,25,.653,60,1,3,12,2,0,53,1,6,1,2,117,18,22,15,7,2,0,17
2020-21,Regular+Season,LAL,Los Angeles Lakers,72,42,30,.583,65,6,3,1,1,1,34,1,8,6,0,135,5,40,18,10,2,1,32
2020-21,Regular+Season,MEM,Memphis Grizzlies,72,38,34,.528,62,3,1,6,3,3,35,0,2,3,3,107,14,39,12,21,1,0,29
2020-21,Regular+Season,MIA,Miami Heat,72,40,32,.556,55,4,1,3,1,1,55,0,7,2,0,152,14,37,6,19,0,0,25
2020-21,Regular+Season,MIL,Milwaukee Bucks,72,46,26,.639,90,1,3,3,1,0,31,1,6,7,4,147,15,57,16,18,0,0,38
2020-21,Regular+Season,MIN,Minnesota Timberwolves,72,23,49,.319,61,3,4,4,1,0,43,2,3,3,1,129,10,44,18,25,3,0,29
2020-21,Regular+Season,NOP,New Orleans Pelicans,72,31,41,.431,53,5,1,3,0,2,47,1,9,5,1,140,8,58,13,17,3,0,32
2020-21,Regular+Season,NYK,New York Knicks,72,41,31,.569,56,2,1,1,2,2,52,1,6,3,3,120,9,35,7,31,1,1,24
2020-21,Regular+Season,OKC,Oklahoma City Thunder,72,22,50,.306,87,1,0,7,2,0,52,0,8,9,7,129,18,49,7,32,0,1,35
2020-21,Regular+Season,ORL,Orlando Magic,72,21,51,.292,44,4,4,6,3,1,38,2,8,2,0,103,6,27,6,22,1,0,31
2020-21,Regular+Season,PHI,Philadelphia 76ers,72,49,23,.681,64,4,0,6,0,2,49,1,5,6,1,162,7,39,17,24,3,1,37
2020-21,Regular+Season,PHX,Phoenix Suns,72,51,21,.708,61,6,0,8,2,1,35,0,3,3,4,114,12,25,14,4,1,0,21
2020-21,Regular+Season,POR,Portland Trail Blazers,72,42,30,.583,46,2,1,2,0,1,23,0,6,1,0,128,8,42,9,5,1,0,29
2020-21,Regular+Season,SAC,Sacramento Kings,72,31,41,.431,60,3,0,5,0,0,39,0,5,6,2,115,9,28,15,27,1,0,14
2020-21,Regular+Season,SAS,San Antonio Spurs,72,33,39,.458,54,4,1,4,0,1,29,0,7,6,1,98,1,38,6,12,2,0,26
2020-21,Regular+Season,TOR,Toronto Raptors,72,27,45,.375,62,8,1,3,0,2,52,1,2,3,0,142,16,52,9,12,5,0,23
2020-21,Regular+Season,UTA,Utah Jazz,72,52,20,.722,67,3,2,9,3,0,47,1,6,4,4,116,15,32,12,7,0,0,28
2020-21,Regular+Season,WAS,Washington Wizards,72,34,38,.472,50,4,0,6,1,0,32,0,9,3,0,128,16,44,8,12,1,1,25
2020-21,Playoffs,ATL,Atlanta Hawks,18,10,8,.556,13,0,1,0,1,0,9,0,2,1,0,20,1,7,3,5,0,0,4
2020-21,Playoffs,BOS,Boston Celtics,5,1,4,.200,0,0,0,0,0,0,4,0,1,0,0,7,0,4,1,4,0,0,2
2020-21,Playoffs,BKN,Brooklyn Nets,12,7,5,.583,3,0,0,0,0,0,10,0,2,0,1,20,1,7,1,4,0,0,5
2020-21,Playoffs,DAL,Dallas Mavericks,7,3,4,.429,2,0,0,1,0,0,5,0,1,1,0,7,1,2,1,1,0,0,4
2020-21,Playoffs,DEN,Denver Nuggets,10,4,6,.400,5,0,0,1,0,0,5,0,1,0,0,19,2,2,0,2,0,0,2
2020-21,Playoffs,LAC,LA Clippers,19,10,9,.526,7,0,0,1,0,0,23,0,2,1,0,30,2,6,5,3,1,0,4
2020-21,Playoffs,LAL,Los Angeles Lakers,6,2,4,.333,2,1,0,1,0,0,4,0,0,0,0,11,0,3,3,1,0,0,2
2020-21,Playoffs,MEM,Memphis Grizzlies,5,1,4,.200,3,1,0,1,0,0,0,0,0,0,0,12,0,3,0,2,0,0,0
2020-21,Playoffs,MIA,Miami Heat,4,0,4,.000,1,0,0,0,0,0,1,0,0,1,0,6,0,3,0,1,0,0,1
2020-21,Playoffs,MIL,Milwaukee Bucks,23,16,7,.696,15,0,1,1,0,0,15,0,2,1,1,36,1,14,3,6,1,0,12
2020-21,Playoffs,NYK,New York Knicks,5,1,4,.200,3,0,0,1,0,0,4,0,0,1,0,9,2,3,2,1,0,0,0
2020-21,Playoffs,PHI,Philadelphia 76ers,12,7,5,.583,12,0,0,0,0,0,7,0,1,2,1,30,1,13,2,3,0,0,5
2020-21,Playoffs,PHX,Phoenix Suns,22,14,8,.636,10,0,2,0,0,1,11,0,2,0,0,37,1,9,4,1,0,1,1
2020-21,Playoffs,POR,Portland Trail Blazers,6,2,4,.333,5,0,0,0,0,0,1,0,0,0,0,11,1,5,2,1,0,0,4
2020-21,Playoffs,UTA,Utah Jazz,11,6,5,.545,6,2,0,0,0,0,11,0,1,1,0,14,2,3,0,1,0,0,2
2020-21,Playoffs,WAS,Washington Wizards,5,1,4,.200,2,0,0,0,0,0,3,0,0,1,0,9,0,3,1,0,0,0,2
2020-21,All+Star,Team Durant,Team Durant,1,0,1,.000,0,0,0,0,0,0,0,0,0,0,0,0,0,0,0,0,0,0,0
2020-21,All+Star,Team LeBron,Team LeBron,1,1,0,1.000,0,0,0,0,0,0,0,0,0,0,0,0,0,0,0,0,0,0,0
2020-21,PlayIn,BOS,Boston Celtics,1,1,0,1.000,1,0,0,1,0,0,1,0,0,0,0,3,0,0,0,1,0,0,0
2020-21,PlayIn,CHA,Charlotte Hornets,1,0,1,.000,1,0,0,0,0,0,0,0,0,0,0,1,0,0,0,0,0,0,4
2020-21,PlayIn,GSW,Golden State Warriors,2,0,2,.000,0,0,0,0,0,0,0,0,1,0,0,5,0,1,0,0,0,0,0
2020-21,PlayIn,IND,Indiana Pacers,2,1,1,.500,1,0,0,0,0,0,1,0,0,0,0,4,0,3,0,0,0,0,1
2020-21,PlayIn,LAL,Los Angeles Lakers,1,1,0,1.000,0,0,0,0,0,0,2,0,0,0,0,2,0,1,0,1,0,0,1
2020-21,PlayIn,MEM,Memphis Grizzlies,2,2,0,1.000,1,0,0,0,0,0,2,0,0,0,0,5,0,1,0,0,0,0,0
2020-21,PlayIn,SAS,San Antonio Spurs,1,0,1,.000,0,0,0,0,0,0,0,0,0,0,0,2,0,0,0,0,0,0,0
2020-21,PlayIn,WAS,Washington Wizards,2,1,1,.500,0,0,0,0,0,0,1,0,0,0,0,8,0,4,0,0,0,0,1
2021-22,Pre+Season,ATL,Atlanta Hawks,4,2,2,.500,4,0,0,0,0,0,2,0,1,2,0,7,0,1,3,1,0,0,0
2021-22,Pre+Season,BOS,Boston Celtics,4,2,2,.500,5,0,1,0,0,0,2,0,1,0,0,12,0,4,2,0,0,0,0
2021-22,Pre+Season,BKN,Brooklyn Nets,4,3,1,.750,2,0,0,0,0,0,3,0,0,0,0,8,0,1,2,1,0,0,1
2021-22,Pre+Season,CHA,Charlotte Hornets,4,1,3,.250,4,0,1,1,0,0,4,0,0,0,0,11,1,5,2,2,0,0,0
2021-22,Pre+Season,CHI,Chicago Bulls,4,4,0,1.000,5,0,0,0,0,0,0,0,0,0,0,0,0,0,5,0,0,0,3
2021-22,Pre+Season,CLE,Cleveland Cavaliers,5,2,3,.400,8,1,0,1,0,0,5,0,0,0,0,8,2,3,2,1,0,0,0
2021-22,Pre+Season,DAL,Dallas Mavericks,4,4,0,1.000,1,0,0,1,0,0,1,0,1,0,1,6,0,2,2,1,0,0,5
2021-22,Pre+Season,DEN,Denver Nuggets,5,1,4,.200,2,1,0,0,0,0,7,0,0,0,0,12,0,1,0,3,0,0,1
2021-22,Pre+Season,DET,Detroit Pistons,4,2,2,.500,3,0,0,0,0,0,3,0,2,0,1,10,1,0,0,6,0,0,2
2021-22,Pre+Season,GSW,Golden State Warriors,5,5,0,1.000,0,0,0,0,0,0,1,0,2,0,0,4,0,1,4,0,0,0,5
2021-22,Pre+Season,HOU,Houston Rockets,4,1,3,.250,1,1,0,2,0,0,3,0,0,2,0,7,0,3,2,1,0,0,5
2021-22,Pre+Season,IND,Indiana Pacers,4,2,2,.500,4,0,0,0,0,0,0,0,0,0,0,15,0,2,1,4,0,0,1
2021-22,Pre+Season,LAC,LA Clippers,4,1,3,.250,4,0,0,1,0,0,1,0,0,0,0,7,1,3,3,2,0,0,2
2021-22,Pre+Season,LAL,Los Angeles Lakers,6,0,6,.000,5,2,0,0,0,0,1,0,0,0,1,15,0,4,3,1,0,0,4
2021-22,Pre+Season,MEM,Memphis Grizzlies,6,3,3,.500,6,0,0,1,0,0,6,0,0,0,0,15,4,3,4,2,0,0,0
2021-22,Pre+Season,MIA,Miami Heat,6,5,1,.833,4,0,0,0,0,0,1,0,0,0,1,21,1,4,3,2,0,0,3
2021-22,Pre+Season,MIL,Milwaukee Bucks,5,1,4,.200,6,0,0,0,0,0,5,0,1,0,0,7,0,4,2,4,0,0,1
2021-22,Pre+Season,MIN,Minnesota Timberwolves,4,3,1,.750,2,0,0,0,0,0,4,0,0,1,0,10,0,1,2,2,0,0,4
2021-22,Pre+Season,NOP,New Orleans Pelicans,4,1,3,.250,1,0,1,1,0,0,1,0,0,0,1,8,0,2,1,1,0,0,0
2021-22,Pre+Season,NYK,New York Knicks,4,4,0,1.000,1,0,0,0,0,0,1,0,0,0,0,11,0,7,1,0,0,0,0
2021-22,Pre+Season,OKC,Oklahoma City Thunder,4,1,3,.250,1,0,0,0,0,0,2,0,1,0,0,8,1,1,1,1,1,0,6
2021-22,Pre+Season,ORL,Orlando Magic,4,1,3,.250,4,0,0,0,0,0,5,0,1,0,0,15,0,4,2,0,0,0,1
2021-22,Pre+Season,PHI,Philadelphia 76ers,4,2,2,.500,5,0,0,0,0,0,4,0,0,0,1,9,0,1,2,4,0,0,2
2021-22,Pre+Season,PHX,Phoenix Suns,4,3,1,.750,4,0,0,1,0,0,1,0,0,1,0,4,0,2,1,0,0,0,2
2021-22,Pre+Season,POR,Portland Trail Blazers,4,0,4,.000,7,0,0,0,0,0,1,0,0,0,0,12,1,3,2,1,0,0,1
2021-22,Pre+Season,SAC,Sacramento Kings,4,4,0,1.000,1,0,1,1,0,0,1,0,0,0,0,8,3,3,1,4,0,0,0
2021-22,Pre+Season,SAS,San Antonio Spurs,5,3,2,.600,11,0,0,0,0,0,4,0,0,1,0,7,0,4,3,0,0,0,0
2021-22,Pre+Season,TOR,Toronto Raptors,5,3,2,.600,6,0,1,0,0,0,7,0,1,1,1,12,2,4,0,1,0,0,4
2021-22,Pre+Season,UTA,Utah Jazz,4,2,2,.500,2,0,0,3,0,0,1,0,0,0,1,11,1,0,3,0,0,0,2
2021-22,Pre+Season,WAS,Washington Wizards,4,0,4,.000,0,1,0,0,0,0,3,0,0,1,0,5,0,3,0,1,0,0,2
2021-22,All+Star,Team Durant,Team Durant,1,0,1,.000,0,0,0,0,0,0,0,0,0,0,0,0,0,0,0,0,0,0,0
2021-22,All+Star,Team LeBron,Team LeBron,1,1,0,1.000,0,0,0,0,0,0,0,0,0,0,0,0,0,0,0,0,0,0,0
2021-22,PlayIn,ATL,Atlanta Hawks,2,2,0,1.000,1,0,0,0,0,0,2,0,0,0,0,5,0,0,0,0,0,0,0
2021-22,PlayIn,BKN,Brooklyn Nets,1,1,0,1.000,0,0,0,0,0,0,0,0,0,0,0,0,0,0,0,0,0,0,0
2021-22,PlayIn,CHA,Charlotte Hornets,1,0,1,.000,0,0,0,0,0,0,0,0,0,0,0,3,0,2,0,1,0,0,1
2021-22,PlayIn,CLE,Cleveland Cavaliers,2,0,2,.000,1,0,0,1,0,0,3,0,0,0,1,3,1,1,0,0,1,0,2
2021-22,PlayIn,LAC,LA Clippers,2,0,2,.000,0,0,0,1,0,0,1,0,0,0,0,4,1,1,2,0,0,0,0
2021-22,PlayIn,MIN,Minnesota Timberwolves,1,1,0,1.000,1,0,0,0,0,0,2,0,0,0,0,4,0,2,1,0,0,0,0
2021-22,PlayIn,NOP,New Orleans Pelicans,2,2,0,1.000,1,0,1,0,0,0,2,0,0,0,0,6,0,2,0,0,0,0,1
2021-22,PlayIn,SAS,San Antonio Spurs,1,0,1,.000,0,0,0,0,0,0,0,0,0,0,0,1,0,1,0,0,0,0,0
2022-23,Pre+Season,Adelaide 36ers,Adelaide 36ers,2,1,1,.500,3,0,0,0,0,0,2,0,0,1,0,2,0,1,0,0,0,0,0
2022-23,Pre+Season,ATL,Atlanta Hawks,4,2,2,.500,3,0,0,0,0,0,3,0,1,0,0,6,1,1,2,1,0,0,1
2022-23,Pre+Season,BOS,Boston Celtics,4,2,2,.500,5,0,0,0,0,0,2,0,0,0,0,15,1,2,2,1,0,0,0
2022-23,Pre+Season,BKN,Brooklyn Nets,4,2,2,.500,0,0,0,0,0,0,2,0,0,0,0,6,0,1,1,0,0,0,2
2022-23,Pre+Season,CHA,Charlotte Hornets,5,0,5,.000,8,0,0,0,0,1,1,0,2,1,1,14,0,4,3,1,0,0,4
2022-23,Pre+Season,CHI,Chicago Bulls,4,3,1,.750,6,0,0,1,0,0,3,0,1,0,0,10,1,3,1,0,0,0,3
2022-23,Pre+Season,CLE,Cleveland Cavaliers,4,1,3,.250,2,0,0,0,1,0,2,0,0,0,0,13,1,5,3,1,0,0,2
2022-23,Pre+Season,DAL,Dallas Mavericks,3,2,1,.667,1,0,0,0,0,0,2,0,1,0,0,9,1,2,3,3,1,0,5
2022-23,Pre+Season,DEN,Denver Nuggets,5,3,2,.600,5,0,0,1,0,0,3,0,2,0,0,12,0,4,2,0,0,0,1
2022-23,Pre+Season,DET,Detroit Pistons,4,0,4,.000,3,0,0,0,0,0,2,0,1,0,0,13,0,7,1,3,0,0,0
2022-23,Pre+Season,GSW,Golden State Warriors,5,3,2,.600,7,1,0,0,0,0,1,0,0,0,0,15,1,3,1,1,0,0,3
2022-23,Pre+Season,HOU,Houston Rockets,4,3,1,.750,6,0,1,1,1,0,2,0,1,3,1,6,0,3,3,2,0,0,3
2022-23,Pre+Season,IND,Indiana Pacers,4,2,2,.500,9,1,0,0,0,0,0,0,1,0,0,13,2,2,3,2,1,0,0
2022-23,Pre+Season,LAC,LA Clippers,4,2,2,.500,4,0,1,2,0,0,2,0,0,0,0,7,2,2,3,2,0,0,0
2022-23,Pre+Season,LAL,Los Angeles Lakers,6,1,5,.167,5,0,0,0,0,0,5,0,0,1,0,15,0,2,0,1,0,0,1
2022-23,Pre+Season,Maccabi Ra'anana,Maccabi Ra'anana,3,0,3,.000,3,0,0,1,0,0,3,0,0,0,0,3,0,1,1,0,0,0,1
2022-23,Pre+Season,MEM,Memphis Grizzlies,5,3,2,.600,6,0,1,1,0,0,6,0,0,0,0,15,3,4,2,2,0,0,0
2022-23,Pre+Season,MIA,Miami Heat,5,4,1,.800,4,1,0,0,1,0,1,0,1,0,0,9,1,2,2,2,0,0,1
2022-23,Pre+Season,MIL,Milwaukee Bucks,5,0,5,.000,7,0,0,1,0,0,1,0,0,0,0,18,1,5,3,3,0,0,3
2022-23,Pre+Season,MIN,Minnesota Timberwolves,5,4,1,.800,1,0,0,1,1,0,3,0,0,0,0,11,1,4,2,0,0,0,9
2022-23,Pre+Season,NOP,New Orleans Pelicans,5,4,1,.800,3,1,0,0,0,0,1,0,0,1,0,17,1,5,0,1,2,0,5
2022-23,Pre+Season,NYK,New York Knicks,4,3,1,.750,6,0,0,2,0,1,2,0,0,0,0,9,0,2,1,3,0,0,2
2022-23,Pre+Season,OKC,Oklahoma City Thunder,6,5,1,.833,10,0,0,0,0,0,6,0,1,1,0,18,2,5,3,4,0,1,6
2022-23,Pre+Season,ORL,Orlando Magic,5,4,1,.800,8,2,0,0,0,0,6,0,2,0,0,18,1,3,1,4,0,0,2
2022-23,Pre+Season,PHI,Philadelphia 76ers,4,4,0,1.000,1,0,0,0,1,0,1,0,0,1,0,8,0,1,2,2,1,0,0
2022-23,Pre+Season,PHX,Phoenix Suns,4,1,3,.250,4,0,0,0,1,0,1,0,1,2,0,7,2,1,0,0,0,0,1
2022-23,Pre+Season,POR,Portland Trail Blazers,5,1,4,.200,5,1,0,0,0,0,6,0,1,0,0,11,2,3,2,3,0,0,4
2022-23,Pre+Season,SAC,Sacramento Kings,4,4,0,1.000,1,0,0,1,0,0,0,0,0,1,1,18,1,3,0,2,0,0,0
2022-23,Pre+Season,SAS,San Antonio Spurs,5,1,4,.200,9,0,0,1,0,0,1,0,1,0,0,15,0,2,2,0,0,0,1
2022-23,Pre+Season,TOR,Toronto Raptors,5,3,2,.600,7,0,0,0,0,0,1,0,1,0,1,16,1,8,1,1,0,0,3
2022-23,Pre+Season,UTA,Utah Jazz,4,1,3,.250,4,0,0,0,2,0,0,0,0,0,1,12,2,4,0,0,0,0,0
2022-23,Pre+Season,WAS,Washington Wizards,4,1,3,.250,6,0,0,0,0,0,2,0,0,1,1,11,0,1,0,1,0,0,1
2022-23,Regular+Season,ATL,Atlanta Hawks,82,41,41,.500,71,1,5,3,4,0,43,1,2,5,1,121,12,24,16,18,3,0,33
2022-23,Regular+Season,BOS,Boston Celtics,82,57,25,.695,90,4,3,4,1,1,50,1,10,5,2,162,3,30,19,13,5,1,17
2022-23,Regular+Season,BKN,Brooklyn Nets,82,45,37,.549,91,2,2,5,2,3,65,0,6,2,4,151,8,28,16,30,1,1,39
2022-23,Regular+Season,CHA,Charlotte Hornets,82,27,55,.329,99,5,10,2,5,0,38,1,6,3,9,178,10,40,12,46,3,0,34
2022-23,Regular+Season,CHI,Chicago Bulls,82,40,42,.488,118,4,3,7,2,2,51,0,6,2,3,134,11,48,14,10,3,0,50
2022-23,Regular+Season,CLE,Cleveland Cavaliers,82,51,31,.622,97,3,2,4,3,0,71,1,8,4,9,108,23,24,25,16,2,0,31
2022-23,Regular+Season,DAL,Dallas Mavericks,82,38,44,.463,68,5,2,5,1,1,43,2,4,5,4,162,16,33,20,14,0,0,45
2022-23,Regular+Season,DEN,Denver Nuggets,82,53,29,.646,77,2,2,11,1,1,56,1,5,5,4,146,14,34,15,17,5,0,80
2022-23,Regular+Season,DET,Detroit Pistons,82,17,65,.207,99,5,5,10,1,3,43,3,7,6,3,167,12,44,29,30,1,0,26
2022-23,Regular+Season,GSW,Golden State Warriors,82,44,38,.537,116,4,4,4,1,0,48,1,6,3,7,175,14,32,19,10,5,0,25
2022-23,Regular+Season,HOU,Houston Rockets,82,22,60,.268,112,3,4,4,0,1,64,1,8,9,0,161,8,45,24,27,4,0,29
2022-23,Regular+Season,IND,Indiana Pacers,82,35,47,.427,90,4,6,10,2,1,64,0,10,2,6,164,14,41,15,24,0,1,31
2022-23,Regular+Season,LAC,LA Clippers,82,44,38,.537,86,2,3,8,1,0,56,1,9,7,2,151,18,34,27,11,4,0,31
2022-23,Regular+Season,LAL,Los Angeles Lakers,82,43,39,.524,75,3,2,5,0,2,48,0,4,2,3,144,17,47,28,26,2,1,26
2022-23,Regular+Season,MEM,Memphis Grizzlies,82,51,31,.622,109,2,4,3,3,1,52,1,7,4,13,174,11,42,22,28,1,0,23
2022-23,Regular+Season,MIA,Miami Heat,82,44,38,.537,95,1,4,6,1,0,58,0,6,3,2,146,11,34,18,15,2,0,24
2022-23,Regular+Season,MIL,Milwaukee Bucks,82,58,24,.707,118,2,2,12,4,0,58,1,3,2,12,176,22,46,28,20,5,0,37
2022-23,Regular+Season,MIN,Minnesota Timberwolves,82,42,40,.512,105,3,7,1,1,1,44,1,11,5,4,162,12,41,28,20,2,0,41
2022-23,Regular+Season,NOP,New Orleans Pelicans,82,42,40,.512,95,2,4,6,3,2,42,1,6,3,1,197,11,50,18,10,3,0,46
2022-23,Regular+Season,NYK,New York Knicks,82,47,35,.573,92,3,1,7,4,0,74,0,5,6,9,148,6,44,16,10,2,0,13
2022-23,Regular+Season,OKC,Oklahoma City Thunder,82,40,42,.488,92,1,2,3,1,0,47,1,5,4,6,127,21,41,13,8,2,1,29
2022-23,Regular+Season,ORL,Orlando Magic,82,34,48,.415,93,1,12,1,1,3,54,0,12,4,3,160,24,53,27,26,4,0,34
2022-23,Regular+Season,PHI,Philadelphia 76ers,82,54,28,.659,78,3,1,2,1,1,67,1,14,4,13,175,17,58,23,17,3,0,36
2022-23,Regular+Season,PHX,Phoenix Suns,82,45,37,.549,83,2,1,11,1,5,49,1,7,6,6,160,8,23,17,15,3,0,28
2022-23,Regular+Season,POR,Portland Trail Blazers,82,33,49,.402,78,5,3,0,1,2,62,0,9,3,7,168,9,53,16,32,0,0,32
2022-23,Regular+Season,SAC,Sacramento Kings,82,48,34,.585,89,3,4,5,0,0,30,1,6,0,6,139,16,32,15,12,2,0,45
2022-23,Regular+Season,SAS,San Antonio Spurs,82,22,60,.268,94,6,8,1,4,1,40,2,8,3,2,157,7,44,17,25,1,0,40
2022-23,Regular+Season,TOR,Toronto Raptors,82,41,41,.500,75,3,2,3,0,1,35,1,3,2,2,160,21,56,14,10,4,1,39
2022-23,Regular+Season,UTA,Utah Jazz,82,37,45,.451,99,7,4,5,0,2,35,3,9,3,10,188,14,45,15,26,1,0,42
2022-23,Regular+Season,WAS,Washington Wizards,82,35,47,.427,85,2,3,1,3,1,60,0,11,3,7,176,12,54,24,40,5,0,44
2022-23,Playoffs,ATL,Atlanta Hawks,6,2,4,.333,4,0,0,0,0,0,3,0,0,0,0,15,0,4,0,1,0,0,2
2022-23,Playoffs,BOS,Boston Celtics,20,11,9,.550,14,1,1,1,0,0,7,0,1,1,0,31,1,9,2,4,0,1,9
2022-23,Playoffs,BKN,Brooklyn Nets,4,0,4,.000,2,0,0,0,0,0,3,0,0,0,0,4,0,2,1,1,0,0,1
2022-23,Playoffs,CLE,Cleveland Cavaliers,5,1,4,.200,5,1,0,0,0,0,3,0,0,0,0,8,0,2,0,0,0,0,3
2022-23,Playoffs,DEN,Denver Nuggets,20,16,4,.800,10,1,0,1,0,0,21,1,4,0,0,43,2,12,2,2,0,0,14
2022-23,Playoffs,GSW,Golden State Warriors,13,6,7,.462,11,0,0,0,0,1,7,0,1,1,1,30,1,8,0,0,0,0,6
2022-23,Playoffs,LAC,LA Clippers,5,1,4,.200,7,0,0,0,0,0,1,0,1,0,0,5,0,1,2,1,0,0,1
2022-23,Playoffs,LAL,Los Angeles Lakers,16,8,8,.500,7,1,0,2,1,0,11,0,0,1,1,23,4,7,4,6,0,0,10
2022-23,Playoffs,MEM,Memphis Grizzlies,6,2,4,.333,7,0,1,1,0,0,0,0,1,0,0,12,0,4,1,2,0,0,2
2022-23,Playoffs,MIA,Miami Heat,23,13,10,.565,14,1,0,3,0,1,15,0,1,1,1,39,3,4,3,6,0,0,10
2022-23,Playoffs,MIL,Milwaukee Bucks,5,1,4,.200,2,0,0,1,0,0,1,0,1,0,0,10,1,8,3,1,0,0,2
2022-23,Playoffs,MIN,Minnesota Timberwolves,5,1,4,.200,6,0,0,1,0,0,2,0,1,1,0,9,0,3,1,2,1,0,3
2022-23,Playoffs,NYK,New York Knicks,11,6,5,.545,10,0,0,1,2,0,13,2,1,0,0,25,0,13,1,3,0,0,2
2022-23,Playoffs,PHI,Philadelphia 76ers,11,7,4,.636,6,0,0,0,1,1,16,0,2,0,0,18,0,6,0,2,1,0,1
2022-23,Playoffs,PHX,Phoenix Suns,11,6,5,.545,5,0,0,1,0,1,7,0,1,1,0,15,0,2,2,3,0,0,1
2022-23,Playoffs,SAC,Sacramento Kings,7,3,4,.429,2,0,0,0,0,0,1,1,0,0,0,16,0,7,0,3,0,0,3
2022-23,All+Star,Team Giannis,Team Giannis,1,1,0,1.000,0,0,0,0,0,0,0,0,0,0,0,0,0,0,0,0,0,0,0
2022-23,All+Star,Team LeBron,Team LeBron,1,0,1,.000,0,0,0,0,0,0,0,0,0,0,0,0,0,0,0,0,0,0,0
2022-23,PlayIn,ATL,Atlanta Hawks,1,1,0,1.000,1,0,0,0,0,0,0,0,1,0,0,2,0,1,0,0,0,0,0
2022-23,PlayIn,CHI,Chicago Bulls,2,1,1,.500,1,0,0,0,0,0,1,0,0,0,1,1,0,1,0,0,0,0,1
2022-23,PlayIn,LAL,Los Angeles Lakers,1,1,0,1.000,1,0,0,0,0,0,1,0,0,0,0,2,0,0,0,2,0,0,0
2022-23,PlayIn,MIA,Miami Heat,2,1,1,.500,2,0,0,0,0,0,0,0,0,0,0,4,0,1,0,0,0,0,4
2022-23,PlayIn,MIN,Minnesota Timberwolves,2,1,1,.500,5,0,0,1,0,0,5,0,1,0,0,6,0,2,0,1,0,0,0
2022-23,PlayIn,NOP,New Orleans Pelicans,1,0,1,.000,0,0,0,0,0,0,0,0,0,0,0,1,0,1,0,1,0,0,0
2022-23,PlayIn,OKC,Oklahoma City Thunder,2,1,1,.500,2,0,0,0,0,0,1,0,0,0,0,3,1,0,0,0,0,0,0
2022-23,PlayIn,TOR,Toronto Raptors,1,0,1,.000,0,0,0,0,0,0,2,0,0,0,0,4,0,1,0,0,0,0,0
2023-24,Pre+Season,ATL,Atlanta Hawks,5,3,2,.600,13,0,1,3,0,0,2,0,0,0,0,12,3,0,2,1,0,0,2
2023-24,Pre+Season,BOS,Boston Celtics,5,4,1,.800,9,0,0,0,0,0,2,0,0,1,0,11,5,1,1,0,0,0,0
2023-24,Pre+Season,Breakers,Breakers,2,0,2,.000,2,0,0,0,0,0,2,0,1,0,1,1,1,0,0,2,2,0,1
2023-24,Pre+Season,BKN,Brooklyn Nets,4,2,2,.500,5,1,1,0,0,1,4,0,1,0,0,9,1,3,1,0,0,0,2
2023-24,Pre+Season,CHA,Charlotte Hornets,4,1,3,.250,3,0,0,0,0,0,1,0,1,0,0,10,2,3,1,3,0,0,3
2023-24,Pre+Season,CHI,Chicago Bulls,5,1,4,.200,3,1,2,2,0,0,4,0,1,0,0,5,0,2,1,2,0,0,6
2023-24,Pre+Season,CLE,Cleveland Cavaliers,4,1,3,.250,7,0,0,0,0,0,4,0,0,0,0,11,0,4,3,0,1,0,0
2023-24,Pre+Season,DAL,Dallas Mavericks,4,1,3,.250,0,0,1,0,0,0,5,1,0,0,0,7,2,1,1,1,0,0,3
2023-24,Pre+Season,DEN,Denver Nuggets,5,3,2,.600,5,0,0,0,0,0,6,0,0,0,0,9,0,2,0,2,0,0,6
2023-24,Pre+Season,DET,Detroit Pistons,4,2,2,.500,6,0,0,0,0,0,3,0,1,0,0,9,2,1,2,0,0,0,2
2023-24,Pre+Season,Flamengo,Flamengo,1,0,1,.000,2,0,0,1,0,0,0,1,0,0,0,6,0,0,0,1,0,0,0
2023-24,Pre+Season,GSW,Golden State Warriors,5,4,1,.800,3,0,0,1,0,0,1,0,1,0,0,9,1,2,5,1,0,0,1
2023-24,Pre+Season,HOU,Houston Rockets,5,4,1,.800,3,0,0,0,0,1,5,0,2,0,0,10,0,5,2,2,0,0,1
2023-24,Pre+Season,IND,Indiana Pacers,4,2,2,.500,6,0,1,0,0,0,6,0,0,1,0,13,0,4,1,2,0,0,1
2023-24,Pre+Season,LAC,LA Clippers,4,2,2,.500,3,0,0,1,0,0,2,0,0,0,0,5,0,0,0,1,1,0,0
2023-24,Pre+Season,LAL,Los Angeles Lakers,6,2,4,.333,7,0,1,0,0,0,3,2,1,0,0,14,1,2,1,3,0,0,3
2023-24,Pre+Season,Maccabi Ra'anana,Maccabi Ra'anana,3,0,3,.000,3,0,0,0,1,0,4,0,1,0,0,5,0,1,1,3,0,0,0
2023-24,Pre+Season,MEM,Memphis Grizzlies,5,2,3,.400,5,0,0,1,0,0,3,0,0,0,0,11,2,5,0,1,0,0,1
2023-24,Pre+Season,MIA,Miami Heat,5,2,3,.400,9,0,0,0,0,0,3,0,0,1,0,17,0,1,1,0,0,0,1
2023-24,Pre+Season,MIL,Milwaukee Bucks,5,3,2,.600,7,0,0,0,0,0,6,0,2,1,1,15,2,3,4,0,0,0,3
2023-24,Pre+Season,MIN,Minnesota Timberwolves,5,5,0,1.000,6,2,0,1,0,0,5,0,0,0,0,8,0,1,2,2,0,0,4
2023-24,Pre+Season,NOP,New Orleans Pelicans,4,1,3,.250,3,0,0,1,0,0,2,0,1,0,0,10,1,6,1,1,0,0,0
2023-24,Pre+Season,NYK,New York Knicks,4,1,3,.250,1,1,0,0,0,0,3,0,0,0,0,6,0,3,2,3,0,0,1
2023-24,Pre+Season,OKC,Oklahoma City Thunder,5,2,3,.400,9,0,0,0,0,0,0,0,0,0,1,4,1,0,3,2,1,0,1
2023-24,Pre+Season,ORL,Orlando Magic,4,3,1,.750,3,0,0,1,0,0,3,0,2,0,0,8,0,1,2,1,0,0,4
2023-24,Pre+Season,PHI,Philadelphia 76ers,4,2,2,.500,3,0,0,0,0,0,1,0,0,0,0,6,0,2,1,0,0,0,2
2023-24,Pre+Season,PHX,Phoenix Suns,5,4,1,.800,4,0,0,1,0,0,2,0,1,1,0,9,2,1,1,4,0,0,3
2023-24,Pre+Season,POR,Portland Trail Blazers,4,1,3,.250,3,0,0,0,0,0,2,1,0,1,0,7,6,2,1,3,0,0,0
2023-24,Pre+Season,Real Madrid,Real Madrid,1,1,0,1.000,1,0,0,0,0,0,0,0,0,0,0,2,0,0,0,0,0,0,1
2023-24,Pre+Season,SAC,Sacramento Kings,5,1,4,.200,5,0,0,0,1,0,1,0,1,0,1,7,0,0,3,2,0,0,0
2023-24,Pre+Season,SAS,San Antonio Spurs,5,3,2,.600,1,0,0,0,0,0,4,0,0,1,0,6,1,1,2,1,0,0,3
2023-24,Pre+Season,Taipans,Taipans,2,0,2,.000,1,0,0,1,0,0,2,0,1,0,0,3,0,1,0,0,0,0,0
2023-24,Pre+Season,TOR,Toronto Raptors,4,4,0,1.000,3,1,0,0,0,0,3,0,1,0,0,15,1,8,2,2,0,0,2
2023-24,Pre+Season,UTA,Utah Jazz,5,3,2,.600,3,2,0,0,0,0,3,0,1,0,0,11,1,3,0,1,0,0,2
2023-24,Pre+Season,WAS,Washington Wizards,4,3,1,.750,1,0,0,0,0,0,2,0,0,0,0,6,1,0,0,2,0,0,3
2023-24,Regular+Season,ATL,Atlanta Hawks,82,36,46,.439,70,0,2,1,2,4,58,0,7,1,0,109,23,22,29,13,1,0,32
2023-24,Regular+Season,BOS,Boston Celtics,82,64,18,.780,47,1,4,5,3,3,49,1,7,4,0,142,11,33,18,22,3,2,26
2023-24,Regular+Season,BKN,Brooklyn Nets,82,32,50,.390,69,3,1,9,0,2,64,0,5,4,0,134,30,25,23,31,1,0,20
2023-24,Regular+Season,CHA,Charlotte Hornets,82,21,61,.256,53,4,1,4,5,1,58,0,6,3,3,148,19,19,12,54,3,0,38
2023-24,Regular+Season,CHI,Chicago Bulls,82,39,43,.476,60,3,4,8,0,2,45,0,4,6,1,99,25,33,26,8,1,0,43
2023-24,Regular+Season,CLE,Cleveland Cavaliers,82,48,34,.585,59,1,1,5,3,3,61,1,6,2,1,99,23,22,16,10,0,0,29
2023-24,Regular+Season,DAL,Dallas Mavericks,82,50,32,.610,43,1,1,7,0,2,34,1,7,3,4,117,25,21,21,33,1,1,33
2023-24,Regular+Season,DEN,Denver Nuggets,82,57,25,.695,42,1,1,5,2,2,65,0,9,4,1,134,16,47,15,18,3,2,42
2023-24,Regular+Season,DET,Detroit Pistons,82,14,68,.171,68,3,4,9,0,1,46,1,8,6,2,147,20,30,11,29,3,3,24
2023-24,Regular+Season,GSW,Golden State Warriors,82,46,36,.561,56,4,1,2,0,5,45,1,8,2,3,140,18,23,21,19,2,0,28
2023-24,Regular+Season,HOU,Houston Rockets,82,41,41,.500,64,3,0,6,5,1,38,2,5,5,0,126,17,43,13,15,4,2,22
2023-24,Regular+Season,IND,Indiana Pacers,82,47,35,.573,65,4,5,6,3,0,50,1,11,3,3,150,13,38,12,37,1,2,24
2023-24,Regular+Season,LAC,LA Clippers,82,51,31,.622,45,3,3,4,1,2,72,0,3,4,0,131,12,34,21,17,0,0,35
2023-24,Regular+Season,LAL,Los Angeles Lakers,82,47,35,.573,48,2,1,6,0,1,45,1,6,5,0,119,17,33,21,27,3,0,40
2023-24,Regular+Season,MEM,Memphis Grizzlies,82,27,55,.329,59,1,2,4,6,3,59,2,7,5,2,146,21,30,16,29,2,0,35
2023-24,Regular+Season,MIA,Miami Heat,82,46,36,.561,68,6,1,6,1,3,65,1,4,7,0,103,18,24,7,18,0,0,32
2023-24,Regular+Season,MIL,Milwaukee Bucks,82,49,33,.598,69,3,3,9,2,2,40,1,5,3,6,127,32,36,18,18,0,0,29
2023-24,Regular+Season,MIN,Minnesota Timberwolves,82,56,26,.683,70,1,2,13,1,3,63,0,7,1,1,139,18,39,16,22,1,0,40
2023-24,Regular+Season,NOP,New Orleans Pelicans,82,49,33,.598,66,1,3,6,3,0,47,2,5,4,2,152,19,35,15,16,1,0,29
2023-24,Regular+Season,NYK,New York Knicks,82,50,32,.610,60,1,1,5,2,2,78,0,9,3,3,128,15,44,14,12,2,1,16
2023-24,Regular+Season,OKC,Oklahoma City Thunder,82,57,25,.695,61,5,2,0,2,0,68,0,7,5,8,98,24,39,13,27,1,0,36
2023-24,Regular+Season,ORL,Orlando Magic,82,47,35,.573,66,0,0,3,1,2,73,1,6,3,2,149,22,34,15,28,1,0,29
2023-24,Regular+Season,PHI,Philadelphia 76ers,82,47,35,.573,52,3,3,1,6,1,53,1,11,6,1,135,15,43,15,20,0,0,35
2023-24,Regular+Season,PHX,Phoenix Suns,82,49,33,.598,56,3,1,4,0,3,62,0,8,1,3,135,26,35,18,13,2,0,38
2023-24,Regular+Season,POR,Portland Trail Blazers,82,21,61,.256,59,3,1,3,2,1,64,0,7,11,4,139,27,47,9,20,2,0,16
2023-24,Regular+Season,SAC,Sacramento Kings,82,46,36,.561,62,5,0,8,2,1,46,0,6,2,2,119,18,22,6,15,0,0,37
2023-24,Regular+Season,SAS,San Antonio Spurs,82,22,60,.268,57,7,3,3,2,0,42,1,5,7,0,101,8,28,10,30,0,0,33
2023-24,Regular+Season,TOR,Toronto Raptors,82,25,57,.305,75,6,1,6,2,1,43,1,5,1,3,140,19,48,15,13,1,0,37
2023-24,Regular+Season,UTA,Utah Jazz,82,31,51,.378,91,5,2,8,3,1,53,0,5,8,2,157,9,33,15,30,0,0,31
2023-24,Regular+Season,WAS,Washington Wizards,82,15,67,.183,75,3,1,3,2,0,35,1,5,3,2,128,15,40,18,25,1,1,32
2023-24,All+Star,East NBA All Stars East,East NBA All Stars East,1,1,0,1.000,1,0,0,0,0,0,0,0,0,0,0,0,0,0,0,0,0,0,2
2023-24,All+Star,West NBA All Stars West,West NBA All Stars West,1,0,1,.000,1,0,0,0,0,0,0,0,0,0,0,0,0,0,0,0,0,0,0
2023-24,PlayIn,ATL,Atlanta Hawks,1,0,1,.000,0,0,0,0,0,0,2,0,0,0,0,1,0,0,0,1,0,0,1
2023-24,PlayIn,CHI,Chicago Bulls,2,1,1,.500,1,0,1,0,0,0,3,0,0,0,0,3,0,2,0,0,0,0,1
2023-24,PlayIn,GSW,Golden State Warriors,1,0,1,.000,0,0,0,0,0,0,0,0,0,0,0,1,0,0,0,1,0,0,0
2023-24,PlayIn,LAL,Los Angeles Lakers,1,1,0,1.000,0,0,0,0,0,0,0,0,0,0,0,1,0,0,0,1,0,0,0
2023-24,PlayIn,MIA,Miami Heat,2,1,1,.500,2,1,0,0,0,0,0,0,1,0,0,1,1,0,0,2,0,0,1
2023-24,PlayIn,NOP,New Orleans Pelicans,2,1,1,.500,0,0,0,0,0,1,1,0,0,0,0,5,0,3,0,0,0,0,1
2023-24,PlayIn,PHI,Philadelphia 76ers,1,1,0,1.000,0,0,0,0,0,0,1,0,0,1,0,0,1,0,1,0,0,0,1
2023-24,PlayIn,SAC,Sacramento Kings,2,1,1,.500,1,0,0,0,0,0,0,0,0,0,0,2,0,0,0,1,0,0,1
2023-24,IST,ATL,Atlanta Hawks,4,1,3,.250,5,0,0,0,0,0,1,0,0,1,0,5,0,0,1,0,0,0,4
2023-24,IST,BOS,Boston Celtics,5,3,2,.600,7,0,0,0,0,0,4,0,0,0,0,14,1,6,0,1,1,0,1
2023-24,IST,BKN,Brooklyn Nets,4,3,1,.750,1,0,0,0,0,0,6,0,0,1,0,10,2,0,2,1,0,0,1
2023-24,IST,CHA,Charlotte Hornets,4,1,3,.250,2,1,0,0,0,0,1,0,1,0,1,5,2,0,1,4,1,0,4
2023-24,IST,CHI,Chicago Bulls,4,0,4,.000,3,0,1,1,0,0,1,0,0,0,0,6,0,2,2,0,0,0,0
2023-24,IST,CLE,Cleveland Cavaliers,4,3,1,.750,4,0,0,0,0,1,1,0,0,0,0,3,1,0,3,1,0,0,0
2023-24,IST,DAL,Dallas Mavericks,4,2,2,.500,1,0,0,0,0,0,1,0,1,0,0,3,2,0,0,2,0,0,3
2023-24,IST,DEN,Denver Nuggets,4,2,2,.500,2,1,0,1,0,0,3,0,0,1,0,6,1,4,1,2,0,0,3
2023-24,IST,DET,Detroit Pistons,4,0,4,.000,4,1,0,0,0,0,1,0,1,0,0,5,1,0,0,1,1,0,1
2023-24,IST,GSW,Golden State Warriors,4,2,2,.500,8,0,0,0,0,1,2,0,1,0,1,17,0,3,2,0,0,0,1
2023-24,IST,HOU,Houston Rockets,4,2,2,.500,5,0,0,0,0,0,1,0,0,0,0,7,0,0,0,1,2,0,2
2023-24,IST,IND,Indiana Pacers,7,6,1,.857,10,0,0,0,1,0,3,0,1,0,0,11,0,4,1,3,0,0,3
2023-24,IST,LAC,LA Clippers,4,1,3,.250,3,0,0,0,0,0,3,0,0,0,0,10,2,2,1,2,0,0,2
2023-24,IST,LAL,Los Angeles Lakers,7,7,0,1.000,4,0,0,3,0,0,7,0,2,1,0,13,0,4,1,2,0,0,2
2023-24,IST,MEM,Memphis Grizzlies,4,0,4,.000,0,0,0,0,0,0,2,0,0,0,0,5,1,1,1,2,1,0,3
2023-24,IST,MIA,Miami Heat,4,2,2,.500,3,0,0,0,0,0,3,0,0,0,0,8,0,1,0,0,0,0,3
2023-24,IST,MIL,Milwaukee Bucks,6,5,1,.833,7,0,0,0,0,0,0,0,0,1,1,9,3,5,2,2,0,0,0
2023-24,IST,MIN,Minnesota Timberwolves,4,3,1,.750,4,0,0,2,0,0,2,0,0,0,0,14,2,4,2,1,1,0,1
2023-24,IST,NOP,New Orleans Pelicans,6,4,2,.667,6,0,0,0,0,0,5,0,1,0,0,7,0,4,1,0,0,0,1
2023-24,IST,NYK,New York Knicks,5,3,2,.600,2,0,0,0,0,0,4,0,1,0,0,7,3,3,0,1,0,0,2
2023-24,IST,OKC,Oklahoma City Thunder,4,1,3,.250,1,0,0,0,0,0,3,0,0,0,1,3,0,2,0,0,0,0,2
2023-24,IST,ORL,Orlando Magic,4,3,1,.750,6,0,0,0,0,1,4,0,0,0,0,5,2,1,1,1,0,0,1
2023-24,IST,PHI,Philadelphia 76ers,4,2,2,.500,5,0,1,0,2,0,1,0,0,1,0,7,0,4,2,1,0,0,0
2023-24,IST,PHX,Phoenix Suns,5,3,2,.600,2,0,0,1,0,0,6,0,1,1,0,9,3,1,0,0,0,0,2
2023-24,IST,POR,Portland Trail Blazers,4,1,3,.250,5,0,0,0,0,0,1,0,0,1,0,7,3,2,1,2,0,0,0
2023-24,IST,SAC,Sacramento Kings,5,4,1,.800,2,1,0,2,0,0,3,0,0,1,0,11,1,1,0,0,0,0,3
2023-24,IST,SAS,San Antonio Spurs,4,0,4,.000,4,1,0,1,0,0,2,0,1,0,0,6,0,1,0,0,0,0,2
2023-24,IST,TOR,Toronto Raptors,4,1,3,.250,4,0,0,1,0,0,1,0,1,0,0,6,2,1,1,0,0,0,1
2023-24,IST,UTA,Utah Jazz,4,2,2,.500,7,0,0,1,1,0,2,0,0,0,1,10,1,2,0,3,0,0,0
2023-24,IST,WAS,Washington Wizards,4,0,4,.000,6,0,0,0,0,0,1,0,2,0,0,11,0,3,2,0,0,0,4
2024-25,Pre+Season,ATL,Atlanta Hawks,4,1,3,.250,1,1,0,0,0,0,2,0,0,0,0,8,0,3,3,1,0,0,3
2024-25,Pre+Season,BOS,Boston Celtics,5,4,1,.800,4,0,0,0,0,0,4,0,0,0,0,5,0,0,1,0,0,0,2
2024-25,Pre+Season,BKN,Brooklyn Nets,4,1,3,.250,4,0,0,0,0,0,2,0,0,0,0,8,1,4,2,0,0,0,4
2024-25,Pre+Season,CHA,Charlotte Hornets,5,2,3,.400,3,0,0,2,0,0,6,0,0,0,0,19,0,2,0,3,0,0,1
2024-25,Pre+Season,CHI,Chicago Bulls,5,3,2,.600,4,1,0,0,0,0,3,0,0,1,0,10,2,4,2,1,0,0,5
2024-25,Pre+Season,CLE,Cleveland Cavaliers,4,0,4,.000,1,0,0,0,0,0,1,0,0,1,0,4,0,0,0,0,0,0,2
2024-25,Pre+Season,DAL,Dallas Mavericks,4,1,3,.250,1,0,0,0,0,0,2,1,0,1,0,7,0,1,1,1,1,0,0
2024-25,Pre+Season,DEN,Denver Nuggets,5,1,4,.200,4,0,0,0,0,0,3,1,0,1,0,14,1,3,1,0,1,0,1
2024-25,Pre+Season,DET,Detroit Pistons,5,3,2,.600,6,0,0,0,0,0,6,0,0,0,0,9,1,2,0,2,0,0,1
2024-25,Pre+Season,GSW,Golden State Warriors,6,6,0,1.000,3,0,0,0,0,0,4,0,0,0,0,16,1,2,0,0,0,0,0
2024-25,Pre+Season,HOU,Houston Rockets,4,3,1,.750,5,2,0,0,0,0,2,0,2,0,0,7,1,1,2,2,0,0,0
2024-25,Pre+Season,IND,Indiana Pacers,4,2,2,.500,4,0,1,0,0,0,0,0,0,1,0,7,0,2,0,3,0,0,2
2024-25,Pre+Season,LAC,LA Clippers,5,4,1,.800,1,0,0,0,1,0,7,0,1,0,0,9,2,4,3,1,1,0,0
2024-25,Pre+Season,LAL,Los Angeles Lakers,6,2,4,.333,5,0,1,0,1,0,3,0,0,0,1,12,0,4,3,2,0,0,2
2024-25,Pre+Season,MEM,Memphis Grizzlies,5,3,2,.600,6,0,0,1,0,0,0,0,1,0,0,14,3,6,1,4,0,0,2
2024-25,Pre+Season,MIA,Miami Heat,5,4,1,.800,1,0,0,0,0,1,5,0,0,0,0,9,0,3,3,2,0,0,7
2024-25,Pre+Season,MIL,Milwaukee Bucks,4,1,3,.250,3,0,0,0,0,0,3,0,2,0,2,9,0,1,1,3,0,0,1
2024-25,Pre+Season,MIN,Minnesota Timberwolves,5,2,3,.400,3,1,3,1,0,0,2,0,1,0,0,8,1,0,3,2,0,0,7
2024-25,Pre+Season,NOP,New Orleans Pelicans,3,1,2,.333,2,1,0,0,0,0,1,0,0,1,0,5,1,1,0,0,0,0,0
2024-25,Pre+Season,NYK,New York Knicks,5,4,1,.800,2,0,0,1,0,0,7,0,1,0,0,7,0,0,2,0,0,0,2
2024-25,Pre+Season,New Zealand Breakers,New Zealand Breakers,3,0,3,.000,1,0,0,0,0,0,3,0,0,0,0,7,2,1,1,1,0,0,2
2024-25,Pre+Season,OKC,Oklahoma City Thunder,5,4,1,.800,5,0,0,0,0,0,1,0,2,0,0,7,4,1,1,0,0,0,5
2024-25,Pre+Season,ORL,Orlando Magic,3,1,2,.333,4,0,1,0,0,0,3,0,0,0,0,3,0,0,0,1,1,0,0
2024-25,Pre+Season,PHI,Philadelphia 76ers,6,3,3,.500,4,0,0,0,0,0,4,0,0,0,0,17,3,3,1,1,0,0,4
2024-25,Pre+Season,PHX,Phoenix Suns,5,3,2,.600,4,0,0,1,0,0,2,0,2,0,1,3,1,0,0,2,0,0,0
2024-25,Pre+Season,POR,Portland Trail Blazers,4,3,1,.750,9,0,0,0,0,0,6,0,0,0,0,8,0,0,0,0,0,0,2
2024-25,Pre+Season,Ratiopharm Ulm,Ratiopharm Ulm,1,0,1,.000,1,0,0,0,0,0,2,0,0,0,0,0,0,0,0,0,0,0,1
2024-25,Pre+Season,SAC,Sacramento Kings,5,0,5,.000,5,0,0,1,0,0,3,0,2,0,0,14,0,3,2,1,0,0,0
2024-25,Pre+Season,SAS,San Antonio Spurs,5,2,3,.400,7,0,0,0,0,0,2,0,1,0,0,7,1,4,0,0,0,0,2
2024-25,Pre+Season,TOR,Toronto Raptors,5,3,2,.600,3,0,0,0,0,0,4,0,1,1,0,9,0,0,1,2,0,0,2
2024-25,Pre+Season,UTA,Utah Jazz,6,4,2,.667,7,0,1,0,0,2,6,0,3,0,1,11,0,2,2,2,0,0,1
2024-25,Pre+Season,WAS,Washington Wizards,5,2,3,.400,9,0,0,0,0,0,1,0,0,0,1,17,2,3,1,0,0,0,1
2024-25,Regular+Season,ATL,Atlanta Hawks,82,40,42,.488,72,2,1,3,3,1,63,0,8,7,1,84,12,23,24,9,1,0,39
2024-25,Regular+Season,BOS,Boston Celtics,82,61,21,.744,40,1,0,3,2,0,40,0,12,3,1,114,7,23,21,15,1,0,20
2024-25,Regular+Season,BKN,Brooklyn Nets,82,26,56,.317,58,2,3,8,0,5,101,2,5,3,4,140,20,31,24,33,4,1,37
2024-25,Regular+Season,CHA,Charlotte Hornets,82,19,63,.232,66,4,2,1,2,3,47,0,6,4,0,137,14,17,19,25,0,0,26
2024-25,Regular+Season,CHI,Chicago Bulls,82,39,43,.476,72,4,1,3,3,3,54,2,13,5,2,84,3,27,18,12,1,0,28
2024-25,Regular+Season,CLE,Cleveland Cavaliers,82,64,18,.780,66,2,1,1,2,2,50,1,10,4,3,83,15,16,18,7,0,0,35
2024-25,Regular+Season,DAL,Dallas Mavericks,82,39,43,.476,51,2,2,4,1,0,59,2,6,1,3,115,11,34,10,26,0,0,33
2024-25,Regular+Season,DEN,Denver Nuggets,82,50,32,.610,43,2,0,0,0,0,58,1,7,6,0,109,3,37,19,17,1,0,29
2024-25,Regular+Season,DET,Detroit Pistons,82,44,38,.537,38,6,4,2,0,1,62,1,11,1,2,133,15,26,15,22,2,0,16
2024-25,Regular+Season,GSW,Golden State Warriors,82,48,34,.585,34,0,1,1,2,4,64,0,7,0,0,131,12,26,22,12,1,0,25
2024-25,Regular+Season,HOU,Houston Rockets,82,52,30,.634,58,1,0,7,5,3,62,1,4,4,3,129,4,45,25,21,4,0,33
2024-25,Regular+Season,IND,Indiana Pacers,82,50,32,.610,44,2,4,6,0,2,79,1,11,5,2,126,9,31,12,28,0,2,23
2024-25,Regular+Season,LAC,LA Clippers,82,50,32,.610,39,4,1,2,1,1,85,1,13,4,3,126,9,23,18,13,1,1,24
2024-25,Regular+Season,LAL,Los Angeles Lakers,82,50,32,.610,31,5,1,2,4,3,63,0,7,5,2,100,9,20,11,15,2,0,44
2024-25,Regular+Season,MEM,Memphis Grizzlies,82,48,34,.585,81,2,0,13,5,2,51,3,4,6,6,124,11,27,21,16,1,0,26
2024-25,Regular+Season,MIA,Miami Heat,82,37,45,.451,46,2,3,3,1,4,72,2,11,8,1,86,7,22,10,29,2,1,47
2024-25,Regular+Season,MIL,Milwaukee Bucks,82,48,34,.585,68,2,1,8,1,1,47,1,6,4,3,136,18,24,15,15,4,0,26
2024-25,Regular+Season,MIN,Minnesota Timberwolves,82,49,33,.598,55,1,6,4,2,4,53,1,9,3,0,113,8,33,28,20,3,0,52
2024-25,Regular+Season,NOP,New Orleans Pelicans,82,21,61,.256,32,3,1,4,1,2,55,0,11,5,0,101,6,26,19,38,3,1,41
2024-25,Regular+Season,NYK,New York Knicks,82,51,31,.622,47,1,1,5,3,4,82,0,2,3,3,109,8,26,28,10,1,1,49
2024-25,Regular+Season,OKC,Oklahoma City Thunder,82,68,14,.829,33,1,0,2,2,0,56,0,7,5,2,85,10,19,13,10,1,0,30
2024-25,Regular+Season,ORL,Orlando Magic,82,41,41,.500,49,2,0,2,4,4,84,0,8,7,3,125,6,35,22,23,1,0,35
2024-25,Regular+Season,PHI,Philadelphia 76ers,82,24,58,.293,59,4,2,6,4,3,57,3,14,2,2,127,10,40,14,21,2,1,24
2024-25,Regular+Season,PHX,Phoenix Suns,82,36,46,.439,39,1,0,0,1,2,64,0,12,2,2,120,11,18,10,18,2,1,18
2024-25,Regular+Season,POR,Portland Trail Blazers,82,36,46,.439,46,10,0,3,1,2,66,0,8,8,5,118,13,36,20,14,2,0,31
2024-25,Regular+Season,SAC,Sacramento Kings,82,40,42,.488,39,2,1,6,0,0,56,0,5,1,0,116,10,21,11,15,0,0,31
2024-25,Regular+Season,SAS,San Antonio Spurs,82,34,48,.415,58,3,2,2,2,1,48,1,8,5,0,90,11,29,10,30,1,0,33
2024-25,Regular+Season,TOR,Toronto Raptors,82,30,52,.366,58,1,1,6,3,0,50,1,13,2,0,111,9,27,11,15,2,1,40
2024-25,Regular+Season,UTA,Utah Jazz,82,17,65,.207,67,3,4,5,6,3,52,2,12,7,3,136,8,24,17,24,2,0,25
2024-25,Regular+Season,WAS,Washington Wizards,82,18,64,.220,63,1,1,2,4,1,48,0,11,7,5,123,15,21,10,24,2,0,37
2024-25,All+Star,-,-,2,1,1,.500,0,0,0,0,0,0,0,0,1,0,0,0,0,0,0,0,0,0,1
2024-25,All+Star,-,-,2,2,0,1.000,0,0,0,0,0,1,0,0,0,0,0,0,0,0,0,0,0,0,0
2024-25,All+Star,-,-,1,0,1,.000,0,0,0,0,0,0,0,0,0,0,0,0,0,0,0,0,0,0,0
2024-25,All+Star,-,-,1,0,1,.000,0,0,0,0,0,0,0,0,0,0,0,0,0,0,0,0,0,0,0
2024-25,IST,ATL,Atlanta Hawks,6,4,2,.667,6,0,0,0,0,0,4,0,0,0,0,6,1,1,0,2,0,0,6
2024-25,IST,BOS,Boston Celtics,4,3,1,.750,3,0,0,0,0,0,0,0,0,0,0,9,1,2,2,2,0,0,1
2024-25,IST,BKN,Brooklyn Nets,4,1,3,.250,0,0,0,0,0,0,2,0,0,0,0,6,1,2,2,0,0,0,0
2024-25,IST,CHA,Charlotte Hornets,4,0,4,.000,4,2,0,0,0,0,8,0,0,0,0,14,3,3,3,3,0,0,1
2024-25,IST,CHI,Chicago Bulls,4,2,2,.500,4,0,0,0,0,0,1,0,1,0,0,3,0,1,1,2,0,0,2
2024-25,IST,CLE,Cleveland Cavaliers,4,2,2,.500,4,0,0,0,0,0,0,0,0,0,0,5,1,1,1,1,0,0,4
2024-25,IST,DAL,Dallas Mavericks,5,3,2,.600,0,0,0,0,0,0,3,0,2,0,0,11,1,3,0,1,0,0,4
2024-25,IST,DEN,Denver Nuggets,4,2,2,.500,2,0,0,0,0,0,4,0,0,1,0,6,0,3,1,2,0,0,2
2024-25,IST,DET,Detroit Pistons,4,3,1,.750,2,0,0,0,0,0,1,0,3,0,0,7,0,1,0,2,0,0,1
2024-25,IST,GSW,Golden State Warriors,5,3,2,.600,2,0,0,0,0,1,9,0,0,0,0,9,1,2,1,1,0,0,2
2024-25,IST,HOU,Houston Rockets,6,4,2,.667,3,0,0,0,0,1,3,0,1,0,0,14,0,5,3,0,0,0,2
2024-25,IST,IND,Indiana Pacers,4,0,4,.000,4,0,0,0,0,1,1,0,1,1,0,7,1,1,0,0,0,0,0
2024-25,IST,LAC,LA Clippers,4,2,2,.500,4,1,0,0,0,0,2,0,0,1,0,10,0,3,1,0,0,0,0
2024-25,IST,LAL,Los Angeles Lakers,4,2,2,.500,2,1,0,0,0,0,2,0,1,1,0,4,0,1,1,0,1,0,1
2024-25,IST,MEM,Memphis Grizzlies,4,1,3,.250,2,0,0,0,0,0,1,1,0,0,1,10,0,5,0,0,0,0,2
2024-25,IST,MIA,Miami Heat,4,2,2,.500,2,0,0,0,0,0,3,1,0,0,0,4,0,2,1,2,0,0,4
2024-25,IST,MIL,Milwaukee Bucks,7,7,0,1.000,8,0,0,1,0,0,10,0,0,0,0,13,1,2,1,2,0,0,3
2024-25,IST,MIN,Minnesota Timberwolves,4,2,2,.500,1,0,0,0,0,1,2,0,0,0,0,8,0,3,1,1,0,0,2
2024-25,IST,NOP,New Orleans Pelicans,4,1,3,.250,1,0,0,1,0,0,3,0,1,0,0,6,0,0,0,2,0,0,0
2024-25,IST,NYK,New York Knicks,5,4,1,.800,8,0,0,0,0,0,7,0,0,1,0,9,0,0,1,0,0,0,1
2024-25,IST,OKC,Oklahoma City Thunder,7,5,2,.714,5,0,0,0,0,0,4,0,0,1,0,5,1,0,2,0,0,0,1
2024-25,IST,ORL,Orlando Magic,5,3,2,.600,5,0,0,1,0,0,3,0,0,1,1,13,1,2,2,3,0,0,2
2024-25,IST,PHI,Philadelphia 76ers,4,2,2,.500,3,0,0,0,1,0,4,0,0,0,0,11,1,4,0,0,0,1,0
2024-25,IST,PHX,Phoenix Suns,4,3,1,.750,2,0,0,0,0,0,7,0,0,0,0,7,2,2,0,0,0,0,1
2024-25,IST,POR,Portland Trail Blazers,4,2,2,.500,3,0,0,0,0,0,6,0,0,0,0,3,0,1,1,3,0,0,1
2024-25,IST,SAC,Sacramento Kings,4,1,3,.250,3,0,0,0,0,0,0,0,0,0,0,5,0,1,1,2,0,0,1
2024-25,IST,SAS,San Antonio Spurs,4,2,2,.500,1,0,0,0,0,0,0,0,0,1,0,5,2,3,0,1,0,0,1
2024-25,IST,TOR,Toronto Raptors,4,1,3,.250,5,1,0,1,0,0,3,0,1,0,0,8,0,2,2,1,0,0,2
2024-25,IST,UTA,Utah Jazz,4,0,4,.000,3,0,0,0,0,0,5,1,0,0,0,7,0,2,1,2,0,0,2
2024-25,IST,WAS,Washington Wizards,4,0,4,.000,7,0,0,1,0,0,5,0,0,0,0,7,0,1,0,1,0,0,0
2025-26,Pre+Season,ATL,Atlanta Hawks,4,2,2,.500,3,0,0,0,0,0,3,1,2,0,0,9,0,2,2,1,0,0,2
2025-26,Pre+Season,BOS,Boston Celtics,4,3,1,.750,3,0,1,0,1,1,3,1,1,0,0,13,0,0,1,1,0,0,3
2025-26,Pre+Season,BKN,Brooklyn Nets,4,2,2,.500,6,1,0,0,0,0,5,0,1,0,1,10,0,2,3,2,1,0,0
2025-26,Pre+Season,CHA,Charlotte Hornets,5,2,3,.400,3,0,0,0,0,0,1,0,1,2,0,16,0,4,1,0,0,0,5
2025-26,Pre+Season,CHI,Chicago Bulls,5,3,2,.600,9,0,1,0,0,0,3,0,0,0,0,10,0,4,0,0,0,0,4
2025-26,Pre+Season,CLE,Cleveland Cavaliers,4,1,3,.250,4,0,0,0,0,0,3,0,2,0,0,3,0,0,2,0,0,0,4
2025-26,Pre+Season,DAL,Dallas Mavericks,4,3,1,.750,4,0,0,0,0,0,4,0,1,0,0,7,1,1,1,0,0,0,0
2025-26,Pre+Season,DEN,Denver Nuggets,5,3,2,.600,1,0,0,0,0,0,3,0,1,0,0,22,1,6,1,0,0,1,2
2025-26,Pre+Season,DET,Detroit Pistons,4,2,2,.500,6,0,0,1,0,1,2,0,0,0,1,12,0,2,1,0,0,0,4
2025-26,Pre+Season,GSW,Golden State Warriors,5,3,2,.600,9,0,0,0,0,0,5,0,2,0,0,12,0,1,2,1,0,0,1
2025-26,Pre+Season,Guangzhou Loong-Lions,Guangzhou Loong-Lions,3,0,3,.000,3,0,1,0,0,0,4,0,1,1,0,5,1,0,0,0,0,1,2
2025-26,Pre+Season,Hapoel Jerusalem B.C.,Hapoel Jerusalem B.C.,1,0,1,.000,1,0,1,0,0,1,1,0,0,0,0,1,0,0,0,0,0,0,0
2025-26,Pre+Season,HOU,Houston Rockets,4,4,0,1.000,1,0,0,0,0,0,2,0,0,0,1,7,0,1,0,1,0,0,4
2025-26,Pre+Season,IND,Indiana Pacers,4,2,2,.500,1,0,1,2,0,0,2,0,1,0,0,10,0,3,3,5,0,0,1
2025-26,Pre+Season,LAC,LA Clippers,4,3,1,.750,5,1,0,1,0,0,0,0,0,1,0,8,2,1,2,0,0,0,2
2025-26,Pre+Season,LAL,Los Angeles Lakers,6,1,5,.167,8,0,1,1,1,0,5,0,1,1,0,13,0,2,1,2,0,0,2
2025-26,Pre+Season,Melbourne United,Melbourne United,1,0,1,.000,0,0,0,0,0,0,1,0,0,0,0,2,0,0,0,0,0,0,0
2025-26,Pre+Season,MEM,Memphis Grizzlies,5,1,4,.200,4,1,0,1,0,0,3,0,2,0,0,16,2,2,5,0,0,0,2
2025-26,Pre+Season,MIA,Miami Heat,6,0,6,.000,6,0,1,0,0,0,2,0,1,0,0,10,0,4,1,1,1,0,5
2025-26,Pre+Season,MIL,Milwaukee Bucks,4,3,1,.750,2,0,0,0,0,0,4,0,0,0,0,8,1,3,1,2,0,0,0
2025-26,Pre+Season,MIN,Minnesota Timberwolves,6,2,4,.333,4,0,0,0,0,0,3,0,1,1,0,18,1,7,4,0,0,0,2
2025-26,Pre+Season,NOP,New Orleans Pelicans,4,2,2,.500,3,0,0,0,0,0,0,0,0,1,0,9,0,5,2,1,0,0,4
2025-26,Pre+Season,NYK,New York Knicks,5,4,1,.800,2,1,0,0,0,0,3,2,1,0,0,9,1,1,3,1,1,0,0
2025-26,Pre+Season,OKC,Oklahoma City Thunder,6,4,2,.667,5,0,0,0,0,0,6,0,0,0,0,12,3,5,1,2,0,0,3
2025-26,Pre+Season,ORL,Orlando Magic,4,4,0,1.000,5,0,0,0,0,0,3,0,0,0,1,12,1,0,1,0,0,0,2
2025-26,Pre+Season,PHI,Philadelphia 76ers,4,1,3,.250,3,1,0,0,0,0,4,0,0,0,0,10,0,2,1,0,0,0,1
2025-26,Pre+Season,PHX,Phoenix Suns,4,3,1,.750,4,0,0,0,1,0,3,0,2,0,0,12,0,3,1,1,0,0,1
2025-26,Pre+Season,POR,Portland Trail Blazers,4,1,3,.250,4,0,0,0,1,0,2,0,1,0,1,15,1,4,1,1,0,0,0
2025-26,Pre+Season,SAC,Sacramento Kings,4,1,3,.250,4,0,0,0,0,0,4,0,0,0,0,13,0,1,2,1,0,0,1
2025-26,Pre+Season,SAS,San Antonio Spurs,5,5,0,1.000,7,1,0,0,0,0,2,0,2,0,0,12,1,4,1,1,0,0,4
2025-26,Pre+Season,South East Melbourne Phoenix,South East Melbourne Phoenix,1,0,1,.000,0,0,0,0,0,0,1,0,0,0,0,0,0,1,0,1,0,0,0
2025-26,Pre+Season,TOR,Toronto Raptors,6,4,2,.667,3,0,0,0,1,0,5,0,0,0,0,13,1,4,2,2,0,0,1
2025-26,Pre+Season,UTA,Utah Jazz,4,1,3,.250,6,0,0,0,0,0,2,0,1,0,0,4,4,2,0,3,0,0,1
2025-26,Pre+Season,WAS,Washington Wizards,3,1,2,.333,4,0,0,0,0,0,2,0,0,0,0,7,1,3,2,0,0,0,3
2025-26,Regular+Season,ATL,Atlanta Hawks,39,18,21,.462,37,0,2,1,2,0,38,0,6,2,0,53,4,11,9,5,2,0,22
2025-26,Regular+Season,BOS,Boston Celtics,36,23,13,.639,26,0,3,2,3,1,24,0,6,2,0,68,4,11,4,3,1,0,7
2025-26,Regular+Season,BKN,Brooklyn Nets,34,11,23,.324,33,3,1,4,0,1,28,0,1,2,2,51,19,10,12,10,1,1,7
2025-26,Regular+Season,CHA,Charlotte Hornets,37,13,24,.351,24,4,2,4,1,0,30,1,6,3,2,73,3,10,8,15,3,0,14
2025-26,Regular+Season,CHI,Chicago Bulls,37,17,20,.459,25,1,1,1,1,1,23,0,3,0,0,36,4,12,4,11,1,0,21
2025-26,Regular+Season,CLE,Cleveland Cavaliers,38,21,17,.553,19,1,0,2,0,1,22,0,4,2,1,47,6,6,9,5,4,0,14
2025-26,Regular+Season,DAL,Dallas Mavericks,37,14,23,.378,21,1,0,4,0,1,21,1,4,1,0,56,6,9,9,16,2,0,15
2025-26,Regular+Season,DEN,Denver Nuggets,37,25,12,.676,20,0,1,3,1,1,27,0,4,1,1,56,16,14,3,4,0,1,14
2025-26,Regular+Season,DET,Detroit Pistons,37,28,9,.757,18,3,0,3,0,0,34,1,8,5,0,59,7,8,9,8,0,0,10
2025-26,Regular+Season,GSW,Golden State Warriors,38,20,18,.526,21,1,0,1,0,1,23,0,4,2,0,74,4,6,12,11,1,0,6
2025-26,Regular+Season,HOU,Houston Rockets,34,22,12,.647,16,1,2,3,2,3,32,0,5,2,0,54,4,11,14,4,5,0,14
2025-26,Regular+Season,IND,Indiana Pacers,37,6,31,.162,26,2,2,0,2,1,20,0,6,3,1,72,3,15,9,10,3,0,9
2025-26,Regular+Season,LAC,LA Clippers,36,13,23,.361,20,2,1,3,3,1,32,1,4,1,0,71,5,10,6,4,1,0,19
2025-26,Regular+Season,LAL,Los Angeles Lakers,35,23,12,.657,13,2,0,8,1,2,20,2,3,4,1,57,1,6,12,7,0,0,10
2025-26,Regular+Season,MEM,Memphis Grizzlies,37,16,21,.432,16,2,0,6,0,2,15,1,8,2,1,72,0,14,12,11,3,0,13
2025-26,Regular+Season,MIA,Miami Heat,37,20,17,.541,25,1,1,2,1,1,20,0,5,5,0,37,1,13,4,16,1,0,14
2025-26,Regular+Season,MIL,Milwaukee Bucks,37,16,21,.432,23,1,0,3,2,1,22,0,4,2,2,71,6,10,10,3,5,0,14
2025-26,Regular+Season,MIN,Minnesota Timberwolves,37,24,13,.649,18,1,3,2,1,1,24,0,6,1,0,56,3,11,17,10,1,1,16
2025-26,Regular+Season,NOP,New Orleans Pelicans,39,8,31,.205,10,2,3,0,1,0,36,0,3,3,1,64,2,30,15,11,1,1,13
2025-26,Regular+Season,NYK,New York Knicks,37,24,13,.649,24,1,0,2,1,1,21,0,7,2,0,78,4,15,9,6,2,0,12
2025-26,Regular+Season,OKC,Oklahoma City Thunder,38,31,7,.816,15,2,0,1,0,0,24,0,4,3,2,58,0,11,5,9,2,0,16
2025-26,Regular+Season,ORL,Orlando Magic,38,21,17,.553,26,0,2,2,0,0,15,0,6,2,2,56,2,17,9,15,1,0,16
2025-26,Regular+Season,PHI,Philadelphia 76ers,35,20,15,.571,24,3,0,2,0,0,20,0,6,5,0,52,4,12,9,15,2,0,8
2025-26,Regular+Season,PHX,Phoenix Suns,37,22,15,.595,21,3,0,1,0,1,29,0,4,3,1,85,6,16,15,16,1,1,22
2025-26,Regular+Season,POR,Portland Trail Blazers,38,18,20,.474,13,0,0,0,1,0,31,2,3,4,2,57,11,15,6,5,1,0,11
2025-26,Regular+Season,SAC,Sacramento Kings,37,8,29,.216,17,2,0,3,0,0,18,0,2,2,2,42,3,8,9,8,1,1,14
2025-26,Regular+Season,SAS,San Antonio Spurs,37,26,11,.703,19,1,2,0,1,0,21,0,1,1,2,57,11,23,8,8,1,0,14
2025-26,Regular+Season,TOR,Toronto Raptors,38,23,15,.605,29,1,1,1,2,1,24,0,2,1,4,55,3,12,4,8,2,0,16
2025-26,Regular+Season,UTA,Utah Jazz,36,12,24,.333,19,2,0,0,0,0,13,0,6,1,1,80,9,17,7,3,0,0,13
2025-26,Regular+Season,WAS,Washington Wizards,36,10,26,.278,20,1,1,0,0,2,12,2,4,2,0,50,8,6,1,18,1,0,14
