SEASON,SEASON_TYPE,TEAM_ABB,TEAM_NAME,GP,W,L,MIN,TOUCHES,PAINT_TOUCHES,PAINT_TOUCH_FGM,PAINT_TOUCH_FGA,PAINT_TOUCH_FG_PCT,PAINT_TOUCH_FTM,PAINT_TOUCH_FTA,PAINT_TOUCH_FT_PCT,PAINT_TOUCH_PTS,PAINT_TOUCH_PTS_PCT,PAINT_TOUCH_PASSES,PAINT_TOUCH_PASSES_PCT,PAINT_TOUCH_AST,PAINT_TOUCH_AST_PCT,PAINT_TOUCH_TOV,PAINT_TOUCH_TOV_PCT,PAINT_TOUCH_FOULS,PAINT_TOUCH_FOULS_PCT
2015-16,Regular+Season,ATL,Atlanta Hawks,82,48,34,241.8,442.7,25.9,8.0,12.8,62.2,2.4,3.0,78.4,18.7,72.3,9.4,36.4,1.6,6.1,1.3,4.9,1.4,5.3
2015-16,Regular+Season,BOS,Boston Celtics,81,47,34,241.2,439.4,25.8,8.7,14.8,58.4,3.1,4.3,72.5,20.7,80.3,6.9,26.6,0.9,3.3,1.2,4.5,2.0,7.6
2015-16,Regular+Season,BKN,Brooklyn Nets,82,21,61,240.9,409.9,24.9,8.3,14.3,57.9,2.7,4.0,67.0,19.7,79.1,6.3,25.4,1.0,3.8,1.3,5.3,1.8,7.3
2015-16,Regular+Season,CHA,Charlotte Hornets,82,48,34,242.1,414.1,19.8,6.4,10.7,60.0,2.7,3.5,76.8,15.8,80.1,5.9,29.7,0.9,4.6,0.8,4.3,1.6,8.3
2015-16,Regular+Season,CHI,Chicago Bulls,82,42,40,242.7,428.5,25.6,8.0,14.2,56.3,2.9,3.8,76.0,19.3,75.1,7.3,28.5,1.3,4.9,1.5,5.7,1.7,6.5
2015-16,Regular+Season,CLE,Cleveland Cavaliers,82,57,25,242.1,414.8,25.1,7.7,12.8,60.3,2.8,4.0,70.4,18.8,75.0,7.4,29.6,1.0,3.9,1.4,5.7,1.8,7.1
2015-16,Regular+Season,DAL,Dallas Mavericks,82,42,40,244.0,449.6,21.7,6.7,10.7,62.7,2.9,3.9,74.7,16.7,76.9,6.9,31.6,1.0,4.4,1.2,5.5,1.8,8.5
2015-16,Regular+Season,DEN,Denver Nuggets,82,33,49,241.8,411.1,28.9,10.1,17.1,59.0,3.5,4.8,72.2,24.1,83.4,7.1,24.5,0.9,3.2,1.5,5.4,2.2,7.6
2015-16,Regular+Season,DET,Detroit Pistons,82,44,38,242.4,384.2,27.3,9.3,16.6,56.4,3.0,5.2,57.5,21.9,80.4,6.2,22.6,0.6,2.3,1.4,5.1,2.4,8.9
2015-16,Regular+Season,GSW,Golden State Warriors,82,73,9,242.4,446.4,27.6,9.4,15.6,60.3,2.7,4.1,66.1,21.9,79.5,7.7,27.8,1.5,5.4,1.3,4.7,1.9,6.8
2015-16,Regular+Season,HOU,Houston Rockets,82,41,41,241.8,409.4,27.6,9.1,14.9,61.0,2.9,5.3,54.5,21.4,77.5,7.5,27.1,1.1,4.0,1.6,5.7,2.4,8.7
2015-16,Regular+Season,IND,Indiana Pacers,82,45,37,242.4,425.4,25.8,8.6,13.9,61.4,2.8,4.0,70.4,20.4,78.9,7.8,30.0,1.1,4.1,1.4,5.6,1.8,6.8
2015-16,Regular+Season,LAC,LA Clippers,82,53,29,241.8,405.6,22.5,8.0,12.2,65.4,2.5,4.2,58.7,18.7,83.2,6.0,26.9,0.6,2.5,1.2,5.5,1.8,8.2
2015-16,Regular+Season,LAL,Los Angeles Lakers,82,17,65,240.6,392.7,23.4,6.8,12.1,56.1,2.7,3.6,75.9,16.6,71.1,7.4,31.7,0.8,3.6,1.3,5.4,1.8,7.6
2015-16,Regular+Season,MEM,Memphis Grizzlies,82,42,40,241.8,425.0,26.7,8.4,15.2,54.9,3.6,4.9,73.8,20.7,77.5,6.7,25.1,0.8,2.9,1.3,4.9,2.1,8.0
2015-16,Regular+Season,MIA,Miami Heat,82,48,34,241.8,415.2,26.6,9.4,14.8,63.3,3.5,5.0,71.7,22.9,86.2,6.8,25.7,0.9,3.2,1.5,5.6,2.2,8.3
2015-16,Regular+Season,MIL,Milwaukee Bucks,82,33,49,241.8,407.7,29.4,10.2,16.9,60.5,3.5,5.0,69.8,24.2,82.5,7.6,26.0,1.0,3.4,1.6,5.3,2.3,7.9
2015-16,Regular+Season,MIN,Minnesota Timberwolves,82,29,53,242.4,400.9,26.5,9.2,15.1,61.3,4.6,5.7,79.4,23.7,89.5,6.0,22.9,0.6,2.4,1.5,5.9,2.6,10.0
2015-16,Regular+Season,NOP,New Orleans Pelicans,82,30,52,241.2,412.5,21.2,7.0,12.0,58.7,2.9,3.9,73.2,17.2,81.5,5.4,25.5,0.7,3.3,1.1,5.2,1.8,8.5
2015-16,Regular+Season,NYK,New York Knicks,82,32,50,241.5,458.0,26.0,8.1,14.5,56.3,3.5,4.3,80.9,20.2,77.8,7.0,26.8,1.0,3.7,1.5,5.6,2.0,7.6
2015-16,Regular+Season,OKC,Oklahoma City Thunder,82,55,27,241.8,380.6,29.3,9.7,15.7,61.8,3.0,4.4,67.6,22.8,77.8,8.5,29.1,1.0,3.5,1.7,5.9,2.1,7.0
2015-16,Regular+Season,ORL,Orlando Magic,81,35,46,242.5,425.1,23.1,8.1,13.7,59.6,2.5,3.4,74.1,19.3,83.4,6.1,26.3,0.8,3.5,1.0,4.4,1.6,6.8
2015-16,Regular+Season,PHI,Philadelphia 76ers,82,10,72,241.5,450.4,22.7,7.9,12.9,61.3,2.8,4.2,66.2,18.9,83.4,5.6,24.8,0.7,3.1,1.4,6.2,2.0,8.9
2015-16,Regular+Season,PHX,Phoenix Suns,82,23,59,240.3,435.4,26.8,8.4,14.6,57.6,3.4,4.8,71.0,20.7,77.1,7.3,27.2,0.8,3.1,1.6,6.1,2.2,8.2
2015-16,Regular+Season,POR,Portland Trail Blazers,82,44,38,241.5,401.8,22.9,6.8,11.4,59.4,2.5,3.9,64.8,16.4,71.4,7.5,32.7,1.0,4.5,1.4,6.0,1.8,7.9
2015-16,Regular+Season,SAC,Sacramento Kings,81,33,48,241.5,406.5,28.4,10.0,16.7,59.8,3.0,4.3,68.4,23.4,82.2,7.1,24.8,1.0,3.5,1.6,5.5,1.9,6.7
2015-16,Regular+Season,SAS,San Antonio Spurs,82,67,15,240.3,444.1,26.1,8.9,14.0,63.8,3.5,4.4,80.2,21.8,83.4,8.1,30.9,1.1,4.2,1.0,4.0,2.0,7.6
2015-16,Regular+Season,TOR,Toronto Raptors,81,55,26,240.9,420.9,21.4,6.7,11.5,57.9,2.8,4.0,68.4,16.4,76.8,5.9,27.7,0.6,2.8,1.0,4.7,1.9,8.8
2015-16,Regular+Season,UTA,Utah Jazz,82,40,42,243.4,468.5,24.0,6.9,11.7,58.7,3.1,4.6,66.2,17.1,71.3,7.9,32.7,1.0,4.0,1.4,5.8,2.1,8.6
2015-16,Regular+Season,WAS,Washington Wizards,82,41,41,240.9,414.8,25.1,8.5,14.0,60.6,2.6,3.9,67.9,20.0,79.7,7.1,28.3,0.8,3.3,1.4,5.4,1.8,7.0
2015-16,Playoffs,ATL,Atlanta Hawks,10,4,6,242.5,439.2,22.4,7.8,12.4,62.9,2.2,2.8,78.6,18.3,81.7,6.7,29.9,0.9,4.0,1.6,7.1,1.1,4.9
2015-16,Playoffs,BOS,Boston Celtics,6,2,4,244.2,456.7,22.8,7.5,12.7,59.2,1.7,2.3,71.4,16.7,73.0,6.3,27.7,0.5,2.2,1.7,7.3,1.2,5.1
2015-16,Playoffs,CHA,Charlotte Hornets,7,3,4,240.0,365.4,15.7,4.7,9.1,51.6,3.1,4.0,78.6,12.9,81.8,4.0,25.5,0.0,0.0,0.3,1.8,2.0,12.7
2015-16,Playoffs,CLE,Cleveland Cavaliers,21,16,5,240.0,382.1,21.8,7.0,11.0,64.3,2.6,3.7,71.4,16.9,77.5,6.5,30.0,0.8,3.7,1.0,4.4,1.7,7.7
2015-16,Playoffs,DAL,Dallas Mavericks,5,1,4,240.0,420.8,21.8,6.2,11.2,55.4,3.2,5.2,61.5,15.4,70.6,6.4,29.4,1.0,4.6,0.6,2.8,2.0,9.2
2015-16,Playoffs,DET,Detroit Pistons,4,0,4,240.0,347.8,16.5,7.0,10.3,68.3,0.5,0.5,100,14.8,89.4,3.8,22.7,0.8,4.5,0.5,3.0,0.3,1.5
2015-16,Playoffs,GSW,Golden State Warriors,24,15,9,241.0,435.4,25.9,7.7,12.8,60.1,2.8,3.8,74.4,18.5,71.2,8.9,34.2,1.4,5.5,1.6,6.1,1.6,6.3
2015-16,Playoffs,HOU,Houston Rockets,5,1,4,240.0,397.4,29.8,7.8,14.6,53.4,2.8,5.2,53.8,19.0,63.8,10.0,33.6,1.2,4.0,1.2,4.0,2.4,8.1
2015-16,Playoffs,IND,Indiana Pacers,7,3,4,240.0,386.0,23.6,6.7,13.0,51.6,2.1,3.4,62.5,15.9,67.3,6.7,28.5,1.0,4.2,1.4,6.1,1.7,7.3
2015-16,Playoffs,LAC,LA Clippers,6,2,4,240.0,386.2,19.3,7.2,11.2,64.2,1.5,4.0,37.5,16.3,84.5,5.5,28.4,0.7,3.4,0.2,0.9,1.7,8.6
2015-16,Playoffs,MEM,Memphis Grizzlies,4,0,4,240.0,398.0,26.8,7.8,15.8,49.2,4.3,5.0,85.0,19.8,73.8,5.8,21.5,0.3,0.9,2.0,7.5,2.5,9.3
2015-16,Playoffs,MIA,Miami Heat,14,7,7,245.4,385.0,20.6,6.4,9.9,64.5,3.5,4.9,71.0,16.6,80.6,5.7,27.7,0.6,2.8,1.5,7.3,2.4,11.4
2015-16,Playoffs,OKC,Oklahoma City Thunder,18,11,7,240.0,339.3,24.2,8.7,13.8,63.3,2.6,3.6,73.4,20.6,84.9,7.1,29.4,0.9,3.7,0.9,3.9,1.6,6.4
2015-16,Playoffs,POR,Portland Trail Blazers,11,5,6,242.3,388.0,27.1,6.5,12.5,52.6,2.3,4.2,54.3,15.5,57.0,9.6,35.6,1.5,5.7,1.8,6.7,1.8,6.7
2015-16,Playoffs,SAS,San Antonio Spurs,10,6,4,240.0,419.7,25.0,7.5,13.6,55.1,2.5,2.8,89.3,18.0,72.0,8.1,32.4,1.7,6.8,1.1,4.4,1.2,4.8
2015-16,Playoffs,TOR,Toronto Raptors,20,10,10,243.8,392.1,20.5,6.5,10.6,60.8,2.4,3.5,68.6,15.9,77.5,5.7,27.6,0.3,1.2,1.3,6.4,1.7,8.1
2016-17,Regular+Season,ATL,Atlanta Hawks,82,43,39,242.4,431.2,27.4,8.8,14.2,61.7,3.1,5.3,59.5,21.1,77.0,8.2,29.7,1.5,5.4,1.6,5.8,2.5,9.2
2016-17,Regular+Season,BOS,Boston Celtics,82,53,29,240.9,442.4,22.9,8.1,13.0,62.6,2.0,2.9,69.2,18.7,81.6,6.9,30.0,1.1,4.7,1.0,4.5,1.3,5.9
2016-17,Regular+Season,BKN,Brooklyn Nets,81,20,61,240.9,433.3,21.3,7.4,11.9,62.3,2.5,3.2,77.1,17.7,83.0,6.0,28.0,0.9,4.1,1.2,5.8,1.4,6.8
2016-17,Regular+Season,CHA,Charlotte Hornets,82,36,46,241.8,408.1,20.9,6.9,11.0,62.6,2.8,3.6,79.3,17.1,81.6,6.8,32.3,1.0,4.6,0.8,4.0,1.7,8.2
2016-17,Regular+Season,CHI,Chicago Bulls,82,41,41,241.2,424.0,27.0,8.9,15.1,58.9,2.6,3.5,73.9,20.7,76.4,7.9,29.1,1.2,4.5,1.5,5.7,1.6,5.9
2016-17,Regular+Season,CLE,Cleveland Cavaliers,82,51,31,242.4,394.3,20.9,6.6,10.2,64.3,2.2,3.3,67.3,15.6,74.7,6.8,32.6,1.0,4.6,1.2,5.7,1.5,7.0
2016-17,Regular+Season,DAL,Dallas Mavericks,81,32,49,241.2,410.8,16.3,5.3,8.0,65.8,1.9,2.7,68.8,12.7,77.6,5.6,34.2,0.7,4.5,0.9,5.2,1.3,7.9
2016-17,Regular+Season,DEN,Denver Nuggets,81,39,42,240.9,419.4,27.5,10.0,16.1,62.4,3.3,4.5,73.4,23.9,86.9,7.0,25.3,1.2,4.3,1.3,4.9,2.1,7.8
2016-17,Regular+Season,DET,Detroit Pistons,82,37,45,241.5,397.9,25.3,9.5,16.0,59.6,2.5,4.3,58.5,22.1,87.1,5.2,20.6,0.5,2.1,1.1,4.3,2.0,7.9
2016-17,Regular+Season,GSW,Golden State Warriors,82,67,15,241.2,440.1,30.0,10.4,15.7,66.0,3.0,4.2,72.3,24.3,81.0,9.6,31.9,1.7,5.7,1.5,5.1,1.9,6.4
2016-17,Regular+Season,HOU,Houston Rockets,82,55,27,241.2,388.9,25.6,9.5,14.5,65.0,2.6,4.3,61.4,22.1,86.2,7.0,27.4,1.0,3.8,1.3,5.0,2.0,7.8
2016-17,Regular+Season,IND,Indiana Pacers,81,42,39,242.2,405.8,23.8,8.4,13.4,62.7,2.9,3.6,80.3,20.2,84.9,6.7,28.0,1.0,4.3,1.3,5.3,1.7,7.2
2016-17,Regular+Season,LAC,LA Clippers,82,51,31,240.9,419.9,21.7,8.2,12.3,66.5,2.7,4.3,63.8,19.5,89.5,5.3,24.3,0.7,3.2,1.2,5.4,2.0,9.3
2016-17,Regular+Season,LAL,Los Angeles Lakers,82,26,56,240.3,409.3,26.8,8.6,14.5,59.7,2.6,3.7,68.9,20.2,75.6,8.1,30.3,0.9,3.3,1.4,5.2,1.8,6.8
2016-17,Regular+Season,MEM,Memphis Grizzlies,82,43,39,242.7,422.1,24.5,8.1,14.5,55.5,3.0,4.0,76.1,19.6,80.0,5.8,23.5,0.8,3.3,1.3,5.4,1.9,7.8
2016-17,Regular+Season,MIA,Miami Heat,82,41,41,241.2,401.9,24.3,8.3,13.8,60.4,2.5,4.1,60.6,19.6,80.8,6.3,25.9,0.6,2.7,1.4,5.7,1.9,7.6
2016-17,Regular+Season,MIL,Milwaukee Bucks,82,42,40,241.2,403.9,26.4,9.2,15.1,61.1,3.2,4.5,71.8,22.2,84.2,6.8,25.7,0.9,3.5,1.4,5.4,2.1,7.8
2016-17,Regular+Season,MIN,Minnesota Timberwolves,82,31,51,241.5,405.4,26.9,9.4,15.3,61.3,3.2,4.1,77.9,22.5,84.0,7.4,27.5,1.0,3.7,1.4,5.0,2.0,7.5
2016-17,Regular+Season,NOP,New Orleans Pelicans,82,34,48,242.7,418.6,20.3,7.2,11.3,63.2,2.5,3.5,72.0,17.3,85.4,5.4,26.4,0.6,3.1,0.9,4.4,1.6,7.9
2016-17,Regular+Season,NYK,New York Knicks,82,31,51,242.1,447.7,25.8,8.2,14.0,58.3,2.5,3.5,72.3,19.2,74.6,7.8,30.2,1.0,4.1,1.4,5.5,1.6,6.4
2016-17,Regular+Season,OKC,Oklahoma City Thunder,82,47,35,241.5,379.6,30.0,9.3,16.1,57.9,3.5,5.2,68.2,22.7,75.6,8.5,28.3,0.9,3.0,1.6,5.4,2.5,8.3
2016-17,Regular+Season,ORL,Orlando Magic,82,29,53,241.5,414.9,23.6,8.1,13.5,60.3,2.8,4.0,69.1,19.3,81.6,6.4,27.1,0.8,3.2,1.1,4.7,1.9,8.0
2016-17,Regular+Season,PHI,Philadelphia 76ers,82,28,54,241.8,474.9,25.8,8.6,14.4,60.0,2.9,4.2,69.3,20.4,78.9,7.2,27.8,0.8,3.3,1.4,5.3,2.0,7.6
2016-17,Regular+Season,PHX,Phoenix Suns,80,23,57,241.9,422.7,25.9,9.2,15.3,60.3,3.3,4.4,75.1,22.0,84.9,6.5,25.0,0.6,2.3,1.1,4.3,2.0,7.7
2016-17,Regular+Season,POR,Portland Trail Blazers,82,41,41,243.1,397.0,23.0,6.8,11.8,57.9,2.6,3.9,67.1,16.6,72.2,7.0,30.5,1.1,4.7,1.5,6.3,1.8,8.0
2016-17,Regular+Season,SAC,Sacramento Kings,82,32,50,242.4,437.1,25.6,8.7,14.7,58.8,2.5,3.4,75.7,20.2,78.9,7.2,28.1,0.9,3.7,1.3,5.1,1.5,5.7
2016-17,Regular+Season,SAS,San Antonio Spurs,81,61,20,241.5,434.0,22.9,8.1,12.6,64.4,2.7,3.7,73.4,19.2,83.8,6.7,29.0,0.9,3.9,1.2,5.1,1.7,7.3
2016-17,Regular+Season,TOR,Toronto Raptors,81,50,31,241.2,392.1,21.9,7.0,11.9,59.0,2.4,3.2,73.9,16.7,76.1,6.4,29.4,0.7,3.2,1.2,5.6,1.5,6.9
2016-17,Regular+Season,UTA,Utah Jazz,82,51,31,240.9,429.2,25.4,8.8,13.8,64.0,3.5,5.2,67.2,21.9,85.9,6.5,25.6,0.7,2.7,1.4,5.7,2.4,9.4
2016-17,Regular+Season,WAS,Washington Wizards,82,49,33,242.1,386.2,23.8,8.6,14.3,60.3,2.6,3.6,73.1,20.3,85.5,5.9,24.8,0.9,3.6,1.3,5.4,1.6,6.9
2016-17,Playoffs,ATL,Atlanta Hawks,6,2,4,240.0,422.7,26.3,8.8,14.2,62.4,4.3,6.3,68.4,22.5,85.4,6.3,24.1,1.3,5.1,1.5,5.7,2.7,10.1
2016-17,Playoffs,BOS,Boston Celtics,18,9,9,241.4,422.6,23.6,8.4,13.2,63.7,2.1,3.1,69.1,19.2,81.6,6.9,29.5,1.9,8.3,1.2,5.0,1.4,6.1
2016-17,Playoffs,CHI,Chicago Bulls,6,2,4,240.0,380.3,25.3,9.8,14.8,66.3,2.2,2.7,81.3,22.0,86.8,7.5,29.6,1.2,4.6,1.0,3.9,1.3,5.3
2016-17,Playoffs,CLE,Cleveland Cavaliers,18,13,5,240.0,377.3,21.2,5.9,10.0,59.4,3.5,4.8,73.3,15.4,72.7,6.9,32.5,1.6,7.3,1.1,5.0,2.1,10.0
2016-17,Playoffs,GSW,Golden State Warriors,17,16,1,240.0,420.6,24.4,9.3,13.6,68.4,2.4,3.3,73.2,21.3,87.4,7.9,32.6,2.3,9.4,0.7,2.9,1.6,6.5
2016-17,Playoffs,HOU,Houston Rockets,11,6,5,242.3,360.6,22.3,7.5,11.5,65.9,2.7,4.0,68.2,18.3,82.0,6.7,30.2,1.1,4.9,1.4,6.1,1.8,8.2
2016-17,Playoffs,IND,Indiana Pacers,4,0,4,240.0,369.8,27.8,7.5,13.5,55.6,2.3,4.0,56.3,17.5,63.1,10.5,37.8,1.3,4.5,0.8,2.7,2.3,8.1
2016-17,Playoffs,LAC,LA Clippers,7,3,4,240.0,357.9,19.3,7.6,10.9,69.7,2.7,4.9,55.9,17.9,92.6,3.7,19.3,0.4,2.2,1.3,6.7,1.9,9.6
2016-17,Playoffs,MEM,Memphis Grizzlies,6,2,4,244.2,371.5,18.0,5.2,11.2,46.3,1.2,1.7,70.0,12.0,66.7,3.8,21.3,0.5,2.8,1.5,8.3,0.7,3.7
2016-17,Playoffs,MIL,Milwaukee Bucks,6,2,4,240.0,407.8,24.8,7.5,14.7,51.1,3.2,4.0,79.2,18.8,75.8,6.8,27.5,0.5,2.0,0.7,2.7,1.3,5.4
2016-17,Playoffs,OKC,Oklahoma City Thunder,5,1,4,240.0,353.8,26.4,10.2,14.6,69.9,1.6,2.4,66.7,22.2,84.1,7.2,27.3,1.0,3.8,1.6,6.1,1.2,4.5
2016-17,Playoffs,POR,Portland Trail Blazers,4,0,4,240.0,367.8,19.3,6.5,10.8,60.5,2.5,3.5,71.4,15.5,80.5,5.3,27.3,0.8,3.9,1.0,5.2,1.3,6.5
2016-17,Playoffs,SAS,San Antonio Spurs,16,8,8,243.1,405.8,26.3,9.4,14.4,65.2,3.2,4.3,75.0,22.3,85.0,8.1,31.0,0.8,3.1,1.3,4.8,1.6,6.0
2016-17,Playoffs,TOR,Toronto Raptors,10,4,6,240.0,383.5,20.1,6.0,10.7,56.1,2.8,3.6,77.8,15.4,76.6,5.8,28.9,0.6,3.0,0.9,4.5,1.6,8.0
2016-17,Playoffs,UTA,Utah Jazz,11,4,7,240.0,399.1,20.2,7.7,11.2,69.1,1.7,3.5,50.0,17.6,87.4,5.5,27.5,1.2,5.9,0.6,3.2,1.6,8.1
2016-17,Playoffs,WAS,Washington Wizards,13,7,6,241.9,373.2,24.7,8.2,14.1,57.9,2.8,3.8,72.0,19.5,79.1,6.9,28.0,1.2,4.7,0.9,3.7,1.8,7.5
2017-18,Regular+Season,ATL,Atlanta Hawks,81,24,57,240.3,449.7,21.0,7.6,12.0,63.7,2.0,2.9,70.8,17.8,84.7,5.3,25.1,0.7,3.4,1.2,5.5,1.3,6.4
2017-18,Regular+Season,BOS,Boston Celtics,79,52,27,241.6,422.5,21.0,6.6,11.5,57.7,2.2,3.1,68.8,15.7,75.0,6.0,28.5,0.8,3.9,1.0,4.9,1.5,7.0
2017-18,Regular+Season,BKN,Brooklyn Nets,80,27,53,242.2,449.0,21.9,7.1,11.9,59.2,2.1,3.1,69.5,16.6,76.0,6.3,28.9,1.0,4.4,1.2,5.5,1.4,6.4
2017-18,Regular+Season,CHA,Charlotte Hornets,82,36,46,241.2,402.4,21.9,7.9,12.3,63.8,2.9,4.8,59.6,19.0,86.8,5.2,23.9,0.9,4.0,0.9,4.2,2.3,10.3
2017-18,Regular+Season,CHI,Chicago Bulls,82,27,55,242.1,422.4,21.2,7.4,12.4,59.9,2.4,3.2,75.2,17.7,83.5,5.3,25.0,0.7,3.4,1.0,4.8,1.5,7.1
2017-18,Regular+Season,CLE,Cleveland Cavaliers,82,50,32,240.6,392.8,21.5,7.8,12.1,64.7,2.6,3.7,72.3,18.7,86.9,5.2,24.1,0.9,4.3,1.0,4.7,1.7,7.8
2017-18,Regular+Season,DAL,Dallas Mavericks,82,24,58,241.5,420.8,19.6,6.9,10.6,65.7,2.0,3.0,66.8,16.2,82.4,5.7,29.1,0.8,4.0,0.9,4.5,1.4,6.9
2017-18,Regular+Season,DEN,Denver Nuggets,82,46,36,242.4,424.8,24.9,8.4,13.3,63.3,2.9,4.0,73.0,20.3,81.3,6.9,27.6,1.3,5.3,1.4,5.6,1.8,7.3
2017-18,Regular+Season,DET,Detroit Pistons,82,39,43,241.5,419.1,23.1,8.0,13.8,57.7,2.8,4.0,69.8,19.0,82.3,4.9,21.3,0.8,3.3,1.1,4.7,1.9,8.2
2017-18,Regular+Season,GSW,Golden State Warriors,82,58,24,240.6,443.4,26.7,10.0,15.1,66.2,2.3,3.2,72.4,22.7,85.1,7.6,28.7,1.5,5.7,1.4,5.2,1.5,5.6
2017-18,Regular+Season,HOU,Houston Rockets,82,65,17,240.9,373.5,20.7,7.0,11.1,63.3,1.9,3.4,56.6,16.4,79.3,5.8,28.1,0.7,3.4,1.1,5.2,1.6,8.0
2017-18,Regular+Season,IND,Indiana Pacers,82,48,34,240.9,416.8,19.8,6.9,11.4,60.9,2.4,3.1,75.4,16.6,83.5,5.0,25.3,0.7,3.4,0.9,4.3,1.5,7.7
2017-18,Regular+Season,LAC,LA Clippers,82,42,40,240.3,418.3,24.7,9.8,14.7,66.3,2.7,4.5,60.4,22.6,91.8,5.1,20.6,0.8,3.1,1.2,5.0,2.1,8.5
2017-18,Regular+Season,LAL,Los Angeles Lakers,82,35,47,242.7,405.4,23.6,8.9,13.9,63.8,2.4,3.4,70.4,20.6,87.2,5.9,25.1,0.9,3.7,1.1,4.8,1.6,6.6
2017-18,Regular+Season,MEM,Memphis Grizzlies,82,22,60,240.3,440.9,22.9,7.5,12.9,58.4,2.4,3.2,75.8,17.9,78.0,6.2,27.2,0.9,3.8,1.1,4.8,1.5,6.4
2017-18,Regular+Season,MIA,Miami Heat,81,43,38,243.1,425.6,21.5,7.5,12.0,63.0,2.3,3.3,69.9,17.8,82.9,5.7,26.5,0.8,3.6,1.3,6.0,1.6,7.4
2017-18,Regular+Season,MIL,Milwaukee Bucks,81,44,37,241.9,401.6,22.5,8.1,12.7,63.3,2.3,3.7,62.8,18.8,83.8,5.9,26.0,0.8,3.5,1.0,4.7,1.7,7.6
2017-18,Regular+Season,MIN,Minnesota Timberwolves,82,47,35,241.5,406.1,23.7,9.2,13.9,66.1,3.5,4.5,78.1,22.3,94.4,5.4,22.9,0.8,3.6,1.2,5.1,2.1,8.8
2017-18,Regular+Season,NOP,New Orleans Pelicans,82,48,34,243.4,430.6,24.5,9.7,14.8,65.7,3.0,3.9,77.0,23.2,94.7,5.3,21.8,0.9,3.8,0.9,3.5,1.8,7.5
2017-18,Regular+Season,NYK,New York Knicks,81,28,53,241.9,441.7,23.9,9.4,15.0,62.6,2.6,3.4,74.7,21.9,91.9,5.1,21.2,0.9,3.6,1.2,5.0,1.6,6.9
2017-18,Regular+Season,OKC,Oklahoma City Thunder,80,48,32,241.9,377.0,25.7,8.6,14.0,61.2,2.3,3.6,64.3,19.9,77.4,7.3,28.4,1.1,4.3,1.4,5.3,1.6,6.3
2017-18,Regular+Season,ORL,Orlando Magic,82,25,57,240.6,411.2,21.9,7.6,12.8,59.3,2.3,3.3,67.8,17.7,80.8,5.5,25.0,0.7,3.2,1.0,4.5,1.6,7.4
2017-18,Regular+Season,PHI,Philadelphia 76ers,81,52,29,241.2,468.6,27.4,9.3,14.7,63.6,3.1,4.5,70.4,22.1,80.8,7.9,28.8,1.4,5.0,1.2,4.3,2.1,7.5
2017-18,Regular+Season,PHX,Phoenix Suns,82,21,61,240.3,415.7,23.2,8.5,13.7,62.0,2.7,4.0,66.5,20.0,86.5,5.2,22.6,0.7,2.9,1.2,5.0,1.8,7.8
2017-18,Regular+Season,POR,Portland Trail Blazers,82,49,33,240.9,390.5,21.3,7.4,12.2,60.4,2.1,3.3,63.4,17.2,80.8,5.5,25.8,1.0,4.8,1.1,5.0,1.6,7.5
2017-18,Regular+Season,SAC,Sacramento Kings,82,27,55,240.9,434.1,23.5,8.5,14.3,59.0,1.5,2.5,59.3,18.8,79.9,5.7,24.2,0.9,3.8,1.2,5.1,1.2,5.0
2017-18,Regular+Season,SAS,San Antonio Spurs,82,47,35,240.6,432.2,23.9,8.7,14.0,62.4,2.8,3.8,74.0,20.7,86.9,5.8,24.5,0.9,3.6,1.1,4.7,1.8,7.4
2017-18,Regular+Season,TOR,Toronto Raptors,82,59,23,241.8,421.4,22.4,8.8,13.1,67.1,2.0,2.8,71.7,19.8,88.7,5.9,26.4,1.0,4.4,1.1,5.0,1.3,5.8
2017-18,Regular+Season,UTA,Utah Jazz,82,48,34,240.9,437.7,22.9,8.2,12.2,67.5,2.6,3.9,65.9,19.6,85.5,6.5,28.3,0.7,3.1,1.1,4.8,1.7,7.6
2017-18,Regular+Season,WAS,Washington Wizards,82,43,39,242.1,412.5,23.2,8.0,13.1,61.3,2.3,3.2,72.4,18.7,80.7,6.6,28.6,1.4,6.2,1.0,4.5,1.5,6.6
2017-18,Playoffs,BOS,Boston Celtics,19,11,8,242.6,413.2,19.9,6.8,10.7,64.0,1.8,2.9,62.5,15.9,79.9,5.4,27.2,1.2,5.8,0.6,3.2,1.3,6.3
2017-18,Playoffs,CLE,Cleveland Cavaliers,22,12,10,242.3,365.5,20.1,6.7,11.1,60.0,1.5,2.2,67.3,15.4,76.5,4.9,24.4,1.1,5.7,0.6,2.9,1.0,4.8
2017-18,Playoffs,GSW,Golden State Warriors,21,16,5,241.2,417.9,26.0,9.3,13.6,68.2,1.4,2.2,63.8,20.1,77.6,7.7,29.7,1.5,5.7,1.0,3.7,1.0,3.7
2017-18,Playoffs,HOU,Houston Rockets,17,11,6,240.0,340.8,18.6,6.6,10.6,62.4,1.2,2.4,50.0,14.6,78.5,4.9,26.2,1.0,5.4,0.4,2.2,1.1,5.7
2017-18,Playoffs,IND,Indiana Pacers,7,3,4,240.0,368.0,18.7,6.9,11.3,60.8,1.9,2.9,65.0,15.6,83.2,4.1,22.1,0.4,2.3,0.6,3.1,1.4,7.6
2017-18,Playoffs,MIA,Miami Heat,5,1,4,240.0,387.0,20.6,4.8,11.0,43.6,1.2,2.8,42.9,11.0,53.4,5.6,27.2,0.8,3.9,1.0,4.9,1.4,6.8
2017-18,Playoffs,MIL,Milwaukee Bucks,7,3,4,243.6,371.0,15.0,6.3,7.7,81.5,0.9,2.0,42.9,13.4,89.5,3.4,22.9,0.7,4.8,0.7,4.8,1.0,6.7
2017-18,Playoffs,MIN,Minnesota Timberwolves,5,1,4,240.0,367.8,24.0,6.6,14.4,45.8,1.4,2.8,50.0,15.2,63.3,6.0,25.0,1.2,5.0,0.4,1.7,1.2,5.0
2017-18,Playoffs,NOP,New Orleans Pelicans,9,5,4,240.0,408.2,25.7,11.4,15.9,72.0,1.9,3.6,53.1,25.6,99.6,5.9,22.9,1.0,3.9,0.3,1.3,1.4,5.6
2017-18,Playoffs,OKC,Oklahoma City Thunder,6,2,4,240.0,347.2,19.2,6.0,10.3,58.1,1.3,2.7,50.0,13.3,69.6,4.2,21.7,0.7,3.5,0.5,2.6,1.3,7.0
2017-18,Playoffs,PHI,Philadelphia 76ers,10,5,5,242.5,449.8,27.8,9.2,16.7,55.1,2.9,4.2,69.0,21.6,77.7,5.7,20.5,1.0,3.6,0.5,1.8,1.6,5.8
2017-18,Playoffs,POR,Portland Trail Blazers,4,0,4,240.0,392.0,18.3,6.8,11.3,60.0,1.8,2.5,70.0,15.3,83.6,4.5,24.7,0.8,4.1,0.3,1.4,1.0,5.5
2017-18,Playoffs,SAS,San Antonio Spurs,5,1,4,240.0,415.8,22.4,7.4,11.4,64.9,3.2,3.6,88.9,19.0,84.8,5.0,22.3,1.4,6.3,0.8,3.6,1.6,7.1
2017-18,Playoffs,TOR,Toronto Raptors,10,4,6,242.5,389.8,22.6,7.6,14.0,54.3,2.4,2.8,85.7,17.9,79.2,4.2,18.6,0.8,3.5,0.6,2.7,1.4,6.2
2017-18,Playoffs,UTA,Utah Jazz,11,5,6,240.0,391.7,25.1,9.0,13.9,64.7,1.5,3.3,47.2,19.6,78.3,5.3,21.0,0.8,3.3,0.7,2.9,1.4,5.4
2017-18,Playoffs,WAS,Washington Wizards,6,2,4,240.0,372.8,21.5,8.8,12.5,70.7,1.3,1.7,80.0,18.8,87.6,6.2,28.7,1.0,4.7,0.7,3.1,0.7,3.1
2018-19,Regular+Season,ATL,Atlanta Hawks,82,29,53,242.1,431.7,27.4,10.7,17.0,62.7,3.5,4.9,70.4,25.1,91.7,5.4,19.7,0.9,3.2,1.6,5.9,2.3,8.2
2018-19,Regular+Season,BOS,Boston Celtics,82,49,33,241.2,419.4,22.5,7.8,12.5,62.7,2.3,3.0,76.3,18.1,80.5,6.6,29.4,1.2,5.2,1.0,4.6,1.3,5.9
2018-19,Regular+Season,BKN,Brooklyn Nets,82,42,40,243.7,436.3,22.2,7.8,12.6,62.3,2.7,3.8,69.7,18.5,83.5,5.6,25.2,0.8,3.7,1.2,5.4,1.8,8.1
2018-19,Regular+Season,CHA,Charlotte Hornets,82,39,43,241.8,412.2,20.1,7.1,11.3,62.5,2.5,3.5,71.6,17.0,84.3,5.6,28.0,0.8,4.2,0.9,4.5,1.6,8.0
2018-19,Regular+Season,CHI,Chicago Bulls,81,22,59,242.8,406.0,18.8,6.8,11.1,61.4,1.9,2.7,72.2,15.6,83.1,4.7,24.7,0.9,4.7,1.1,5.6,1.2,6.2
2018-19,Regular+Season,CLE,Cleveland Cavaliers,82,19,63,240.9,404.9,22.6,7.7,13.1,59.2,2.7,3.6,74.8,18.3,80.8,6.0,26.3,1.1,4.8,1.1,4.8,1.5,6.6
2018-19,Regular+Season,DAL,Dallas Mavericks,82,33,49,241.2,437.5,23.2,8.0,12.2,65.9,3.1,4.3,72.2,19.4,83.6,6.4,27.6,1.2,5.0,1.4,6.0,1.8,7.8
2018-19,Regular+Season,DEN,Denver Nuggets,82,54,28,240.6,436.3,25.9,8.9,14.0,63.5,2.6,3.7,70.0,20.7,80.0,7.5,29.1,1.4,5.6,1.4,5.2,1.5,6.0
2018-19,Regular+Season,DET,Detroit Pistons,82,41,41,242.1,431.0,24.4,8.4,14.7,57.2,3.1,4.5,67.7,20.2,82.9,5.0,20.6,0.7,2.8,1.4,5.9,2.0,8.3
2018-19,Regular+Season,GSW,Golden State Warriors,82,57,25,241.5,444.8,23.2,8.5,12.6,67.1,2.4,3.1,75.4,19.5,84.3,7.0,30.3,1.5,6.5,1.3,5.6,1.5,6.4
2018-19,Regular+Season,HOU,Houston Rockets,82,53,29,241.8,366.7,21.0,7.7,12.2,63.0,2.2,3.3,65.9,17.9,85.5,5.3,25.4,0.8,3.8,0.9,4.3,1.5,7.3
2018-19,Regular+Season,IND,Indiana Pacers,82,48,34,240.3,428.4,23.1,8.8,13.7,64.3,2.3,3.3,71.4,20.2,87.5,5.7,24.6,1.1,4.9,1.3,5.5,1.4,6.2
2018-19,Regular+Season,LAC,LA Clippers,82,48,34,241.8,429.2,24.6,9.4,15.3,61.8,3.7,5.1,72.1,22.9,93.2,4.6,18.8,0.6,2.6,1.2,4.9,2.2,9.0
2018-19,Regular+Season,LAL,Los Angeles Lakers,82,37,45,241.2,404.2,25.4,10.0,15.5,64.5,2.7,3.9,68.7,22.8,90.0,5.6,22.1,1.0,3.7,1.5,5.9,1.6,6.4
2018-19,Regular+Season,MEM,Memphis Grizzlies,82,33,49,242.4,449.9,26.4,8.9,14.7,60.8,3.5,4.7,73.3,21.5,81.5,6.8,25.8,1.0,3.9,1.3,4.8,2.1,7.9
2018-19,Regular+Season,MIA,Miami Heat,82,39,43,240.6,425.2,26.2,10.0,15.8,63.2,2.5,4.0,61.7,22.7,86.6,6.1,23.2,1.0,3.7,1.2,4.7,1.7,6.5
2018-19,Regular+Season,MIL,Milwaukee Bucks,82,60,22,241.2,410.2,20.6,8.0,12.5,64.0,2.3,3.0,76.4,18.5,90.0,4.7,22.7,0.7,3.4,0.9,4.1,1.3,6.3
2018-19,Regular+Season,MIN,Minnesota Timberwolves,82,36,46,241.8,417.3,23.1,8.6,13.8,62.5,3.5,4.4,79.8,21.1,91.0,5.0,21.5,1.0,4.1,1.3,5.6,2.0,8.5
2018-19,Regular+Season,NOP,New Orleans Pelicans,82,33,49,240.9,439.0,27.1,10.8,16.4,65.9,3.6,4.6,78.3,25.4,93.9,5.9,21.9,1.0,3.8,1.7,6.2,1.9,7.0
2018-19,Regular+Season,NYK,New York Knicks,81,17,64,241.2,418.3,19.0,7.4,11.8,63.2,2.7,3.6,74.1,17.8,93.9,3.5,18.4,0.5,2.8,1.2,6.2,1.6,8.3
2018-19,Regular+Season,OKC,Oklahoma City Thunder,81,48,33,242.2,372.3,27.8,9.7,15.7,61.7,2.8,4.1,67.6,22.5,81.0,7.1,25.5,1.1,4.0,1.5,5.5,1.7,6.3
2018-19,Regular+Season,ORL,Orlando Magic,80,40,40,241.3,405.5,24.7,9.4,15.0,62.5,2.3,3.1,74.7,21.4,86.6,5.9,24.0,0.9,3.7,1.3,5.3,1.4,5.7
2018-19,Regular+Season,PHI,Philadelphia 76ers,81,51,30,241.5,443.0,25.3,9.1,14.5,62.3,3.8,4.8,79.2,22.2,87.7,6.1,24.3,1.2,4.7,1.1,4.3,2.0,8.0
2018-19,Regular+Season,PHX,Phoenix Suns,82,19,63,242.4,429.6,23.4,9.6,14.6,65.8,2.7,3.9,70.5,22.4,95.5,4.7,20.1,0.9,3.9,1.2,4.9,1.6,6.8
2018-19,Regular+Season,POR,Portland Trail Blazers,82,53,29,242.1,407.0,23.7,8.8,14.2,61.7,3.3,4.1,80.3,21.0,88.7,5.3,22.2,0.9,3.9,1.3,5.3,1.7,7.3
2018-19,Regular+Season,SAC,Sacramento Kings,82,39,43,240.6,420.0,27.2,10.5,16.8,62.8,2.9,4.2,69.4,24.2,88.7,5.9,21.5,1.1,4.2,1.6,5.9,1.8,6.5
2018-19,Regular+Season,SAS,San Antonio Spurs,82,48,34,241.5,400.2,20.9,7.7,12.2,62.9,2.8,3.6,77.9,18.5,88.2,5.1,24.5,1.0,4.8,1.1,5.3,1.6,7.6
2018-19,Regular+Season,TOR,Toronto Raptors,82,58,24,242.4,422.2,21.4,7.6,11.9,63.6,2.4,3.2,74.0,17.8,83.3,6.0,27.9,1.2,5.5,1.2,5.5,1.4,6.4
2018-19,Regular+Season,UTA,Utah Jazz,81,50,31,240.9,434.5,26.6,10.5,15.0,69.9,4.1,6.5,63.5,25.3,95.2,6.3,23.6,1.0,3.7,1.4,5.4,2.8,10.7
2018-19,Regular+Season,WAS,Washington Wizards,81,31,50,243.1,418.1,21.2,8.3,12.5,66.5,2.8,3.7,75.1,19.7,92.9,5.2,24.5,1.0,4.5,1.0,4.5,1.6,7.6
2018-19,Playoffs,BOS,Boston Celtics,9,5,4,240.0,393.9,15.3,4.6,8.1,56.2,2.3,2.6,91.3,11.4,74.6,4.1,26.8,0.6,3.6,0.9,5.8,1.1,7.2
2018-19,Playoffs,BKN,Brooklyn Nets,5,1,4,240.0,380.2,24.8,8.0,14.2,56.3,4.4,5.0,88.0,20.2,81.5,6.6,26.6,1.4,5.6,1.0,4.0,2.2,8.9
2018-19,Playoffs,DEN,Denver Nuggets,14,7,7,247.1,433.4,24.1,8.0,13.9,57.7,3.9,4.9,79.4,19.7,81.7,6.4,26.3,1.0,4.1,0.7,3.0,1.8,7.4
2018-19,Playoffs,DET,Detroit Pistons,4,0,4,240.0,405.3,25.3,9.0,14.8,61.0,2.3,5.3,42.9,20.3,80.2,5.3,20.8,1.3,5.0,0.8,3.0,2.3,8.9
2018-19,Playoffs,GSW,Golden State Warriors,22,14,8,242.3,434.2,24.8,8.7,13.0,66.8,3.5,4.8,73.3,20.9,84.1,7.6,30.6,1.4,5.5,1.4,5.5,2.0,7.9
2018-19,Playoffs,HOU,Houston Rockets,11,6,5,242.3,355.4,20.8,7.1,11.0,64.5,2.7,4.8,56.6,17.0,81.7,5.7,27.5,1.1,5.2,1.0,4.8,1.9,9.2
2018-19,Playoffs,IND,Indiana Pacers,4,0,4,240.0,394.8,18.3,3.8,9.8,38.5,1.8,2.5,70.0,9.3,50.7,6.0,32.9,1.0,5.5,1.0,5.5,1.3,6.8
2018-19,Playoffs,LAC,LA Clippers,6,2,4,240.0,441.8,21.0,8.2,12.5,65.3,2.8,3.7,77.3,19.2,91.3,5.2,24.6,0.8,4.0,0.7,3.2,1.3,6.3
2018-19,Playoffs,MIL,Milwaukee Bucks,15,10,5,243.3,403.4,17.5,7.3,11.0,66.1,2.2,3.4,64.7,16.7,95.8,3.5,20.2,0.6,3.4,0.7,4.2,1.2,6.9
2018-19,Playoffs,OKC,Oklahoma City Thunder,5,1,4,240.0,349.2,20.6,7.6,11.4,66.7,1.0,2.0,50.0,16.2,78.6,6.6,32.0,1.2,5.8,1.2,5.8,0.8,3.9
2018-19,Playoffs,ORL,Orlando Magic,5,1,4,240.0,399.8,20.2,5.2,11.0,47.3,1.4,2.6,53.8,11.8,58.4,6.2,30.7,0.6,3.0,1.4,6.9,1.0,5.0
2018-19,Playoffs,PHI,Philadelphia 76ers,12,7,5,240.0,411.4,22.9,8.6,13.5,63.6,3.0,3.9,76.6,20.2,88.0,5.5,24.0,1.2,5.1,1.3,5.5,1.3,5.5
2018-19,Playoffs,POR,Portland Trail Blazers,16,8,8,247.8,373.2,21.8,7.9,13.6,58.3,2.2,2.8,77.8,18.3,83.7,4.8,22.1,1.2,5.4,1.1,5.2,1.2,5.4
2018-19,Playoffs,SAS,San Antonio Spurs,7,3,4,240.0,368.4,19.6,7.6,12.3,61.6,2.6,3.7,69.2,17.6,89.8,4.9,24.8,0.3,1.5,0.1,0.7,1.6,8.0
2018-19,Playoffs,TOR,Toronto Raptors,24,16,8,242.1,415.2,17.3,5.4,8.9,61.0,3.0,3.7,82.0,13.7,78.8,5.4,31.0,1.2,7.0,0.8,4.3,1.2,7.0
2018-19,Playoffs,UTA,Utah Jazz,5,1,4,240.0,395.8,27.6,10.6,15.8,67.1,5.0,6.8,73.5,26.2,94.9,5.4,19.6,0.6,2.2,1.8,6.5,2.8,10.1
2019-20,Regular+Season,ATL,Atlanta Hawks,67,20,47,243.0,398.7,23.5,10.0,14.7,68.1,2.5,3.7,68.0,22.9,97.3,4.7,20.0,0.9,3.7,1.5,6.4,1.8,7.6
2019-20,Regular+Season,BOS,Boston Celtics,72,48,24,242.1,406.0,22.5,8.7,14.1,61.6,2.2,3.0,74.2,19.9,88.2,5.2,22.9,0.8,3.7,1.1,4.7,1.4,6.4
2019-20,Regular+Season,BKN,Brooklyn Nets,72,35,37,242.8,402.2,22.1,8.5,12.9,65.8,2.2,3.3,66.9,19.7,89.2,5.4,24.3,0.9,4.3,1.2,5.2,1.6,7.1
2019-20,Regular+Season,CHA,Charlotte Hornets,64,23,41,242.3,427.8,23.8,8.5,13.9,60.9,2.5,3.6,69.0,19.6,82.4,5.9,25.0,1.0,4.3,1.2,4.9,1.6,6.8
2019-20,Regular+Season,CHI,Chicago Bulls,65,22,43,241.2,408.3,21.8,7.5,11.8,63.2,2.9,3.9,73.8,18.1,83.2,5.4,25.0,0.9,4.3,1.4,6.3,1.8,8.1
2019-20,Regular+Season,CLE,Cleveland Cavaliers,65,19,46,241.9,412.9,27.9,10.2,16.2,63.2,2.5,3.7,68.6,23.3,83.4,6.6,23.6,1.1,4.1,1.6,5.8,1.7,6.0
2019-20,Regular+Season,DAL,Dallas Mavericks,73,41,32,242.1,413.4,19.9,7.9,11.7,67.6,2.4,3.0,78.2,18.6,93.3,4.9,24.7,0.8,4.3,0.8,4.0,1.4,7.1
2019-20,Regular+Season,DEN,Denver Nuggets,73,46,27,243.1,427.3,24.7,9.6,14.0,68.1,2.8,3.9,72.9,22.5,90.9,6.3,25.3,1.3,5.3,1.2,5.0,1.7,6.9
2019-20,Regular+Season,DET,Detroit Pistons,65,20,45,241.9,409.6,23.1,8.4,13.8,61.1,2.9,4.3,68.0,20.2,87.7,4.4,19.1,0.8,3.5,1.6,6.8,1.9,8.4
2019-20,Regular+Season,GSW,Golden State Warriors,65,15,50,241.9,456.5,21.3,7.6,12.3,61.6,2.2,3.0,73.2,17.8,83.8,5.6,26.3,1.0,4.8,1.0,4.8,1.4,6.8
2019-20,Regular+Season,HOU,Houston Rockets,72,44,28,241.4,369.0,17.6,6.2,9.4,65.3,1.3,2.0,65.5,13.9,78.9,5.3,30.3,0.9,5.0,1.2,7.0,1.0,5.6
2019-20,Regular+Season,IND,Indiana Pacers,73,45,28,241.4,416.0,19.8,7.5,11.7,64.0,2.5,3.2,77.4,17.8,89.7,4.6,23.2,1.0,5.0,1.1,5.4,1.5,7.7
2019-20,Regular+Season,LAC,LA Clippers,72,49,23,241.4,396.7,21.1,7.9,12.8,62.0,2.6,3.6,71.2,18.7,88.6,4.6,21.7,0.9,4.1,1.0,4.9,1.7,8.0
2019-20,Regular+Season,LAL,Los Angeles Lakers,71,52,19,240.7,407.4,26.5,11.1,15.9,70.1,2.6,3.9,66.1,25.3,95.4,6.0,22.6,1.1,4.0,1.6,6.1,1.8,6.9
2019-20,Regular+Season,MEM,Memphis Grizzlies,73,34,39,240.7,431.0,25.2,10.3,15.5,66.7,2.6,3.4,75.3,23.8,94.4,5.5,21.6,1.1,4.3,1.5,6.0,1.6,6.4
2019-20,Regular+Season,MIA,Miami Heat,72,44,28,243.1,413.5,22.8,7.9,11.7,67.6,3.3,4.4,74.7,19.4,85.1,6.6,29.1,1.2,5.4,1.2,5.2,2.1,9.4
2019-20,Regular+Season,MIL,Milwaukee Bucks,72,55,17,241.0,406.9,20.7,7.9,12.6,62.6,2.3,3.0,76.1,18.6,89.7,4.7,22.6,0.9,4.6,1.0,5.0,1.4,6.7
2019-20,Regular+Season,MIN,Minnesota Timberwolves,64,19,45,243.1,433.3,19.8,7.0,11.3,61.6,2.8,3.9,71.8,17.1,86.6,4.6,23.3,0.8,4.2,1.0,5.2,1.8,9.2
2019-20,Regular+Season,NOP,New Orleans Pelicans,71,30,41,241.8,446.2,22.4,8.3,12.3,67.4,1.9,3.0,65.1,18.9,84.3,6.6,29.3,1.1,5.0,1.2,5.4,1.3,6.0
2019-20,Regular+Season,NYK,New York Knicks,66,21,45,241.9,422.6,23.4,9.5,14.6,64.7,2.8,4.2,66.3,22.2,94.8,4.4,18.8,0.7,2.9,1.3,5.5,2.0,8.7
2019-20,Regular+Season,OKC,Oklahoma City Thunder,72,44,28,242.1,407.5,20.6,7.1,11.2,63.8,2.2,3.0,72.4,16.8,81.5,5.4,26.4,0.8,3.7,1.4,6.6,1.4,6.6
2019-20,Regular+Season,ORL,Orlando Magic,73,33,40,240.7,392.7,24.8,8.4,14.5,57.5,2.6,3.7,69.4,19.6,79.4,6.3,25.4,1.2,4.8,1.2,4.7,1.7,6.9
2019-20,Regular+Season,PHI,Philadelphia 76ers,73,43,30,241.0,421.8,22.4,8.2,13.0,63.4,2.6,3.5,74.4,19.4,86.6,5.4,24.3,1.1,4.8,1.2,5.3,1.6,7.2
2019-20,Regular+Season,PHX,Phoenix Suns,72,34,38,240.7,416.1,26.4,9.9,15.9,62.2,2.8,3.4,80.2,23.1,87.5,6.4,24.3,1.2,4.6,1.3,5.0,1.6,6.1
2019-20,Regular+Season,POR,Portland Trail Blazers,73,34,39,241.0,366.9,19.4,7.7,12.5,61.4,2.0,2.8,72.8,17.7,91.1,3.7,18.9,0.7,3.4,1.2,5.9,1.2,6.2
2019-20,Regular+Season,SAC,Sacramento Kings,71,31,40,242.5,405.9,21.3,8.6,13.4,64.4,2.4,3.1,77.4,19.9,93.5,4.5,21.1,0.8,3.6,1.1,5.2,1.5,6.9
2019-20,Regular+Season,SAS,San Antonio Spurs,70,31,39,242.1,401.0,16.5,5.9,9.6,62.2,1.8,2.4,74.7,13.9,83.9,4.2,25.4,0.7,4.1,1.0,6.0,1.1,6.4
2019-20,Regular+Season,TOR,Toronto Raptors,71,52,19,241.4,415.9,21.6,7.5,12.0,63.0,2.0,2.8,72.0,17.4,80.5,6.1,28.0,1.0,4.6,1.4,6.6,1.3,5.8
2019-20,Regular+Season,UTA,Utah Jazz,72,44,28,241.0,417.2,19.4,7.6,11.1,68.6,2.8,4.1,67.5,18.2,94.0,4.3,22.1,0.7,3.7,1.3,6.5,1.9,9.8
2019-20,Regular+Season,WAS,Washington Wizards,72,25,47,241.0,433.0,21.0,7.6,12.3,61.6,2.3,3.0,77.1,18.0,85.8,5.4,25.6,1.0,4.6,1.2,5.5,1.5,7.2
2019-20,Playoffs,BOS,Boston Celtics,17,10,7,244.4,394.8,20.4,7.6,12.1,62.6,1.8,2.4,75.0,17.2,84.4,5.2,25.4,0.5,2.3,1.4,6.6,1.1,5.2
2019-20,Playoffs,BKN,Brooklyn Nets,4,0,4,240.0,421.8,22.5,5.5,9.0,61.1,1.5,2.5,60.0,12.5,55.6,9.5,42.2,2.0,8.9,2.3,10.0,1.3,5.6
2019-20,Playoffs,DAL,Dallas Mavericks,6,2,4,244.2,402.0,17.7,6.2,9.2,67.3,2.3,3.0,77.8,15.0,84.9,5.2,29.2,1.0,5.7,1.0,5.7,1.5,8.5
2019-20,Playoffs,DEN,Denver Nuggets,19,9,10,241.3,401.7,19.4,6.6,10.1,66.0,1.7,2.6,67.3,15.2,78.5,6.0,31.0,0.8,4.3,0.8,4.3,1.3,6.5
2019-20,Playoffs,HOU,Houston Rockets,12,5,7,242.1,372.9,12.6,3.8,6.3,59.2,0.3,0.5,66.7,7.9,62.9,4.2,33.1,1.1,8.6,1.2,9.3,0.3,2.0
2019-20,Playoffs,IND,Indiana Pacers,4,0,4,240.0,384.0,13.0,5.8,9.0,63.9,1.0,2.0,50.0,12.5,96.2,2.3,17.3,0.0,0.0,0.5,3.8,1.0,7.7
2019-20,Playoffs,LAC,LA Clippers,13,7,6,241.9,381.8,21.7,7.1,12.1,58.6,4.5,6.1,73.4,18.8,86.9,4.5,20.9,0.8,3.5,1.1,5.0,3.1,14.2
2019-20,Playoffs,LAL,Los Angeles Lakers,21,16,5,240.0,395.3,24.5,9.7,13.8,70.3,2.8,3.8,74.7,22.6,92.4,6.4,26.3,1.5,6.2,1.4,5.8,1.7,7.0
2019-20,Playoffs,MIA,Miami Heat,21,14,7,242.4,410.0,20.3,7.0,10.3,67.7,2.6,3.3,77.1,16.8,82.4,6.8,33.3,1.1,5.6,0.7,3.5,1.5,7.3
2019-20,Playoffs,MIL,Milwaukee Bucks,10,5,5,242.5,388.5,19.7,7.8,11.7,66.7,2.4,3.2,75.0,18.2,92.4,5.0,25.4,1.1,5.6,0.7,3.6,1.5,7.6
2019-20,Playoffs,OKC,Oklahoma City Thunder,7,3,4,243.6,399.6,19.9,6.1,10.6,58.1,2.0,3.1,63.6,14.6,73.4,5.6,28.1,1.0,5.0,1.3,6.5,1.3,6.5
2019-20,Playoffs,ORL,Orlando Magic,5,1,4,240.0,402.2,16.2,5.2,9.4,55.3,2.4,3.2,75.0,13.2,81.5,3.8,23.5,0.8,4.9,0.8,4.9,1.4,8.6
2019-20,Playoffs,PHI,Philadelphia 76ers,4,0,4,240.0,400.8,19.3,5.3,10.3,51.2,3.8,5.5,68.2,14.8,76.6,4.5,23.4,0.8,3.9,0.5,2.6,2.0,10.4
2019-20,Playoffs,POR,Portland Trail Blazers,5,1,4,240.0,362.6,18.0,6.8,11.6,58.6,3.8,6.0,63.3,17.6,97.8,2.6,14.4,0.0,0.0,0.6,3.3,2.8,15.6
2019-20,Playoffs,TOR,Toronto Raptors,11,7,4,244.5,408.9,16.8,5.7,9.1,63.0,1.7,2.0,86.4,13.5,80.5,4.7,28.1,1.1,6.5,1.1,6.5,0.9,5.4
2019-20,Playoffs,UTA,Utah Jazz,7,3,4,243.6,391.0,20.0,6.6,10.3,63.9,2.6,4.3,60.0,16.0,80.0,5.3,26.4,0.9,4.3,1.1,5.7,2.1,10.7
2019-20,PlayIn,MEM,Memphis Grizzlies,1,0,1,240.0,401.0,27.0,9.0,16.0,56.3,4.0,4.0,100,22.0,81.5,6.0,22.2,1.0,3.7,2.0,7.4,1.0,3.7
2019-20,PlayIn,POR,Portland Trail Blazers,1,1,0,240.0,381.0,25.0,6.0,12.0,50.0,1.0,2.0,50.0,14.0,56.0,7.0,28.0,1.0,4.0,1.0,4.0,1.0,4.0
2019-20,IST,NOP,New Orleans Pelicans,1,0,1,265.0,502.0,26.0,7.0,13.0,53.8,7.0,8.0,87.5,22.0,84.6,7.0,26.9,3.0,11.5,2.0,7.7,3.0,11.5
2019-20,IST,TOR,Toronto Raptors,1,1,0,265.0,527.0,28.0,6.0,16.0,37.5,1.0,2.0,50.0,13.0,46.4,7.0,25.0,0.0,0.0,2.0,7.1,1.0,3.6
2020-21,Regular+Season,ATL,Atlanta Hawks,72,41,31,241.7,396.3,25.2,10.3,16.1,64.2,3.1,4.4,70.4,24.2,96.2,4.6,18.3,0.9,3.7,1.2,4.9,2.1,8.3
2020-21,Regular+Season,BOS,Boston Celtics,72,36,36,241.4,406.8,22.9,8.8,13.4,65.5,2.2,3.3,65.3,20.1,87.6,5.6,24.3,1.0,4.2,1.2,5.2,1.5,6.4
2020-21,Regular+Season,BKN,Brooklyn Nets,72,48,24,241.7,397.8,21.1,8.3,12.2,67.9,2.3,3.2,70.8,19.3,91.3,5.5,25.8,1.0,4.6,1.1,5.3,1.5,7.2
2020-21,Regular+Season,CHA,Charlotte Hornets,72,33,39,241.0,426.6,23.9,7.6,12.4,61.7,2.5,3.5,70.5,18.1,75.8,7.1,29.5,1.3,5.5,1.6,6.7,1.7,6.9
2020-21,Regular+Season,CHI,Chicago Bulls,72,31,41,241.4,412.8,22.7,8.4,12.7,66.3,2.3,3.2,72.1,19.7,86.8,6.3,27.7,1.3,5.6,1.2,5.1,1.5,6.5
2020-21,Regular+Season,CLE,Cleveland Cavaliers,72,22,50,242.1,424.3,27.5,9.8,15.6,62.7,3.3,4.7,69.9,23.3,84.7,7.1,25.7,1.2,4.2,1.3,4.9,2.2,8.0
2020-21,Regular+Season,DAL,Dallas Mavericks,72,42,30,240.3,392.1,19.8,7.0,10.9,64.4,2.4,3.1,77.7,16.7,84.2,5.7,28.5,0.8,4.2,0.9,4.3,1.5,7.8
2020-21,Regular+Season,DEN,Denver Nuggets,72,47,25,242.8,416.4,25.8,10.0,15.1,65.9,2.7,3.4,79.1,23.1,89.5,6.7,25.9,1.4,5.4,1.3,5.0,1.6,6.0
2020-21,Regular+Season,DET,Detroit Pistons,72,20,52,242.1,407.5,22.1,8.1,12.2,66.2,2.3,3.1,73.2,18.7,84.6,6.4,28.8,1.1,4.8,1.1,5.0,1.4,6.4
2020-21,Regular+Season,GSW,Golden State Warriors,72,39,33,240.3,428.9,18.0,7.0,10.7,65.3,1.5,2.3,67.5,15.8,87.6,4.4,24.5,1.0,5.3,1.1,6.2,1.0,5.8
2020-21,Regular+Season,HOU,Houston Rockets,72,17,55,240.3,398.1,19.3,7.8,11.7,67.0,1.9,2.7,71.8,18.0,93.1,4.7,24.1,0.8,4.0,0.9,4.7,1.3,6.5
2020-21,Regular+Season,IND,Indiana Pacers,72,34,38,242.4,431.3,22.1,8.5,13.0,65.3,2.8,3.7,74.9,20.4,92.0,5.3,24.0,1.1,4.8,1.0,4.3,1.8,7.9
2020-21,Regular+Season,LAC,LA Clippers,72,47,25,240.0,398.9,21.0,7.4,11.7,63.4,2.5,3.1,80.5,17.6,84.0,5.8,27.5,1.1,5.0,1.1,5.1,1.4,6.7
2020-21,Regular+Season,LAL,Los Angeles Lakers,72,42,30,242.4,424.8,22.2,8.3,12.3,67.7,2.9,4.0,71.5,19.9,89.6,5.9,26.4,1.1,4.9,1.2,5.6,1.9,8.7
2020-21,Regular+Season,MEM,Memphis Grizzlies,72,38,34,241.7,401.1,25.1,9.9,15.5,64.1,2.8,3.6,78.1,23.1,91.8,5.8,23.2,1.0,4.0,1.1,4.5,1.7,6.9
2020-21,Regular+Season,MIA,Miami Heat,72,40,32,241.4,403.2,22.8,8.8,12.8,69.0,2.2,3.1,71.6,20.3,89.3,6.3,27.6,1.0,4.5,1.3,5.6,1.5,6.4
2020-21,Regular+Season,MIL,Milwaukee Bucks,72,46,26,240.7,380.1,23.7,8.9,13.3,67.0,2.3,3.1,74.0,20.5,86.7,6.1,25.7,1.2,4.9,1.6,6.9,1.4,6.0
2020-21,Regular+Season,MIN,Minnesota Timberwolves,72,23,49,241.7,420.9,21.9,8.1,12.8,63.0,2.8,4.1,69.5,19.4,88.6,5.3,24.2,0.8,3.8,1.3,5.7,1.9,8.5
2020-21,Regular+Season,NOP,New Orleans Pelicans,72,31,41,242.1,416.3,24.9,9.5,14.8,64.1,2.5,3.9,64.0,21.9,87.9,5.9,23.5,1.0,3.8,1.4,5.6,1.8,7.2
2020-21,Regular+Season,NYK,New York Knicks,72,41,31,242.1,394.4,19.0,6.7,10.7,63.2,2.0,2.8,72.1,15.7,82.5,5.1,26.6,0.9,4.8,1.3,7.1,1.4,7.2
2020-21,Regular+Season,OKC,Oklahoma City Thunder,72,22,50,241.0,408.8,20.2,7.3,11.8,61.5,2.1,3.2,66.7,17.1,84.6,4.8,23.6,0.7,3.6,1.3,6.5,1.5,7.5
2020-21,Regular+Season,ORL,Orlando Magic,72,21,51,240.7,392.2,20.1,6.8,11.3,60.6,1.9,2.8,69.0,15.9,79.3,5.7,28.5,1.0,5.1,0.9,4.4,1.4,6.8
2020-21,Regular+Season,PHI,Philadelphia 76ers,72,49,23,242.1,430.7,19.3,6.7,10.8,62.3,3.0,4.1,72.8,16.7,86.4,4.3,22.0,0.7,3.4,1.1,5.8,1.9,9.9
2020-21,Regular+Season,PHX,Phoenix Suns,72,51,21,242.8,402.6,24.3,9.1,13.7,66.6,2.5,3.1,82.1,21.2,87.2,6.8,28.0,1.2,5.0,1.2,5.0,1.5,6.1
2020-21,Regular+Season,POR,Portland Trail Blazers,72,42,30,240.3,364.6,17.4,6.5,11.0,59.4,2.1,2.8,76.1,15.4,88.4,3.5,20.0,0.8,4.6,0.8,4.6,1.4,7.8
2020-21,Regular+Season,SAC,Sacramento Kings,72,31,41,240.3,399.4,22.2,8.9,13.5,66.2,2.6,3.7,69.5,20.7,93.5,4.6,20.8,1.0,4.4,1.1,5.0,1.8,7.9
2020-21,Regular+Season,SAS,San Antonio Spurs,72,33,39,242.8,380.7,18.7,7.0,11.0,63.6,1.6,2.3,70.5,16.0,85.6,5.1,27.0,0.8,4.3,0.9,4.7,1.1,5.7
2020-21,Regular+Season,TOR,Toronto Raptors,72,27,45,240.3,412.3,20.0,6.8,10.9,62.3,2.2,3.0,73.9,16.1,80.7,5.8,29.2,0.9,4.5,1.0,5.2,1.5,7.4
2020-21,Regular+Season,UTA,Utah Jazz,72,52,20,241.0,411.2,20.7,7.9,11.4,68.8,2.8,4.3,66.7,19.1,91.9,4.8,23.4,0.9,4.2,1.3,6.5,2.0,9.4
2020-21,Regular+Season,WAS,Washington Wizards,72,34,38,241.7,391.8,24.8,9.9,15.0,65.8,2.9,4.0,73.3,23.2,93.7,5.7,22.8,0.9,3.8,1.3,5.0,1.9,7.5
2020-21,Playoffs,ATL,Atlanta Hawks,18,10,8,240.0,364.9,20.3,7.9,12.8,61.9,1.7,3.2,52.6,17.9,88.0,4.1,19.9,0.5,2.5,1.1,5.2,1.4,6.8
2020-21,Playoffs,BOS,Boston Celtics,5,1,4,240.0,369.4,24.0,8.2,14.6,56.2,3.8,4.8,79.2,20.4,85.0,5.2,21.7,0.2,0.8,1.4,5.8,2.4,10.0
2020-21,Playoffs,BKN,Brooklyn Nets,12,7,5,242.1,390.7,17.2,6.5,11.0,59.1,1.0,1.3,75.0,14.2,82.5,3.7,21.4,0.4,2.4,1.0,5.8,0.6,3.4
2020-21,Playoffs,DAL,Dallas Mavericks,7,3,4,240.0,363.9,22.7,7.1,13.1,54.3,2.1,2.3,93.8,16.6,73.0,6.1,27.0,0.9,3.8,1.4,6.3,0.9,3.8
2020-21,Playoffs,DEN,Denver Nuggets,10,4,6,245.0,403.2,21.2,9.1,14.2,64.1,1.1,2.0,55.0,19.5,92.0,4.3,20.3,0.8,3.8,0.8,3.8,1.0,4.7
2020-21,Playoffs,LAC,LA Clippers,19,10,9,240.0,373.2,16.7,5.1,7.7,65.3,2.6,3.2,83.3,13.1,78.5,5.5,33.1,0.7,4.1,1.1,6.6,1.5,8.8
2020-21,Playoffs,LAL,Los Angeles Lakers,6,2,4,240.0,404.0,23.5,8.7,13.0,66.7,2.7,4.0,66.7,20.7,87.9,5.8,24.8,0.8,3.5,1.5,6.4,2.0,8.5
2020-21,Playoffs,MEM,Memphis Grizzlies,5,1,4,240.0,360.6,22.0,8.0,13.2,60.6,3.0,3.6,83.3,19.2,87.3,5.0,22.7,0.8,3.6,1.4,6.4,1.8,8.2
2020-21,Playoffs,MIA,Miami Heat,4,0,4,246.2,415.8,20.3,7.0,12.8,54.9,1.5,1.5,100,15.8,77.8,5.3,25.9,0.5,2.5,1.5,7.4,0.8,3.7
2020-21,Playoffs,MIL,Milwaukee Bucks,23,16,7,242.2,362.7,24.5,9.7,14.3,68.3,2.5,3.8,65.9,22.3,90.9,5.7,23.4,1.0,3.9,1.4,5.7,1.8,7.3
2020-21,Playoffs,NYK,New York Knicks,5,1,4,240.0,381.4,20.6,6.2,10.0,62.0,1.6,2.0,80.0,14.4,69.9,7.0,34.0,0.6,2.9,1.4,6.8,1.0,4.9
2020-21,Playoffs,PHI,Philadelphia 76ers,12,7,5,240.0,425.2,17.3,6.8,10.8,63.6,3.2,4.3,74.5,17.0,98.6,2.5,14.5,0.6,3.4,1.3,7.7,2.0,11.6
2020-21,Playoffs,PHX,Phoenix Suns,22,14,8,240.0,366.0,21.6,8.1,12.5,64.7,1.4,1.7,78.9,17.8,82.3,6.0,27.6,0.9,4.2,1.0,4.4,0.9,4.0
2020-21,Playoffs,POR,Portland Trail Blazers,6,2,4,248.3,363.5,14.0,6.2,10.7,57.8,1.5,1.7,90.0,14.5,103.6,2.0,14.3,0.3,2.4,0.3,2.4,0.8,6.0
2020-21,Playoffs,UTA,Utah Jazz,11,6,5,240.0,361.0,16.5,6.6,9.1,73.0,2.5,3.8,64.3,16.0,96.7,3.5,20.9,0.6,3.8,1.3,7.7,1.9,11.5
2020-21,Playoffs,WAS,Washington Wizards,5,1,4,240.0,370.2,24.4,10.2,15.6,65.4,3.2,5.6,57.1,23.8,97.5,4.0,16.4,0.2,0.8,0.2,0.8,2.6,10.7
2020-21,PlayIn,BOS,Boston Celtics,1,1,0,240.0,424.0,28.0,7.0,15.0,46.7,3.0,6.0,50.0,18.0,64.3,7.0,25.0,0.0,0.0,0.0,0.0,2.0,7.1
2020-21,PlayIn,CHA,Charlotte Hornets,1,0,1,240.0,396.0,20.0,8.0,12.0,66.7,2.0,2.0,100,19.0,95.0,5.0,25.0,0.0,0.0,1.0,5.0,1.0,5.0
2020-21,PlayIn,GSW,Golden State Warriors,2,0,2,252.5,435.5,18.5,5.5,10.5,52.4,0.5,1.0,50.0,12.5,67.6,6.5,35.1,1.5,8.1,0.5,2.7,0.5,2.7
2020-21,PlayIn,IND,Indiana Pacers,2,1,1,240.0,459.5,27.0,13.0,17.5,74.3,4.0,5.0,80.0,31.0,114.8,4.5,16.7,0.5,1.9,1.5,5.6,2.5,9.3
2020-21,PlayIn,LAL,Los Angeles Lakers,1,1,0,240.0,432.0,27.0,10.0,18.0,55.6,3.0,6.0,50.0,23.0,85.2,6.0,22.2,1.0,3.7,0.0,0.0,3.0,11.1
2020-21,PlayIn,MEM,Memphis Grizzlies,2,2,0,252.5,391.0,24.5,7.0,13.0,53.8,3.5,7.0,50.0,17.5,71.4,5.5,22.4,1.0,4.1,1.5,6.1,3.5,14.3
2020-21,PlayIn,SAS,San Antonio Spurs,1,0,1,240.0,381.0,22.0,8.0,12.0,66.7,4.0,6.0,66.7,21.0,95.5,5.0,22.7,1.0,4.5,1.0,4.5,3.0,13.6
2020-21,PlayIn,WAS,Washington Wizards,2,1,1,240.0,361.5,26.5,15.0,20.5,73.2,3.5,5.0,70.0,34.0,128.3,3.0,11.3,1.0,3.8,0.5,1.9,2.5,9.4
2021-22,Regular+Season,ATL,Atlanta Hawks,82,43,39,240.3,377.5,23.3,9.5,14.5,65.2,2.4,3.5,68.8,21.7,93.2,5.2,22.4,1.0,4.2,0.8,3.5,1.7,7.2
2021-22,Regular+Season,BOS,Boston Celtics,81,51,30,242.8,408.1,21.6,8.4,12.4,68.3,2.1,2.6,79.8,19.6,90.7,6.2,28.6,1.2,5.6,1.1,4.9,1.2,5.6
2021-22,Regular+Season,BKN,Brooklyn Nets,82,44,38,240.9,387.9,23.1,8.7,14.0,62.5,2.0,2.9,69.9,19.9,86.2,5.4,23.4,0.9,4.0,1.3,5.7,1.4,5.9
2021-22,Regular+Season,CHA,Charlotte Hornets,81,43,38,242.5,425.8,23.3,8.2,12.1,67.4,2.0,3.2,62.2,18.7,80.2,7.1,30.6,1.6,6.8,1.3,5.6,1.6,6.8
2021-22,Regular+Season,CHI,Chicago Bulls,82,46,36,240.6,386.8,18.2,6.8,10.4,65.4,1.8,2.4,73.8,15.7,86.0,5.3,29.1,0.7,4.0,0.7,3.8,1.1,6.0
2021-22,Regular+Season,CLE,Cleveland Cavaliers,82,44,38,240.6,416.6,27.9,10.4,15.8,65.9,4.0,5.3,74.6,25.2,90.4,6.4,23.1,1.0,3.5,1.5,5.2,2.5,8.8
2021-22,Regular+Season,DAL,Dallas Mavericks,82,52,30,240.9,400.5,20.4,7.6,11.4,66.3,2.4,3.2,74.7,18.0,88.2,5.7,27.9,1.0,4.8,0.8,3.8,1.5,7.4
2021-22,Regular+Season,DEN,Denver Nuggets,82,48,34,241.5,430.2,24.9,10.2,15.1,67.4,3.6,4.5,80.3,24.8,99.6,5.5,22.1,1.3,5.3,1.2,4.8,2.1,8.3
2021-22,Regular+Season,DET,Detroit Pistons,81,23,58,241.2,427.6,22.1,8.0,13.5,59.5,2.7,3.6,74.7,19.2,87.0,4.8,21.8,0.9,4.2,1.1,4.8,1.7,7.8
2021-22,Regular+Season,GSW,Golden State Warriors,81,53,28,240.6,430.7,22.0,7.6,11.4,66.9,2.2,3.3,66.0,17.6,80.2,7.0,31.9,1.3,6.0,1.0,4.8,1.6,7.1
2021-22,Regular+Season,HOU,Houston Rockets,82,20,62,240.9,402.2,21.3,8.3,12.4,67.0,2.2,3.1,69.6,19.2,90.5,4.8,22.5,1.1,5.2,1.6,7.6,1.5,6.8
2021-22,Regular+Season,IND,Indiana Pacers,82,25,57,242.4,431.9,24.6,9.3,14.0,66.3,3.3,4.3,76.5,22.4,91.0,6.0,24.6,1.1,4.5,1.4,5.6,2.0,8.1
2021-22,Regular+Season,LAC,LA Clippers,81,42,39,241.2,396.6,22.2,7.8,12.0,65.3,2.5,3.4,73.7,18.4,82.9,6.1,27.5,1.2,5.6,1.3,5.8,1.6,7.2
2021-22,Regular+Season,LAL,Los Angeles Lakers,82,33,49,243.7,404.8,23.7,8.9,13.5,66.1,3.4,4.7,71.9,21.8,91.7,5.4,22.8,1.0,4.0,1.3,5.3,2.2,9.3
2021-22,Regular+Season,MEM,Memphis Grizzlies,81,55,26,241.2,399.8,25.3,9.2,15.0,61.6,2.2,3.4,66.3,21.0,83.0,6.3,24.7,1.4,5.6,1.3,5.0,1.6,6.4
2021-22,Regular+Season,MIA,Miami Heat,82,53,29,242.1,414.5,25.0,8.8,13.9,63.0,2.6,3.4,78.9,20.5,82.3,7.1,28.6,1.3,5.0,1.3,5.2,1.6,6.3
2021-22,Regular+Season,MIL,Milwaukee Bucks,82,51,31,240.9,380.7,22.4,8.0,12.8,63.0,2.4,3.2,73.1,18.9,84.5,5.8,26.0,1.1,4.9,1.1,4.8,1.4,6.4
2021-22,Regular+Season,MIN,Minnesota Timberwolves,82,46,36,241.2,404.9,20.4,6.7,11.3,59.9,2.2,2.9,75.6,16.0,78.3,5.6,27.3,1.2,5.8,1.4,6.8,1.4,7.0
2021-22,Regular+Season,NOP,New Orleans Pelicans,81,35,46,240.9,422.6,24.3,8.9,14.2,62.1,3.3,4.4,74.7,21.4,88.2,5.8,23.8,1.0,4.2,1.2,5.0,2.1,8.5
2021-22,Regular+Season,NYK,New York Knicks,81,36,45,241.2,399.8,20.2,7.4,11.2,66.3,2.3,3.6,63.6,17.4,86.2,5.2,25.6,0.9,4.5,1.3,6.3,1.7,8.4
2021-22,Regular+Season,OKC,Oklahoma City Thunder,82,24,58,241.5,419.4,20.2,7.1,11.4,62.2,2.3,3.2,72.8,16.6,82.5,5.4,26.9,0.8,4.1,1.0,5.1,1.5,7.5
2021-22,Regular+Season,ORL,Orlando Magic,82,22,60,241.2,405.7,18.6,7.1,11.0,64.2,2.0,2.6,76.1,16.5,88.5,4.6,24.6,0.8,4.4,0.9,4.6,1.2,6.4
2021-22,Regular+Season,PHI,Philadelphia 76ers,82,51,31,241.5,416.4,16.6,6.4,10.0,64.0,2.2,3.0,74.1,15.5,93.6,3.7,22.1,0.6,3.8,1.0,6.0,1.4,8.4
2021-22,Regular+Season,PHX,Phoenix Suns,81,63,18,240.6,378.6,25.3,10.7,15.8,67.6,2.6,3.6,72.8,24.4,96.5,5.3,21.1,0.9,3.4,1.3,5.3,1.7,6.8
2021-22,Regular+Season,POR,Portland Trail Blazers,82,27,55,240.6,398.0,18.8,7.0,11.0,63.6,2.0,2.7,74.4,16.3,86.5,4.7,24.9,0.9,4.9,1.2,6.4,1.3,7.1
2021-22,Regular+Season,SAC,Sacramento Kings,81,29,52,241.5,401.7,21.3,8.3,13.0,64.4,2.8,3.7,77.4,19.9,93.4,4.7,22.1,0.9,4.0,1.1,5.1,1.6,7.5
2021-22,Regular+Season,SAS,San Antonio Spurs,82,34,48,241.5,413.0,23.8,8.7,13.7,63.8,2.1,3.2,65.6,19.9,83.4,6.6,27.6,1.3,5.3,1.0,4.1,1.4,6.0
2021-22,Regular+Season,TOR,Toronto Raptors,82,48,34,242.1,403.2,26.0,8.8,14.7,59.9,2.6,3.7,71.3,20.6,79.5,7.4,28.5,1.3,5.2,1.2,4.7,1.7,6.7
2021-22,Regular+Season,UTA,Utah Jazz,82,49,33,240.6,386.6,21.9,9.0,12.5,71.6,3.6,5.2,68.7,21.9,100,4.4,20.1,0.9,4.0,1.2,5.4,2.3,10.5
2021-22,Regular+Season,WAS,Washington Wizards,82,35,47,241.8,407.8,21.9,9.3,13.5,69.2,3.3,4.1,79.0,22.6,102.9,4.2,19.3,0.9,4.1,1.1,5.1,2.0,8.9
2021-22,Playoffs,ATL,Atlanta Hawks,5,1,4,240.0,378.8,17.8,7.4,11.2,66.1,2.4,3.4,70.6,18.2,102.2,3.0,16.9,0.6,3.4,1.0,5.6,1.8,10.1
2021-22,Playoffs,BOS,Boston Celtics,24,14,10,240.0,403.9,19.6,7.0,11.0,63.3,2.1,2.9,72.9,16.4,83.4,5.8,29.5,0.6,3.0,0.8,3.8,1.4,7.0
2021-22,Playoffs,BKN,Brooklyn Nets,4,0,4,240.0,383.0,21.0,7.8,11.5,67.4,1.8,3.0,58.3,17.3,82.1,5.8,27.4,2.0,9.5,1.5,7.1,1.5,7.1
2021-22,Playoffs,CHI,Chicago Bulls,5,1,4,240.0,415.2,15.2,5.0,9.0,55.6,0.6,0.8,75.0,11.0,72.4,5.4,35.5,0.6,3.9,0.4,2.6,0.4,2.6
2021-22,Playoffs,DAL,Dallas Mavericks,18,9,9,240.0,367.2,10.9,3.3,5.2,64.5,1.4,2.0,72.2,8.1,74.5,3.9,35.7,0.4,4.1,0.5,4.6,0.8,7.1
2021-22,Playoffs,DEN,Denver Nuggets,5,1,4,240.0,437.0,25.8,9.4,15.4,61.0,3.6,5.0,72.0,22.8,88.4,5.8,22.5,0.4,1.6,1.2,4.7,2.2,8.5
2021-22,Playoffs,GSW,Golden State Warriors,22,16,6,240.0,396.0,20.2,7.5,11.2,67.1,2.0,2.7,74.6,17.2,84.9,6.5,32.1,1.4,7.0,0.5,2.7,1.3,6.3
2021-22,Playoffs,MEM,Memphis Grizzlies,12,6,6,240.0,404.2,22.6,8.7,13.0,66.7,3.0,4.5,66.7,20.9,92.6,5.5,24.4,1.4,6.3,1.0,4.4,2.1,9.2
2021-22,Playoffs,MIA,Miami Heat,18,11,7,240.0,391.7,18.9,7.6,10.9,69.5,1.6,2.5,64.4,17.3,91.5,5.2,27.3,0.9,5.0,0.9,4.7,1.1,5.9
2021-22,Playoffs,MIL,Milwaukee Bucks,12,7,5,240.0,361.4,18.9,6.8,11.4,59.9,1.9,2.7,71.9,15.7,82.8,4.2,22.0,0.9,4.8,0.9,4.8,1.3,7.0
2021-22,Playoffs,MIN,Minnesota Timberwolves,6,2,4,240.0,405.7,19.3,5.8,10.2,57.4,3.5,4.0,87.5,15.5,80.2,5.3,27.6,0.8,4.3,1.2,6.0,2.0,10.3
2021-22,Playoffs,NOP,New Orleans Pelicans,6,2,4,240.0,396.2,22.0,8.7,14.5,59.8,2.7,3.3,80.0,20.5,93.2,4.7,21.2,1.0,4.5,0.7,3.0,1.5,6.8
2021-22,Playoffs,PHI,Philadelphia 76ers,12,6,6,242.1,387.5,15.3,5.4,8.4,64.4,2.0,2.5,80.0,13.3,86.4,3.3,21.7,0.9,6.0,1.6,10.3,1.1,7.1
2021-22,Playoffs,PHX,Phoenix Suns,13,7,6,240.0,360.6,21.8,10.5,14.9,70.1,1.8,2.6,70.6,23.0,105.3,3.1,14.1,0.3,1.4,1.4,6.3,1.2,5.3
2021-22,Playoffs,TOR,Toronto Raptors,6,2,4,244.2,368.0,20.5,8.5,11.5,73.9,2.2,2.7,81.3,19.7,95.9,5.3,26.0,1.0,4.9,1.5,7.3,1.3,6.5
2021-22,Playoffs,UTA,Utah Jazz,6,2,4,240.0,340.5,18.8,6.2,9.8,62.7,4.2,6.3,65.8,17.2,91.2,3.8,20.4,0.3,1.8,0.7,3.5,2.7,14.2
2021-22,PlayIn,ATL,Atlanta Hawks,2,2,0,240.0,367.5,20.0,10.0,12.5,80.0,3.0,4.0,75.0,24.0,120.0,4.5,22.5,0.5,2.5,1.0,5.0,1.5,7.5
2021-22,PlayIn,BKN,Brooklyn Nets,1,1,0,240.0,425.0,26.0,13.0,15.0,86.7,2.0,6.0,33.3,28.0,107.7,4.0,15.4,1.0,3.8,3.0,11.5,3.0,11.5
2021-22,PlayIn,CHA,Charlotte Hornets,1,0,1,240.0,381.0,18.0,3.0,6.0,50.0,4.0,6.0,66.7,10.0,55.6,7.0,38.9,1.0,5.6,2.0,11.1,3.0,16.7
2021-22,PlayIn,CLE,Cleveland Cavaliers,2,0,2,240.0,389.5,21.5,7.0,14.0,50.0,3.5,4.0,87.5,18.0,83.7,4.0,18.6,0.5,2.3,0.5,2.3,2.0,9.3
2021-22,PlayIn,LAC,LA Clippers,2,0,2,240.0,367.5,13.0,3.0,5.5,54.5,1.0,2.0,50.0,7.0,53.8,5.0,38.5,0.5,3.8,1.0,7.7,1.0,7.7
2021-22,PlayIn,MIN,Minnesota Timberwolves,1,1,0,240.0,396.0,13.0,4.0,8.0,50.0,3.0,4.0,75.0,11.0,84.6,2.0,15.4,0.0,0.0,0.0,0.0,2.0,15.4
2021-22,PlayIn,NOP,New Orleans Pelicans,2,2,0,240.0,371.0,20.5,8.0,12.5,64.0,3.0,4.0,75.0,19.0,92.7,5.0,24.4,1.0,4.9,1.0,4.9,2.0,9.8
2021-22,PlayIn,SAS,San Antonio Spurs,1,0,1,240.0,379.0,21.0,6.0,10.0,60.0,3.0,4.0,75.0,16.0,76.2,7.0,33.3,1.0,4.8,1.0,4.8,2.0,9.5
2022-23,Regular+Season,ATL,Atlanta Hawks,82,41,41,242.1,375.8,23.7,10.2,15.1,67.6,2.6,3.4,75.1,23.4,98.7,4.9,20.8,0.7,3.0,1.0,4.3,1.7,7.0
2022-23,Regular+Season,BOS,Boston Celtics,82,57,25,243.7,397.7,19.5,7.1,10.7,66.7,1.6,2.0,78.0,16.2,82.8,6.3,32.1,1.4,7.4,0.9,4.7,1.0,4.9
2022-23,Regular+Season,BKN,Brooklyn Nets,82,45,37,240.6,395.5,18.4,7.5,10.7,70.5,1.4,2.2,65.0,16.8,91.3,5.2,28.0,1.0,5.4,0.9,4.8,1.0,5.6
2022-23,Regular+Season,CHA,Charlotte Hornets,82,27,55,241.8,409.4,22.8,9.0,14.0,63.8,3.0,4.2,70.9,21.5,94.2,4.6,20.2,0.8,3.6,1.2,5.4,2.0,8.9
2022-23,Regular+Season,CHI,Chicago Bulls,81,39,42,242.8,405.9,17.8,7.4,11.1,66.3,1.8,2.6,67.9,16.8,94.9,3.8,21.6,0.8,4.2,0.9,5.0,1.3,7.1
2022-23,Regular+Season,CLE,Cleveland Cavaliers,82,51,31,242.4,387.2,25.5,9.9,14.4,68.2,2.9,4.0,70.8,23.0,90.3,6.6,26.1,1.4,5.4,1.4,5.4,1.9,7.6
2022-23,Regular+Season,DAL,Dallas Mavericks,82,38,44,243.1,389.0,16.6,6.2,8.8,70.1,2.0,2.9,68.6,14.7,88.5,4.9,29.5,0.8,5.0,0.9,5.4,1.3,8.1
2022-23,Regular+Season,DEN,Denver Nuggets,82,53,29,240.9,413.7,26.3,11.6,16.5,70.5,3.2,4.5,70.5,26.9,102.4,5.5,20.9,1.2,4.7,1.1,4.4,2.1,8.0
2022-23,Regular+Season,DET,Detroit Pistons,81,17,64,241.5,386.6,21.1,8.1,13.0,62.4,2.7,3.8,70.3,19.2,91.0,4.5,21.2,0.9,4.1,1.2,5.8,1.8,8.6
2022-23,Regular+Season,GSW,Golden State Warriors,81,43,38,241.9,446.5,22.5,7.8,12.1,64.8,2.3,3.1,74.5,18.4,81.7,6.8,30.2,1.4,6.3,1.2,5.4,1.5,6.6
2022-23,Regular+Season,HOU,Houston Rockets,82,22,60,240.9,410.8,24.7,9.0,14.5,61.8,2.4,3.3,72.3,20.8,84.2,6.0,24.2,1.3,5.2,1.6,6.4,1.6,6.3
2022-23,Regular+Season,IND,Indiana Pacers,82,35,47,240.9,428.8,20.6,7.9,12.3,64.3,3.0,4.0,74.8,19.2,93.2,4.5,21.9,0.6,3.1,1.1,5.2,1.9,9.0
2022-23,Regular+Season,LAC,LA Clippers,82,44,38,241.8,392.6,19.9,7.3,11.3,64.8,2.7,3.7,72.0,17.7,89.1,4.7,23.5,0.7,3.6,1.4,6.8,1.7,8.5
2022-23,Regular+Season,LAL,Los Angeles Lakers,82,43,39,242.4,380.4,24.5,9.8,14.5,67.3,3.8,4.8,78.7,23.9,97.7,5.2,21.3,0.9,3.7,1.4,5.5,2.2,8.9
2022-23,Regular+Season,MEM,Memphis Grizzlies,82,51,31,241.2,397.6,23.0,9.3,13.9,67.0,2.6,4.0,66.4,21.6,94.0,5.3,23.0,0.8,3.3,1.0,4.2,1.9,8.1
2022-23,Regular+Season,MIA,Miami Heat,82,44,38,241.5,410.4,23.0,7.9,12.6,62.3,2.7,3.3,81.4,18.9,81.9,6.8,29.5,1.2,5.2,1.1,4.8,1.6,6.8
2022-23,Regular+Season,MIL,Milwaukee Bucks,82,58,24,241.8,396.2,21.8,8.4,12.4,67.9,2.4,3.1,75.1,19.5,89.6,6.0,27.7,1.0,4.6,1.0,4.5,1.5,6.8
2022-23,Regular+Season,MIN,Minnesota Timberwolves,81,41,40,241.9,421.6,21.1,8.3,12.2,68.6,2.8,4.1,69.4,20.0,94.5,4.9,23.1,1.0,4.9,1.2,5.8,1.9,8.9
2022-23,Regular+Season,NOP,New Orleans Pelicans,82,42,40,242.1,419.1,21.2,8.9,13.3,66.5,2.6,3.5,75.3,20.7,97.8,4.4,20.5,0.8,3.9,1.1,5.0,1.6,7.6
2022-23,Regular+Season,NYK,New York Knicks,82,47,35,243.4,390.6,21.0,7.9,11.8,66.9,1.6,2.7,60.3,17.7,84.3,6.0,28.8,1.0,4.8,1.2,5.6,1.3,6.3
2022-23,Regular+Season,OKC,Oklahoma City Thunder,82,40,42,242.1,403.1,21.4,7.3,12.3,59.3,2.3,3.1,74.6,17.0,79.4,5.8,27.3,1.1,5.0,1.1,5.1,1.5,6.9
2022-23,Regular+Season,ORL,Orlando Magic,82,34,48,241.2,389.2,19.6,7.8,11.6,67.3,3.1,3.9,78.4,19.2,97.7,4.3,21.8,0.8,4.1,1.0,5.2,1.8,9.2
2022-23,Regular+Season,PHI,Philadelphia 76ers,82,54,28,242.4,402.3,17.5,6.2,9.5,65.6,2.8,3.6,79.0,15.6,88.9,4.6,26.3,0.7,4.0,1.0,5.6,1.7,9.5
2022-23,Regular+Season,PHX,Phoenix Suns,82,45,37,241.2,399.1,26.4,9.6,15.6,61.7,2.8,3.8,72.1,22.4,84.7,6.7,25.6,1.1,4.3,1.2,4.6,1.7,6.6
2022-23,Regular+Season,POR,Portland Trail Blazers,81,33,48,240.6,396.3,18.0,6.7,10.5,63.9,1.7,2.3,70.5,15.3,84.9,4.9,27.1,0.7,3.6,0.9,5.1,1.1,6.4
2022-23,Regular+Season,SAC,Sacramento Kings,82,48,34,241.8,420.9,22.9,8.7,13.0,67.4,2.8,3.7,77.4,20.7,90.5,6.0,26.4,1.3,5.8,1.1,4.8,1.7,7.2
2022-23,Regular+Season,SAS,San Antonio Spurs,79,21,58,242.2,414.1,23.2,8.7,13.1,66.1,2.3,3.2,73.2,20.0,86.3,6.5,28.1,0.9,3.9,1.3,5.6,1.5,6.3
2022-23,Regular+Season,TOR,Toronto Raptors,82,41,41,241.5,413.3,25.3,9.9,15.5,63.7,2.7,3.8,72.7,23.0,91.1,5.8,23.1,1.1,4.4,1.2,4.8,1.8,7.1
2022-23,Regular+Season,UTA,Utah Jazz,82,37,45,241.5,395.5,23.1,9.6,14.0,68.5,2.4,3.4,71.7,21.9,94.8,5.4,23.2,1.1,4.7,1.2,5.1,1.6,6.9
2022-23,Regular+Season,WAS,Washington Wizards,82,35,47,240.9,406.3,20.0,8.3,12.2,67.5,2.5,3.3,77.2,19.6,98.2,4.4,21.8,0.8,4.2,1.1,5.3,1.6,7.9
2022-23,Playoffs,ATL,Atlanta Hawks,6,2,4,240.0,353.3,20.0,8.2,12.8,63.6,1.5,2.3,64.3,18.0,90.0,4.3,21.7,1.0,5.0,0.7,3.3,1.2,5.8
2022-23,Playoffs,BOS,Boston Celtics,20,11,9,241.3,370.1,18.8,7.3,10.3,71.2,2.1,2.6,80.8,17.1,90.9,6.0,32.0,1.4,7.2,0.6,3.2,1.0,5.3
2022-23,Playoffs,BKN,Brooklyn Nets,4,0,4,240.0,371.8,13.8,5.0,7.0,71.4,1.3,2.0,62.5,12.0,87.3,4.3,30.9,1.0,7.3,1.0,7.3,1.0,7.3
2022-23,Playoffs,CLE,Cleveland Cavaliers,5,1,4,240.0,349.8,19.6,7.2,9.8,73.5,2.0,2.8,71.4,16.4,83.7,6.0,30.6,2.0,10.2,1.4,7.1,1.4,7.1
2022-23,Playoffs,DEN,Denver Nuggets,20,16,4,241.3,400.9,24.5,9.8,15.4,63.6,2.9,4.2,67.9,22.9,93.3,4.9,19.8,1.0,3.9,1.1,4.3,1.8,7.3
2022-23,Playoffs,GSW,Golden State Warriors,13,6,7,240.0,427.3,24.5,8.5,12.5,67.5,2.5,3.7,66.7,19.9,81.4,7.8,32.1,1.5,6.0,1.4,5.7,1.8,7.2
2022-23,Playoffs,LAC,LA Clippers,5,1,4,240.0,363.0,24.0,8.2,13.0,63.1,2.8,3.6,77.8,20.0,83.3,6.8,28.3,2.0,8.3,1.8,7.5,1.8,7.5
2022-23,Playoffs,LAL,Los Angeles Lakers,16,8,8,241.6,380.3,20.2,7.7,12.3,62.8,3.3,4.5,73.6,19.1,94.7,3.7,18.3,1.1,5.6,1.0,5.0,2.1,10.2
2022-23,Playoffs,MEM,Memphis Grizzlies,6,2,4,244.2,395.7,22.3,8.7,14.5,59.8,2.2,3.0,72.2,20.0,89.6,4.5,20.1,0.8,3.7,1.0,4.5,1.5,6.7
2022-23,Playoffs,MIA,Miami Heat,23,13,10,241.1,392.7,19.2,6.1,10.6,57.4,1.4,1.7,80.0,13.8,72.1,5.8,30.4,1.1,5.9,1.1,5.9,0.8,4.1
2022-23,Playoffs,MIL,Milwaukee Bucks,5,1,4,245.0,400.4,24.4,9.8,14.0,70.0,2.0,2.4,83.3,22.0,90.2,5.8,23.8,0.8,3.3,2.0,8.2,1.2,4.9
2022-23,Playoffs,MIN,Minnesota Timberwolves,5,1,4,245.0,405.2,18.2,6.4,10.6,60.4,4.2,6.0,70.0,17.6,96.7,3.8,20.9,0.6,3.3,0.8,4.4,3.0,16.5
2022-23,Playoffs,NYK,New York Knicks,11,6,5,240.0,356.5,18.8,6.2,9.6,64.2,2.1,4.0,52.3,14.6,77.8,5.3,28.0,0.7,3.9,0.9,4.8,1.9,10.1
2022-23,Playoffs,PHI,Philadelphia 76ers,11,7,4,242.3,367.9,15.1,5.3,8.3,63.7,1.5,1.6,94.4,12.5,82.5,4.6,30.7,1.3,8.4,0.7,4.8,0.6,4.2
2022-23,Playoffs,PHX,Phoenix Suns,11,6,5,240.0,360.2,23.6,7.6,13.1,58.3,2.5,3.8,64.3,18.2,76.9,6.9,29.2,1.2,5.0,1.1,4.6,1.8,7.7
2022-23,Playoffs,SAC,Sacramento Kings,7,3,4,240.0,380.0,21.7,5.7,10.6,54.1,3.1,4.3,73.3,14.9,68.4,6.3,28.9,1.1,5.3,1.7,7.9,2.0,9.2
2022-23,PlayIn,ATL,Atlanta Hawks,1,1,0,240.0,395.0,29.0,12.0,17.0,70.6,2.0,6.0,33.3,26.0,89.7,7.0,24.1,0.0,0.0,0.0,0.0,3.0,10.3
2022-23,PlayIn,CHI,Chicago Bulls,2,1,1,240.0,358.0,12.0,5.0,9.0,55.6,0.0,0.0,0.0,10.0,83.3,1.5,12.5,0.0,0.0,1.0,8.3,0.0,0.0
2022-23,PlayIn,LAL,Los Angeles Lakers,1,1,0,265.0,443.0,27.0,11.0,16.0,68.8,2.0,2.0,100,25.0,92.6,6.0,22.2,1.0,3.7,4.0,14.8,1.0,3.7
2022-23,PlayIn,MIA,Miami Heat,2,1,1,240.0,379.5,21.5,6.5,13.5,48.1,2.0,2.0,100,16.0,74.4,4.0,18.6,0.5,2.3,0.5,2.3,0.5,2.3
2022-23,PlayIn,MIN,Minnesota Timberwolves,2,1,1,252.5,432.0,19.0,8.0,12.0,66.7,3.0,4.0,75.0,19.0,100,3.0,15.8,1.0,5.3,1.0,5.3,2.0,10.5
2022-23,PlayIn,NOP,New Orleans Pelicans,1,0,1,240.0,419.0,21.0,13.0,14.0,92.9,5.0,6.0,83.3,31.0,147.6,2.0,9.5,1.0,4.8,2.0,9.5,3.0,14.3
2022-23,PlayIn,OKC,Oklahoma City Thunder,2,1,1,240.0,379.0,17.0,4.5,8.0,56.3,3.0,3.0,100,12.5,73.5,6.0,35.3,0.5,2.9,0.5,2.9,1.0,5.9
2022-23,PlayIn,TOR,Toronto Raptors,1,0,1,240.0,394.0,27.0,7.0,13.0,53.8,5.0,6.0,83.3,19.0,70.4,10.0,37.0,3.0,11.1,1.0,3.7,3.0,11.1
2023-24,Regular+Season,ATL,Atlanta Hawks,82,36,46,242.1,394.2,23.8,9.3,15.2,61.3,2.8,4.0,71.3,21.9,92.1,4.6,19.4,1.0,4.1,1.1,4.6,2.0,8.3
2023-24,Regular+Season,BOS,Boston Celtics,81,63,18,241.9,387.8,22.2,8.6,12.7,67.5,2.3,2.9,79.5,19.7,88.8,6.2,27.9,1.4,6.4,1.1,4.8,1.4,6.1
2023-24,Regular+Season,BKN,Brooklyn Nets,79,32,47,241.6,404.7,21.1,7.9,12.3,64.6,1.8,2.8,63.8,18.0,85.5,5.3,25.2,1.1,5.4,1.1,5.2,1.3,6.1
2023-24,Regular+Season,CHA,Charlotte Hornets,81,20,61,240.6,392.5,18.6,7.8,11.3,69.2,2.2,3.0,74.0,18.1,97.2,4.2,22.5,0.9,4.9,1.0,5.4,1.4,7.5
2023-24,Regular+Season,CHI,Chicago Bulls,81,39,42,243.7,406.9,20.4,7.1,12.1,58.3,1.8,2.7,67.3,16.3,79.7,5.1,24.8,0.8,3.9,0.8,4.1,1.3,6.3
2023-24,Regular+Season,CLE,Cleveland Cavaliers,82,48,34,241.5,417.5,23.6,9.2,13.6,67.8,2.9,4.0,72.6,21.7,92.1,6.1,25.8,1.2,5.3,1.0,4.3,1.8,7.6
2023-24,Regular+Season,DAL,Dallas Mavericks,81,49,32,240.3,380.6,20.2,8.0,11.3,70.5,1.9,3.0,65.0,18.2,89.8,5.8,28.5,1.2,5.7,1.0,5.0,1.4,6.8
2023-24,Regular+Season,DEN,Denver Nuggets,80,55,25,240.3,406.7,26.1,10.6,16.2,65.5,2.6,3.7,71.8,24.3,92.9,6.1,23.2,1.5,5.7,1.0,3.9,1.8,6.7
2023-24,Regular+Season,DET,Detroit Pistons,81,14,67,240.9,387.9,21.9,8.7,13.0,66.9,2.3,2.9,79.6,20.0,91.5,5.0,22.7,0.7,3.4,1.4,6.2,1.4,6.4
2023-24,Regular+Season,GSW,Golden State Warriors,81,46,35,241.9,421.2,25.0,8.7,13.7,63.8,2.3,3.2,73.0,20.2,80.6,7.5,30.0,1.2,4.9,1.3,5.2,1.5,6.1
2023-24,Regular+Season,HOU,Houston Rockets,82,41,41,242.1,383.0,20.5,7.5,12.0,62.7,2.4,3.1,76.3,17.7,86.3,5.4,26.4,1.0,4.9,0.7,3.6,1.5,7.3
2023-24,Regular+Season,IND,Indiana Pacers,82,47,35,240.3,430.8,22.6,9.8,14.0,69.8,3.2,4.1,76.8,23.2,102.9,5.0,21.9,0.9,4.0,0.8,3.7,2.0,8.8
2023-24,Regular+Season,LAC,LA Clippers,81,50,31,240.3,373.4,22.6,8.8,13.2,66.2,2.3,3.2,73.9,20.2,89.5,5.9,26.1,1.2,5.1,1.1,4.8,1.5,6.8
2023-24,Regular+Season,LAL,Los Angeles Lakers,81,46,35,242.2,388.1,20.6,9.4,13.2,71.2,2.4,3.1,77.0,21.8,106.1,4.0,19.2,0.9,4.4,1.0,5.0,1.5,7.2
2023-24,Regular+Season,MEM,Memphis Grizzlies,82,27,55,241.2,407.2,18.6,6.3,10.3,61.0,1.6,2.3,71.1,14.6,78.4,5.4,29.2,0.9,4.8,1.0,5.5,1.1,5.8
2023-24,Regular+Season,MIA,Miami Heat,82,46,36,240.9,397.4,22.3,7.8,12.3,63.7,2.6,3.3,78.1,18.5,82.8,6.7,30.0,1.4,6.2,0.9,3.9,1.5,6.9
2023-24,Regular+Season,MIL,Milwaukee Bucks,82,49,33,241.5,386.8,18.4,7.8,11.1,70.0,1.6,2.3,69.5,17.5,95.2,4.2,23.0,0.9,4.7,1.1,5.9,1.1,6.0
2023-24,Regular+Season,MIN,Minnesota Timberwolves,82,56,26,241.5,409.6,20.5,7.5,11.3,66.5,2.8,4.2,67.4,18.2,88.5,5.2,25.2,1.0,4.7,1.2,5.8,1.9,9.1
2023-24,Regular+Season,NOP,New Orleans Pelicans,81,49,32,240.3,418.4,19.8,7.5,11.4,65.6,2.2,2.9,77.1,17.5,88.4,5.3,26.6,1.2,6.0,1.0,5.1,1.4,7.0
2023-24,Regular+Season,NYK,New York Knicks,82,50,32,240.6,404.6,20.0,6.8,10.5,64.5,1.9,2.8,67.3,15.8,78.8,6.4,31.8,0.9,4.3,1.2,5.8,1.3,6.3
2023-24,Regular+Season,OKC,Oklahoma City Thunder,82,57,25,241.5,391.2,19.5,7.1,10.8,65.8,1.9,2.4,79.9,16.4,84.0,5.8,29.7,1.2,6.4,1.1,5.7,1.2,6.2
2023-24,Regular+Season,ORL,Orlando Magic,82,47,35,241.2,399.0,22.3,8.6,12.9,66.5,3.0,4.0,76.1,20.6,92.7,5.5,24.5,1.0,4.3,1.1,5.1,1.8,8.2
2023-24,Regular+Season,PHI,Philadelphia 76ers,81,46,35,241.2,407.9,19.9,7.4,11.8,62.4,2.6,3.3,78.6,17.8,89.3,4.5,22.8,0.9,4.7,1.1,5.6,1.6,8.0
2023-24,Regular+Season,PHX,Phoenix Suns,81,49,32,241.2,401.1,19.0,6.5,10.6,61.3,2.2,3.0,74.3,15.5,81.3,5.5,28.6,1.0,5.1,1.0,5.1,1.4,7.5
2023-24,Regular+Season,POR,Portland Trail Blazers,81,20,61,242.2,397.0,21.3,8.2,13.8,59.4,2.0,2.7,71.5,18.7,87.4,4.3,20.0,0.7,3.5,1.1,5.2,1.3,6.2
2023-24,Regular+Season,SAC,Sacramento Kings,82,46,36,242.1,427.6,22.8,8.2,12.4,66.4,2.4,3.5,68.6,19.2,84.2,6.6,28.8,1.4,6.2,1.1,5.0,1.7,7.6
2023-24,Regular+Season,SAS,San Antonio Spurs,81,21,60,241.9,417.9,23.8,8.8,13.3,66.0,2.4,3.2,76.3,20.4,85.5,6.3,26.7,1.4,6.0,1.3,5.4,1.4,6.0
2023-24,Regular+Season,TOR,Toronto Raptors,81,25,56,241.2,420.2,24.6,9.7,14.8,65.4,2.3,3.4,68.2,22.1,89.9,6.0,24.3,1.5,5.9,1.1,4.4,1.6,6.5
2023-24,Regular+Season,UTA,Utah Jazz,81,31,50,241.5,408.2,24.0,10.1,14.8,68.0,2.8,3.5,81.1,23.4,97.7,5.0,21.0,0.9,3.8,1.4,5.7,1.6,6.7
2023-24,Regular+Season,WAS,Washington Wizards,82,15,67,240.6,399.4,18.2,7.7,11.8,65.4,2.1,2.9,72.8,18.0,98.6,3.5,19.1,0.5,3.0,0.9,5.1,1.4,7.8
2023-24,Playoffs,BOS,Boston Celtics,19,16,3,241.3,382.2,16.7,5.9,8.8,66.7,1.3,1.7,75.8,13.2,78.9,5.3,31.5,1.3,7.9,0.9,5.7,0.8,5.0
2023-24,Playoffs,CLE,Cleveland Cavaliers,12,5,7,240.0,358.6,17.3,6.3,10.0,63.3,1.8,2.7,68.8,14.7,85.0,3.9,22.7,0.8,4.8,1.0,5.8,1.3,7.2
2023-24,Playoffs,DAL,Dallas Mavericks,22,13,9,240.0,358.6,21.6,8.2,12.4,66.5,1.8,3.1,58.8,18.8,87.2,6.0,27.8,1.0,4.8,0.7,3.4,1.5,6.7
2023-24,Playoffs,DEN,Denver Nuggets,12,7,5,240.0,403.0,22.9,8.4,13.6,62.0,1.9,2.5,76.7,19.4,84.7,6.3,27.3,1.3,5.5,0.7,2.9,1.2,5.1
2023-24,Playoffs,IND,Indiana Pacers,17,8,9,242.9,431.8,22.6,8.9,13.6,65.5,2.4,3.1,76.9,20.5,90.4,5.6,24.9,1.4,6.0,0.7,3.1,1.5,6.8
2023-24,Playoffs,LAC,LA Clippers,6,2,4,240.0,364.8,25.8,8.5,15.0,56.7,3.0,4.7,64.3,20.2,78.1,6.5,25.2,1.2,4.5,0.7,2.6,2.3,9.0
2023-24,Playoffs,LAL,Los Angeles Lakers,5,1,4,240.0,370.4,17.8,8.6,12.0,71.7,2.2,2.4,91.7,20.4,114.6,3.4,19.1,0.8,4.5,0.8,4.5,1.0,5.6
2023-24,Playoffs,MIA,Miami Heat,5,1,4,240.0,374.2,10.4,4.2,6.8,61.8,0.6,0.8,75.0,9.4,90.4,2.8,26.9,0.6,5.8,0.2,1.9,0.4,3.8
2023-24,Playoffs,MIL,Milwaukee Bucks,6,2,4,244.2,387.8,17.0,6.3,9.3,67.9,1.5,2.0,75.0,14.3,84.3,5.2,30.4,0.5,2.9,1.0,5.9,1.0,5.9
2023-24,Playoffs,MIN,Minnesota Timberwolves,16,9,7,240.0,390.0,20.3,6.4,11.0,58.5,3.1,4.3,72.5,16.5,81.5,4.8,23.5,1.1,5.2,1.3,6.5,2.0,9.9
2023-24,Playoffs,NOP,New Orleans Pelicans,4,0,4,240.0,408.8,20.3,6.5,10.8,60.5,3.0,4.0,75.0,16.0,79.0,5.0,24.7,1.3,6.2,1.5,7.4,1.5,7.4
2023-24,Playoffs,NYK,New York Knicks,13,7,6,241.9,387.9,22.8,6.4,10.2,62.9,1.8,2.8,66.7,14.7,64.5,9.4,41.2,1.8,8.1,1.2,5.1,1.2,5.4
2023-24,Playoffs,OKC,Oklahoma City Thunder,10,6,4,240.0,382.6,16.6,5.8,7.9,73.4,0.9,1.6,56.3,12.8,77.1,6.0,36.1,0.6,3.6,1.3,7.8,0.7,4.2
2023-24,Playoffs,ORL,Orlando Magic,7,3,4,240.0,390.7,18.7,5.6,9.7,57.4,2.1,2.9,75.0,13.9,74.0,6.1,32.8,0.7,3.8,1.0,5.3,1.4,7.6
2023-24,Playoffs,PHI,Philadelphia 76ers,6,2,4,244.2,374.2,15.7,5.0,8.8,56.6,2.2,3.3,65.0,12.2,77.7,3.5,22.3,0.3,2.1,1.5,9.6,1.5,9.6
2023-24,Playoffs,PHX,Phoenix Suns,4,0,4,240.0,377.5,15.3,5.8,9.0,63.9,2.3,3.0,75.0,14.0,91.8,4.3,27.9,0.5,3.3,0.5,3.3,1.5,9.8
2023-24,PlayIn,ATL,Atlanta Hawks,1,0,1,240.0,375.0,25.0,14.0,19.0,73.7,4.0,4.0,100,33.0,132.0,3.0,12.0,1.0,4.0,0.0,0.0,2.0,8.0
2023-24,PlayIn,CHI,Chicago Bulls,2,1,1,240.0,409.0,19.0,9.0,13.0,69.2,1.0,1.0,100,19.0,100,3.5,18.4,1.5,7.9,1.0,5.3,0.5,2.6
2023-24,PlayIn,GSW,Golden State Warriors,1,0,1,240.0,396.0,23.0,7.0,14.0,50.0,3.0,4.0,75.0,17.0,73.9,7.0,30.4,1.0,4.3,0.0,0.0,2.0,8.7
2023-24,PlayIn,LAL,Los Angeles Lakers,1,1,0,240.0,408.0,19.0,7.0,11.0,63.6,6.0,8.0,75.0,20.0,105.3,3.0,15.8,1.0,5.3,0.0,0.0,4.0,21.1
2023-24,PlayIn,MIA,Miami Heat,2,1,1,240.0,393.0,18.5,6.0,10.0,60.0,4.5,5.0,90.0,17.0,91.9,6.0,32.4,1.0,5.4,0.0,0.0,2.5,13.5
2023-24,PlayIn,NOP,New Orleans Pelicans,2,1,1,240.0,410.0,23.0,9.5,15.0,63.3,3.5,4.0,87.5,22.5,97.8,5.5,23.9,3.0,13.0,0.0,0.0,2.0,8.7
2023-24,PlayIn,PHI,Philadelphia 76ers,1,1,0,240.0,490.0,28.0,8.0,18.0,44.4,0.0,0.0,0.0,18.0,64.3,8.0,28.6,0.0,0.0,1.0,3.6,0.0,0.0
2023-24,PlayIn,SAC,Sacramento Kings,2,1,1,240.0,397.5,20.5,5.5,8.5,64.7,4.5,5.0,90.0,15.5,75.6,7.0,34.1,3.0,14.6,1.5,7.3,2.5,12.2
2023-24,IST,ATL,Atlanta Hawks,4,1,3,240.0,397.5,24.0,9.8,16.3,60.0,4.0,5.0,80.0,24.5,102.1,3.5,14.6,0.5,2.1,1.0,4.2,2.5,10.4
2023-24,IST,BOS,Boston Celtics,5,3,2,240.0,390.8,20.2,8.0,11.6,69.0,2.2,2.8,78.6,18.4,91.1,4.8,23.8,1.6,7.9,1.2,5.9,1.2,5.9
2023-24,IST,BKN,Brooklyn Nets,4,3,1,240.0,397.3,17.5,5.8,11.0,52.3,1.5,2.0,75.0,13.3,75.7,3.8,21.4,0.5,2.9,1.0,5.7,0.8,4.3
2023-24,IST,CHA,Charlotte Hornets,4,1,3,240.0,402.3,30.8,12.0,19.0,63.2,3.8,6.0,62.5,28.0,91.1,6.5,21.1,2.3,7.3,1.5,4.9,2.8,8.9
2023-24,IST,CHI,Chicago Bulls,4,0,4,240.0,378.3,15.5,5.0,9.5,52.6,2.3,3.0,75.0,12.3,79.0,3.5,22.6,0.5,3.2,0.5,3.2,1.5,9.7
2023-24,IST,CLE,Cleveland Cavaliers,4,3,1,246.3,391.3,25.5,11.5,16.8,68.7,1.5,2.5,60.0,25.0,98.0,5.0,19.6,1.0,3.9,1.5,5.9,1.3,4.9
2023-24,IST,DAL,Dallas Mavericks,4,2,2,240.0,382.5,19.5,6.3,10.8,58.1,2.8,3.5,78.6,15.3,78.2,5.0,25.6,0.8,3.8,1.0,5.1,1.8,9.0
2023-24,IST,DEN,Denver Nuggets,4,2,2,240.0,416.3,29.3,12.3,16.3,75.4,3.3,4.0,81.3,28.3,96.6,7.8,26.5,1.8,6.0,2.0,6.8,2.0,6.8
2023-24,IST,DET,Detroit Pistons,4,0,4,240.0,401.5,26.3,11.3,16.3,69.2,3.0,3.5,85.7,25.5,97.1,5.8,21.9,0.8,2.9,2.0,7.6,1.8,6.7
2023-24,IST,GSW,Golden State Warriors,4,2,2,240.0,451.0,21.0,6.5,9.5,68.4,2.5,4.0,62.5,16.0,76.2,8.0,38.1,1.5,7.1,1.0,4.8,1.8,8.3
2023-24,IST,HOU,Houston Rockets,4,2,2,240.0,392.5,18.0,5.3,10.8,48.8,1.5,1.5,100,12.0,66.7,4.8,26.4,1.3,6.9,1.0,5.6,0.8,4.2
2023-24,IST,IND,Indiana Pacers,6,6,0,240.0,396.3,21.0,9.8,14.3,68.6,3.8,5.0,76.7,23.8,113.5,3.2,15.1,0.8,4.0,0.5,2.4,2.3,11.1
2023-24,IST,LAC,LA Clippers,4,1,3,240.0,358.5,23.5,6.5,11.3,57.8,1.3,2.5,50.0,14.8,62.8,8.5,36.2,2.0,8.5,1.3,5.3,1.3,5.3
2023-24,IST,LAL,Los Angeles Lakers,5,5,0,240.0,378.6,24.2,9.4,15.8,59.5,2.0,2.4,83.3,21.6,89.3,5.4,22.3,1.2,5.0,1.4,5.8,1.0,4.1
2023-24,IST,MEM,Memphis Grizzlies,4,0,4,246.2,416.5,17.3,6.3,11.3,55.6,2.0,3.0,66.7,14.8,85.5,2.5,14.5,0.5,2.9,1.0,5.8,1.3,7.2
2023-24,IST,MIA,Miami Heat,4,2,2,240.0,412.3,22.3,7.8,12.0,64.6,2.0,2.5,80.0,17.8,79.8,8.3,37.1,1.8,7.9,0.0,0.0,1.3,5.6
2023-24,IST,MIL,Milwaukee Bucks,6,5,1,240.0,384.3,18.0,6.5,10.0,65.0,2.0,2.7,75.0,15.2,84.3,4.7,25.9,1.3,7.4,0.8,4.6,1.3,7.4
2023-24,IST,MIN,Minnesota Timberwolves,4,3,1,240.0,411.0,20.0,7.0,10.8,65.1,1.3,1.5,83.3,16.3,81.3,6.5,32.5,0.8,3.8,1.3,6.3,0.8,3.8
2023-24,IST,NOP,New Orleans Pelicans,5,4,1,240.0,416.6,20.0,8.6,13.0,66.2,2.2,2.8,78.6,19.8,99.0,4.2,21.0,0.6,3.0,1.0,5.0,1.4,7.0
2023-24,IST,NYK,New York Knicks,5,3,2,240.0,395.2,18.6,5.6,10.0,56.0,1.6,2.0,80.0,12.8,68.8,6.0,32.3,1.4,7.5,1.0,5.4,1.0,5.4
2023-24,IST,OKC,Oklahoma City Thunder,4,1,3,240.0,411.0,17.3,6.3,9.3,67.6,1.8,2.0,87.5,14.3,82.6,5.0,29.0,0.8,4.3,1.3,7.2,1.0,5.8
2023-24,IST,ORL,Orlando Magic,4,3,1,240.0,409.8,18.8,9.8,12.0,81.3,2.8,3.5,78.6,22.8,121.3,4.5,24.0,1.3,6.7,0.3,1.3,1.8,9.3
2023-24,IST,PHI,Philadelphia 76ers,4,2,2,246.3,410.0,19.8,5.8,10.0,57.5,4.0,4.0,100,16.0,81.0,4.8,24.1,0.8,3.8,2.5,12.7,1.8,8.9
2023-24,IST,PHX,Phoenix Suns,5,3,2,240.0,397.2,19.8,5.8,9.0,64.4,3.8,4.4,86.4,16.0,80.8,6.8,34.3,0.8,4.0,1.2,6.1,2.2,11.1
2023-24,IST,POR,Portland Trail Blazers,4,1,3,246.3,382.3,24.5,8.5,15.5,54.8,2.0,2.5,80.0,19.5,79.6,6.0,24.5,1.3,5.1,1.0,4.1,1.3,5.1
2023-24,IST,SAC,Sacramento Kings,5,4,1,240.0,439.8,22.4,7.2,11.0,65.5,3.0,4.4,68.2,17.6,78.6,6.8,30.4,1.2,5.4,1.0,4.5,2.2,9.8
2023-24,IST,SAS,San Antonio Spurs,4,0,4,240.0,435.8,24.5,10.8,15.3,70.5,2.3,3.0,75.0,24.5,100,4.0,16.3,0.5,2.0,1.3,5.1,1.5,6.1
2023-24,IST,TOR,Toronto Raptors,4,1,3,240.0,420.8,25.3,8.5,12.5,68.0,1.8,3.0,58.3,19.0,75.2,8.8,34.7,2.0,7.9,1.3,5.0,1.3,5.0
2023-24,IST,UTA,Utah Jazz,4,2,2,240.0,368.3,22.3,9.8,14.3,68.4,3.3,4.0,81.3,23.0,103.4,3.5,15.7,0.8,3.4,1.0,4.5,2.0,9.0
2023-24,IST,WAS,Washington Wizards,4,0,4,240.0,410.0,16.8,6.0,10.0,60.0,1.0,1.0,100,13.3,79.1,4.8,28.4,1.0,6.0,1.0,6.0,0.5,3.0
2024-25,Regular+Season,ATL,Atlanta Hawks,82,40,42,241.2,408.7,28.0,10.3,16.6,62.2,2.6,3.9,67.3,23.5,83.9,7.1,25.2,1.3,4.7,1.4,5.1,1.8,6.4
2024-25,Regular+Season,BOS,Boston Celtics,82,61,21,241.8,393.3,22.2,7.7,11.7,65.8,2.7,3.4,78.6,18.4,83.0,7.0,31.3,1.4,6.3,1.0,4.3,1.7,7.5
2024-25,Regular+Season,BKN,Brooklyn Nets,82,26,56,241.2,426.0,20.9,7.4,12.0,61.6,1.6,2.3,70.2,16.6,79.5,5.9,28.4,1.1,5.1,1.0,4.8,1.1,5.2
2024-25,Regular+Season,CHA,Charlotte Hornets,82,19,63,240.9,406.9,22.9,8.0,12.4,64.0,2.7,3.6,74.7,19.1,83.6,6.4,28.0,1.2,5.3,1.4,5.9,1.6,7.2
2024-25,Regular+Season,CHI,Chicago Bulls,82,39,43,240.9,434.1,19.5,7.1,10.9,65.2,1.5,1.9,80.1,16.1,82.5,5.8,29.7,1.0,5.2,1.1,5.7,0.9,4.8
2024-25,Regular+Season,CLE,Cleveland Cavaliers,82,64,18,240.9,390.9,23.9,9.3,12.9,72.2,2.6,3.6,71.1,21.6,90.4,7.4,31.1,1.5,6.2,0.9,3.6,1.8,7.4
2024-25,Regular+Season,DAL,Dallas Mavericks,82,39,43,240.6,387.4,21.7,8.3,11.8,70.8,2.3,3.5,66.5,19.3,89.0,6.4,29.5,1.2,5.4,1.1,4.9,1.7,7.6
2024-25,Regular+Season,DEN,Denver Nuggets,82,50,32,242.1,407.7,31.0,12.8,18.8,67.8,3.7,5.0,73.4,29.8,96.0,7.2,23.1,1.7,5.5,1.4,4.6,2.4,7.6
2024-25,Regular+Season,DET,Detroit Pistons,82,44,38,241.5,392.1,21.8,8.8,13.0,67.6,2.3,3.2,71.8,20.2,92.8,5.1,23.6,1.1,5.3,0.9,4.2,1.5,6.8
2024-25,Regular+Season,GSW,Golden State Warriors,82,48,34,240.6,456.1,25.1,8.2,13.2,62.2,2.6,3.4,74.5,19.4,77.4,8.0,32.1,1.6,6.5,1.2,4.7,1.7,6.7
2024-25,Regular+Season,HOU,Houston Rockets,82,52,30,241.2,388.0,24.6,8.5,13.9,61.2,2.4,3.5,68.4,19.7,80.2,6.9,27.9,1.5,6.2,1.1,4.6,1.6,6.6
2024-25,Regular+Season,IND,Indiana Pacers,82,50,32,242.1,451.8,21.7,8.5,12.8,66.7,2.6,3.5,73.8,20.0,92.3,5.2,24.2,1.0,4.4,1.0,4.7,1.7,7.7
2024-25,Regular+Season,LAC,LA Clippers,82,50,32,241.5,388.1,22.8,9.2,14.1,65.4,1.8,2.4,73.2,20.5,89.9,5.6,24.8,1.2,5.4,1.1,5.0,1.1,5.0
2024-25,Regular+Season,LAL,Los Angeles Lakers,82,50,32,240.6,409.8,21.7,8.4,12.2,69.1,2.2,3.1,70.5,19.4,89.4,6.0,27.8,1.2,5.5,1.0,4.7,1.4,6.6
2024-25,Regular+Season,MEM,Memphis Grizzlies,82,48,34,240.3,403.0,24.2,9.0,13.5,66.3,2.5,3.2,78.0,21.0,86.7,7.0,28.9,1.1,4.6,1.3,5.2,1.5,6.0
2024-25,Regular+Season,MIA,Miami Heat,82,37,45,243.1,408.9,20.8,7.7,12.1,63.3,2.2,2.9,76.1,17.9,85.8,5.4,26.0,0.8,4.0,1.1,5.4,1.4,6.6
2024-25,Regular+Season,MIL,Milwaukee Bucks,82,48,34,240.9,395.6,18.0,6.9,10.2,68.0,1.7,2.4,71.0,15.9,88.3,4.9,27.1,0.9,4.9,0.9,5.1,1.1,6.2
2024-25,Regular+Season,MIN,Minnesota Timberwolves,82,49,33,241.8,408.4,19.4,7.5,11.3,66.3,2.8,3.8,72.4,18.1,93.2,4.4,22.7,1.0,5.4,1.0,5.2,1.8,9.1
2024-25,Regular+Season,NOP,New Orleans Pelicans,82,21,61,240.9,408.7,21.6,7.4,11.8,63.1,2.4,3.5,69.0,17.7,81.9,6.2,28.6,1.2,5.7,1.1,5.1,1.7,8.0
2024-25,Regular+Season,NYK,New York Knicks,82,51,31,242.4,401.4,22.3,8.5,12.9,66.3,1.9,2.5,75.6,19.2,86.3,5.8,26.0,1.4,6.3,1.6,7.0,1.2,5.3
2024-25,Regular+Season,OKC,Oklahoma City Thunder,82,68,14,240.3,392.0,20.2,7.3,10.7,68.0,1.6,2.1,75.9,16.5,81.5,6.8,33.5,1.5,7.4,1.0,4.8,1.0,4.9
2024-25,Regular+Season,ORL,Orlando Magic,82,41,41,240.6,398.3,21.8,8.0,12.0,66.4,2.7,3.9,70.8,19.0,87.4,5.8,26.5,1.0,4.6,1.2,5.7,1.8,8.4
2024-25,Regular+Season,PHI,Philadelphia 76ers,82,24,58,241.5,407.0,17.4,6.0,9.7,61.4,2.2,3.1,71.8,14.4,82.5,4.5,26.2,0.8,4.6,1.1,6.4,1.4,8.2
2024-25,Regular+Season,PHX,Phoenix Suns,82,36,46,241.8,428.5,18.3,5.7,9.0,63.8,2.1,2.7,77.2,13.7,75.0,6.6,36.2,1.1,5.8,0.9,4.9,1.3,7.1
2024-25,Regular+Season,POR,Portland Trail Blazers,82,36,46,241.2,402.8,23.9,8.3,13.3,62.5,2.2,3.0,72.0,19.1,79.9,6.5,27.2,1.1,4.6,1.6,6.6,1.4,5.9
2024-25,Regular+Season,SAC,Sacramento Kings,82,40,42,242.4,408.7,22.5,8.3,12.6,66.0,2.6,3.2,82.3,19.6,87.2,6.3,28.1,1.2,5.5,1.2,5.5,1.5,6.8
2024-25,Regular+Season,SAS,San Antonio Spurs,82,34,48,240.6,411.0,22.0,8.4,12.8,65.5,1.7,2.4,71.4,18.8,85.6,6.1,27.7,1.2,5.5,1.2,5.3,1.1,5.0
2024-25,Regular+Season,TOR,Toronto Raptors,82,30,52,241.5,425.9,28.7,10.4,16.8,62.2,3.1,4.1,75.3,24.4,84.9,7.7,26.9,1.4,5.0,1.3,4.6,2.0,7.0
2024-25,Regular+Season,UTA,Utah Jazz,82,17,65,241.5,402.6,22.5,8.9,13.5,66.1,2.4,3.4,69.4,20.8,92.5,4.9,21.7,0.9,4.0,1.4,6.1,1.6,7.1
2024-25,Regular+Season,WAS,Washington Wizards,82,18,64,240.6,417.1,20.3,7.5,12.1,62.1,2.3,2.9,77.7,17.6,86.8,5.0,24.7,0.9,4.5,1.2,6.0,1.4,6.9
2024-25,Playoffs,BOS,Boston Celtics,11,6,5,242.3,352.2,20.1,7.2,11.2,64.2,2.0,2.5,78.6,16.7,83.3,5.8,29.0,1.4,6.8,1.0,5.0,1.2,5.9
2024-25,Playoffs,CLE,Cleveland Cavaliers,9,5,4,240.0,373.3,21.4,6.6,10.4,62.8,2.8,2.9,96.2,16.1,75.1,7.4,34.7,1.7,7.8,1.4,6.7,1.3,6.2
2024-25,Playoffs,DEN,Denver Nuggets,14,7,7,243.6,396.6,25.9,8.4,15.4,54.4,3.3,4.9,67.6,20.1,77.4,5.5,21.2,0.9,3.6,1.1,4.1,2.3,8.8
2024-25,Playoffs,DET,Detroit Pistons,6,2,4,240.0,360.2,22.2,7.2,10.8,66.2,4.0,6.0,66.7,18.8,85.0,5.8,26.3,1.5,6.8,2.0,9.0,2.8,12.8
2024-25,Playoffs,GSW,Golden State Warriors,12,5,7,240.0,434.6,22.1,6.2,10.5,58.7,2.3,3.3,67.5,14.9,67.5,8.3,37.7,1.0,4.5,1.1,4.9,1.4,6.4
2024-25,Playoffs,HOU,Houston Rockets,7,3,4,240.0,370.6,25.0,8.1,13.1,62.0,2.0,3.7,53.8,18.4,73.7,8.3,33.1,1.0,4.0,1.3,5.1,1.6,6.3
2024-25,Playoffs,IND,Indiana Pacers,23,15,8,242.2,436.7,18.3,5.8,9.1,63.8,3.7,4.4,82.4,15.5,84.6,5.2,28.2,1.1,5.9,1.0,5.2,2.0,11.1
2024-25,Playoffs,LAC,LA Clippers,7,3,4,243.6,372.4,23.9,8.7,13.0,67.0,2.4,3.7,65.4,20.0,83.8,6.9,28.7,1.1,4.8,0.6,2.4,1.9,7.8
2024-25,Playoffs,LAL,Los Angeles Lakers,5,1,4,240.0,381.4,18.2,4.8,10.0,48.0,2.6,2.8,92.9,12.4,68.1,5.2,28.6,0.8,4.4,0.8,4.4,1.4,7.7
2024-25,Playoffs,MEM,Memphis Grizzlies,4,0,4,240.0,409.5,20.3,7.8,10.8,72.1,3.3,3.8,86.7,18.8,92.6,4.8,23.5,1.0,4.9,1.5,7.4,1.5,7.4
2024-25,Playoffs,MIA,Miami Heat,4,0,4,240.0,379.8,13.3,4.5,5.8,78.3,0.0,0.0,0.0,9.0,67.9,5.5,41.5,1.0,7.5,1.3,9.4,0.0,0.0
2024-25,Playoffs,MIL,Milwaukee Bucks,5,1,4,245.0,373.4,19.0,7.2,11.0,65.5,2.0,2.4,83.3,16.8,88.4,4.2,22.1,0.6,3.2,1.6,8.4,1.2,6.3
2024-25,Playoffs,MIN,Minnesota Timberwolves,15,9,6,240.0,405.1,17.9,5.9,9.6,61.8,2.2,3.6,61.1,14.3,80.2,4.3,23.9,1.1,6.0,1.7,9.3,1.7,9.7
2024-25,Playoffs,NYK,New York Knicks,18,10,8,242.8,379.7,21.3,7.5,11.6,64.9,1.9,2.8,70.0,17.1,80.2,6.5,30.5,1.1,5.2,1.3,6.3,1.3,6.3
2024-25,Playoffs,OKC,Oklahoma City Thunder,23,16,7,241.1,368.3,21.0,7.3,10.7,68.0,2.0,2.7,74.2,16.9,80.3,6.8,32.3,1.6,7.7,1.3,6.0,1.3,6.4
2024-25,Playoffs,ORL,Orlando Magic,5,1,4,240.0,382.8,20.0,5.8,9.8,59.2,1.6,2.8,57.1,13.4,67.0,6.4,32.0,0.4,2.0,1.8,9.0,1.2,6.0
2024-25,PlayIn,ATL,Atlanta Hawks,2,0,2,252.5,391.5,24.5,8.5,12.5,68.0,2.0,3.0,66.7,19.0,77.6,9.0,36.7,0.5,2.0,0.5,2.0,1.5,6.1
2024-25,PlayIn,CHI,Chicago Bulls,1,0,1,240.0,428.0,13.0,6.0,7.0,85.7,0.0,0.0,0.0,12.0,92.3,4.0,30.8,0.0,0.0,2.0,15.4,0.0,0.0
2024-25,PlayIn,DAL,Dallas Mavericks,2,1,1,240.0,343.5,24.5,8.0,14.0,57.1,4.5,6.0,75.0,21.0,85.7,5.5,22.4,1.0,4.1,1.5,6.1,3.0,12.2
2024-25,PlayIn,GSW,Golden State Warriors,1,1,0,240.0,452.0,26.0,11.0,15.0,73.3,0.0,0.0,0.0,24.0,92.3,7.0,26.9,1.0,3.8,2.0,7.7,0.0,0.0
2024-25,PlayIn,MEM,Memphis Grizzlies,2,1,1,240.0,375.5,28.5,11.0,16.5,66.7,1.5,3.5,42.9,23.5,82.5,7.5,26.3,1.5,5.3,1.5,5.3,1.0,3.5
2024-25,PlayIn,MIA,Miami Heat,2,2,0,252.5,435.5,21.5,7.5,12.0,62.5,2.5,3.0,83.3,17.5,81.4,5.5,25.6,1.5,7.0,1.0,4.7,1.5,7.0
2024-25,PlayIn,ORL,Orlando Magic,1,1,0,240.0,438.0,25.0,14.0,15.0,93.3,3.0,4.0,75.0,32.0,128.0,6.0,24.0,2.0,8.0,1.0,4.0,2.0,8.0
2024-25,PlayIn,SAC,Sacramento Kings,1,0,1,240.0,385.0,18.0,8.0,13.0,61.5,0.0,0.0,0.0,16.0,88.9,5.0,27.8,0.0,0.0,0.0,0.0,0.0,0.0
2024-25,IST,ATL,Atlanta Hawks,6,4,2,240.0,409.7,32.2,12.2,19.8,61.3,2.8,4.7,60.7,27.5,85.5,7.3,22.8,1.3,4.1,1.2,3.6,2.3,7.3
2024-25,IST,BOS,Boston Celtics,4,3,1,240.0,397.0,17.0,6.3,9.0,69.4,2.8,3.5,78.6,15.3,89.7,5.8,33.8,1.0,5.9,0.3,1.5,1.8,10.3
2024-25,IST,BKN,Brooklyn Nets,4,1,3,240.0,438.0,16.8,6.0,9.3,64.9,1.0,1.0,100,13.0,77.6,5.0,29.9,0.3,1.5,1.8,10.4,0.5,3.0
2024-25,IST,CHA,Charlotte Hornets,4,0,4,240.0,387.8,18.8,6.8,9.3,73.0,3.5,4.5,77.8,17.3,92.0,6.3,33.3,0.5,2.7,1.0,5.3,2.0,10.7
2024-25,IST,CHI,Chicago Bulls,4,2,2,240.0,445.3,17.3,6.8,9.3,73.0,1.3,2.0,62.5,15.0,87.0,5.0,29.0,1.0,5.8,1.3,7.2,1.0,5.8
2024-25,IST,CLE,Cleveland Cavaliers,4,2,2,240.0,396.0,21.5,8.8,10.8,81.4,2.3,2.5,90.0,20.3,94.2,8.5,39.5,1.5,7.0,0.3,1.2,1.3,5.8
2024-25,IST,DAL,Dallas Mavericks,5,3,2,240.0,406.2,27.2,10.2,13.8,73.9,3.8,6.4,59.4,24.2,89.0,7.6,27.9,1.2,4.4,1.6,5.9,3.0,11.0
2024-25,IST,DEN,Denver Nuggets,4,2,2,240.0,420.3,29.5,8.8,15.0,58.3,3.5,5.0,70.0,22.0,74.6,9.5,32.2,2.0,6.8,2.0,6.8,2.3,7.6
2024-25,IST,DET,Detroit Pistons,4,3,1,246.2,404.5,22.0,8.3,12.0,68.8,2.8,3.5,78.6,20.0,90.9,5.8,26.1,1.0,4.5,1.5,6.8,1.8,8.0
2024-25,IST,GSW,Golden State Warriors,5,3,2,240.0,449.8,23.0,6.8,11.6,58.6,4.0,6.4,62.5,17.8,77.4,5.8,25.2,1.6,7.0,1.2,5.2,3.2,13.9
2024-25,IST,HOU,Houston Rockets,6,4,2,244.2,394.3,21.5,6.8,11.7,58.6,1.3,2.0,66.7,15.3,71.3,7.5,34.9,1.2,5.4,0.8,3.9,1.0,4.7
2024-25,IST,IND,Indiana Pacers,4,0,4,240.0,444.0,19.3,6.8,10.8,62.8,1.0,2.5,40.0,14.8,76.6,3.3,16.9,0.5,2.6,2.3,11.7,1.0,5.2
2024-25,IST,LAC,LA Clippers,4,2,2,240.0,382.0,18.5,4.5,9.0,50.0,1.8,2.5,70.0,11.0,59.5,5.3,28.4,1.3,6.8,2.0,10.8,1.3,6.8
2024-25,IST,LAL,Los Angeles Lakers,4,2,2,240.0,415.3,21.3,10.3,13.8,74.5,1.0,2.5,40.0,21.8,102.4,4.3,20.0,0.8,3.5,1.3,5.9,1.0,4.7
2024-25,IST,MEM,Memphis Grizzlies,4,1,3,240.0,449.0,28.3,12.3,17.8,69.0,2.0,3.0,66.7,27.0,95.6,7.0,24.8,2.0,7.1,1.0,3.5,1.3,4.4
2024-25,IST,MIA,Miami Heat,4,2,2,246.3,418.3,19.8,6.3,12.5,50.0,1.3,1.5,83.3,14.3,72.2,5.3,26.6,0.5,2.5,0.8,3.8,0.8,3.8
2024-25,IST,MIL,Milwaukee Bucks,6,6,0,240.0,405.7,16.8,6.5,9.0,72.2,1.3,1.7,80.0,14.3,85.1,5.7,33.7,1.2,6.9,0.5,3.0,0.8,5.0
2024-25,IST,MIN,Minnesota Timberwolves,4,2,2,252.5,421.8,16.8,6.5,9.3,70.3,1.5,2.5,60.0,14.5,86.6,3.5,20.9,0.3,1.5,1.5,9.0,1.3,7.5
2024-25,IST,NOP,New Orleans Pelicans,4,1,3,240.0,426.8,18.3,5.3,9.3,56.8,2.8,3.5,78.6,13.3,72.6,4.5,24.7,0.5,2.7,1.8,9.6,2.0,11.0
2024-25,IST,NYK,New York Knicks,5,4,1,240.0,385.6,21.8,8.6,12.4,69.4,0.8,1.2,66.7,18.0,82.6,5.4,24.8,2.0,9.2,1.8,8.3,0.6,2.8
2024-25,IST,OKC,Oklahoma City Thunder,6,5,1,240.0,396.7,21.7,6.5,9.7,67.2,1.8,2.0,91.7,15.0,69.2,9.0,41.5,1.5,6.9,1.0,4.6,1.0,4.6
2024-25,IST,ORL,Orlando Magic,5,3,2,240.0,389.8,23.8,10.2,14.8,68.9,4.0,4.8,83.3,24.8,104.2,4.8,20.2,0.6,2.5,1.4,5.9,2.2,9.2
2024-25,IST,PHI,Philadelphia 76ers,4,2,2,240.0,392.0,15.0,4.8,8.5,55.9,3.5,4.0,87.5,13.0,86.7,3.3,21.7,0.5,3.3,1.3,8.3,1.8,11.7
2024-25,IST,PHX,Phoenix Suns,4,3,1,240.0,400.0,16.5,5.3,9.0,58.3,2.8,3.5,78.6,13.8,83.3,4.8,28.8,0.3,1.5,0.5,3.0,1.5,9.1
2024-25,IST,POR,Portland Trail Blazers,4,2,2,240.0,412.0,22.3,10.3,14.0,73.2,1.3,1.5,83.3,22.5,101.1,5.3,23.6,0.5,2.2,1.0,4.5,0.0,0.0
2024-25,IST,SAC,Sacramento Kings,4,1,3,246.3,413.0,21.8,8.3,11.5,71.7,1.8,2.5,70.0,19.0,87.4,6.5,29.9,1.0,4.6,1.3,5.7,1.3,5.7
2024-25,IST,SAS,San Antonio Spurs,4,2,2,240.0,414.0,24.5,8.3,12.8,64.7,1.3,2.5,50.0,18.5,75.5,7.8,31.6,2.0,8.2,1.5,6.1,1.0,4.1
2024-25,IST,TOR,Toronto Raptors,4,1,3,240.0,425.8,32.8,11.3,19.5,57.7,3.3,4.5,72.2,26.3,80.2,6.8,20.6,0.8,2.3,1.3,3.8,2.3,6.9
2024-25,IST,UTA,Utah Jazz,4,0,4,240.0,424.5,24.5,11.8,15.8,74.6,2.3,3.5,64.3,26.0,106.1,3.5,14.3,0.3,1.0,1.5,6.1,1.8,7.1
2024-25,IST,WAS,Washington Wizards,4,0,4,240.0,419.0,20.8,6.8,12.3,55.1,2.8,3.5,78.6,16.8,80.7,4.0,19.3,0.0,0.0,2.3,10.8,1.5,7.2
2025-26,Regular+Season,ATL,Atlanta Hawks,39,18,21,241.3,427.1,23.1,9.0,13.3,67.6,2.6,3.5,74.6,21.0,90.8,5.9,25.6,1.2,5.1,1.0,4.2,1.7,7.4
2025-26,Regular+Season,BOS,Boston Celtics,36,23,13,240.0,397.1,20.4,8.0,11.6,69.0,2.1,2.9,72.6,18.6,91.4,5.7,27.9,0.9,4.4,0.8,4.0,1.5,7.2
2025-26,Regular+Season,BKN,Brooklyn Nets,34,11,23,240.7,419.3,22.0,8.3,12.1,68.9,2.7,3.6,74.2,20.1,91.6,5.6,25.7,1.5,7.0,1.4,6.2,1.7,7.8
2025-26,Regular+Season,CHA,Charlotte Hornets,38,13,25,242.0,410.7,22.5,7.4,10.8,68.4,2.3,3.1,72.9,17.6,78.0,8.2,36.2,1.2,5.5,1.1,5.0,1.6,7.0
2025-26,Regular+Season,CHI,Chicago Bulls,37,17,20,241.4,458.2,22.5,7.9,12.4,64.3,1.9,2.5,76.6,17.9,79.9,6.7,29.8,1.3,5.8,1.3,5.7,1.2,5.4
2025-26,Regular+Season,CLE,Cleveland Cavaliers,38,21,17,241.3,419.7,27.0,9.6,14.5,66.2,2.9,3.9,75.0,22.3,82.8,8.1,30.0,1.6,5.8,1.4,5.1,1.7,6.3
2025-26,Regular+Season,DAL,Dallas Mavericks,37,14,23,243.4,395.3,19.7,7.7,11.7,65.4,2.2,3.2,67.8,18.2,92.2,4.5,22.6,0.5,2.3,1.1,5.6,1.5,7.8
2025-26,Regular+Season,DEN,Denver Nuggets,37,25,12,242.7,408.8,25.3,10.4,15.4,67.4,4.1,5.1,79.8,25.4,100.3,5.8,22.8,1.4,5.5,0.8,3.1,2.4,9.4
2025-26,Regular+Season,DET,Detroit Pistons,36,27,9,241.4,410.3,27.8,10.5,16.5,63.9,3.2,4.4,71.9,24.8,89.5,6.3,22.5,1.0,3.5,1.6,5.9,2.1,7.5
2025-26,Regular+Season,GSW,Golden State Warriors,38,20,18,241.3,466.3,26.6,8.3,12.9,64.0,3.6,4.7,77.5,20.5,77.0,9.4,35.4,2.1,7.9,1.2,4.5,2.3,8.7
2025-26,Regular+Season,HOU,Houston Rockets,34,22,12,244.4,405.4,28.5,9.1,15.4,59.0,2.8,3.9,71.2,21.4,75.2,8.9,31.1,1.8,6.3,1.2,4.1,1.7,6.1
2025-26,Regular+Season,IND,Indiana Pacers,38,7,31,241.3,439.7,20.3,6.6,10.7,61.2,2.4,2.9,83.8,15.8,78.2,6.2,30.5,0.9,4.3,1.2,6.0,1.5,7.4
2025-26,Regular+Season,LAC,LA Clippers,36,13,23,241.4,389.3,22.4,8.7,13.4,65.1,2.3,3.2,73.0,20.2,90.1,5.3,23.8,1.1,4.8,1.2,5.3,1.4,6.3
2025-26,Regular+Season,LAL,Los Angeles Lakers,35,23,12,240.0,391.8,24.5,10.2,14.4,70.8,2.6,3.3,77.6,23.2,94.8,6.2,25.3,0.9,3.8,1.2,5.0,1.6,6.4
2025-26,Regular+Season,MEM,Memphis Grizzlies,37,16,21,241.4,434.3,26.4,9.3,14.9,62.4,3.1,3.9,79.3,22.1,83.6,7.0,26.6,1.5,5.6,1.2,4.5,1.8,6.7
2025-26,Regular+Season,MIA,Miami Heat,35,19,16,240.7,432.1,20.1,7.7,12.1,63.5,2.1,2.6,81.1,17.8,88.4,5.1,25.1,0.8,3.8,0.8,4.1,1.3,6.5
2025-26,Regular+Season,MIL,Milwaukee Bucks,36,16,20,241.4,404.8,17.7,6.6,9.7,67.9,2.1,3.1,67.3,15.5,87.3,4.7,26.5,0.9,5.3,1.0,5.5,1.4,8.0
2025-26,Regular+Season,MIN,Minnesota Timberwolves,37,24,13,242.0,429.7,19.5,8.2,11.6,70.2,2.1,3.2,64.4,18.8,96.1,4.3,22.1,0.8,4.3,1.0,5.3,1.5,7.7
2025-26,Regular+Season,NOP,New Orleans Pelicans,39,8,31,242.6,408.3,20.7,8.6,12.6,68.4,2.5,3.2,79.0,20.1,96.9,4.8,23.0,1.1,5.1,1.2,5.6,1.6,7.5
2025-26,Regular+Season,NYK,New York Knicks,37,24,13,240.0,415.0,19.5,6.1,9.6,63.0,2.0,2.6,74.5,14.6,74.8,6.4,32.9,1.2,6.4,1.2,6.4,1.3,6.8
2025-26,Regular+Season,OKC,Oklahoma City Thunder,38,31,7,243.3,380.6,21.1,8.5,11.6,73.0,1.7,2.2,77.4,18.8,89.2,6.4,30.1,1.4,6.5,1.3,6.0,1.1,5.0
2025-26,Regular+Season,ORL,Orlando Magic,38,21,17,242.0,418.5,22.2,8.3,12.2,68.0,3.2,4.1,79.9,20.1,90.4,5.8,26.3,1.1,4.9,1.3,5.9,1.8,8.2
2025-26,Regular+Season,PHI,Philadelphia 76ers,35,20,15,244.3,441.4,19.3,7.0,11.7,59.8,2.3,3.1,75.0,16.6,85.8,4.7,24.2,1.0,5.3,1.0,5.2,1.5,7.8
2025-26,Regular+Season,PHX,Phoenix Suns,37,22,15,240.7,407.1,22.8,8.0,13.1,61.0,2.3,3.0,75.0,18.7,82.2,5.9,25.7,1.2,5.5,1.4,5.9,1.5,6.4
2025-26,Regular+Season,POR,Portland Trail Blazers,38,18,20,241.3,411.7,24.9,8.3,12.3,67.0,2.5,3.6,69.9,19.5,78.4,8.4,33.9,1.6,6.3,1.3,5.2,1.7,6.9
2025-26,Regular+Season,SAC,Sacramento Kings,37,8,29,242.0,395.9,23.8,8.5,13.6,62.2,2.3,3.5,66.4,19.8,83.0,6.1,25.8,1.1,4.7,1.5,6.5,1.7,7.0
2025-26,Regular+Season,SAS,San Antonio Spurs,37,26,11,240.7,405.9,21.5,8.2,12.1,67.7,2.2,2.8,78.8,18.9,87.9,6.1,28.3,1.2,5.4,0.9,4.2,1.4,6.7
2025-26,Regular+Season,TOR,Toronto Raptors,38,23,15,241.3,421.6,25.9,9.0,13.6,66.5,2.1,2.9,73.6,20.6,79.7,8.4,32.6,1.9,7.4,1.6,6.2,1.4,5.4
2025-26,Regular+Season,UTA,Utah Jazz,36,12,24,244.2,420.3,21.7,8.1,13.1,62.1,2.6,3.8,67.4,19.2,88.4,4.7,21.7,0.7,3.2,1.1,5.0,1.8,8.2
2025-26,Regular+Season,WAS,Washington Wizards,36,10,26,241.4,401.9,20.0,8.3,12.2,68.0,2.4,3.4,69.4,19.3,96.8,4.2,21.0,0.8,4.0,1.1,5.3,1.7,8.3
2025-26,IST,ATL,Atlanta Hawks,4,2,2,240.0,431.8,26.8,11.5,16.8,68.7,2.3,3.0,75.0,25.8,96.3,5.8,21.5,0.8,2.8,1.0,3.7,1.0,3.7
2025-26,IST,BOS,Boston Celtics,4,2,2,240.0,391.3,22.0,7.0,12.0,58.3,1.8,2.5,70.0,15.8,71.6,7.5,34.1,0.8,3.4,1.0,4.5,1.3,5.7
2025-26,IST,BKN,Brooklyn Nets,4,1,3,240.0,408.8,18.8,7.0,10.5,66.7,1.5,2.5,60.0,15.8,84.0,4.3,22.7,1.0,5.3,1.3,6.7,0.8,4.0
2025-26,IST,CHA,Charlotte Hornets,4,1,3,246.3,416.5,23.3,8.3,11.3,73.3,4.3,5.8,73.9,21.0,90.3,7.3,31.2,0.5,2.2,1.3,5.4,3.0,12.9
2025-26,IST,CHI,Chicago Bulls,4,1,3,240.0,476.5,22.3,7.8,11.3,68.9,3.0,3.5,85.7,18.5,83.1,7.5,33.7,1.3,5.6,1.3,5.6,1.8,7.9
2025-26,IST,CLE,Cleveland Cavaliers,4,2,2,240.0,408.3,31.0,9.5,15.5,61.3,2.8,3.5,78.6,22.3,71.8,11.8,37.9,3.5,11.3,0.5,1.6,1.8,5.6
2025-26,IST,DAL,Dallas Mavericks,4,1,3,252.5,412.5,18.8,8.3,11.3,73.3,2.5,2.5,100,20.0,106.7,4.0,21.3,0.0,0.0,1.5,8.0,1.0,5.3
2025-26,IST,DEN,Denver Nuggets,4,2,2,240.0,408.8,26.0,9.0,14.8,61.0,3.5,5.0,70.0,21.5,82.7,5.8,22.1,0.3,1.0,2.3,8.7,2.3,8.7
2025-26,IST,DET,Detroit Pistons,4,2,2,240.0,398.5,27.0,8.0,12.3,65.3,5.5,6.5,84.6,21.8,80.6,9.0,33.3,1.0,3.7,1.3,4.6,3.0,11.1
2025-26,IST,GSW,Golden State Warriors,4,1,3,240.0,459.3,28.3,8.8,13.8,63.6,3.8,4.5,83.3,22.5,79.6,9.8,34.5,1.8,6.2,1.3,4.4,2.3,8.0
2025-26,IST,HOU,Houston Rockets,4,2,2,240.0,411.3,29.8,8.5,16.0,53.1,1.3,2.0,62.5,19.3,64.7,9.3,31.1,1.8,5.9,1.8,5.9,1.0,3.4
2025-26,IST,IND,Indiana Pacers,4,1,3,240.0,430.8,20.8,7.8,11.8,66.0,2.3,3.0,75.0,17.8,85.5,6.0,28.9,0.5,2.4,1.3,6.0,1.3,6.0
2025-26,IST,LAC,LA Clippers,4,2,2,252.5,399.3,21.8,8.8,13.3,66.0,2.8,4.0,68.8,20.5,94.3,3.8,17.2,0.5,2.3,1.8,8.0,1.8,8.0
2025-26,IST,LAL,Los Angeles Lakers,5,4,1,240.0,379.6,23.6,10.2,14.2,71.8,1.4,2.4,58.3,22.2,94.1,4.4,18.6,0.4,1.7,1.8,7.6,1.0,4.2
2025-26,IST,MEM,Memphis Grizzlies,4,3,1,246.3,437.0,27.5,10.5,16.8,62.7,1.0,2.3,44.4,22.0,80.0,6.5,23.6,1.8,6.4,1.3,4.5,1.3,4.5
2025-26,IST,MIA,Miami Heat,4,2,2,240.0,440.8,25.0,8.0,15.0,53.3,5.0,5.5,90.9,21.8,87.0,6.3,25.0,0.8,3.0,0.5,2.0,2.8,11.0
2025-26,IST,MIL,Milwaukee Bucks,3,2,1,248.3,405.7,18.0,8.0,10.7,75.0,2.7,4.0,66.7,19.0,105.6,3.7,20.4,1.0,5.6,1.0,5.6,2.0,11.1
2025-26,IST,MIN,Minnesota Timberwolves,4,2,2,240.0,424.8,22.3,7.8,11.8,66.0,3.0,4.5,66.7,19.0,85.4,6.8,30.3,1.0,4.5,1.0,4.5,2.3,10.1
2025-26,IST,NOP,New Orleans Pelicans,4,0,4,246.3,415.5,18.8,6.5,9.8,66.7,1.8,2.0,87.5,15.5,82.7,5.3,28.0,0.8,4.0,1.5,8.0,1.0,5.3
2025-26,IST,NYK,New York Knicks,6,5,1,240.0,407.5,17.0,5.7,8.3,68.0,3.2,4.0,79.2,14.7,86.3,5.2,30.4,1.5,8.8,1.0,5.9,2.0,11.8
2025-26,IST,OKC,Oklahoma City Thunder,6,5,1,240.0,381.8,21.8,7.8,11.7,67.1,2.3,3.0,77.8,18.5,84.7,6.2,28.2,1.3,6.1,1.3,6.1,1.5,6.9
2025-26,IST,ORL,Orlando Magic,6,5,1,240.0,418.5,21.5,8.2,11.8,69.0,2.7,3.3,80.0,19.2,89.1,5.3,24.8,1.2,5.4,2.2,10.1,1.7,7.8
2025-26,IST,PHI,Philadelphia 76ers,4,1,3,240.0,426.0,14.3,4.8,7.8,61.3,0.5,0.5,100,10.0,70.2,4.3,29.8,1.0,7.0,1.5,10.5,0.3,1.8
2025-26,IST,PHX,Phoenix Suns,5,3,2,240.0,412.4,24.8,9.6,13.6,70.6,3.6,4.8,75.0,23.6,95.2,5.8,23.4,1.2,4.8,2.0,8.1,2.2,8.9
2025-26,IST,POR,Portland Trail Blazers,4,2,2,240.0,419.5,32.3,11.0,17.0,64.7,2.0,4.0,50.0,25.0,77.5,11.0,34.1,2.5,7.8,1.5,4.7,2.0,6.2
2025-26,IST,SAC,Sacramento Kings,4,0,4,240.0,401.5,26.3,10.8,16.3,66.2,1.8,2.0,87.5,24.5,93.3,6.5,24.8,1.0,3.8,2.0,7.6,1.0,3.8
2025-26,IST,SAS,San Antonio Spurs,6,5,1,240.0,406.2,20.8,6.5,11.3,57.4,3.0,3.3,90.0,16.0,76.8,6.2,29.6,1.5,7.2,0.8,4.0,1.7,8.0
2025-26,IST,TOR,Toronto Raptors,5,4,1,240.0,415.0,26.0,8.8,13.2,66.7,2.6,3.2,81.3,20.6,79.2,8.8,33.8,1.8,6.9,1.4,5.4,1.6,6.2
2025-26,IST,UTA,Utah Jazz,4,1,3,240.0,422.5,24.0,6.8,12.8,52.9,3.5,5.5,63.6,17.3,71.9,5.8,24.0,0.5,2.1,1.5,6.3,2.5,10.4
2025-26,IST,WAS,Washington Wizards,4,1,3,240.0,397.0,15.8,5.5,8.8,62.9,1.0,2.0,50.0,12.0,76.2,4.8,30.2,0.8,4.8,0.8,4.8,1.0,6.3
