SEASON,SEASON_TYPE,TEAM_ABB,TEAM_NAME,MIN,BOX_OUTS,OFF_BOXOUTS,DEF_BOXOUTS,PCT_BOX_OUTS_OFF,PCT_BOX_OUTS_DEF
2015-16,Regular+Season,ATL,Atlanta Hawks,48.0,0.0,0.0,0.0,0.0,0.0
2015-16,Regular+Season,CHI,Chicago Bulls,53.0,0.0,0.0,0.0,0.0,0.0
2015-16,Regular+Season,CLE,Cleveland Cavaliers,48.0,0.0,0.0,0.0,0.0,0.0
2015-16,Regular+Season,DAL,Dallas Mavericks,46.6,0.0,0.0,0.0,0.0,0.0
2015-16,Regular+Season,DEN,Denver Nuggets,48.0,0.0,0.0,0.0,0.0,0.0
2015-16,Regular+Season,GSW,Golden State Warriors,50.3,0.0,0.0,0.0,0.0,0.0
2015-16,Regular+Season,HOU,Houston Rockets,47.7,0.0,0.0,0.0,0.0,0.0
2015-16,Regular+Season,LAC,LA Clippers,47.7,0.0,0.0,0.0,0.0,0.0
2015-16,Regular+Season,MIA,Miami Heat,48.0,0.0,0.0,0.0,0.0,0.0
2015-16,Regular+Season,MIN,Minnesota Timberwolves,53.0,0.0,0.0,0.0,0.0,0.0
2015-16,Regular+Season,NOP,New Orleans Pelicans,48.0,0.0,0.0,0.0,0.0,0.0
2015-16,Regular+Season,NYK,New York Knicks,48.0,0.0,0.0,0.0,0.0,0.0
2015-16,Regular+Season,ORL,Orlando Magic,48.0,0.0,0.0,0.0,0.0,0.0
2015-16,Regular+Season,PHI,Philadelphia 76ers,52.0,0.0,0.0,0.0,0.0,0.0
2015-16,Regular+Season,SAS,San Antonio Spurs,44.6,0.0,0.0,0.0,0.0,0.0
2015-16,Playoffs,ATL,Atlanta Hawks,48.1,0.0,0.0,0.0,0.0,0.0
2015-16,Playoffs,BOS,Boston Celtics,48.7,0.0,0.0,0.0,0.0,0.0
2015-16,Playoffs,CHA,Charlotte Hornets,47.8,0.0,0.0,0.0,0.0,0.0
2015-16,Playoffs,CLE,Cleveland Cavaliers,47.5,0.0,0.0,0.0,0.0,0.0
2015-16,Playoffs,DAL,Dallas Mavericks,47.7,0.0,0.0,0.0,0.0,0.0
2015-16,Playoffs,DET,Detroit Pistons,47.9,0.0,0.0,0.0,0.0,0.0
2015-16,Playoffs,GSW,Golden State Warriors,47.6,0.0,0.0,0.0,0.0,0.0
2015-16,Playoffs,HOU,Houston Rockets,47.6,0.0,0.0,0.0,0.0,0.0
2015-16,Playoffs,IND,Indiana Pacers,47.3,0.0,0.0,0.0,0.0,0.0
2015-16,Playoffs,LAC,LA Clippers,47.8,0.0,0.0,0.0,0.0,0.0
2015-16,Playoffs,MEM,Memphis Grizzlies,48.0,0.0,0.0,0.0,0.0,0.0
2015-16,Playoffs,MIA,Miami Heat,48.8,0.0,0.0,0.0,0.0,0.0
2015-16,Playoffs,OKC,Oklahoma City Thunder,47.4,0.0,0.0,0.0,0.0,0.0
2015-16,Playoffs,POR,Portland Trail Blazers,47.8,0.0,0.0,0.0,0.0,0.0
2015-16,Playoffs,SAS,San Antonio Spurs,47.6,0.0,0.0,0.0,0.0,0.0
2015-16,Playoffs,TOR,Toronto Raptors,48.2,0.0,0.0,0.0,0.0,0.0
2016-17,Pre+Season,ATL,Atlanta Hawks,16.0,0.0,0.0,0.0,0.0,0.0
2016-17,Pre+Season,BOS,Boston Celtics,6.0,0.0,0.0,0.0,0.0,0.0
2016-17,Pre+Season,BKN,Brooklyn Nets,9.8,0.0,0.0,0.0,0.0,0.0
2016-17,Pre+Season,DAL,Dallas Mavericks,23.4,0.0,0.0,0.0,0.0,0.0
2016-17,Pre+Season,DET,Detroit Pistons,6.0,0.0,0.0,0.0,0.0,0.0
2016-17,Pre+Season,NYK,New York Knicks,3.7,0.0,0.0,0.0,0.0,0.0
2016-17,Pre+Season,OKC,Oklahoma City Thunder,39.6,0.0,0.0,0.0,0.0,0.0
2016-17,Regular+Season,ATL,Atlanta Hawks,48.2,0.0,0.0,0.0,0.0,0.0
2016-17,Regular+Season,BOS,Boston Celtics,48.0,0.0,0.0,0.0,0.0,0.0
2016-17,Regular+Season,BKN,Brooklyn Nets,48.0,0.0,0.0,0.0,0.0,0.0
2016-17,Regular+Season,CHA,Charlotte Hornets,48.2,0.0,0.0,0.0,0.0,0.0
2016-17,Regular+Season,CHI,Chicago Bulls,47.9,0.0,0.0,0.0,0.0,0.0
2016-17,Regular+Season,CLE,Cleveland Cavaliers,48.2,0.0,0.0,0.0,0.0,0.0
2016-17,Regular+Season,DAL,Dallas Mavericks,47.9,0.0,0.0,0.0,0.0,0.0
2016-17,Regular+Season,DEN,Denver Nuggets,48.0,0.0,0.0,0.0,0.0,0.0
2016-17,Regular+Season,DET,Detroit Pistons,47.8,0.0,0.0,0.0,0.0,0.0
2016-17,Regular+Season,GSW,Golden State Warriors,48.0,0.0,0.0,0.0,0.0,0.0
2016-17,Regular+Season,HOU,Houston Rockets,47.9,0.0,0.0,0.0,0.0,0.0
2016-17,Regular+Season,IND,Indiana Pacers,48.2,0.0,0.0,0.0,0.0,0.0
2016-17,Regular+Season,LAC,LA Clippers,47.8,0.0,0.0,0.0,0.0,0.0
2016-17,Regular+Season,LAL,Los Angeles Lakers,47.9,0.0,0.0,0.0,0.0,0.0
2016-17,Regular+Season,MEM,Memphis Grizzlies,48.4,0.0,0.0,0.0,0.0,0.0
2016-17,Regular+Season,MIA,Miami Heat,48.2,0.0,0.0,0.0,0.0,0.0
2016-17,Regular+Season,MIL,Milwaukee Bucks,47.8,0.0,0.0,0.0,0.0,0.0
2016-17,Regular+Season,MIN,Minnesota Timberwolves,48.1,0.0,0.0,0.0,0.0,0.0
2016-17,Regular+Season,NOP,New Orleans Pelicans,48.5,0.0,0.0,0.0,0.0,0.0
2016-17,Regular+Season,NYK,New York Knicks,48.1,0.0,0.0,0.0,0.0,0.0
2016-17,Regular+Season,OKC,Oklahoma City Thunder,48.0,0.0,0.0,0.0,0.0,0.0
2016-17,Regular+Season,ORL,Orlando Magic,47.9,0.0,0.0,0.0,0.0,0.0
2016-17,Regular+Season,PHI,Philadelphia 76ers,48.3,0.0,0.0,0.0,0.0,0.0
2016-17,Regular+Season,PHX,Phoenix Suns,47.8,0.0,0.0,0.0,0.0,0.0
2016-17,Regular+Season,POR,Portland Trail Blazers,48.3,0.0,0.0,0.0,0.0,0.0
2016-17,Regular+Season,SAC,Sacramento Kings,48.4,0.0,0.0,0.0,0.0,0.0
2016-17,Regular+Season,SAS,San Antonio Spurs,48.0,0.0,0.0,0.0,0.0,0.0
2016-17,Regular+Season,TOR,Toronto Raptors,48.1,0.0,0.0,0.0,0.0,0.0
2016-17,Regular+Season,UTA,Utah Jazz,47.9,0.0,0.0,0.0,0.0,0.0
2016-17,Regular+Season,WAS,Washington Wizards,48.1,0.0,0.0,0.0,0.0,0.0
2016-17,Playoffs,ATL,Atlanta Hawks,47.7,0.0,0.0,0.0,0.0,0.0
2016-17,Playoffs,BOS,Boston Celtics,47.8,0.0,0.0,0.0,0.0,0.0
2016-17,Playoffs,CHI,Chicago Bulls,47.8,0.0,0.0,0.0,0.0,0.0
2016-17,Playoffs,CLE,Cleveland Cavaliers,47.7,0.0,0.0,0.0,0.0,0.0
2016-17,Playoffs,GSW,Golden State Warriors,47.8,0.0,0.0,0.0,0.0,0.0
2016-17,Playoffs,HOU,Houston Rockets,47.8,0.0,0.0,0.0,0.0,0.0
2016-17,Playoffs,IND,Indiana Pacers,47.7,0.0,0.0,0.0,0.0,0.0
2016-17,Playoffs,LAC,LA Clippers,47.9,0.0,0.0,0.0,0.0,0.0
2016-17,Playoffs,MEM,Memphis Grizzlies,48.6,0.0,0.0,0.0,0.0,0.0
2016-17,Playoffs,MIL,Milwaukee Bucks,47.6,0.0,0.0,0.0,0.0,0.0
2016-17,Playoffs,OKC,Oklahoma City Thunder,48.0,0.0,0.0,0.0,0.0,0.0
2016-17,Playoffs,POR,Portland Trail Blazers,47.7,0.0,0.0,0.0,0.0,0.0
2016-17,Playoffs,SAS,San Antonio Spurs,48.5,0.0,0.0,0.0,0.0,0.0
2016-17,Playoffs,TOR,Toronto Raptors,47.7,0.0,0.0,0.0,0.0,0.0
2016-17,Playoffs,UTA,Utah Jazz,47.8,0.0,0.0,0.0,0.0,0.0
2016-17,Playoffs,WAS,Washington Wizards,48.0,0.0,0.0,0.0,0.0,0.0
2017-18,Pre+Season,ATL,Atlanta Hawks,38.5,5.4,0.0,0.0,0.0,0.0
2017-18,Pre+Season,BOS,Boston Celtics,43.4,6.0,0.0,0.0,0.0,0.0
2017-18,Pre+Season,BKN,Brooklyn Nets,41.4,9.0,0.0,0.0,0.0,0.0
2017-18,Pre+Season,CHA,Charlotte Hornets,44.6,10.2,0.0,0.0,0.0,0.0
2017-18,Pre+Season,CHI,Chicago Bulls,45.1,12.8,0.0,0.0,0.0,0.0
2017-18,Pre+Season,CLE,Cleveland Cavaliers,46.0,18.6,0.0,0.0,0.0,0.0
2017-18,Pre+Season,DAL,Dallas Mavericks,44.9,16.3,0.0,0.0,0.0,0.0
2017-18,Pre+Season,DEN,Denver Nuggets,38.6,4.0,0.0,0.0,0.0,0.0
2017-18,Pre+Season,DET,Detroit Pistons,47.1,14.0,0.0,0.0,0.0,0.0
2017-18,Pre+Season,GSW,Golden State Warriors,37.4,3.3,0.0,0.0,0.0,0.0
2017-18,Pre+Season,HOU,Houston Rockets,45.5,9.8,0.0,0.0,0.0,0.0
2017-18,Pre+Season,IND,Indiana Pacers,47.2,21.8,0.0,0.0,0.0,0.0
2017-18,Pre+Season,LAC,LA Clippers,33.2,3.4,0.0,0.0,0.0,0.0
2017-18,Pre+Season,LAL,Los Angeles Lakers,37.8,4.7,0.3,3.0,7.1,64.3
2017-18,Pre+Season,MEM,Memphis Grizzlies,40.1,11.8,0.0,0.0,0.0,0.0
2017-18,Pre+Season,MIA,Miami Heat,42.7,9.7,0.0,0.0,0.0,0.0
2017-18,Pre+Season,MIL,Milwaukee Bucks,42.2,16.5,0.0,0.0,0.0,0.0
2017-18,Pre+Season,MIN,Minnesota Timberwolves,23.2,1.0,0.0,0.0,0.0,0.0
2017-18,Pre+Season,NOP,New Orleans Pelicans,42.3,13.0,0.0,0.0,0.0,0.0
2017-18,Pre+Season,NYK,New York Knicks,47.4,7.8,0.0,0.0,0.0,0.0
2017-18,Pre+Season,OKC,Oklahoma City Thunder,42.0,7.3,0.0,0.0,0.0,0.0
2017-18,Pre+Season,ORL,Orlando Magic,47.1,18.3,0.0,0.0,0.0,0.0
2017-18,Pre+Season,PHI,Philadelphia 76ers,47.9,12.8,0.0,0.0,0.0,0.0
2017-18,Pre+Season,PHX,Phoenix Suns,40.2,11.6,0.0,0.0,0.0,0.0
2017-18,Pre+Season,POR,Portland Trail Blazers,41.1,7.2,0.0,0.0,0.0,0.0
2017-18,Pre+Season,SAC,Sacramento Kings,40.7,4.0,0.0,0.0,0.0,0.0
2017-18,Pre+Season,SAS,San Antonio Spurs,38.5,11.6,0.0,0.0,0.0,0.0
2017-18,Pre+Season,TOR,Toronto Raptors,36.6,3.2,0.0,0.0,0.0,0.0
2017-18,Pre+Season,UTA,Utah Jazz,38.7,11.0,0.4,1.4,3.6,12.7
2017-18,Pre+Season,WAS,Washington Wizards,47.5,19.8,0.0,0.0,0.0,0.0
2017-18,Regular+Season,ATL,Atlanta Hawks,48.0,30.8,4.9,25.8,16.0,84.0
2017-18,Regular+Season,BOS,Boston Celtics,48.1,33.1,5.2,27.9,15.7,84.3
2017-18,Regular+Season,BKN,Brooklyn Nets,48.3,31.3,2.7,28.6,8.6,91.4
2017-18,Regular+Season,CHA,Charlotte Hornets,48.0,27.8,5.8,22.0,20.7,79.3
2017-18,Regular+Season,CHI,Chicago Bulls,48.3,28.7,5.7,22.9,20.0,80.0
2017-18,Regular+Season,CLE,Cleveland Cavaliers,47.9,30.5,4.4,26.1,14.5,85.4
2017-18,Regular+Season,DAL,Dallas Mavericks,48.1,29.7,2.7,26.9,9.3,90.7
2017-18,Regular+Season,DEN,Denver Nuggets,48.2,28.0,5.5,22.4,19.8,80.2
2017-18,Regular+Season,DET,Detroit Pistons,48.2,26.9,5.9,21.0,21.8,78.0
2017-18,Regular+Season,GSW,Golden State Warriors,48.1,28.6,3.5,25.1,12.1,87.9
2017-18,Regular+Season,HOU,Houston Rockets,48.0,30.2,4.6,25.6,15.3,84.7
2017-18,Regular+Season,IND,Indiana Pacers,48.0,27.8,4.4,23.4,15.8,84.2
2017-18,Regular+Season,LAC,LA Clippers,47.9,31.2,6.0,25.2,19.2,80.8
2017-18,Regular+Season,LAL,Los Angeles Lakers,48.4,29.5,3.7,25.8,12.5,87.5
2017-18,Regular+Season,MEM,Memphis Grizzlies,48.0,27.8,4.3,23.5,15.5,84.5
2017-18,Regular+Season,MIA,Miami Heat,48.5,27.6,4.4,23.2,15.9,84.1
2017-18,Regular+Season,MIL,Milwaukee Bucks,48.2,28.2,3.2,25.0,11.2,88.7
2017-18,Regular+Season,MIN,Minnesota Timberwolves,47.8,25.0,3.9,21.1,15.6,84.4
2017-18,Regular+Season,NOP,New Orleans Pelicans,48.4,28.0,4.9,23.0,17.5,82.2
2017-18,Regular+Season,NYK,New York Knicks,48.2,28.6,6.9,21.7,24.2,75.8
2017-18,Regular+Season,OKC,Oklahoma City Thunder,48.2,32.8,8.0,24.9,24.2,75.8
2017-18,Regular+Season,ORL,Orlando Magic,47.9,28.9,4.2,24.8,14.4,85.6
2017-18,Regular+Season,PHI,Philadelphia 76ers,48.1,28.8,5.8,22.9,20.1,79.8
2017-18,Regular+Season,PHX,Phoenix Suns,48.0,29.9,4.9,25.0,16.3,83.6
2017-18,Regular+Season,POR,Portland Trail Blazers,48.0,32.5,6.6,25.9,20.3,79.7
2017-18,Regular+Season,SAC,Sacramento Kings,48.1,27.1,4.3,22.8,15.9,84.1
2017-18,Regular+Season,SAS,San Antonio Spurs,47.8,29.6,5.9,23.7,19.9,80.1
2017-18,Regular+Season,TOR,Toronto Raptors,48.2,29.8,5.1,24.7,17.0,82.7
2017-18,Regular+Season,UTA,Utah Jazz,48.1,29.0,4.3,24.7,14.7,85.3
2017-18,Regular+Season,WAS,Washington Wizards,48.3,30.6,6.3,24.4,20.4,79.6
2017-18,Playoffs,BOS,Boston Celtics,48.4,40.4,6.8,33.5,16.9,83.1
2017-18,Playoffs,CLE,Cleveland Cavaliers,48.3,38.6,6.5,32.1,16.8,83.2
2017-18,Playoffs,GSW,Golden State Warriors,48.0,35.9,4.5,31.4,12.6,87.4
2017-18,Playoffs,HOU,Houston Rockets,47.7,32.7,4.5,28.2,13.8,86.2
2017-18,Playoffs,IND,Indiana Pacers,47.9,29.7,6.1,23.6,20.7,79.3
2017-18,Playoffs,MIA,Miami Heat,47.8,50.6,4.2,46.4,8.3,91.7
2017-18,Playoffs,MIL,Milwaukee Bucks,48.5,30.9,3.1,27.7,10.2,89.8
2017-18,Playoffs,MIN,Minnesota Timberwolves,47.8,32.2,2.4,29.8,7.5,92.5
2017-18,Playoffs,NOP,New Orleans Pelicans,47.9,33.1,2.9,30.2,8.7,91.3
2017-18,Playoffs,OKC,Oklahoma City Thunder,47.7,45.2,5.8,39.3,12.9,87.1
2017-18,Playoffs,PHI,Philadelphia 76ers,48.2,32.6,7.5,25.1,23.0,77.0
2017-18,Playoffs,POR,Portland Trail Blazers,48.0,27.0,5.5,21.5,20.4,79.6
2017-18,Playoffs,SAS,San Antonio Spurs,47.6,31.0,5.8,25.2,18.7,81.3
2017-18,Playoffs,TOR,Toronto Raptors,48.4,33.7,4.9,28.8,14.5,85.5
2017-18,Playoffs,UTA,Utah Jazz,47.8,39.2,4.9,34.3,12.5,87.5
2017-18,Playoffs,WAS,Washington Wizards,47.9,28.3,4.0,24.3,14.1,85.9
2018-19,Pre+Season,Adelaide 36ers,Adelaide 36ers,47.3,50.0,0.0,0.0,0.0,0.0
2018-19,Pre+Season,ATL,Atlanta Hawks,46.4,30.8,0.0,0.0,0.0,0.0
2018-19,Pre+Season,Beijing Ducks,Beijing Ducks,42.3,21.0,0.0,0.0,0.0,0.0
2018-19,Pre+Season,BOS,Boston Celtics,47.2,22.5,0.0,0.0,0.0,0.0
2018-19,Pre+Season,BKN,Brooklyn Nets,48.2,26.8,0.0,0.0,0.0,0.0
2018-19,Pre+Season,CHA,Charlotte Hornets,47.2,24.4,0.0,0.0,0.0,0.0
2018-19,Pre+Season,CHI,Chicago Bulls,47.8,28.8,0.0,0.0,0.0,0.0
2018-19,Pre+Season,CLE,Cleveland Cavaliers,47.4,25.3,0.0,0.0,0.0,0.0
2018-19,Pre+Season,DAL,Dallas Mavericks,46.6,23.0,0.5,4.8,2.2,20.7
2018-19,Pre+Season,DEN,Denver Nuggets,46.9,20.6,0.0,0.0,0.0,0.0
2018-19,Pre+Season,DET,Detroit Pistons,48.6,20.4,0.0,0.0,0.0,0.0
2018-19,Pre+Season,Flamengo Flamengo,Flamengo Flamengo,48.0,30.0,0.0,0.0,0.0,0.0
2018-19,Pre+Season,GSW,Golden State Warriors,47.6,22.6,0.2,5.4,0.9,23.9
2018-19,Pre+Season,Guangzhou Long-Lions,Guangzhou Long-Lions,47.0,20.0,0.0,0.0,0.0,0.0
2018-19,Pre+Season,Haifa Maccabi Haifa,Haifa Maccabi Haifa,43.0,22.0,0.0,0.0,0.0,0.0
2018-19,Pre+Season,HOU,Houston Rockets,46.7,26.2,0.0,0.0,0.0,0.0
2018-19,Pre+Season,IND,Indiana Pacers,49.3,25.0,0.8,10.0,3.0,40.0
2018-19,Pre+Season,LAC,LA Clippers,47.4,27.6,0.0,0.0,0.0,0.0
2018-19,Pre+Season,LAL,Los Angeles Lakers,47.6,33.2,0.5,4.7,1.5,14.1
2018-19,Pre+Season,Melbourne United,Melbourne United,45.5,25.5,0.0,0.0,0.0,0.0
2018-19,Pre+Season,MEM,Memphis Grizzlies,48.8,37.6,0.2,9.8,0.5,26.1
2018-19,Pre+Season,MIA,Miami Heat,48.0,19.5,0.0,0.0,0.0,0.0
2018-19,Pre+Season,MIL,Milwaukee Bucks,49.7,33.0,0.0,0.0,0.0,0.0
2018-19,Pre+Season,MIN,Minnesota Timberwolves,47.6,19.0,0.0,0.0,0.0,0.0
2018-19,Pre+Season,NOP,New Orleans Pelicans,47.4,16.3,0.0,0.0,0.0,0.0
2018-19,Pre+Season,NYK,New York Knicks,49.0,26.4,0.0,0.0,0.0,0.0
2018-19,Pre+Season,New Zealand Breakers,New Zealand Breakers,42.3,23.0,0.0,0.0,0.0,0.0
2018-19,Pre+Season,OKC,Oklahoma City Thunder,48.7,29.3,0.0,0.0,0.0,0.0
2018-19,Pre+Season,ORL,Orlando Magic,46.9,29.8,0.0,0.0,0.0,0.0
2018-19,Pre+Season,Perth Wildcats,Perth Wildcats,46.4,13.5,0.0,0.0,0.0,0.0
2018-19,Pre+Season,PHI,Philadelphia 76ers,46.8,20.0,1.3,3.8,6.3,18.8
2018-19,Pre+Season,PHX,Phoenix Suns,46.4,24.4,0.0,0.0,0.0,0.0
2018-19,Pre+Season,POR,Portland Trail Blazers,47.3,36.0,0.0,0.0,0.0,0.0
2018-19,Pre+Season,SAC,Sacramento Kings,47.5,26.3,0.0,0.0,0.0,0.0
2018-19,Pre+Season,SAS,San Antonio Spurs,46.9,24.6,0.0,0.0,0.0,0.0
2018-19,Pre+Season,Shanghai Sharks,Shanghai Sharks,44.5,26.0,0.0,0.0,0.0,0.0
2018-19,Pre+Season,SAC,Sacramento Kings,46.9,18.0,0.0,0.0,0.0,0.0
2018-19,Pre+Season,TOR,Toronto Raptors,44.7,16.4,0.0,0.0,0.0,0.0
2018-19,Pre+Season,UTA,Utah Jazz,47.0,39.2,0.0,0.0,0.0,0.0
2018-19,Pre+Season,WAS,Washington Wizards,48.7,29.2,0.0,0.0,0.0,0.0
2018-19,Regular+Season,ATL,Atlanta Hawks,48.2,24.9,3.8,21.1,15.1,84.8
2018-19,Regular+Season,BOS,Boston Celtics,47.8,27.8,3.8,24.0,13.5,86.4
2018-19,Regular+Season,BKN,Brooklyn Nets,48.4,29.1,3.0,26.0,10.4,89.6
2018-19,Regular+Season,CHA,Charlotte Hornets,48.2,26.8,2.6,24.2,9.6,90.4
2018-19,Regular+Season,CHI,Chicago Bulls,48.3,25.1,3.3,21.7,13.1,86.8
2018-19,Regular+Season,CLE,Cleveland Cavaliers,48.1,25.5,3.7,21.8,14.4,85.6
2018-19,Regular+Season,DAL,Dallas Mavericks,48.0,24.5,2.7,21.8,11.0,89.0
2018-19,Regular+Season,DEN,Denver Nuggets,47.8,21.7,3.6,18.1,16.5,83.5
2018-19,Regular+Season,DET,Detroit Pistons,48.2,21.9,4.1,17.7,18.8,80.9
2018-19,Regular+Season,GSW,Golden State Warriors,47.7,25.2,2.5,22.7,10.1,89.9
2018-19,Regular+Season,HOU,Houston Rockets,48.3,25.2,3.1,22.1,12.3,87.7
2018-19,Regular+Season,IND,Indiana Pacers,47.9,24.0,3.0,20.9,12.7,87.3
2018-19,Regular+Season,LAC,LA Clippers,48.0,25.1,2.6,22.5,10.3,89.7
2018-19,Regular+Season,LAL,Los Angeles Lakers,48.1,21.9,2.2,19.6,10.2,89.8
2018-19,Regular+Season,MEM,Memphis Grizzlies,48.3,25.0,3.3,21.7,13.3,86.7
2018-19,Regular+Season,MIA,Miami Heat,48.0,23.1,3.0,20.1,13.0,87.0
2018-19,Regular+Season,MIL,Milwaukee Bucks,48.0,24.8,2.4,22.4,9.5,90.5
2018-19,Regular+Season,MIN,Minnesota Timberwolves,48.2,20.9,3.1,17.8,14.9,85.1
2018-19,Regular+Season,NOP,New Orleans Pelicans,48.0,23.7,3.2,20.5,13.4,86.6
2018-19,Regular+Season,NYK,New York Knicks,48.2,24.3,4.1,20.2,16.8,83.2
2018-19,Regular+Season,OKC,Oklahoma City Thunder,48.2,25.6,3.9,21.7,15.3,84.7
2018-19,Regular+Season,ORL,Orlando Magic,48.1,24.6,2.9,21.7,11.8,88.2
2018-19,Regular+Season,PHI,Philadelphia 76ers,48.1,25.4,3.3,22.1,13.0,87.0
2018-19,Regular+Season,PHX,Phoenix Suns,48.2,20.3,1.8,18.5,8.8,91.1
2018-19,Regular+Season,POR,Portland Trail Blazers,48.3,25.9,4.3,21.6,16.7,83.3
2018-19,Regular+Season,SAC,Sacramento Kings,47.8,22.7,2.5,20.2,11.0,89.0
2018-19,Regular+Season,SAS,San Antonio Spurs,48.2,27.1,3.2,24.0,11.7,88.3
2018-19,Regular+Season,TOR,Toronto Raptors,48.1,28.0,2.9,25.1,10.5,89.5
2018-19,Regular+Season,UTA,Utah Jazz,48.0,24.1,2.5,21.6,10.3,89.7
2018-19,Regular+Season,WAS,Washington Wizards,48.4,23.8,3.2,20.5,13.6,86.4
2018-19,Playoffs,BOS,Boston Celtics,47.1,26.9,3.3,23.6,12.4,87.6
2018-19,Playoffs,BKN,Brooklyn Nets,47.9,32.0,0.6,31.4,1.9,98.1
2018-19,Playoffs,DEN,Denver Nuggets,48.7,20.6,2.6,17.9,12.8,86.9
2018-19,Playoffs,DET,Detroit Pistons,47.8,22.3,2.3,20.0,10.1,89.9
2018-19,Playoffs,GSW,Golden State Warriors,48.2,21.8,2.2,19.6,10.2,89.8
2018-19,Playoffs,HOU,Houston Rockets,48.4,28.2,2.1,26.1,7.4,92.6
2018-19,Playoffs,IND,Indiana Pacers,44.3,15.5,2.3,13.3,14.5,85.5
2018-19,Playoffs,LAC,LA Clippers,47.8,24.5,1.2,23.3,4.8,95.2
2018-19,Playoffs,MIL,Milwaukee Bucks,48.4,20.6,2.3,18.3,11.0,89.0
2018-19,Playoffs,OKC,Oklahoma City Thunder,47.9,27.2,1.4,25.8,5.1,94.9
2018-19,Playoffs,ORL,Orlando Magic,48.0,20.0,4.0,16.0,20.0,80.0
2018-19,Playoffs,PHI,Philadelphia 76ers,47.5,22.3,2.3,19.9,10.5,89.5
2018-19,Playoffs,POR,Portland Trail Blazers,49.1,29.8,3.0,26.8,10.1,89.9
2018-19,Playoffs,SAS,San Antonio Spurs,47.6,22.4,1.3,21.1,5.7,94.3
2018-19,Playoffs,TOR,Toronto Raptors,48.2,28.3,2.0,26.3,7.1,92.9
2018-19,Playoffs,UTA,Utah Jazz,47.7,22.6,2.8,19.8,12.4,87.6
2019-20,Pre+Season,Adelaide 36ers,Adelaide 36ers,48.0,7.0,1.0,6.0,14.3,85.7
2019-20,Pre+Season,ATL,Atlanta Hawks,48.0,11.6,1.0,10.6,8.6,91.4
2019-20,Pre+Season,BOS,Boston Celtics,46.5,15.2,3.0,12.2,19.8,80.2
2019-20,Pre+Season,BKN,Brooklyn Nets,41.3,17.8,1.7,16.2,9.3,90.7
2019-20,Pre+Season,Buenos Aires San Lorenzo,Buenos Aires San Lorenzo,47.5,4.0,0.0,4.0,0.0,100
2019-20,Pre+Season,CHA,Charlotte Hornets,47.8,13.6,0.6,13.0,4.4,95.6
2019-20,Pre+Season,CHI,Chicago Bulls,47.5,20.2,1.6,18.6,7.9,92.1
2019-20,Pre+Season,CLE,Cleveland Cavaliers,47.9,12.5,1.3,11.3,10.0,90.0
2019-20,Pre+Season,DAL,Dallas Mavericks,48.0,16.1,1.0,15.1,6.2,93.8
2019-20,Pre+Season,DEN,Denver Nuggets,47.6,13.0,1.8,11.2,14.1,85.9
2019-20,Pre+Season,DET,Detroit Pistons,47.6,14.8,1.8,13.0,12.2,87.8
2019-20,Pre+Season,GSW,Golden State Warriors,47.4,17.2,1.6,15.6,9.3,90.7
2019-20,Pre+Season,Guangzhou Long-Lions,Guangzhou Long-Lions,45.3,19.0,2.0,17.0,10.5,89.5
2019-20,Pre+Season,Haifa Maccabi Haifa,Haifa Maccabi Haifa,37.4,18.7,2.7,16.0,14.3,85.7
2019-20,Pre+Season,HOU,Houston Rockets,46.8,18.9,1.8,17.1,9.3,90.7
2019-20,Pre+Season,IND,Indiana Pacers,40.4,16.0,2.4,13.6,15.0,85.0
2019-20,Pre+Season,LAC,LA Clippers,40.7,16.1,1.4,14.7,8.8,91.2
2019-20,Pre+Season,LAL,Los Angeles Lakers,45.4,18.6,2.4,16.1,13.2,86.8
2019-20,Pre+Season,Melbourne United,Melbourne United,47.8,17.0,2.5,14.5,14.7,85.3
2019-20,Pre+Season,MEM,Memphis Grizzlies,41.7,14.6,1.5,13.1,10.3,89.7
2019-20,Pre+Season,MIA,Miami Heat,42.9,17.8,1.9,15.9,10.6,89.4
2019-20,Pre+Season,MIL,Milwaukee Bucks,47.1,22.3,1.7,20.7,7.5,92.5
2019-20,Pre+Season,MIN,Minnesota Timberwolves,48.0,15.8,3.2,12.6,20.3,79.7
2019-20,Pre+Season,NOP,New Orleans Pelicans,37.1,12.9,1.4,11.5,10.7,89.3
2019-20,Pre+Season,NYK,New York Knicks,48.0,13.3,3.3,10.0,24.5,75.5
2019-20,Pre+Season,New Zealand Breakers,New Zealand Breakers,42.6,7.0,0.0,7.0,0.0,100
2019-20,Pre+Season,OKC,Oklahoma City Thunder,46.2,22.2,1.0,21.2,4.5,95.5
2019-20,Pre+Season,ORL,Orlando Magic,45.6,16.2,2.0,14.2,12.3,87.7
2019-20,Pre+Season,PHI,Philadelphia 76ers,42.1,14.6,1.4,13.3,9.4,90.6
2019-20,Pre+Season,PHX,Phoenix Suns,41.2,19.0,2.6,16.4,13.5,86.5
2019-20,Pre+Season,POR,Portland Trail Blazers,40.2,13.5,2.2,11.3,16.0,84.0
2019-20,Pre+Season,SESI/Franca Basketball Club of Brazil,SESI/Franca Basketball Club of Brazil,47.8,21.0,1.0,20.0,4.8,95.2
2019-20,Pre+Season,SAC,Sacramento Kings,37.7,14.5,1.1,13.4,7.8,92.2
2019-20,Pre+Season,SAS,San Antonio Spurs,40.5,11.5,1.3,10.2,11.6,88.4
2019-20,Pre+Season,Shanghai Sharks,Shanghai Sharks,47.7,14.0,1.0,13.0,7.1,92.9
2019-20,Pre+Season,TOR,Toronto Raptors,40.4,19.0,1.4,17.6,7.5,92.5
2019-20,Pre+Season,UTA,Utah Jazz,47.1,21.7,1.9,19.9,8.6,91.4
2019-20,Pre+Season,WAS,Washington Wizards,43.0,17.0,1.8,15.3,10.3,89.7
2019-20,Regular+Season,ATL,Atlanta Hawks,48.5,15.7,2.2,13.5,14.0,86.0
2019-20,Regular+Season,BOS,Boston Celtics,48.1,18.0,2.4,15.7,13.0,86.8
2019-20,Regular+Season,BKN,Brooklyn Nets,48.4,16.6,1.2,15.4,7.3,92.7
2019-20,Regular+Season,CHA,Charlotte Hornets,48.3,14.5,1.6,12.9,10.7,89.3
2019-20,Regular+Season,CHI,Chicago Bulls,48.1,14.7,1.9,12.9,12.6,87.4
2019-20,Regular+Season,CLE,Cleveland Cavaliers,48.0,16.6,2.5,14.1,14.9,85.1
2019-20,Regular+Season,DAL,Dallas Mavericks,48.1,14.5,0.9,13.6,6.4,93.6
2019-20,Regular+Season,DEN,Denver Nuggets,48.4,12.4,1.8,10.6,14.5,85.5
2019-20,Regular+Season,DET,Detroit Pistons,48.1,12.7,1.4,11.3,11.4,88.6
2019-20,Regular+Season,GSW,Golden State Warriors,48.2,15.4,0.9,14.5,5.6,94.4
2019-20,Regular+Season,HOU,Houston Rockets,48.1,16.9,1.1,15.8,6.5,93.4
2019-20,Regular+Season,IND,Indiana Pacers,48.1,13.7,1.4,12.4,9.9,90.1
2019-20,Regular+Season,LAC,LA Clippers,47.9,18.4,1.8,16.6,9.8,90.2
2019-20,Regular+Season,LAL,Los Angeles Lakers,47.9,15.9,2.6,13.2,16.7,83.3
2019-20,Regular+Season,MEM,Memphis Grizzlies,48.0,16.1,2.2,13.8,13.7,86.1
2019-20,Regular+Season,MIA,Miami Heat,48.5,19.2,1.5,17.7,7.9,92.1
2019-20,Regular+Season,MIL,Milwaukee Bucks,48.1,17.5,1.6,15.9,8.9,91.1
2019-20,Regular+Season,MIN,Minnesota Timberwolves,48.4,13.0,1.2,11.8,9.4,90.6
2019-20,Regular+Season,NOP,New Orleans Pelicans,48.2,15.7,1.2,14.5,7.5,92.5
2019-20,Regular+Season,NYK,New York Knicks,48.1,17.6,2.5,15.1,14.3,85.7
2019-20,Regular+Season,OKC,Oklahoma City Thunder,48.3,15.0,1.5,13.5,9.9,90.1
2019-20,Regular+Season,ORL,Orlando Magic,48.0,14.5,1.6,12.9,11.2,88.8
2019-20,Regular+Season,PHI,Philadelphia 76ers,48.1,15.7,2.1,13.6,13.5,86.5
2019-20,Regular+Season,PHX,Phoenix Suns,48.0,15.6,1.6,14.0,10.1,89.9
2019-20,Regular+Season,POR,Portland Trail Blazers,47.9,13.5,2.1,11.4,15.4,84.6
2019-20,Regular+Season,SAC,Sacramento Kings,48.3,14.0,1.5,12.5,10.8,89.2
2019-20,Regular+Season,SAS,San Antonio Spurs,48.3,15.4,1.1,14.3,7.4,92.6
2019-20,Regular+Season,TOR,Toronto Raptors,48.0,18.4,1.4,17.0,7.8,92.2
2019-20,Regular+Season,UTA,Utah Jazz,48.0,18.1,1.7,16.4,9.6,90.4
2019-20,Regular+Season,WAS,Washington Wizards,48.0,15.1,1.3,13.8,8.7,91.3
2019-20,Playoffs,BOS,Boston Celtics,48.7,20.1,2.1,17.9,10.6,89.4
2019-20,Playoffs,BKN,Brooklyn Nets,47.5,12.0,0.5,11.5,4.2,95.8
2019-20,Playoffs,DAL,Dallas Mavericks,48.6,14.7,1.5,13.2,10.2,89.8
2019-20,Playoffs,DEN,Denver Nuggets,47.9,14.5,1.3,13.1,9.1,90.5
2019-20,Playoffs,HOU,Houston Rockets,48.1,20.5,1.2,19.3,5.7,94.3
2019-20,Playoffs,IND,Indiana Pacers,48.0,11.3,0.0,11.3,0.0,100
2019-20,Playoffs,LAC,LA Clippers,47.7,18.6,0.9,17.7,5.0,95.0
2019-20,Playoffs,LAL,Los Angeles Lakers,47.8,12.4,2.9,9.5,23.4,76.6
2019-20,Playoffs,MIA,Miami Heat,48.4,17.8,1.1,16.7,6.2,93.8
2019-20,Playoffs,MIL,Milwaukee Bucks,48.4,14.9,0.8,14.1,5.4,94.6
2019-20,Playoffs,OKC,Oklahoma City Thunder,48.7,9.7,2.6,7.1,26.5,73.5
2019-20,Playoffs,ORL,Orlando Magic,47.7,12.2,0.4,11.8,3.3,96.7
2019-20,Playoffs,PHI,Philadelphia 76ers,47.5,21.5,3.5,18.0,16.3,83.7
2019-20,Playoffs,POR,Portland Trail Blazers,47.9,15.4,2.6,12.8,16.9,83.1
2019-20,Playoffs,TOR,Toronto Raptors,48.5,16.2,1.3,14.9,7.9,92.1
2019-20,Playoffs,UTA,Utah Jazz,48.4,24.4,0.9,23.6,3.5,96.5
2019-20,PlayIn,MEM,Memphis Grizzlies,48.0,22.0,1.0,21.0,4.5,95.5
2019-20,PlayIn,POR,Portland Trail Blazers,48.0,17.0,1.0,16.0,5.9,94.1
2019-20,IST,NOP,New Orleans Pelicans,53.0,19.0,1.0,18.0,5.3,94.7
2019-20,IST,TOR,Toronto Raptors,53.0,23.0,1.0,22.0,4.3,95.7
2020-21,Pre+Season,ATL,Atlanta Hawks,47.8,16.3,1.5,14.8,9.2,90.8
2020-21,Pre+Season,BOS,Boston Celtics,48.0,11.0,2.5,8.5,22.7,77.3
2020-21,Pre+Season,BKN,Brooklyn Nets,47.4,19.0,2.5,16.5,13.2,86.8
2020-21,Pre+Season,CHA,Charlotte Hornets,47.4,16.0,1.0,15.0,6.3,93.8
2020-21,Pre+Season,CHI,Chicago Bulls,47.4,14.0,2.3,11.8,16.1,83.9
2020-21,Pre+Season,CLE,Cleveland Cavaliers,48.0,14.0,0.5,13.5,3.6,96.4
2020-21,Pre+Season,DAL,Dallas Mavericks,49.0,19.3,1.0,18.3,5.2,94.8
2020-21,Pre+Season,DEN,Denver Nuggets,47.8,12.7,3.0,9.7,23.7,76.3
2020-21,Pre+Season,DET,Detroit Pistons,47.7,15.5,1.0,14.5,6.5,93.5
2020-21,Pre+Season,GSW,Golden State Warriors,48.0,14.0,0.3,13.7,2.4,97.6
2020-21,Pre+Season,HOU,Houston Rockets,47.2,9.0,2.0,7.0,22.2,77.8
2020-21,Pre+Season,IND,Indiana Pacers,47.9,13.0,0.3,12.7,2.6,97.4
2020-21,Pre+Season,LAC,LA Clippers,47.6,20.3,2.3,18.0,11.5,88.5
2020-21,Pre+Season,LAL,Los Angeles Lakers,48.0,18.3,0.8,17.5,4.1,95.9
2020-21,Pre+Season,MEM,Memphis Grizzlies,47.5,13.3,1.8,11.5,13.2,86.8
2020-21,Pre+Season,MIA,Miami Heat,47.3,17.5,0.0,17.5,0.0,100
2020-21,Pre+Season,MIL,Milwaukee Bucks,46.4,28.3,3.0,25.3,10.6,89.4
2020-21,Pre+Season,MIN,Minnesota Timberwolves,49.7,11.7,1.7,10.0,14.3,85.7
2020-21,Pre+Season,NOP,New Orleans Pelicans,48.0,19.0,3.0,16.0,15.8,84.2
2020-21,Pre+Season,NYK,New York Knicks,48.0,17.0,0.8,16.3,4.4,95.6
2020-21,Pre+Season,OKC,Oklahoma City Thunder,48.0,12.0,0.7,11.3,5.6,94.4
2020-21,Pre+Season,ORL,Orlando Magic,47.8,14.5,1.3,13.3,8.6,91.4
2020-21,Pre+Season,PHI,Philadelphia 76ers,48.0,7.5,3.5,4.0,46.7,53.3
2020-21,Pre+Season,PHX,Phoenix Suns,47.8,13.3,1.3,12.0,9.4,90.6
2020-21,Pre+Season,POR,Portland Trail Blazers,48.0,13.5,3.3,10.3,24.1,75.9
2020-21,Pre+Season,SAC,Sacramento Kings,47.7,9.8,1.0,8.8,10.3,89.7
2020-21,Pre+Season,SAS,San Antonio Spurs,48.0,11.0,1.3,9.7,12.1,87.9
2020-21,Pre+Season,TOR,Toronto Raptors,47.4,7.3,0.3,7.0,4.5,95.5
2020-21,Pre+Season,UTA,Utah Jazz,47.8,17.3,1.3,16.0,7.7,92.3
2020-21,Pre+Season,WAS,Washington Wizards,47.0,14.3,1.3,13.0,9.3,90.7
2020-21,Regular+Season,ATL,Atlanta Hawks,48.1,9.9,1.7,8.2,17.1,82.9
2020-21,Regular+Season,BOS,Boston Celtics,47.8,9.9,1.7,8.2,17.3,82.7
2020-21,Regular+Season,BKN,Brooklyn Nets,48.1,10.6,1.3,9.3,12.3,87.7
2020-21,Regular+Season,CHA,Charlotte Hornets,47.8,9.9,1.5,8.4,15.3,84.7
2020-21,Regular+Season,CHI,Chicago Bulls,48.0,9.8,1.7,8.1,17.3,82.7
2020-21,Regular+Season,CLE,Cleveland Cavaliers,48.1,8.3,1.6,6.7,19.1,80.9
2020-21,Regular+Season,DAL,Dallas Mavericks,47.6,9.9,1.3,8.6,12.8,87.2
2020-21,Regular+Season,DEN,Denver Nuggets,48.2,8.4,2.2,6.2,26.3,73.7
2020-21,Regular+Season,DET,Detroit Pistons,48.0,9.1,1.6,7.6,17.3,82.7
2020-21,Regular+Season,GSW,Golden State Warriors,47.8,10.6,0.8,9.8,7.7,92.2
2020-21,Regular+Season,HOU,Houston Rockets,47.7,9.6,1.5,8.0,16.1,83.9
2020-21,Regular+Season,IND,Indiana Pacers,48.2,8.8,1.4,7.4,15.8,84.2
2020-21,Regular+Season,LAC,LA Clippers,47.7,9.5,1.8,7.7,19.2,80.8
2020-21,Regular+Season,LAL,Los Angeles Lakers,48.2,9.8,2.2,7.6,22.2,77.8
2020-21,Regular+Season,MEM,Memphis Grizzlies,48.1,10.4,1.9,8.4,18.4,81.5
2020-21,Regular+Season,MIA,Miami Heat,48.0,11.9,1.4,10.4,12.1,87.9
2020-21,Regular+Season,MIL,Milwaukee Bucks,47.6,9.4,1.7,7.7,18.1,81.9
2020-21,Regular+Season,MIN,Minnesota Timberwolves,48.2,7.3,1.1,6.2,15.1,84.9
2020-21,Regular+Season,NOP,New Orleans Pelicans,48.0,8.8,2.3,6.5,26.0,74.0
2020-21,Regular+Season,NYK,New York Knicks,48.2,10.4,1.5,8.8,14.9,85.1
2020-21,Regular+Season,OKC,Oklahoma City Thunder,48.0,7.9,1.0,6.9,13.2,86.8
2020-21,Regular+Season,ORL,Orlando Magic,48.0,7.7,1.6,6.2,20.3,79.7
2020-21,Regular+Season,PHI,Philadelphia 76ers,47.9,9.2,2.2,7.0,23.7,76.3
2020-21,Regular+Season,PHX,Phoenix Suns,48.3,8.8,1.5,7.3,17.4,82.6
2020-21,Regular+Season,POR,Portland Trail Blazers,47.8,8.2,2.6,5.6,31.8,68.2
2020-21,Regular+Season,SAC,Sacramento Kings,47.7,8.9,1.5,7.4,16.8,83.2
2020-21,Regular+Season,SAS,San Antonio Spurs,48.1,7.9,1.2,6.7,15.1,84.7
2020-21,Regular+Season,TOR,Toronto Raptors,47.8,10.6,1.1,9.5,10.3,89.7
2020-21,Regular+Season,UTA,Utah Jazz,47.9,9.5,1.7,7.8,17.9,82.1
2020-21,Regular+Season,WAS,Washington Wizards,48.1,10.6,1.5,9.1,14.3,85.7
2020-21,Playoffs,ATL,Atlanta Hawks,46.9,9.2,1.8,7.4,19.3,80.7
2020-21,Playoffs,BOS,Boston Celtics,47.7,7.6,2.8,4.8,36.8,63.2
2020-21,Playoffs,BKN,Brooklyn Nets,47.6,10.8,0.7,10.2,6.2,93.8
2020-21,Playoffs,DAL,Dallas Mavericks,46.4,6.1,1.7,4.4,27.9,72.1
2020-21,Playoffs,DEN,Denver Nuggets,48.5,8.0,3.2,4.8,40.0,60.0
2020-21,Playoffs,LAC,LA Clippers,47.4,9.7,1.2,8.6,11.9,88.1
2020-21,Playoffs,LAL,Los Angeles Lakers,47.8,6.8,2.2,4.7,31.7,68.3
2020-21,Playoffs,MEM,Memphis Grizzlies,47.0,7.8,1.2,6.6,15.4,84.6
2020-21,Playoffs,MIA,Miami Heat,48.9,13.3,2.0,11.3,15.1,84.9
2020-21,Playoffs,MIL,Milwaukee Bucks,47.7,9.2,2.0,7.2,21.7,77.8
2020-21,Playoffs,NYK,New York Knicks,48.0,15.4,1.8,13.6,11.7,88.3
2020-21,Playoffs,PHI,Philadelphia 76ers,47.5,11.3,1.9,9.3,17.0,83.0
2020-21,Playoffs,PHX,Phoenix Suns,47.6,8.4,0.7,7.6,8.7,91.3
2020-21,Playoffs,POR,Portland Trail Blazers,48.6,7.2,1.5,5.7,20.9,79.1
2020-21,Playoffs,UTA,Utah Jazz,47.5,5.9,1.4,4.5,23.1,76.9
2020-21,Playoffs,WAS,Washington Wizards,46.8,7.0,1.8,5.2,25.7,74.3
2020-21,PlayIn,BOS,Boston Celtics,46.8,7.0,3.0,4.0,42.9,57.1
2020-21,PlayIn,CHA,Charlotte Hornets,47.1,4.0,1.0,3.0,25.0,75.0
2020-21,PlayIn,GSW,Golden State Warriors,50.5,8.0,1.0,7.0,12.5,87.5
2020-21,PlayIn,IND,Indiana Pacers,48.0,8.0,2.0,6.0,25.0,75.0
2020-21,PlayIn,LAL,Los Angeles Lakers,48.0,4.0,1.0,3.0,25.0,75.0
2020-21,PlayIn,MEM,Memphis Grizzlies,50.5,12.5,3.0,9.5,24.0,76.0
2020-21,PlayIn,SAS,San Antonio Spurs,48.0,18.0,3.0,15.0,16.7,83.3
2020-21,PlayIn,WAS,Washington Wizards,47.6,9.5,1.5,8.0,15.8,84.2
2021-22,Pre+Season,ATL,Atlanta Hawks,47.7,5.3,0.5,4.8,9.5,90.5
2021-22,Pre+Season,BOS,Boston Celtics,47.7,8.8,2.3,6.5,25.7,74.3
2021-22,Pre+Season,BKN,Brooklyn Nets,48.0,8.5,2.3,6.3,26.5,73.5
2021-22,Pre+Season,CHA,Charlotte Hornets,47.7,6.5,1.3,5.3,19.2,80.8
2021-22,Pre+Season,CHI,Chicago Bulls,48.0,8.5,1.3,7.0,14.7,82.4
2021-22,Pre+Season,CLE,Cleveland Cavaliers,47.4,9.2,1.4,7.8,15.2,84.8
2021-22,Pre+Season,DAL,Dallas Mavericks,47.4,11.3,2.3,9.0,20.0,80.0
2021-22,Pre+Season,DEN,Denver Nuggets,39.2,5.2,2.4,2.8,46.2,53.8
2021-22,Pre+Season,DET,Detroit Pistons,48.0,9.5,2.8,6.8,28.9,71.1
2021-22,Pre+Season,GSW,Golden State Warriors,48.0,6.8,1.0,5.8,14.7,85.3
2021-22,Pre+Season,HOU,Houston Rockets,47.7,10.5,2.5,8.0,23.8,76.2
2021-22,Pre+Season,IND,Indiana Pacers,47.3,9.3,2.3,7.0,24.3,75.7
2021-22,Pre+Season,LAC,LA Clippers,47.1,7.3,1.8,5.5,24.1,75.9
2021-22,Pre+Season,LAL,Los Angeles Lakers,47.3,6.7,2.3,4.3,35.0,65.0
2021-22,Pre+Season,MEM,Memphis Grizzlies,47.5,7.3,1.8,5.5,25.0,75.0
2021-22,Pre+Season,MIA,Miami Heat,47.8,10.5,0.8,9.7,7.9,92.1
2021-22,Pre+Season,MIL,Milwaukee Bucks,46.2,7.0,1.6,5.4,22.9,77.1
2021-22,Pre+Season,MIN,Minnesota Timberwolves,48.1,9.3,2.0,7.3,21.6,78.4
2021-22,Pre+Season,NOP,New Orleans Pelicans,47.9,9.8,2.3,7.5,23.1,76.9
2021-22,Pre+Season,NYK,New York Knicks,47.6,11.8,2.5,9.3,21.3,78.7
2021-22,Pre+Season,OKC,Oklahoma City Thunder,48.0,4.7,0.7,4.0,14.3,85.7
2021-22,Pre+Season,ORL,Orlando Magic,46.8,8.0,2.8,5.3,34.4,65.6
2021-22,Pre+Season,PHI,Philadelphia 76ers,47.7,6.0,1.3,4.8,20.8,79.2
2021-22,Pre+Season,PHX,Phoenix Suns,48.0,7.0,2.8,4.3,39.3,60.7
2021-22,Pre+Season,POR,Portland Trail Blazers,47.8,5.5,1.0,4.5,18.2,81.8
2021-22,Pre+Season,SAC,Sacramento Kings,47.7,6.5,1.8,4.8,26.9,73.1
2021-22,Pre+Season,SAS,San Antonio Spurs,47.0,8.6,2.0,6.6,23.3,76.7
2021-22,Pre+Season,TOR,Toronto Raptors,47.8,10.8,1.8,9.0,16.7,83.3
2021-22,Pre+Season,UTA,Utah Jazz,47.9,12.8,1.3,11.5,9.8,90.2
2021-22,Pre+Season,WAS,Washington Wizards,47.6,12.0,2.3,9.8,18.8,81.3
2021-22,Regular+Season,ATL,Atlanta Hawks,47.5,9.0,1.5,7.6,16.2,83.8
2021-22,Regular+Season,BOS,Boston Celtics,48.1,10.0,1.7,8.3,17.1,82.9
2021-22,Regular+Season,BKN,Brooklyn Nets,47.8,8.2,1.9,6.3,23.5,76.5
2021-22,Regular+Season,CHA,Charlotte Hornets,48.0,7.3,1.3,6.0,17.4,82.6
2021-22,Regular+Season,CHI,Chicago Bulls,47.8,8.5,1.4,7.1,16.0,84.0
2021-22,Regular+Season,CLE,Cleveland Cavaliers,47.7,7.9,1.4,6.5,17.7,82.3
2021-22,Regular+Season,DAL,Dallas Mavericks,47.5,8.8,1.4,7.4,16.0,84.0
2021-22,Regular+Season,DEN,Denver Nuggets,47.8,7.6,1.9,5.7,25.0,75.0
2021-22,Regular+Season,DET,Detroit Pistons,47.9,8.9,1.9,7.0,21.4,78.6
2021-22,Regular+Season,GSW,Golden State Warriors,47.8,8.4,1.4,7.0,16.8,83.2
2021-22,Regular+Season,HOU,Houston Rockets,47.4,7.5,1.3,6.3,17.1,82.9
2021-22,Regular+Season,IND,Indiana Pacers,48.2,7.7,1.9,5.8,24.9,75.1
2021-22,Regular+Season,LAC,LA Clippers,47.8,8.2,1.5,6.8,18.0,82.0
2021-22,Regular+Season,LAL,Los Angeles Lakers,48.6,7.9,2.0,5.9,25.7,74.3
2021-22,Regular+Season,MEM,Memphis Grizzlies,47.9,9.3,2.6,6.7,27.6,72.4
2021-22,Regular+Season,MIA,Miami Heat,48.3,11.1,1.9,9.2,16.9,83.1
2021-22,Regular+Season,MIL,Milwaukee Bucks,47.7,9.5,2.2,7.3,22.8,77.2
2021-22,Regular+Season,MIN,Minnesota Timberwolves,47.7,6.9,1.1,5.8,16.2,83.8
2021-22,Regular+Season,NOP,New Orleans Pelicans,47.9,8.4,1.9,6.5,22.8,77.2
2021-22,Regular+Season,NYK,New York Knicks,48.0,10.2,2.4,7.8,23.8,76.2
2021-22,Regular+Season,OKC,Oklahoma City Thunder,48.0,6.7,0.8,5.8,12.5,87.5
2021-22,Regular+Season,ORL,Orlando Magic,47.9,7.9,1.4,6.5,18.1,81.9
2021-22,Regular+Season,PHI,Philadelphia 76ers,47.8,7.6,1.8,5.8,23.4,76.6
2021-22,Regular+Season,PHX,Phoenix Suns,47.8,8.0,1.4,6.6,17.2,82.8
2021-22,Regular+Season,POR,Portland Trail Blazers,47.6,6.8,1.3,5.5,18.9,81.1
2021-22,Regular+Season,SAC,Sacramento Kings,48.1,7.1,1.1,6.0,16.0,84.0
2021-22,Regular+Season,SAS,San Antonio Spurs,48.0,8.5,1.6,6.8,19.2,80.8
2021-22,Regular+Season,TOR,Toronto Raptors,48.0,8.3,1.4,6.9,16.8,83.2
2021-22,Regular+Season,UTA,Utah Jazz,47.5,8.0,2.1,5.9,26.6,73.4
2021-22,Regular+Season,WAS,Washington Wizards,48.1,8.3,1.5,6.8,18.1,81.9
2021-22,Playoffs,ATL,Atlanta Hawks,47.4,6.4,0.6,5.8,9.4,90.6
2021-22,Playoffs,BOS,Boston Celtics,47.5,11.4,1.7,9.7,14.7,85.3
2021-22,Playoffs,BKN,Brooklyn Nets,47.2,6.5,1.8,4.8,26.9,73.1
2021-22,Playoffs,CHI,Chicago Bulls,47.9,14.2,1.2,13.0,8.5,91.5
2021-22,Playoffs,DAL,Dallas Mavericks,47.2,9.1,0.7,8.3,8.0,92.0
2021-22,Playoffs,DEN,Denver Nuggets,46.7,5.0,2.2,2.8,44.0,56.0
2021-22,Playoffs,GSW,Golden State Warriors,47.7,8.0,1.3,6.6,16.6,83.4
2021-22,Playoffs,MEM,Memphis Grizzlies,48.0,9.3,1.5,7.8,16.2,83.8
2021-22,Playoffs,MIA,Miami Heat,47.8,10.4,1.9,8.5,18.2,81.8
2021-22,Playoffs,MIL,Milwaukee Bucks,47.3,7.7,1.5,6.2,19.6,80.4
2021-22,Playoffs,MIN,Minnesota Timberwolves,47.9,8.0,0.8,7.2,10.4,89.6
2021-22,Playoffs,NOP,New Orleans Pelicans,47.9,5.7,2.3,3.3,41.2,58.8
2021-22,Playoffs,PHI,Philadelphia 76ers,48.2,10.4,1.2,9.3,11.2,88.8
2021-22,Playoffs,PHX,Phoenix Suns,47.8,5.5,0.9,4.6,16.7,83.3
2021-22,Playoffs,TOR,Toronto Raptors,48.3,6.8,1.2,5.7,17.1,82.9
2021-22,Playoffs,UTA,Utah Jazz,47.7,7.3,2.8,4.5,38.6,61.4
2021-22,PlayIn,ATL,Atlanta Hawks,48.0,10.0,1.0,9.0,10.0,90.0
2021-22,PlayIn,BKN,Brooklyn Nets,48.0,5.0,2.0,3.0,40.0,60.0
2021-22,PlayIn,CHA,Charlotte Hornets,46.8,8.0,0.0,8.0,0.0,100
2021-22,PlayIn,CLE,Cleveland Cavaliers,48.0,11.5,1.5,10.0,13.0,87.0
2021-22,PlayIn,LAC,LA Clippers,47.6,7.0,1.5,5.5,21.4,78.6
2021-22,PlayIn,MIN,Minnesota Timberwolves,48.0,7.0,1.0,6.0,14.3,85.7
2021-22,PlayIn,NOP,New Orleans Pelicans,48.0,14.0,0.5,13.5,3.6,96.4
2021-22,PlayIn,SAS,San Antonio Spurs,46.8,2.0,0.0,2.0,0.0,100
2022-23,Pre+Season,Adelaide 36ers,Adelaide 36ers,45.1,4.0,1.0,3.0,25.0,75.0
2022-23,Pre+Season,ATL,Atlanta Hawks,47.9,7.5,1.3,6.3,16.7,83.3
2022-23,Pre+Season,BOS,Boston Celtics,50.0,8.8,0.5,8.3,5.7,94.3
2022-23,Pre+Season,BKN,Brooklyn Nets,47.8,10.3,2.3,8.0,22.0,78.0
2022-23,Pre+Season,CHA,Charlotte Hornets,47.2,6.8,2.2,4.6,32.4,67.6
2022-23,Pre+Season,CHI,Chicago Bulls,47.7,6.8,1.3,5.5,18.5,81.5
2022-23,Pre+Season,CLE,Cleveland Cavaliers,47.7,9.3,1.3,8.0,13.5,86.5
2022-23,Pre+Season,DAL,Dallas Mavericks,46.7,5.0,0.7,4.3,13.3,86.7
2022-23,Pre+Season,DEN,Denver Nuggets,39.3,4.0,1.8,2.2,45.0,55.0
2022-23,Pre+Season,DET,Detroit Pistons,47.1,9.5,3.0,6.5,31.6,68.4
2022-23,Pre+Season,GSW,Golden State Warriors,39.0,6.4,1.4,5.0,21.9,78.1
2022-23,Pre+Season,HOU,Houston Rockets,48.0,11.3,1.8,9.5,15.6,84.4
2022-23,Pre+Season,IND,Indiana Pacers,48.0,12.3,1.0,11.3,8.2,91.8
2022-23,Pre+Season,LAC,LA Clippers,47.0,5.0,1.0,4.0,20.0,80.0
2022-23,Pre+Season,LAL,Los Angeles Lakers,40.4,5.0,1.7,3.3,33.3,66.7
2022-23,Pre+Season,MEM,Memphis Grizzlies,47.8,9.0,2.0,7.0,22.2,77.8
2022-23,Pre+Season,MIA,Miami Heat,48.0,8.4,1.8,6.6,21.4,78.6
2022-23,Pre+Season,MIL,Milwaukee Bucks,47.3,3.2,1.2,2.0,37.5,62.5
2022-23,Pre+Season,MIN,Minnesota Timberwolves,48.0,6.4,0.8,5.4,12.5,84.4
2022-23,Pre+Season,NOP,New Orleans Pelicans,47.4,4.6,1.4,3.2,30.4,69.6
2022-23,Pre+Season,NYK,New York Knicks,47.3,10.5,1.8,8.8,16.7,83.3
2022-23,Pre+Season,OKC,Oklahoma City Thunder,47.8,7.2,0.8,6.3,11.6,88.4
2022-23,Pre+Season,ORL,Orlando Magic,48.0,8.0,2.0,6.0,25.0,75.0
2022-23,Pre+Season,PHI,Philadelphia 76ers,47.8,12.5,3.0,9.5,24.0,76.0
2022-23,Pre+Season,PHX,Phoenix Suns,47.6,8.8,3.8,5.0,42.9,57.1
2022-23,Pre+Season,POR,Portland Trail Blazers,48.0,7.4,1.4,6.0,18.9,81.1
2022-23,Pre+Season,Ra'anana Maccabi Ra'anana,Ra'anana Maccabi Ra'anana,46.0,4.7,1.3,3.3,28.6,71.4
2022-23,Pre+Season,SAC,Sacramento Kings,47.4,11.7,3.0,8.7,25.7,74.3
2022-23,Pre+Season,SAS,San Antonio Spurs,47.2,9.0,1.4,7.6,15.6,84.4
2022-23,Pre+Season,TOR,Toronto Raptors,49.2,6.2,2.4,3.8,38.7,61.3
2022-23,Pre+Season,UTA,Utah Jazz,47.4,7.0,2.0,5.0,28.6,71.4
2022-23,Pre+Season,WAS,Washington Wizards,47.2,7.0,0.8,6.3,10.7,89.3
2022-23,Regular+Season,ATL,Atlanta Hawks,47.6,5.3,1.1,4.2,20.5,79.5
2022-23,Regular+Season,BOS,Boston Celtics,48.4,7.5,1.2,6.3,15.9,84.1
2022-23,Regular+Season,BKN,Brooklyn Nets,47.6,6.0,0.8,5.2,13.0,87.0
2022-23,Regular+Season,CHA,Charlotte Hornets,48.0,5.0,1.1,3.9,21.5,78.5
2022-23,Regular+Season,CHI,Chicago Bulls,48.3,5.6,1.0,4.6,17.8,82.2
2022-23,Regular+Season,CLE,Cleveland Cavaliers,47.9,5.5,0.8,4.7,13.9,85.9
2022-23,Regular+Season,DAL,Dallas Mavericks,48.1,5.8,0.7,5.1,11.2,88.8
2022-23,Regular+Season,DEN,Denver Nuggets,47.6,4.2,1.0,3.3,23.1,76.9
2022-23,Regular+Season,DET,Detroit Pistons,48.1,5.9,1.4,4.6,22.8,77.2
2022-23,Regular+Season,GSW,Golden State Warriors,48.0,6.2,1.5,4.7,23.8,76.2
2022-23,Regular+Season,HOU,Houston Rockets,47.5,4.5,1.3,3.2,28.5,71.5
2022-23,Regular+Season,IND,Indiana Pacers,47.9,5.3,1.1,4.3,19.8,80.2
2022-23,Regular+Season,LAC,LA Clippers,47.8,5.5,1.3,4.2,24.0,76.0
2022-23,Regular+Season,LAL,Los Angeles Lakers,48.1,5.6,1.4,4.2,25.2,74.8
2022-23,Regular+Season,MEM,Memphis Grizzlies,47.9,6.1,1.4,4.7,22.9,77.1
2022-23,Regular+Season,MIA,Miami Heat,48.1,6.1,0.9,5.1,15.5,84.5
2022-23,Regular+Season,MIL,Milwaukee Bucks,47.6,5.5,1.2,4.3,21.9,78.1
2022-23,Regular+Season,MIN,Minnesota Timberwolves,47.6,4.9,0.9,4.0,19.3,80.7
2022-23,Regular+Season,NOP,New Orleans Pelicans,47.9,6.8,1.2,5.6,17.9,82.1
2022-23,Regular+Season,NYK,New York Knicks,48.3,7.9,1.9,5.9,24.8,75.2
2022-23,Regular+Season,OKC,Oklahoma City Thunder,48.1,5.8,0.7,5.1,12.2,87.8
2022-23,Regular+Season,ORL,Orlando Magic,48.0,5.7,1.3,4.4,22.9,77.1
2022-23,Regular+Season,PHI,Philadelphia 76ers,47.9,6.6,1.0,5.7,14.5,85.5
2022-23,Regular+Season,PHX,Phoenix Suns,47.7,5.8,1.0,4.8,17.7,82.3
2022-23,Regular+Season,POR,Portland Trail Blazers,47.4,5.4,0.9,4.5,16.8,83.2
2022-23,Regular+Season,SAC,Sacramento Kings,47.7,5.0,1.0,4.0,20.3,79.7
2022-23,Regular+Season,SAS,San Antonio Spurs,48.2,4.8,1.0,3.9,20.2,79.8
2022-23,Regular+Season,TOR,Toronto Raptors,47.9,5.7,1.2,4.5,21.2,78.8
2022-23,Regular+Season,UTA,Utah Jazz,47.8,4.9,0.9,4.0,19.1,80.9
2022-23,Regular+Season,WAS,Washington Wizards,47.6,5.3,0.8,4.5,14.8,85.2
2022-23,Playoffs,ATL,Atlanta Hawks,47.2,4.3,2.7,1.7,61.5,38.5
2022-23,Playoffs,BOS,Boston Celtics,47.9,8.2,1.4,6.8,17.2,82.8
2022-23,Playoffs,BKN,Brooklyn Nets,47.0,5.5,1.0,4.5,18.2,81.8
2022-23,Playoffs,CLE,Cleveland Cavaliers,47.7,11.2,0.8,10.4,7.1,92.9
2022-23,Playoffs,DEN,Denver Nuggets,47.7,5.7,1.3,4.4,22.8,77.2
2022-23,Playoffs,GSW,Golden State Warriors,47.5,10.2,1.1,9.0,11.4,88.6
2022-23,Playoffs,LAC,LA Clippers,47.9,4.6,1.2,3.4,26.1,73.9
2022-23,Playoffs,LAL,Los Angeles Lakers,47.5,5.8,1.2,4.6,20.4,79.6
2022-23,Playoffs,MEM,Memphis Grizzlies,48.4,6.8,0.8,6.0,12.2,87.8
2022-23,Playoffs,MIA,Miami Heat,47.9,12.5,1.3,11.2,10.1,89.9
2022-23,Playoffs,MIL,Milwaukee Bucks,47.6,6.6,0.8,5.8,12.1,87.9
2022-23,Playoffs,MIN,Minnesota Timberwolves,47.9,7.2,1.2,6.0,16.7,83.3
2022-23,Playoffs,NYK,New York Knicks,47.8,8.0,2.9,5.1,36.4,63.6
2022-23,Playoffs,PHI,Philadelphia 76ers,47.8,6.1,1.4,4.7,22.4,77.6
2022-23,Playoffs,PHX,Phoenix Suns,47.3,7.6,1.7,5.9,22.6,77.4
2022-23,Playoffs,SAC,Sacramento Kings,47.7,7.4,1.6,5.9,21.2,78.8
2022-23,PlayIn,ATL,Atlanta Hawks,48.0,3.0,1.0,2.0,33.3,66.7
2022-23,PlayIn,CHI,Chicago Bulls,47.5,5.0,1.0,4.0,20.0,80.0
2022-23,PlayIn,LAL,Los Angeles Lakers,53.0,1.0,1.0,0.0,100,0.0
2022-23,PlayIn,MIA,Miami Heat,48.0,16.5,0.5,16.0,3.0,97.0
2022-23,PlayIn,MIN,Minnesota Timberwolves,50.2,5.5,0.5,5.0,9.1,90.9
2022-23,PlayIn,NOP,New Orleans Pelicans,48.0,3.0,1.0,2.0,33.3,66.7
2022-23,PlayIn,OKC,Oklahoma City Thunder,48.0,5.5,0.5,5.0,9.1,90.9
2022-23,PlayIn,TOR,Toronto Raptors,47.6,4.0,3.0,1.0,75.0,25.0
2023-24,Pre+Season,ATL,Atlanta Hawks,48.0,5.6,2.2,3.4,39.3,60.7
2023-24,Pre+Season,BOS,Boston Celtics,47.9,8.0,2.0,6.0,25.0,75.0
2023-24,Pre+Season,BKN,Brooklyn Nets,47.7,6.5,2.0,4.5,30.8,69.2
2023-24,Pre+Season,Cairns Taipans,Cairns Taipans,48.0,3.5,0.5,3.0,14.3,85.7
2023-24,Pre+Season,CHA,Charlotte Hornets,46.8,5.3,0.8,4.5,14.3,85.7
2023-24,Pre+Season,CHI,Chicago Bulls,49.1,7.8,1.8,6.0,23.1,76.9
2023-24,Pre+Season,CLE,Cleveland Cavaliers,47.3,5.3,0.3,5.0,4.8,95.2
2023-24,Pre+Season,DAL,Dallas Mavericks,47.5,5.3,0.5,4.8,9.5,90.5
2023-24,Pre+Season,DEN,Denver Nuggets,49.6,5.8,1.4,4.4,24.1,75.9
2023-24,Pre+Season,DET,Detroit Pistons,49.1,8.5,2.3,6.3,26.5,73.5
2023-24,Pre+Season,Flamengo Flamengo,Flamengo Flamengo,47.6,7.0,0.0,7.0,0.0,100
2023-24,Pre+Season,GSW,Golden State Warriors,48.5,8.2,2.4,5.8,29.3,70.7
2023-24,Pre+Season,HOU,Houston Rockets,47.5,9.2,2.4,6.8,26.1,73.9
2023-24,Pre+Season,IND,Indiana Pacers,48.7,8.0,2.3,5.8,28.1,71.9
2023-24,Pre+Season,LAC,LA Clippers,47.5,8.8,2.8,6.0,31.4,68.6
2023-24,Pre+Season,LAL,Los Angeles Lakers,47.5,7.7,0.5,7.2,6.5,93.5
2023-24,Pre+Season,Madrid Baloncesto,Madrid Baloncesto,46.9,8.0,3.0,5.0,37.5,62.5
2023-24,Pre+Season,MEM,Memphis Grizzlies,47.0,8.4,1.8,6.6,21.4,78.6
2023-24,Pre+Season,MIA,Miami Heat,46.9,4.2,1.0,3.2,23.8,76.2
2023-24,Pre+Season,MIL,Milwaukee Bucks,48.0,5.6,1.4,4.2,25.0,75.0
2023-24,Pre+Season,MIN,Minnesota Timberwolves,46.6,7.8,1.2,6.6,15.4,84.6
2023-24,Pre+Season,NOP,New Orleans Pelicans,47.3,7.0,1.5,5.5,21.4,78.6
2023-24,Pre+Season,NYK,New York Knicks,47.0,6.3,1.8,4.5,28.0,72.0
2023-24,Pre+Season,New Zealand Breakers,New Zealand Breakers,47.1,2.5,0.5,2.0,20.0,80.0
2023-24,Pre+Season,OKC,Oklahoma City Thunder,47.3,3.4,0.2,3.2,5.9,94.1
2023-24,Pre+Season,ORL,Orlando Magic,47.7,8.3,2.0,6.3,24.2,75.8
2023-24,Pre+Season,PHI,Philadelphia 76ers,47.7,3.5,1.0,2.5,28.6,71.4
2023-24,Pre+Season,PHX,Phoenix Suns,49.0,6.8,1.6,5.2,23.5,76.5
2023-24,Pre+Season,POR,Portland Trail Blazers,48.0,8.3,2.0,6.3,24.2,75.8
2023-24,Pre+Season,Ra'anana Maccabi Ra'anana,Ra'anana Maccabi Ra'anana,46.5,3.7,1.0,2.7,27.3,72.7
2023-24,Pre+Season,SAC,Sacramento Kings,48.1,10.4,1.6,8.8,15.4,84.6
2023-24,Pre+Season,SAS,San Antonio Spurs,46.7,11.0,2.6,8.4,23.6,76.4
2023-24,Pre+Season,TOR,Toronto Raptors,47.6,8.8,0.8,8.0,8.6,91.4
2023-24,Pre+Season,UTA,Utah Jazz,47.3,6.8,1.0,5.8,14.7,85.3
2023-24,Pre+Season,WAS,Washington Wizards,47.6,6.5,1.0,5.5,15.4,84.6
2023-24,Regular+Season,ATL,Atlanta Hawks,48.0,6.7,1.4,5.3,21.4,78.6
2023-24,Regular+Season,BOS,Boston Celtics,47.9,8.0,1.6,6.3,20.6,79.4
2023-24,Regular+Season,BKN,Brooklyn Nets,47.8,7.3,1.8,5.5,24.2,75.8
2023-24,Regular+Season,CHA,Charlotte Hornets,47.7,6.7,1.6,5.1,23.5,76.5
2023-24,Regular+Season,CHI,Chicago Bulls,48.3,6.9,2.2,4.7,31.4,68.6
2023-24,Regular+Season,CLE,Cleveland Cavaliers,47.8,7.4,1.0,6.4,13.1,86.9
2023-24,Regular+Season,DAL,Dallas Mavericks,47.4,6.7,1.4,5.3,21.1,78.9
2023-24,Regular+Season,DEN,Denver Nuggets,47.6,6.0,1.5,4.5,25.4,74.6
2023-24,Regular+Season,DET,Detroit Pistons,47.6,6.9,1.6,5.3,23.1,76.9
2023-24,Regular+Season,GSW,Golden State Warriors,48.0,7.6,1.5,6.1,19.8,80.2
2023-24,Regular+Season,HOU,Houston Rockets,47.9,7.7,1.8,5.8,23.8,76.2
2023-24,Regular+Season,IND,Indiana Pacers,47.6,6.3,1.5,4.8,24.1,75.9
2023-24,Regular+Season,LAC,LA Clippers,47.4,6.7,1.5,5.2,21.9,77.9
2023-24,Regular+Season,LAL,Los Angeles Lakers,47.9,7.2,1.2,6.0,16.7,83.3
2023-24,Regular+Season,MEM,Memphis Grizzlies,48.0,6.1,1.1,5.1,17.1,82.9
2023-24,Regular+Season,MIA,Miami Heat,47.8,7.4,1.0,6.3,14.0,86.0
2023-24,Regular+Season,MIL,Milwaukee Bucks,47.4,6.0,1.7,4.3,27.6,72.4
2023-24,Regular+Season,MIN,Minnesota Timberwolves,47.9,6.3,1.4,4.9,21.9,78.1
2023-24,Regular+Season,NOP,New Orleans Pelicans,47.7,7.9,1.5,6.4,19.2,80.8
2023-24,Regular+Season,NYK,New York Knicks,47.6,7.4,2.5,5.0,33.1,66.9
2023-24,Regular+Season,OKC,Oklahoma City Thunder,47.8,6.3,0.7,5.6,11.3,88.7
2023-24,Regular+Season,ORL,Orlando Magic,47.5,7.5,2.1,5.4,28.5,71.5
2023-24,Regular+Season,PHI,Philadelphia 76ers,47.7,7.0,1.2,5.7,17.5,82.5
2023-24,Regular+Season,PHX,Phoenix Suns,47.7,7.3,1.8,5.5,24.8,75.2
2023-24,Regular+Season,POR,Portland Trail Blazers,48.1,5.3,1.2,4.2,21.8,78.2
2023-24,Regular+Season,SAC,Sacramento Kings,47.7,7.5,1.8,5.7,23.9,76.1
2023-24,Regular+Season,SAS,San Antonio Spurs,47.7,5.5,0.9,4.6,17.2,82.8
2023-24,Regular+Season,TOR,Toronto Raptors,47.8,6.9,1.5,5.4,22.0,78.0
2023-24,Regular+Season,UTA,Utah Jazz,47.8,5.5,1.5,4.0,27.5,72.5
2023-24,Regular+Season,WAS,Washington Wizards,47.7,6.1,1.1,5.0,17.5,82.5
2023-24,Playoffs,BOS,Boston Celtics,47.9,7.6,1.7,5.9,22.2,77.8
2023-24,Playoffs,CLE,Cleveland Cavaliers,46.6,7.6,1.7,5.9,22.0,78.0
2023-24,Playoffs,DAL,Dallas Mavericks,47.3,7.1,1.6,5.5,22.9,77.1
2023-24,Playoffs,DEN,Denver Nuggets,47.5,6.9,1.6,5.3,22.9,77.1
2023-24,Playoffs,IND,Indiana Pacers,47.6,8.1,1.6,6.5,19.6,80.4
2023-24,Playoffs,LAC,LA Clippers,47.7,6.8,0.8,6.0,12.2,87.8
2023-24,Playoffs,LAL,Los Angeles Lakers,48.0,6.6,0.6,6.0,9.1,90.9
2023-24,Playoffs,MIA,Miami Heat,47.8,8.6,0.4,8.2,4.7,95.3
2023-24,Playoffs,MIL,Milwaukee Bucks,47.4,6.8,2.0,4.8,29.3,70.7
2023-24,Playoffs,MIN,Minnesota Timberwolves,47.1,6.8,1.6,5.1,24.1,75.9
2023-24,Playoffs,NOP,New Orleans Pelicans,47.3,9.0,4.0,5.0,44.4,55.6
2023-24,Playoffs,NYK,New York Knicks,48.2,8.5,2.7,5.8,31.5,68.5
2023-24,Playoffs,OKC,Oklahoma City Thunder,47.4,6.8,0.7,6.1,10.3,89.7
2023-24,Playoffs,ORL,Orlando Magic,47.9,7.3,2.1,5.1,29.4,70.6
2023-24,Playoffs,PHI,Philadelphia 76ers,48.8,11.0,1.7,9.3,15.2,84.8
2023-24,Playoffs,PHX,Phoenix Suns,47.3,8.3,1.5,6.8,18.2,81.8
2023-24,PlayIn,ATL,Atlanta Hawks,47.5,6.0,2.0,4.0,33.3,66.7
2023-24,PlayIn,CHI,Chicago Bulls,47.4,8.0,1.5,6.5,18.8,81.3
2023-24,PlayIn,GSW,Golden State Warriors,45.0,7.0,0.0,7.0,0.0,100
2023-24,PlayIn,LAL,Los Angeles Lakers,47.0,10.0,3.0,7.0,30.0,70.0
2023-24,PlayIn,MIA,Miami Heat,48.0,7.0,2.0,5.0,28.6,71.4
2023-24,PlayIn,NOP,New Orleans Pelicans,48.0,11.0,1.5,9.5,13.6,86.4
2023-24,PlayIn,PHI,Philadelphia 76ers,48.0,5.0,0.0,5.0,0.0,100
2023-24,PlayIn,SAC,Sacramento Kings,47.3,4.0,0.5,3.5,12.5,87.5
2023-24,IST,ATL,Atlanta Hawks,47.7,5.8,1.8,4.0,30.4,69.6
2023-24,IST,BOS,Boston Celtics,47.9,7.0,1.0,6.0,14.3,85.7
2023-24,IST,BKN,Brooklyn Nets,48.0,8.5,1.3,7.3,14.7,85.3
2023-24,IST,CHA,Charlotte Hornets,47.4,6.8,2.3,4.5,33.3,66.7
2023-24,IST,CHI,Chicago Bulls,47.5,6.3,1.5,4.8,24.0,76.0
2023-24,IST,CLE,Cleveland Cavaliers,48.5,6.8,0.8,6.0,11.1,88.9
2023-24,IST,DAL,Dallas Mavericks,47.7,5.0,1.3,3.8,25.0,75.0
2023-24,IST,DEN,Denver Nuggets,47.9,6.3,1.8,4.5,28.0,72.0
2023-24,IST,DET,Detroit Pistons,46.2,8.5,2.5,6.0,29.4,70.6
2023-24,IST,GSW,Golden State Warriors,47.9,6.0,1.3,4.8,20.8,79.2
2023-24,IST,HOU,Houston Rockets,47.3,5.8,0.8,5.0,13.0,87.0
2023-24,IST,IND,Indiana Pacers,47.8,7.4,1.7,5.7,23.1,76.9
2023-24,IST,LAC,LA Clippers,48.0,9.3,2.3,7.0,24.3,75.7
2023-24,IST,LAL,Los Angeles Lakers,47.9,8.4,1.4,7.0,16.9,83.1
2023-24,IST,MEM,Memphis Grizzlies,48.3,6.0,1.5,4.5,25.0,75.0
2023-24,IST,MIA,Miami Heat,48.0,5.5,0.5,5.0,9.1,90.9
2023-24,IST,MIL,Milwaukee Bucks,47.6,8.2,1.2,7.0,14.3,85.7
2023-24,IST,MIN,Minnesota Timberwolves,47.9,8.0,1.3,6.8,15.6,84.4
2023-24,IST,NOP,New Orleans Pelicans,47.9,7.3,1.0,6.3,13.6,86.4
2023-24,IST,NYK,New York Knicks,47.1,9.0,3.2,5.8,35.6,64.4
2023-24,IST,OKC,Oklahoma City Thunder,48.0,8.8,0.8,8.0,8.6,91.4
2023-24,IST,ORL,Orlando Magic,47.4,9.3,2.3,7.0,24.3,75.7
2023-24,IST,PHI,Philadelphia 76ers,48.3,7.0,1.5,5.5,21.4,78.6
2023-24,IST,PHX,Phoenix Suns,47.5,5.2,2.0,3.2,38.5,61.5
2023-24,IST,POR,Portland Trail Blazers,47.7,4.5,1.8,2.8,38.9,61.1
2023-24,IST,SAC,Sacramento Kings,47.9,9.0,2.0,7.0,22.2,77.8
2023-24,IST,SAS,San Antonio Spurs,47.7,9.0,1.8,7.3,19.4,80.6
2023-24,IST,TOR,Toronto Raptors,47.1,7.3,2.0,5.3,27.6,72.4
2023-24,IST,UTA,Utah Jazz,47.9,6.0,1.8,4.3,29.2,70.8
2023-24,IST,WAS,Washington Wizards,47.7,6.5,1.0,5.5,15.4,84.6
2024-25,Pre+Season,ATL,Atlanta Hawks,47.7,5.0,2.0,3.0,40.0,60.0
2024-25,Pre+Season,BOS,Boston Celtics,47.8,5.0,1.2,3.8,24.0,76.0
2024-25,Pre+Season,BKN,Brooklyn Nets,47.6,5.3,0.8,4.5,14.3,85.7
2024-25,Pre+Season,CHA,Charlotte Hornets,47.2,7.6,2.4,5.2,31.6,68.4
2024-25,Pre+Season,CHI,Chicago Bulls,48.3,6.4,1.4,5.0,21.9,78.1
2024-25,Pre+Season,CLE,Cleveland Cavaliers,48.1,4.3,0.3,4.0,5.9,94.1
2024-25,Pre+Season,DAL,Dallas Mavericks,47.7,3.5,1.3,2.3,35.7,64.3
2024-25,Pre+Season,DEN,Denver Nuggets,47.2,4.0,1.2,2.8,30.0,70.0
2024-25,Pre+Season,DET,Detroit Pistons,45.8,2.0,0.6,1.4,30.0,70.0
2024-25,Pre+Season,GSW,Golden State Warriors,46.6,6.3,0.7,5.7,10.5,89.5
2024-25,Pre+Season,HOU,Houston Rockets,48.0,4.3,1.3,3.0,29.4,70.6
2024-25,Pre+Season,IND,Indiana Pacers,49.0,5.3,0.3,5.0,4.8,95.2
2024-25,Pre+Season,LAC,LA Clippers,45.5,4.8,1.0,3.8,20.8,79.2
2024-25,Pre+Season,LAL,Los Angeles Lakers,47.8,4.0,0.8,3.2,20.8,79.2
2024-25,Pre+Season,MEM,Memphis Grizzlies,47.5,7.6,1.0,6.6,13.2,86.8
2024-25,Pre+Season,MIA,Miami Heat,47.1,4.6,0.6,4.0,13.0,87.0
2024-25,Pre+Season,MIL,Milwaukee Bucks,47.8,5.5,1.0,4.5,18.2,81.8
2024-25,Pre+Season,MIN,Minnesota Timberwolves,47.5,3.2,0.4,2.8,12.5,87.5
2024-25,Pre+Season,NOP,New Orleans Pelicans,46.9,4.3,1.0,3.3,23.1,76.9
2024-25,Pre+Season,NYK,New York Knicks,47.8,9.2,2.0,7.2,21.7,78.3
2024-25,Pre+Season,New Zealand Breakers,New Zealand Breakers,46.0,5.7,1.7,4.0,29.4,70.6
2024-25,Pre+Season,OKC,Oklahoma City Thunder,47.0,7.4,0.6,6.8,8.1,91.9
2024-25,Pre+Season,ORL,Orlando Magic,46.3,5.3,1.3,4.0,25.0,75.0
2024-25,Pre+Season,PHI,Philadelphia 76ers,45.8,7.5,1.8,5.7,24.4,75.6
2024-25,Pre+Season,PHX,Phoenix Suns,46.0,3.6,0.2,3.4,5.6,94.4
2024-25,Pre+Season,POR,Portland Trail Blazers,45.8,5.3,1.0,4.3,19.0,81.0
2024-25,Pre+Season,Ratiopharm Ulm,Ratiopharm Ulm,48.0,3.0,0.0,3.0,0.0,100
2024-25,Pre+Season,SAC,Sacramento Kings,47.4,9.0,2.4,6.6,26.7,73.3
2024-25,Pre+Season,SAS,San Antonio Spurs,46.9,3.8,0.2,3.6,5.3,94.7
2024-25,Pre+Season,TOR,Toronto Raptors,46.9,7.8,0.8,7.0,10.3,89.7
2024-25,Pre+Season,UTA,Utah Jazz,47.7,5.7,1.0,4.7,17.6,82.4
2024-25,Pre+Season,WAS,Washington Wizards,47.1,7.8,1.8,6.0,23.1,76.9
2024-25,Regular+Season,ATL,Atlanta Hawks,47.9,5.5,1.2,4.4,21.1,78.9
2024-25,Regular+Season,BOS,Boston Celtics,47.9,7.1,1.5,5.6,21.0,79.0
2024-25,Regular+Season,BKN,Brooklyn Nets,47.8,5.8,1.1,4.7,18.3,81.7
2024-25,Regular+Season,CHA,Charlotte Hornets,47.1,7.1,1.9,5.2,27.1,72.9
2024-25,Regular+Season,CHI,Chicago Bulls,47.5,6.0,1.1,4.9,18.0,82.0
2024-25,Regular+Season,CLE,Cleveland Cavaliers,47.7,6.8,1.0,5.8,14.3,85.7
2024-25,Regular+Season,DAL,Dallas Mavericks,47.5,5.7,1.1,4.7,18.7,81.3
2024-25,Regular+Season,DEN,Denver Nuggets,48.0,6.1,1.8,4.3,29.4,70.6
2024-25,Regular+Season,DET,Detroit Pistons,47.7,7.0,1.9,5.1,27.0,73.0
2024-25,Regular+Season,GSW,Golden State Warriors,47.7,7.3,1.3,6.0,17.3,82.7
2024-25,Regular+Season,HOU,Houston Rockets,48.0,7.8,2.4,5.3,31.0,69.0
2024-25,Regular+Season,IND,Indiana Pacers,47.9,5.9,0.9,5.0,16.1,83.9
2024-25,Regular+Season,LAC,LA Clippers,47.7,6.1,1.2,4.9,19.9,80.1
2024-25,Regular+Season,LAL,Los Angeles Lakers,47.6,6.4,1.1,5.3,17.9,82.1
2024-25,Regular+Season,MEM,Memphis Grizzlies,47.4,6.9,1.4,5.4,21.0,79.0
2024-25,Regular+Season,MIA,Miami Heat,48.1,7.0,1.1,6.0,15.0,85.0
2024-25,Regular+Season,MIL,Milwaukee Bucks,47.6,6.3,1.2,5.1,19.0,81.0
2024-25,Regular+Season,MIN,Minnesota Timberwolves,47.9,6.0,1.4,4.6,22.7,77.3
2024-25,Regular+Season,NOP,New Orleans Pelicans,47.6,5.8,1.2,4.7,20.1,79.9
2024-25,Regular+Season,NYK,New York Knicks,48.0,7.2,1.5,5.7,20.7,79.3
2024-25,Regular+Season,OKC,Oklahoma City Thunder,47.7,7.2,0.9,6.3,12.8,87.2
2024-25,Regular+Season,ORL,Orlando Magic,47.5,6.5,1.7,4.8,26.3,73.7
2024-25,Regular+Season,PHI,Philadelphia 76ers,47.7,5.5,1.4,4.1,25.2,74.8
2024-25,Regular+Season,PHX,Phoenix Suns,47.6,5.6,0.9,4.7,16.7,83.3
2024-25,Regular+Season,POR,Portland Trail Blazers,47.7,5.3,1.5,3.9,27.9,72.1
2024-25,Regular+Season,SAC,Sacramento Kings,48.0,6.8,1.8,5.0,26.3,73.7
2024-25,Regular+Season,SAS,San Antonio Spurs,47.5,4.5,0.8,3.7,18.0,82.0
2024-25,Regular+Season,TOR,Toronto Raptors,47.8,5.9,1.2,4.7,19.8,80.2
2024-25,Regular+Season,UTA,Utah Jazz,47.9,6.0,1.4,4.6,23.5,76.5
2024-25,Regular+Season,WAS,Washington Wizards,47.4,5.5,1.2,4.3,21.6,78.4
2024-25,Playoffs,BOS,Boston Celtics,47.8,7.4,1.1,6.3,14.8,85.2
2024-25,Playoffs,CLE,Cleveland Cavaliers,47.8,6.7,1.7,5.0,25.0,75.0
2024-25,Playoffs,DEN,Denver Nuggets,47.7,5.0,1.4,3.6,27.1,72.9
2024-25,Playoffs,DET,Detroit Pistons,48.0,7.3,1.5,5.8,20.5,79.5
2024-25,Playoffs,GSW,Golden State Warriors,47.1,9.0,1.5,7.5,16.7,83.3
2024-25,Playoffs,HOU,Houston Rockets,47.6,8.6,2.4,6.1,28.3,71.7
2024-25,Playoffs,IND,Indiana Pacers,47.6,8.5,1.2,7.3,13.8,86.2
2024-25,Playoffs,LAC,LA Clippers,47.8,4.3,1.0,3.3,23.3,76.7
2024-25,Playoffs,LAL,Los Angeles Lakers,47.9,7.0,1.0,6.0,14.3,85.7
2024-25,Playoffs,MEM,Memphis Grizzlies,48.0,4.3,0.5,3.8,11.8,88.2
2024-25,Playoffs,MIA,Miami Heat,47.4,6.5,1.5,5.0,23.1,76.9
2024-25,Playoffs,MIL,Milwaukee Bucks,48.5,6.6,3.2,3.4,48.5,51.5
2024-25,Playoffs,MIN,Minnesota Timberwolves,47.6,4.5,1.7,2.7,38.8,61.2
2024-25,Playoffs,NYK,New York Knicks,48.1,8.8,2.7,6.1,31.0,69.0
2024-25,Playoffs,OKC,Oklahoma City Thunder,47.7,5.4,1.0,4.4,19.2,80.8
2024-25,Playoffs,ORL,Orlando Magic,47.4,5.0,1.6,3.4,32.0,68.0
2024-25,PlayIn,ATL,Atlanta Hawks,49.8,5.0,2.0,3.0,40.0,60.0
2024-25,PlayIn,CHI,Chicago Bulls,47.7,4.0,1.0,3.0,25.0,75.0
2024-25,PlayIn,DAL,Dallas Mavericks,47.8,4.0,0.5,3.5,12.5,87.5
2024-25,PlayIn,GSW,Golden State Warriors,48.0,3.0,1.0,2.0,33.3,66.7
2024-25,PlayIn,MEM,Memphis Grizzlies,47.2,7.5,2.5,5.0,33.3,66.7
2024-25,PlayIn,MIA,Miami Heat,50.4,5.0,0.5,4.5,10.0,90.0
2024-25,PlayIn,ORL,Orlando Magic,47.2,7.0,3.0,4.0,42.9,57.1
2024-25,PlayIn,SAC,Sacramento Kings,46.0,8.0,3.0,5.0,37.5,62.5
2024-25,IST,ATL,Atlanta Hawks,47.8,5.7,1.5,4.2,26.5,73.5
2024-25,IST,BOS,Boston Celtics,48.0,6.3,0.3,6.0,4.0,96.0
2024-25,IST,BKN,Brooklyn Nets,47.4,5.0,0.8,4.3,15.0,85.0
2024-25,IST,CHA,Charlotte Hornets,47.3,7.0,1.8,5.3,25.0,75.0
2024-25,IST,CHI,Chicago Bulls,47.1,5.3,0.5,4.8,9.5,90.5
2024-25,IST,CLE,Cleveland Cavaliers,46.8,7.5,1.8,5.8,23.3,76.7
2024-25,IST,DAL,Dallas Mavericks,47.4,4.8,1.8,3.0,37.5,62.5
2024-25,IST,DEN,Denver Nuggets,47.9,8.5,1.5,7.0,17.6,82.4
2024-25,IST,DET,Detroit Pistons,49.3,7.5,1.8,5.8,23.3,76.7
2024-25,IST,GSW,Golden State Warriors,48.0,13.8,2.2,11.6,15.9,84.1
2024-25,IST,HOU,Houston Rockets,48.7,7.7,1.2,6.5,15.2,84.8
2024-25,IST,IND,Indiana Pacers,46.4,4.5,1.3,3.3,27.8,72.2
2024-25,IST,LAC,LA Clippers,47.4,4.8,1.8,3.0,36.8,63.2
2024-25,IST,LAL,Los Angeles Lakers,48.0,5.5,0.8,4.8,13.6,86.4
2024-25,IST,MEM,Memphis Grizzlies,47.7,6.0,0.8,5.3,12.5,87.5
2024-25,IST,MIA,Miami Heat,49.3,6.8,1.5,5.3,22.2,77.8
2024-25,IST,MIL,Milwaukee Bucks,47.5,5.0,0.9,4.1,17.1,82.9
2024-25,IST,MIN,Minnesota Timberwolves,50.2,5.0,0.8,4.3,15.0,85.0
2024-25,IST,NOP,New Orleans Pelicans,47.0,4.3,0.8,3.5,17.6,82.4
2024-25,IST,NYK,New York Knicks,47.4,9.2,2.4,6.8,26.1,73.9
2024-25,IST,OKC,Oklahoma City Thunder,47.3,7.4,1.7,5.7,23.1,76.9
2024-25,IST,ORL,Orlando Magic,47.2,5.2,0.8,4.4,15.4,84.6
2024-25,IST,PHI,Philadelphia 76ers,47.6,5.8,0.5,5.3,8.7,91.3
2024-25,IST,PHX,Phoenix Suns,47.0,8.0,0.3,7.8,3.1,96.9
2024-25,IST,POR,Portland Trail Blazers,48.0,5.5,0.8,4.8,13.6,86.4
2024-25,IST,SAC,Sacramento Kings,47.6,9.8,0.5,9.3,5.1,94.9
2024-25,IST,SAS,San Antonio Spurs,48.0,4.8,1.3,3.5,26.3,73.7
2024-25,IST,TOR,Toronto Raptors,46.9,6.0,0.8,5.3,12.5,87.5
2024-25,IST,UTA,Utah Jazz,47.3,6.5,1.8,4.8,26.9,73.1
2024-25,IST,WAS,Washington Wizards,47.7,5.5,1.0,4.5,18.2,81.8
2025-26,Pre+Season,ATL,Atlanta Hawks,49.1,8.5,3.8,4.8,44.1,55.9
2025-26,Pre+Season,BOS,Boston Celtics,46.5,13.5,2.5,11.0,18.5,81.5
2025-26,Pre+Season,BKN,Brooklyn Nets,49.0,8.5,2.0,6.5,23.5,76.5
2025-26,Pre+Season,CHA,Charlotte Hornets,46.9,9.6,2.6,6.8,27.1,70.8
2025-26,Pre+Season,CHI,Chicago Bulls,47.5,8.8,1.0,7.8,11.4,88.6
2025-26,Pre+Season,CLE,Cleveland Cavaliers,47.0,11.5,2.5,9.0,21.7,78.3
2025-26,Pre+Season,DAL,Dallas Mavericks,46.7,7.8,1.8,6.0,22.6,77.4
2025-26,Pre+Season,DEN,Denver Nuggets,46.5,7.0,1.2,5.8,17.1,82.9
2025-26,Pre+Season,DET,Detroit Pistons,47.2,7.8,1.8,6.0,22.6,77.4
2025-26,Pre+Season,GSW,Golden State Warriors,47.5,7.6,1.4,6.2,18.4,81.6
2025-26,Pre+Season,Guangzhou Loong-Lions,Guangzhou Loong-Lions,45.1,4.7,1.0,3.7,21.4,78.6
2025-26,Pre+Season,Hapoel Jerusalem B.C.,Hapoel Jerusalem B.C.,38.4,6.0,3.0,3.0,50.0,50.0
2025-26,Pre+Season,HOU,Houston Rockets,48.0,5.8,1.8,4.0,30.4,69.6
2025-26,Pre+Season,IND,Indiana Pacers,49.3,8.5,1.3,7.3,14.7,85.3
2025-26,Pre+Season,LAC,LA Clippers,46.8,7.3,3.0,4.3,41.4,58.6
2025-26,Pre+Season,LAL,Los Angeles Lakers,47.4,7.8,1.0,6.8,12.8,87.2
2025-26,Pre+Season,Melbourne United,Melbourne United,46.6,6.0,0.0,5.0,0.0,83.3
2025-26,Pre+Season,MEM,Memphis Grizzlies,47.3,8.6,2.0,6.6,23.3,76.7
2025-26,Pre+Season,MIA,Miami Heat,48.4,10.2,1.7,8.5,16.4,83.6
2025-26,Pre+Season,MIL,Milwaukee Bucks,46.0,4.8,0.3,4.5,5.3,94.7
2025-26,Pre+Season,MIN,Minnesota Timberwolves,49.3,7.5,2.0,5.5,26.7,73.3
2025-26,Pre+Season,NOP,New Orleans Pelicans,46.6,9.3,1.0,7.0,10.8,75.7
2025-26,Pre+Season,NYK,New York Knicks,48.4,9.0,2.0,7.0,22.2,77.8
2025-26,Pre+Season,OKC,Oklahoma City Thunder,48.0,6.8,0.3,6.5,4.9,95.1
2025-26,Pre+Season,ORL,Orlando Magic,46.4,9.5,3.8,5.8,39.5,60.5
2025-26,Pre+Season,PHI,Philadelphia 76ers,47.6,6.0,1.5,4.5,25.0,75.0
2025-26,Pre+Season,PHX,Phoenix Suns,49.3,6.0,1.5,4.5,25.0,75.0
2025-26,Pre+Season,POR,Portland Trail Blazers,46.9,6.5,2.0,4.5,30.8,69.2
2025-26,Pre+Season,SAC,Sacramento Kings,47.8,10.5,3.3,7.3,31.0,69.0
2025-26,Pre+Season,SAS,San Antonio Spurs,48.8,8.8,3.8,5.0,43.2,56.8
2025-26,Pre+Season,South East Melbourne Phoenix,South East Melbourne Phoenix,40.4,3.0,2.0,1.0,66.7,33.3
2025-26,Pre+Season,TOR,Toronto Raptors,46.4,7.0,1.3,5.7,19.0,81.0
2025-26,Pre+Season,UTA,Utah Jazz,48.6,7.5,1.3,6.3,16.7,83.3
2025-26,Pre+Season,WAS,Washington Wizards,47.1,8.3,2.3,6.0,28.0,72.0
2025-26,Regular+Season,ATL,Atlanta Hawks,48.0,6.3,0.9,5.3,14.8,85.2
2025-26,Regular+Season,BOS,Boston Celtics,47.3,7.2,2.0,5.1,27.5,71.3
2025-26,Regular+Season,BKN,Brooklyn Nets,47.2,6.3,2.0,4.2,32.4,67.6
2025-26,Regular+Season,CHA,Charlotte Hornets,47.7,8.0,2.5,5.5,31.3,68.7
2025-26,Regular+Season,CHI,Chicago Bulls,47.6,7.2,1.3,6.0,17.6,82.4
2025-26,Regular+Season,CLE,Cleveland Cavaliers,48.0,7.4,1.8,5.6,24.3,75.7
2025-26,Regular+Season,DAL,Dallas Mavericks,47.8,6.1,1.2,4.9,19.9,80.1
2025-26,Regular+Season,DEN,Denver Nuggets,47.8,6.1,1.6,4.4,27.1,72.9
2025-26,Regular+Season,DET,Detroit Pistons,47.8,7.6,2.1,5.5,27.9,72.1
2025-26,Regular+Season,GSW,Golden State Warriors,47.6,6.8,1.6,5.1,24.1,75.9
2025-26,Regular+Season,HOU,Houston Rockets,48.5,6.1,2.8,3.4,45.2,54.8
2025-26,Regular+Season,IND,Indiana Pacers,47.7,6.4,1.4,5.0,21.6,78.4
2025-26,Regular+Season,LAC,LA Clippers,47.5,5.9,1.5,4.4,25.8,74.2
2025-26,Regular+Season,LAL,Los Angeles Lakers,47.6,5.4,1.3,4.1,23.8,76.2
2025-26,Regular+Season,MEM,Memphis Grizzlies,48.0,7.6,2.0,5.5,27.0,73.0
2025-26,Regular+Season,MIA,Miami Heat,47.9,7.7,1.1,6.6,14.4,85.6
2025-26,Regular+Season,MIL,Milwaukee Bucks,47.2,7.5,1.5,6.0,19.9,79.8
2025-26,Regular+Season,MIN,Minnesota Timberwolves,47.7,6.7,2.3,4.4,33.9,66.1
2025-26,Regular+Season,NOP,New Orleans Pelicans,48.3,6.0,1.3,4.6,22.0,78.0
2025-26,Regular+Season,NYK,New York Knicks,47.3,8.5,2.7,5.8,31.7,67.6
2025-26,Regular+Season,OKC,Oklahoma City Thunder,48.3,6.8,1.3,5.5,18.5,81.5
2025-26,Regular+Season,ORL,Orlando Magic,47.5,7.6,2.0,5.6,26.2,73.8
2025-26,Regular+Season,PHI,Philadelphia 76ers,48.3,5.2,1.9,3.2,37.2,61.7
2025-26,Regular+Season,PHX,Phoenix Suns,47.8,5.8,1.3,4.5,22.2,77.8
2025-26,Regular+Season,POR,Portland Trail Blazers,47.6,6.4,2.0,4.4,31.7,68.3
2025-26,Regular+Season,SAC,Sacramento Kings,48.1,5.4,1.5,3.9,28.4,71.6
2025-26,Regular+Season,SAS,San Antonio Spurs,47.7,6.2,2.0,4.2,32.2,67.8
2025-26,Regular+Season,TOR,Toronto Raptors,48.0,6.6,1.9,4.7,28.7,71.3
2025-26,Regular+Season,UTA,Utah Jazz,48.3,7.3,1.7,5.6,23.6,76.4
2025-26,Regular+Season,WAS,Washington Wizards,47.6,6.4,1.3,5.1,20.7,79.3
2025-26,IST,ATL,Atlanta Hawks,47.9,7.8,1.5,6.3,19.4,80.6
2025-26,IST,BOS,Boston Celtics,48.0,6.5,1.0,5.5,15.4,84.6
2025-26,IST,BKN,Brooklyn Nets,47.0,4.8,1.8,3.0,36.8,63.2
2025-26,IST,CHA,Charlotte Hornets,49.1,6.5,3.0,3.5,46.2,53.8
2025-26,IST,CHI,Chicago Bulls,47.4,7.3,0.8,6.5,10.3,89.7
2025-26,IST,CLE,Cleveland Cavaliers,47.9,5.3,1.8,3.5,33.3,66.7
2025-26,IST,DAL,Dallas Mavericks,49.0,5.5,0.8,4.8,13.6,86.4
2025-26,IST,DEN,Denver Nuggets,47.6,8.0,2.8,5.3,34.4,65.6
2025-26,IST,DET,Detroit Pistons,47.8,7.3,1.0,6.3,13.8,86.2
2025-26,IST,GSW,Golden State Warriors,47.8,9.3,3.3,6.0,35.1,64.9
2025-26,IST,HOU,Houston Rockets,47.8,6.8,3.5,3.3,51.9,48.1
2025-26,IST,IND,Indiana Pacers,47.0,8.8,2.3,6.5,25.7,74.3
2025-26,IST,LAC,LA Clippers,48.8,5.5,1.8,3.8,31.8,68.2
2025-26,IST,LAL,Los Angeles Lakers,47.4,4.8,1.2,3.6,25.0,75.0
2025-26,IST,MEM,Memphis Grizzlies,49.2,5.5,1.0,4.5,18.2,81.8
2025-26,IST,MIA,Miami Heat,48.0,8.8,0.8,8.0,9.1,90.9
2025-26,IST,MIL,Milwaukee Bucks,49.2,8.5,1.5,7.0,17.6,82.4
2025-26,IST,MIN,Minnesota Timberwolves,47.3,6.3,2.3,4.0,36.0,64.0
2025-26,IST,NOP,New Orleans Pelicans,49.3,5.0,1.3,3.8,25.0,75.0
2025-26,IST,NYK,New York Knicks,47.5,9.1,2.7,6.4,29.7,70.3
2025-26,IST,OKC,Oklahoma City Thunder,47.5,7.5,0.7,6.8,8.9,91.1
2025-26,IST,ORL,Orlando Magic,47.8,6.5,1.7,4.8,25.6,74.4
2025-26,IST,PHI,Philadelphia 76ers,48.0,4.8,2.3,2.5,47.4,52.6
2025-26,IST,PHX,Phoenix Suns,47.8,7.0,1.2,5.8,17.1,82.9
2025-26,IST,POR,Portland Trail Blazers,47.4,6.3,2.0,4.3,32.0,68.0
2025-26,IST,SAC,Sacramento Kings,47.1,4.8,1.8,3.0,36.8,63.2
2025-26,IST,SAS,San Antonio Spurs,48.0,6.6,3.4,3.1,52.2,47.8
2025-26,IST,TOR,Toronto Raptors,47.8,9.0,3.4,5.6,37.8,62.2
2025-26,IST,UTA,Utah Jazz,47.6,8.0,1.3,6.8,15.6,84.4
2025-26,IST,WAS,Washington Wizards,47.6,5.3,1.0,4.3,19.0,81.0
