SEASON,SEASON_TYPE,TEAM_ABB,TEAM_NAME,GP,W,L,MIN,PASSES_MADE,PASSES_RECEIVED,AST,SECONDARY_AST,POTENTIAL_AST,AST_POINTS_CREATED,AST_ADJ,AST_TO_PASS_PCT,AST_TO_PASS_PCT_ADJ
2015-16,Regular+Season,ATL,Atlanta Hawks,82,48,34,241.8,324.6,324.6,25.6,3.8,51.2,63.3,31.2,7.9,9.6
2015-16,Regular+Season,BOS,Boston Celtics,81,47,34,241.2,316.7,316.7,24.0,2.6,50.9,60.0,29.2,7.6,9.2
2015-16,Regular+Season,BKN,Brooklyn Nets,82,21,61,240.9,291.7,291.7,22.3,2.9,46.7,53.7,27.3,7.6,9.4
2015-16,Regular+Season,CHA,Charlotte Hornets,82,48,34,242.1,296.5,296.4,21.7,3.0,47.3,57.2,27.2,7.3,9.2
2015-16,Regular+Season,CHI,Chicago Bulls,82,42,40,242.7,307.7,307.7,22.8,3.3,46.3,56.5,28.2,7.4,9.2
2015-16,Regular+Season,CLE,Cleveland Cavaliers,82,57,25,242.1,296.1,296.1,22.7,3.7,44.4,58.6,28.6,7.7,9.7
2015-16,Regular+Season,DAL,Dallas Mavericks,82,42,40,244.0,330.0,330.0,22.1,2.9,48.0,56.7,27.4,6.7,8.3
2015-16,Regular+Season,DEN,Denver Nuggets,82,33,49,241.8,290.2,290.2,22.7,2.6,46.8,56.2,27.9,7.8,9.6
2015-16,Regular+Season,DET,Detroit Pistons,82,44,38,242.4,263.3,263.3,19.4,2.4,41.7,49.8,24.4,7.4,9.3
2015-16,Regular+Season,GSW,Golden State Warriors,82,73,9,242.4,323.5,323.5,28.9,4.1,54.2,72.9,35.7,8.9,11.0
2015-16,Regular+Season,HOU,Houston Rockets,82,41,41,241.8,287.3,287.3,22.2,2.6,46.4,56.9,27.5,7.7,9.6
2015-16,Regular+Season,IND,Indiana Pacers,82,45,37,242.4,303.8,303.8,21.2,2.7,48.0,53.8,26.9,7.0,8.8
2015-16,Regular+Season,LAC,LA Clippers,82,53,29,241.8,287.6,287.6,22.8,2.8,45.8,56.9,28.1,7.9,9.8
2015-16,Regular+Season,LAL,Los Angeles Lakers,82,17,65,240.6,274.0,274.0,18.0,1.7,38.7,45.5,21.7,6.6,7.9
2015-16,Regular+Season,MEM,Memphis Grizzlies,82,42,40,241.8,306.4,306.4,20.7,2.8,43.9,50.5,25.8,6.8,8.4
2015-16,Regular+Season,MIA,Miami Heat,82,48,34,241.8,297.9,297.9,20.8,2.6,43.2,51.3,25.8,7.0,8.6
2015-16,Regular+Season,MIL,Milwaukee Bucks,82,33,49,241.8,289.4,289.4,23.1,3.0,44.8,55.3,28.7,8.0,9.9
2015-16,Regular+Season,MIN,Minnesota Timberwolves,82,29,53,242.4,281.4,281.4,23.4,2.8,47.3,56.8,29.1,8.3,10.3
2015-16,Regular+Season,NOP,New Orleans Pelicans,82,30,52,241.2,292.5,292.5,22.2,2.2,43.1,55.5,26.9,7.6,9.2
2015-16,Regular+Season,NYK,New York Knicks,82,32,50,241.5,341.6,341.6,20.5,2.8,46.8,51.5,25.6,6.0,7.5
2015-16,Regular+Season,OKC,Oklahoma City Thunder,82,55,27,241.8,256.6,256.6,23.0,2.0,46.9,56.4,27.5,8.9,10.7
2015-16,Regular+Season,ORL,Orlando Magic,81,35,46,242.5,305.7,305.7,23.5,2.5,49.1,57.0,27.8,7.7,9.1
2015-16,Regular+Season,PHI,Philadelphia 76ers,82,10,72,241.5,329.3,329.3,21.5,2.1,47.0,55.2,26.1,6.5,7.9
2015-16,Regular+Season,PHX,Phoenix Suns,82,23,59,240.3,310.4,310.4,20.7,2.7,47.3,52.4,25.5,6.7,8.2
2015-16,Regular+Season,POR,Portland Trail Blazers,82,44,38,241.5,281.8,281.8,21.3,2.5,45.3,54.7,26.4,7.6,9.4
2015-16,Regular+Season,SAC,Sacramento Kings,81,33,48,241.5,283.3,283.3,24.5,2.7,50.3,60.4,29.9,8.7,10.5
2015-16,Regular+Season,SAS,San Antonio Spurs,82,67,15,240.3,328.6,328.6,24.5,3.9,46.0,58.9,30.2,7.5,9.2
2015-16,Regular+Season,TOR,Toronto Raptors,81,55,26,240.9,303.4,303.4,18.7,2.2,38.9,48.1,22.8,6.2,7.5
2015-16,Regular+Season,UTA,Utah Jazz,82,40,42,243.4,352.3,352.3,19.0,2.4,44.3,48.9,24.0,5.4,6.8
2015-16,Regular+Season,WAS,Washington Wizards,82,41,41,240.9,294.7,294.7,24.5,2.8,50.1,61.1,29.9,8.3,10.2
2015-16,Playoffs,ATL,Atlanta Hawks,10,4,6,242.5,321.3,321.3,22.6,3.5,47.4,57.2,27.4,7.0,8.5
2015-16,Playoffs,BOS,Boston Celtics,6,2,4,244.2,332.5,332.5,21.0,3.3,49.5,53.0,26.0,6.3,7.8
2015-16,Playoffs,CHA,Charlotte Hornets,7,3,4,240.0,257.3,257.3,13.6,2.1,33.1,35.7,18.3,5.3,7.1
2015-16,Playoffs,CLE,Cleveland Cavaliers,21,16,5,240.0,267.2,267.2,21.2,3.1,38.8,54.9,25.9,7.9,9.7
2015-16,Playoffs,DAL,Dallas Mavericks,5,1,4,240.0,306.6,306.6,20.6,3.2,43.0,50.6,26.4,6.7,8.6
2015-16,Playoffs,DET,Detroit Pistons,4,0,4,240.0,239.8,239.8,21.8,3.0,35.0,53.8,25.8,9.1,10.7
2015-16,Playoffs,GSW,Golden State Warriors,24,15,9,241.0,315.5,315.5,24.3,3.5,48.5,62.8,30.0,7.7,9.5
2015-16,Playoffs,HOU,Houston Rockets,5,1,4,240.0,271.6,271.6,18.0,2.4,41.0,44.2,22.4,6.6,8.2
2015-16,Playoffs,IND,Indiana Pacers,7,3,4,240.0,273.7,273.7,18.1,2.7,41.1,45.7,22.6,6.6,8.2
2015-16,Playoffs,LAC,LA Clippers,6,2,4,240.0,270.5,270.5,18.2,1.8,34.0,44.7,22.2,6.7,8.2
2015-16,Playoffs,MEM,Memphis Grizzlies,4,0,4,240.0,282.5,282.5,16.5,1.5,39.3,41.8,20.8,5.8,7.3
2015-16,Playoffs,MIA,Miami Heat,14,7,7,245.4,272.0,272.0,16.4,1.5,36.0,42.5,20.2,6.0,7.4
2015-16,Playoffs,OKC,Oklahoma City Thunder,18,11,7,240.0,220.4,220.4,20.5,1.6,41.7,51.9,24.3,9.3,11.0
2015-16,Playoffs,POR,Portland Trail Blazers,11,5,6,242.3,263.9,263.9,21.5,2.5,46.9,55.0,26.5,8.2,10.1
2015-16,Playoffs,SAS,San Antonio Spurs,10,6,4,240.0,305.8,305.8,21.3,2.5,42.1,52.5,25.6,7.0,8.4
2015-16,Playoffs,TOR,Toronto Raptors,20,10,10,243.8,276.3,276.3,15.7,2.1,37.2,39.5,19.4,5.7,7.0
2016-17,Regular+Season,ATL,Atlanta Hawks,82,43,39,242.4,310.0,310.0,23.6,3.2,46.8,58.2,28.9,7.6,9.3
2016-17,Regular+Season,BOS,Boston Celtics,82,53,29,240.9,324.6,324.6,25.2,3.6,49.2,63.9,30.7,7.8,9.5
2016-17,Regular+Season,BKN,Brooklyn Nets,81,20,61,240.9,311.0,311.0,21.4,2.5,45.4,55.5,25.9,6.9,8.3
2016-17,Regular+Season,CHA,Charlotte Hornets,82,36,46,241.8,291.2,291.2,23.1,3.4,47.8,59.4,29.1,7.9,10.0
2016-17,Regular+Season,CHI,Chicago Bulls,82,41,41,241.2,304.5,304.5,22.6,2.5,45.2,55.6,27.1,7.4,8.9
2016-17,Regular+Season,CLE,Cleveland Cavaliers,82,51,31,242.4,275.3,275.3,22.7,3.4,45.1,59.9,28.3,8.2,10.3
2016-17,Regular+Season,DAL,Dallas Mavericks,81,32,49,241.2,296.8,296.8,20.7,2.5,44.4,53.2,24.9,7.0,8.4
2016-17,Regular+Season,DEN,Denver Nuggets,81,39,42,240.9,296.3,296.3,25.2,2.9,47.5,63.4,30.2,8.5,10.2
2016-17,Regular+Season,DET,Detroit Pistons,82,37,45,241.5,278.5,278.5,21.1,2.1,43.0,52.3,25.4,7.6,9.1
2016-17,Regular+Season,GSW,Golden State Warriors,82,67,15,241.2,317.7,317.7,30.4,4.6,56.3,74.8,37.5,9.6,11.8
2016-17,Regular+Season,HOU,Houston Rockets,82,55,27,241.2,267.4,267.4,25.2,2.5,50.7,65.0,29.8,9.4,11.2
2016-17,Regular+Season,IND,Indiana Pacers,81,42,39,242.2,286.4,286.4,22.4,2.9,47.4,55.9,27.3,7.8,9.5
2016-17,Regular+Season,LAC,LA Clippers,82,51,31,240.9,301.7,301.7,22.5,2.9,43.2,56.8,27.8,7.5,9.2
2016-17,Regular+Season,LAL,Los Angeles Lakers,82,26,56,240.3,288.4,288.4,20.9,2.2,42.7,52.2,25.1,7.3,8.7
2016-17,Regular+Season,MEM,Memphis Grizzlies,82,43,39,242.7,303.3,303.2,21.3,3.1,46.4,53.9,26.5,7.0,8.7
2016-17,Regular+Season,MIA,Miami Heat,82,41,41,241.2,283.4,283.4,21.2,2.8,45.9,54.2,25.9,7.5,9.1
2016-17,Regular+Season,MIL,Milwaukee Bucks,82,42,40,241.2,289.0,288.9,24.2,3.1,47.5,61.0,29.7,8.4,10.3
2016-17,Regular+Season,MIN,Minnesota Timberwolves,82,31,51,241.5,285.4,285.3,23.7,2.7,45.4,58.2,28.7,8.3,10.0
2016-17,Regular+Season,NOP,New Orleans Pelicans,82,34,48,242.7,298.4,298.4,22.8,2.4,46.2,57.1,27.2,7.6,9.1
2016-17,Regular+Season,NYK,New York Knicks,82,31,51,242.1,326.6,326.6,21.8,2.9,47.2,54.4,26.7,6.7,8.2
2016-17,Regular+Season,OKC,Oklahoma City Thunder,82,47,35,241.5,255.3,255.3,21.0,2.1,45.7,52.1,25.5,8.2,10.0
2016-17,Regular+Season,ORL,Orlando Magic,82,29,53,241.5,295.9,295.9,22.2,3.0,49.3,55.4,27.3,7.5,9.2
2016-17,Regular+Season,PHI,Philadelphia 76ers,82,28,54,241.8,352.4,352.4,23.8,2.7,49.4,60.5,28.7,6.7,8.1
2016-17,Regular+Season,PHX,Phoenix Suns,80,23,57,241.9,297.7,297.7,19.6,2.1,43.4,49.5,24.3,6.6,8.2
2016-17,Regular+Season,POR,Portland Trail Blazers,82,41,41,243.1,277.4,277.4,21.1,2.5,44.1,54.1,25.7,7.6,9.3
2016-17,Regular+Season,SAC,Sacramento Kings,82,32,50,242.4,317.6,317.6,22.5,2.6,46.2,56.2,27.2,7.1,8.6
2016-17,Regular+Season,SAS,San Antonio Spurs,81,61,20,241.5,316.3,316.3,23.9,3.3,45.2,59.2,29.0,7.6,9.2
2016-17,Regular+Season,TOR,Toronto Raptors,81,50,31,241.2,273.4,273.4,18.5,2.6,39.2,46.9,22.8,6.8,8.3
2016-17,Regular+Season,UTA,Utah Jazz,82,51,31,240.9,314.9,314.9,20.1,2.7,42.6,52.3,25.3,6.4,8.0
2016-17,Regular+Season,WAS,Washington Wizards,82,49,33,242.1,265.4,265.4,23.9,3.0,46.4,59.4,28.9,9.0,10.9
2016-17,Playoffs,ATL,Atlanta Hawks,6,2,4,240.0,298.2,298.2,22.3,2.5,40.5,54.8,27.2,7.5,9.1
2016-17,Playoffs,BOS,Boston Celtics,18,9,9,241.4,306.8,306.8,26.9,4.3,50.6,68.9,33.4,8.8,10.9
2016-17,Playoffs,CHI,Chicago Bulls,6,2,4,240.0,264.3,264.3,20.0,2.7,40.8,49.2,24.3,7.6,9.2
2016-17,Playoffs,CLE,Cleveland Cavaliers,18,13,5,240.0,259.5,259.5,22.1,3.3,40.5,59.1,28.1,8.5,10.8
2016-17,Playoffs,GSW,Golden State Warriors,17,16,1,240.0,297.6,297.6,28.2,4.6,51.1,71.2,35.7,9.5,12.0
2016-17,Playoffs,HOU,Houston Rockets,11,6,5,242.3,242.5,242.5,19.5,1.5,38.9,50.9,22.8,8.1,9.4
2016-17,Playoffs,IND,Indiana Pacers,4,0,4,240.0,252.5,252.5,22.5,3.3,45.3,56.0,28.5,8.9,11.3
2016-17,Playoffs,LAC,LA Clippers,7,3,4,240.0,245.9,245.9,18.4,1.3,33.6,45.4,22.1,7.5,9.0
2016-17,Playoffs,MEM,Memphis Grizzlies,6,2,4,244.2,262.0,262.0,18.8,2.3,38.8,49.2,23.0,7.2,8.8
2016-17,Playoffs,MIL,Milwaukee Bucks,6,2,4,240.0,295.7,295.7,21.2,4.5,40.2,52.7,26.5,7.2,9.0
2016-17,Playoffs,OKC,Oklahoma City Thunder,5,1,4,240.0,228.0,228.0,19.8,2.4,41.2,49.2,24.6,8.7,10.8
2016-17,Playoffs,POR,Portland Trail Blazers,4,0,4,240.0,243.8,243.8,15.8,1.3,39.3,40.0,17.8,6.5,7.3
2016-17,Playoffs,SAS,San Antonio Spurs,16,8,8,243.1,286.2,286.2,21.3,3.3,41.9,53.4,26.6,7.4,9.3
2016-17,Playoffs,TOR,Toronto Raptors,10,4,6,240.0,269.7,269.7,19.6,3.8,40.7,49.9,25.6,7.3,9.5
2016-17,Playoffs,UTA,Utah Jazz,11,4,7,240.0,287.8,287.8,19.7,3.3,39.4,50.6,25.4,6.9,8.8
2016-17,Playoffs,WAS,Washington Wizards,13,7,6,241.9,250.7,250.7,22.8,2.1,46.2,56.5,27.2,9.1,10.9
2017-18,Regular+Season,ATL,Atlanta Hawks,81,24,57,240.3,328.7,328.7,23.7,2.5,46.2,58.9,26.9,7.2,8.2
2017-18,Regular+Season,BOS,Boston Celtics,79,52,27,241.6,304.0,304.0,22.5,3.0,42.7,55.9,26.2,7.4,8.6
2017-18,Regular+Season,BKN,Brooklyn Nets,80,27,53,242.2,327.6,327.6,23.8,2.8,47.7,60.6,27.5,7.3,8.4
2017-18,Regular+Season,CHA,Charlotte Hornets,82,36,46,241.2,281.5,281.4,21.6,3.1,42.0,53.8,26.1,7.7,9.3
2017-18,Regular+Season,CHI,Chicago Bulls,82,27,55,242.1,302.3,302.3,23.5,2.4,46.0,58.2,26.7,7.8,8.8
2017-18,Regular+Season,CLE,Cleveland Cavaliers,82,50,32,240.6,273.3,273.3,23.4,3.0,44.0,58.8,27.3,8.6,10.0
2017-18,Regular+Season,DAL,Dallas Mavericks,82,24,58,241.5,304.0,304.0,22.7,3.1,43.2,56.6,26.6,7.5,8.7
2017-18,Regular+Season,DEN,Denver Nuggets,82,46,36,242.4,304.2,304.2,25.1,3.1,44.2,61.2,28.7,8.3,9.4
2017-18,Regular+Season,DET,Detroit Pistons,82,39,43,241.5,299.0,299.0,22.8,2.5,44.5,56.3,25.9,7.6,8.7
2017-18,Regular+Season,GSW,Golden State Warriors,82,58,24,240.6,322.7,322.7,29.3,4.7,50.9,70.3,35.3,9.1,10.9
2017-18,Regular+Season,HOU,Houston Rockets,82,65,17,240.9,254.3,254.3,21.5,2.2,43.6,55.8,25.0,8.5,9.8
2017-18,Regular+Season,IND,Indiana Pacers,82,48,34,240.9,298.0,298.0,22.2,2.4,43.1,53.7,25.4,7.4,8.5
2017-18,Regular+Season,LAC,LA Clippers,82,42,40,240.3,295.9,295.8,22.3,2.9,39.3,53.8,26.5,7.6,9.0
2017-18,Regular+Season,LAL,Los Angeles Lakers,82,35,47,242.7,282.1,282.0,23.8,2.8,45.5,57.5,27.3,8.4,9.7
2017-18,Regular+Season,MEM,Memphis Grizzlies,82,22,60,240.3,322.3,322.3,21.5,3.3,42.9,52.5,25.8,6.7,8.0
2017-18,Regular+Season,MIA,Miami Heat,81,43,38,243.1,304.7,304.6,22.8,2.8,47.5,57.4,26.4,7.5,8.7
2017-18,Regular+Season,MIL,Milwaukee Bucks,81,44,37,241.9,284.6,284.5,23.2,2.9,42.8,56.5,27.2,8.2,9.6
2017-18,Regular+Season,MIN,Minnesota Timberwolves,82,47,35,241.5,286.7,286.6,22.7,2.5,41.2,55.0,26.5,7.9,9.2
2017-18,Regular+Season,NOP,New Orleans Pelicans,82,48,34,243.4,305.9,305.8,26.8,3.0,47.1,64.0,30.4,8.8,9.9
2017-18,Regular+Season,NYK,New York Knicks,81,28,53,241.9,320.1,320.0,23.3,3.0,45.2,55.4,27.0,7.3,8.4
2017-18,Regular+Season,OKC,Oklahoma City Thunder,80,48,32,241.9,254.0,253.9,21.4,2.4,43.1,54.0,25.1,8.4,9.9
2017-18,Regular+Season,ORL,Orlando Magic,82,25,57,240.6,292.3,292.3,23.4,2.4,46.3,57.1,26.7,8.0,9.1
2017-18,Regular+Season,PHI,Philadelphia 76ers,81,52,29,241.2,343.9,343.8,27.2,3.6,52.4,67.0,31.8,7.9,9.3
2017-18,Regular+Season,PHX,Phoenix Suns,82,21,61,240.3,292.3,292.2,21.3,2.3,44.4,52.8,25.0,7.3,8.6
2017-18,Regular+Season,POR,Portland Trail Blazers,82,49,33,240.9,271.0,271.0,19.5,2.2,40.1,48.1,22.5,7.2,8.3
2017-18,Regular+Season,SAC,Sacramento Kings,82,27,55,240.9,315.8,315.8,21.6,2.7,42.3,51.7,24.9,6.8,7.9
2017-18,Regular+Season,SAS,San Antonio Spurs,82,47,35,240.6,314.0,313.9,22.8,4.0,42.7,55.2,27.7,7.3,8.8
2017-18,Regular+Season,TOR,Toronto Raptors,82,59,23,241.8,300.0,300.0,24.3,3.3,46.3,59.6,28.2,8.1,9.4
2017-18,Regular+Season,UTA,Utah Jazz,82,48,34,240.9,318.8,318.8,22.4,2.9,43.2,55.9,26.5,7.0,8.3
2017-18,Regular+Season,WAS,Washington Wizards,82,43,39,242.1,293.0,293.0,25.2,3.2,47.4,60.7,29.1,8.6,9.9
2017-18,Playoffs,BOS,Boston Celtics,19,11,8,242.6,295.4,295.4,21.2,2.6,38.1,53.8,25.0,7.2,8.5
2017-18,Playoffs,CLE,Cleveland Cavaliers,22,12,10,242.3,249.0,249.0,19.2,2.5,37.8,48.6,22.7,7.7,9.1
2017-18,Playoffs,GSW,Golden State Warriors,21,16,5,241.2,297.4,297.3,26.0,3.7,47.7,62.2,30.7,8.8,10.3
2017-18,Playoffs,HOU,Houston Rockets,17,11,6,240.0,223.9,223.9,18.8,1.9,36.4,47.6,21.8,8.4,9.7
2017-18,Playoffs,IND,Indiana Pacers,7,3,4,240.0,254.6,254.6,21.1,2.1,37.3,51.6,23.9,8.3,9.4
2017-18,Playoffs,MIA,Miami Heat,5,1,4,240.0,264.4,264.4,23.8,2.6,44.6,58.0,26.6,9.0,10.1
2017-18,Playoffs,MIL,Milwaukee Bucks,7,3,4,243.6,259.0,259.0,22.0,2.7,36.3,55.1,25.9,8.5,10.0
2017-18,Playoffs,MIN,Minnesota Timberwolves,5,1,4,240.0,252.0,252.0,22.4,2.0,36.8,55.0,25.0,8.9,9.9
2017-18,Playoffs,NOP,New Orleans Pelicans,9,5,4,240.0,281.9,281.9,26.9,2.8,45.4,64.8,30.9,9.5,11.0
2017-18,Playoffs,OKC,Oklahoma City Thunder,6,2,4,240.0,224.7,224.7,16.3,2.8,32.3,40.3,19.8,7.3,8.8
2017-18,Playoffs,PHI,Philadelphia 76ers,10,5,5,242.5,322.0,322.0,25.8,3.2,52.6,63.4,30.0,8.0,9.3
2017-18,Playoffs,POR,Portland Trail Blazers,4,0,4,240.0,264.8,264.8,19.0,1.3,43.0,48.0,21.3,7.2,8.0
2017-18,Playoffs,SAS,San Antonio Spurs,5,1,4,240.0,300.8,300.8,19.0,3.6,38.2,47.6,23.8,6.3,7.9
2017-18,Playoffs,TOR,Toronto Raptors,10,4,6,242.5,270.9,270.9,21.8,2.9,40.6,55.9,26.5,8.0,9.8
2017-18,Playoffs,UTA,Utah Jazz,11,5,6,240.0,266.6,266.6,20.3,2.7,38.5,51.4,24.7,7.6,9.3
2017-18,Playoffs,WAS,Washington Wizards,6,2,4,240.0,252.3,252.3,23.3,2.2,42.0,54.8,26.2,9.2,10.4
2018-19,Regular+Season,ATL,Atlanta Hawks,82,29,53,242.1,300.0,300.0,25.8,2.8,48.4,64.7,29.9,8.6,10.0
2018-19,Regular+Season,BOS,Boston Celtics,82,49,33,241.2,296.4,296.4,26.3,3.7,47.6,65.2,30.8,8.9,10.4
2018-19,Regular+Season,BKN,Brooklyn Nets,82,42,40,243.7,309.0,309.0,23.8,2.7,45.1,59.9,27.8,7.7,9.0
2018-19,Regular+Season,CHA,Charlotte Hornets,82,39,43,241.8,290.0,290.0,23.2,2.9,42.3,58.3,27.3,8.0,9.4
2018-19,Regular+Season,CHI,Chicago Bulls,81,22,59,242.8,284.4,284.3,22.0,1.8,39.0,53.1,24.4,7.7,8.6
2018-19,Regular+Season,CLE,Cleveland Cavaliers,82,19,63,240.9,284.3,281.0,20.7,2.3,38.8,51.1,23.7,7.3,8.3
2018-19,Regular+Season,DAL,Dallas Mavericks,82,33,49,241.2,313.6,313.6,23.4,3.1,44.2,59.0,27.5,7.5,8.8
2018-19,Regular+Season,DEN,Denver Nuggets,82,54,28,240.6,312.4,309.1,27.4,3.7,47.2,66.5,32.0,8.8,10.2
2018-19,Regular+Season,DET,Detroit Pistons,82,41,41,242.1,307.1,307.1,22.5,3.1,43.8,56.5,26.5,7.3,8.6
2018-19,Regular+Season,GSW,Golden State Warriors,82,57,25,241.5,320.2,316.5,29.4,3.9,52.6,72.2,34.6,9.2,10.8
2018-19,Regular+Season,HOU,Houston Rockets,82,53,29,241.8,246.0,246.0,21.2,2.5,41.2,54.1,24.6,8.6,10.0
2018-19,Regular+Season,IND,Indiana Pacers,82,48,34,240.3,307.3,307.3,26.0,3.3,45.0,62.2,30.1,8.4,9.8
2018-19,Regular+Season,LAC,LA Clippers,82,48,34,241.8,303.3,303.3,24.0,2.7,40.9,59.1,28.0,7.9,9.2
2018-19,Regular+Season,LAL,Los Angeles Lakers,82,37,45,241.2,277.7,277.7,25.6,3.0,47.2,61.4,29.6,9.2,10.7
2018-19,Regular+Season,MEM,Memphis Grizzlies,82,33,49,242.4,329.8,329.8,23.9,3.7,45.1,58.8,29.0,7.3,8.8
2018-19,Regular+Season,MIA,Miami Heat,82,39,43,240.6,301.3,301.2,24.3,2.8,46.4,60.7,28.2,8.1,9.4
2018-19,Regular+Season,MIL,Milwaukee Bucks,82,60,22,241.2,284.5,284.5,26.0,2.8,46.8,65.1,29.6,9.2,10.4
2018-19,Regular+Season,MIN,Minnesota Timberwolves,82,36,46,241.8,290.4,290.4,24.6,3.0,44.4,60.3,28.6,8.5,9.9
2018-19,Regular+Season,NOP,New Orleans Pelicans,82,33,49,240.9,309.7,309.6,27.0,2.9,47.8,65.5,31.0,8.7,10.0
2018-19,Regular+Season,NYK,New York Knicks,81,17,64,241.2,293.4,293.4,20.1,2.4,39.3,50.3,23.3,6.9,7.9
2018-19,Regular+Season,OKC,Oklahoma City Thunder,81,48,33,242.2,242.4,242.4,23.4,2.2,45.0,58.0,26.7,9.7,11.0
2018-19,Regular+Season,ORL,Orlando Magic,80,40,40,241.3,283.6,283.6,25.7,3.4,49.1,63.1,30.0,9.1,10.6
2018-19,Regular+Season,PHI,Philadelphia 76ers,81,51,30,241.5,316.8,316.8,26.9,3.4,49.7,66.4,31.4,8.5,9.9
2018-19,Regular+Season,PHX,Phoenix Suns,82,19,63,242.4,306.3,306.2,23.9,2.8,44.7,57.5,27.6,7.8,9.0
2018-19,Regular+Season,POR,Portland Trail Blazers,82,53,29,242.1,281.7,278.6,23.0,2.8,42.1,56.8,27.0,8.2,9.6
2018-19,Regular+Season,SAC,Sacramento Kings,82,39,43,240.6,292.0,292.0,25.4,2.9,44.6,62.1,29.3,8.7,10.0
2018-19,Regular+Season,SAS,San Antonio Spurs,82,48,34,241.5,280.8,280.8,24.5,3.2,40.7,58.9,28.2,8.7,10.0
2018-19,Regular+Season,TOR,Toronto Raptors,82,58,24,242.4,298.6,298.6,25.4,4.0,46.1,63.4,30.4,8.5,10.2
2018-19,Regular+Season,UTA,Utah Jazz,81,50,31,240.9,310.7,310.7,26.1,3.8,49.0,65.9,31.7,8.4,10.2
2018-19,Regular+Season,WAS,Washington Wizards,81,31,50,243.1,293.1,293.1,26.3,3.5,48.1,65.4,31.0,9.0,10.6
2018-19,Playoffs,BOS,Boston Celtics,9,5,4,240.0,274.6,274.6,21.4,3.8,40.1,53.9,25.6,7.8,9.3
2018-19,Playoffs,BKN,Brooklyn Nets,5,1,4,240.0,254.6,254.6,19.2,2.2,39.8,47.6,23.4,7.5,9.2
2018-19,Playoffs,DEN,Denver Nuggets,14,7,7,247.1,310.4,310.4,24.0,3.1,41.6,60.2,29.3,7.7,9.4
2018-19,Playoffs,DET,Detroit Pistons,4,0,4,240.0,277.8,277.8,23.0,3.0,48.3,58.3,27.3,8.3,9.8
2018-19,Playoffs,GSW,Golden State Warriors,22,14,8,242.3,310.1,310.1,28.4,5.4,51.4,69.1,35.3,9.2,11.4
2018-19,Playoffs,HOU,Houston Rockets,11,6,5,242.3,234.9,234.9,18.3,2.2,35.5,47.8,21.6,7.8,9.2
2018-19,Playoffs,IND,Indiana Pacers,4,0,4,240.0,279.5,279.5,20.8,3.0,42.5,51.0,24.3,7.4,8.7
2018-19,Playoffs,LAC,LA Clippers,6,2,4,240.0,312.3,312.3,25.3,2.7,43.3,63.0,28.8,8.1,9.2
2018-19,Playoffs,MIL,Milwaukee Bucks,15,10,5,243.3,278.7,278.7,25.0,2.9,46.3,63.1,29.4,9.0,10.6
2018-19,Playoffs,OKC,Oklahoma City Thunder,5,1,4,240.0,228.6,228.6,22.6,3.2,43.2,54.8,25.8,9.9,11.3
2018-19,Playoffs,ORL,Orlando Magic,5,1,4,240.0,277.4,277.4,19.0,1.4,47.6,47.6,21.2,6.8,7.6
2018-19,Playoffs,PHI,Philadelphia 76ers,12,7,5,240.0,287.8,287.8,24.4,2.6,45.3,60.0,27.7,8.5,9.6
2018-19,Playoffs,POR,Portland Trail Blazers,16,8,8,247.8,248.4,248.4,19.8,2.4,37.5,49.3,23.1,8.0,9.3
2018-19,Playoffs,SAS,San Antonio Spurs,7,3,4,240.0,253.1,253.1,21.1,2.0,36.4,50.0,24.0,8.4,9.5
2018-19,Playoffs,TOR,Toronto Raptors,24,16,8,242.1,295.8,295.8,22.5,3.8,43.9,56.6,27.1,7.6,9.2
2018-19,Playoffs,UTA,Utah Jazz,5,1,4,240.0,271.2,271.2,23.0,2.8,47.4,56.8,26.8,8.5,9.9
2019-20,Regular+Season,ATL,Atlanta Hawks,67,20,47,243.0,271.2,271.5,24.0,2.6,45.7,60.5,28.6,8.8,10.5
2019-20,Regular+Season,BOS,Boston Celtics,72,48,24,242.1,283.0,283.1,23.0,2.4,40.4,58.6,27.3,8.1,9.7
2019-20,Regular+Season,BKN,Brooklyn Nets,72,35,37,242.8,277.0,277.4,24.5,3.4,45.4,62.8,30.0,8.8,10.8
2019-20,Regular+Season,CHA,Charlotte Hornets,64,23,41,242.3,307.6,307.7,23.8,3.2,44.7,61.7,29.5,7.7,9.6
2019-20,Regular+Season,CHI,Chicago Bulls,65,22,43,241.2,285.1,285.2,23.2,2.8,45.7,60.8,28.4,8.1,10.0
2019-20,Regular+Season,CLE,Cleveland Cavaliers,65,19,46,241.9,289.2,289.3,23.1,2.6,43.6,58.9,27.7,8.0,9.6
2019-20,Regular+Season,DAL,Dallas Mavericks,73,41,32,242.1,289.6,289.5,24.6,3.3,46.3,65.1,29.8,8.5,10.3
2019-20,Regular+Season,DEN,Denver Nuggets,73,46,27,243.1,305.5,305.2,26.7,3.0,45.5,66.8,31.8,8.8,10.4
2019-20,Regular+Season,DET,Detroit Pistons,65,20,45,241.9,288.1,288.0,24.1,2.4,45.6,62.7,28.8,8.4,10.0
2019-20,Regular+Season,GSW,Golden State Warriors,65,15,50,241.9,333.3,333.6,25.6,3.5,47.4,65.0,31.6,7.7,9.5
2019-20,Regular+Season,HOU,Houston Rockets,72,44,28,241.4,243.9,244.3,21.6,3.0,43.9,57.4,26.5,8.9,10.9
2019-20,Regular+Season,IND,Indiana Pacers,73,45,28,241.4,295.6,295.7,25.9,2.9,46.8,65.5,31.4,8.7,10.6
2019-20,Regular+Season,LAC,LA Clippers,72,49,23,241.4,271.0,270.9,23.7,3.1,42.6,61.7,28.9,8.8,10.7
2019-20,Regular+Season,LAL,Los Angeles Lakers,71,52,19,240.7,283.9,283.7,25.4,2.8,46.4,63.5,30.3,8.9,10.7
2019-20,Regular+Season,MEM,Memphis Grizzlies,73,34,39,240.7,305.4,305.5,26.9,3.5,47.8,67.4,32.5,8.8,10.7
2019-20,Regular+Season,MIA,Miami Heat,72,44,28,243.1,292.4,292.4,25.8,3.0,49.8,68.6,31.8,8.8,10.9
2019-20,Regular+Season,MIL,Milwaukee Bucks,72,55,17,241.0,280.2,280.4,25.9,3.2,48.5,67.4,31.3,9.2,11.2
2019-20,Regular+Season,MIN,Minnesota Timberwolves,64,19,45,243.1,306.1,306.3,23.8,2.4,47.7,62.7,28.7,7.8,9.4
2019-20,Regular+Season,NOP,New Orleans Pelicans,71,30,41,241.8,317.7,317.6,26.8,3.8,50.0,70.4,33.3,8.4,10.5
2019-20,Regular+Season,NYK,New York Knicks,66,21,45,241.9,297.4,297.1,22.1,2.2,42.9,56.2,26.3,7.4,8.8
2019-20,Regular+Season,OKC,Oklahoma City Thunder,72,44,28,242.1,286.8,286.9,21.7,3.4,38.9,54.8,26.7,7.6,9.3
2019-20,Regular+Season,ORL,Orlando Magic,73,33,40,240.7,271.5,271.5,23.9,2.8,47.9,62.3,29.4,8.8,10.8
2019-20,Regular+Season,PHI,Philadelphia 76ers,73,43,30,241.0,299.7,299.8,25.8,3.9,47.2,65.7,31.5,8.6,10.5
2019-20,Regular+Season,PHX,Phoenix Suns,72,34,38,240.7,292.4,292.4,27.2,3.1,52.5,70.3,32.9,9.3,11.3
2019-20,Regular+Season,POR,Portland Trail Blazers,73,34,39,241.0,243.4,243.6,20.6,2.5,38.3,53.0,24.7,8.5,10.2
2019-20,Regular+Season,SAC,Sacramento Kings,71,31,40,242.5,283.7,283.7,23.8,2.6,44.9,61.4,28.1,8.4,9.9
2019-20,Regular+Season,SAS,San Antonio Spurs,70,31,39,242.1,280.1,280.3,24.7,3.0,43.3,63.1,29.7,8.8,10.6
2019-20,Regular+Season,TOR,Toronto Raptors,71,52,19,241.4,292.3,292.3,25.2,3.8,47.3,65.6,31.1,8.6,10.6
2019-20,Regular+Season,UTA,Utah Jazz,72,44,28,241.0,296.3,296.4,22.4,2.8,40.6,59.6,27.8,7.6,9.4
2019-20,Regular+Season,WAS,Washington Wizards,72,25,47,241.0,307.8,307.7,25.0,2.6,46.9,65.0,30.2,8.1,9.8
2019-20,Playoffs,BOS,Boston Celtics,17,10,7,244.4,275.9,275.9,22.6,2.1,42.5,59.8,26.8,8.2,9.7
2019-20,Playoffs,BKN,Brooklyn Nets,4,0,4,240.0,295.5,295.5,25.8,2.5,56.0,70.3,31.5,8.7,10.7
2019-20,Playoffs,DAL,Dallas Mavericks,6,2,4,244.2,277.3,277.3,21.5,3.5,40.5,56.5,26.5,7.8,9.6
2019-20,Playoffs,DEN,Denver Nuggets,19,9,10,241.3,283.5,283.4,22.5,2.4,43.8,58.5,27.1,7.9,9.5
2019-20,Playoffs,HOU,Houston Rockets,12,5,7,242.1,255.7,255.7,21.3,3.2,43.3,57.8,25.4,8.3,9.9
2019-20,Playoffs,IND,Indiana Pacers,4,0,4,240.0,272.0,272.0,22.5,2.5,40.8,56.3,26.5,8.3,9.7
2019-20,Playoffs,LAC,LA Clippers,13,7,6,241.9,261.5,261.5,21.2,3.3,40.2,57.8,27.7,8.1,10.6
2019-20,Playoffs,LAL,Los Angeles Lakers,21,16,5,240.0,277.3,277.3,25.6,3.6,47.7,66.0,31.6,9.2,11.4
2019-20,Playoffs,MIA,Miami Heat,21,14,7,242.4,292.1,292.1,24.9,3.1,48.8,66.7,30.9,8.5,10.6
2019-20,Playoffs,MIL,Milwaukee Bucks,10,5,5,242.5,266.3,266.3,24.3,3.3,44.9,63.7,29.6,9.1,11.1
2019-20,Playoffs,OKC,Oklahoma City Thunder,7,3,4,243.6,275.4,275.4,17.9,2.4,40.3,48.3,22.1,6.5,8.0
2019-20,Playoffs,ORL,Orlando Magic,5,1,4,240.0,278.6,278.6,23.8,2.0,52.2,66.6,28.6,8.5,10.3
2019-20,Playoffs,PHI,Philadelphia 76ers,4,0,4,240.0,280.8,280.8,17.5,3.0,39.3,47.0,23.3,6.2,8.3
2019-20,Playoffs,POR,Portland Trail Blazers,5,1,4,240.0,239.4,239.4,17.8,3.6,37.4,47.4,24.2,7.4,10.1
2019-20,Playoffs,TOR,Toronto Raptors,11,7,4,244.5,289.9,289.9,24.8,2.9,44.2,66.5,30.3,8.6,10.4
2019-20,Playoffs,UTA,Utah Jazz,7,3,4,243.6,277.4,277.4,21.4,2.3,39.7,58.0,26.4,7.7,9.5
2019-20,PlayIn,MEM,Memphis Grizzlies,1,0,1,240.0,275.0,275.0,30.0,4.0,40.0,76.0,37.0,10.9,13.5
2019-20,PlayIn,POR,Portland Trail Blazers,1,1,0,240.0,257.0,257.0,20.0,4.0,40.0,51.0,26.0,7.8,10.1
2019-20,IST,NOP,New Orleans Pelicans,1,0,1,265.0,367.0,364.0,30.0,8.0,52.0,77.0,38.0,8.2,10.4
2019-20,IST,TOR,Toronto Raptors,1,1,0,265.0,375.0,375.0,23.0,3.0,54.0,65.0,28.0,6.1,7.5
2020-21,Regular+Season,ATL,Atlanta Hawks,72,41,31,241.7,274.1,274.1,24.1,3.0,45.5,62.9,29.8,8.8,10.9
2020-21,Regular+Season,BOS,Boston Celtics,72,36,36,241.4,284.7,284.8,23.5,2.6,41.4,60.5,27.8,8.2,9.8
2020-21,Regular+Season,BKN,Brooklyn Nets,72,48,24,241.7,277.3,277.3,26.8,3.3,47.6,69.5,32.5,9.7,11.7
2020-21,Regular+Season,CHA,Charlotte Hornets,72,33,39,241.0,304.8,304.8,26.8,3.7,49.3,70.1,33.2,8.8,10.9
2020-21,Regular+Season,CHI,Chicago Bulls,72,31,41,241.4,291.0,291.3,26.8,3.9,48.6,68.1,32.7,9.2,11.2
2020-21,Regular+Season,CLE,Cleveland Cavaliers,72,22,50,242.1,303.1,303.0,23.8,3.0,45.1,60.6,29.5,7.9,9.7
2020-21,Regular+Season,DAL,Dallas Mavericks,72,42,30,240.3,274.9,274.8,22.9,3.2,43.2,59.2,27.6,8.3,10.0
2020-21,Regular+Season,DEN,Denver Nuggets,72,47,25,242.8,295.3,295.3,26.8,4.1,48.3,68.6,32.9,9.1,11.1
2020-21,Regular+Season,DET,Detroit Pistons,72,20,52,242.1,287.2,287.3,24.2,2.3,45.7,62.5,28.5,8.4,9.9
2020-21,Regular+Season,GSW,Golden State Warriors,72,39,33,240.3,307.5,307.4,27.7,4.5,49.6,71.1,34.2,9.0,11.1
2020-21,Regular+Season,HOU,Houston Rockets,72,17,55,240.3,277.1,277.1,23.6,3.0,46.7,61.3,28.3,8.5,10.2
2020-21,Regular+Season,IND,Indiana Pacers,72,34,38,242.4,307.6,307.6,27.4,3.1,48.0,70.8,33.2,8.9,10.8
2020-21,Regular+Season,LAC,LA Clippers,72,47,25,240.0,281.0,281.0,24.4,3.8,43.1,64.0,29.8,8.7,10.6
2020-21,Regular+Season,LAL,Los Angeles Lakers,72,42,30,242.4,303.4,303.4,24.7,4.1,46.0,63.1,31.0,8.1,10.2
2020-21,Regular+Season,MEM,Memphis Grizzlies,72,38,34,241.7,279.1,279.1,26.9,3.7,46.7,66.6,32.2,9.6,11.5
2020-21,Regular+Season,MIA,Miami Heat,72,40,32,241.4,285.2,285.2,26.3,2.7,51.4,69.0,31.6,9.2,11.1
2020-21,Regular+Season,MIL,Milwaukee Bucks,72,46,26,240.7,254.8,254.8,25.5,2.6,46.7,66.2,30.2,10.0,11.8
2020-21,Regular+Season,MIN,Minnesota Timberwolves,72,23,49,241.7,295.6,295.6,25.6,3.0,49.3,67.1,31.3,8.7,10.6
2020-21,Regular+Season,NOP,New Orleans Pelicans,72,31,41,242.1,291.6,291.5,26.0,3.2,46.5,66.3,31.9,8.9,11.0
2020-21,Regular+Season,NYK,New York Knicks,72,41,31,242.1,276.2,276.2,21.4,2.1,39.4,55.6,25.1,7.7,9.1
2020-21,Regular+Season,OKC,Oklahoma City Thunder,72,22,50,241.0,286.1,286.1,22.1,2.8,42.9,56.8,26.6,7.7,9.3
2020-21,Regular+Season,ORL,Orlando Magic,72,21,51,240.7,269.5,269.5,21.8,2.5,43.7,56.7,26.4,8.1,9.8
2020-21,Regular+Season,PHI,Philadelphia 76ers,72,49,23,242.1,308.0,307.9,23.7,3.2,42.0,62.0,29.2,7.7,9.5
2020-21,Regular+Season,PHX,Phoenix Suns,72,51,21,242.8,284.2,284.3,26.9,3.7,50.1,69.3,32.9,9.5,11.6
2020-21,Regular+Season,POR,Portland Trail Blazers,72,42,30,240.3,244.6,244.6,21.3,2.7,39.3,55.9,25.3,8.7,10.3
2020-21,Regular+Season,SAC,Sacramento Kings,72,31,41,240.3,279.5,279.5,25.5,2.7,45.4,64.3,30.3,9.1,10.8
2020-21,Regular+Season,SAS,San Antonio Spurs,72,33,39,242.8,262.4,262.4,24.4,2.4,43.3,61.0,28.6,9.3,10.9
2020-21,Regular+Season,TOR,Toronto Raptors,72,27,45,240.3,291.4,291.4,24.1,3.0,47.3,64.3,29.4,8.3,10.1
2020-21,Regular+Season,UTA,Utah Jazz,72,52,20,241.0,289.4,289.4,23.7,3.5,44.9,64.4,29.6,8.2,10.2
2020-21,Regular+Season,WAS,Washington Wizards,72,34,38,241.7,267.5,267.5,25.5,3.1,46.6,65.4,31.3,9.5,11.7
2020-21,Playoffs,ATL,Atlanta Hawks,18,10,8,240.0,244.4,244.4,20.2,2.5,38.9,51.5,24.5,8.3,10.0
2020-21,Playoffs,BOS,Boston Celtics,5,1,4,240.0,248.4,248.4,21.0,2.2,37.6,56.0,25.6,8.5,10.3
2020-21,Playoffs,BKN,Brooklyn Nets,12,7,5,242.1,272.9,272.9,22.6,2.8,39.9,58.2,27.1,8.3,9.9
2020-21,Playoffs,DAL,Dallas Mavericks,7,3,4,240.0,246.9,246.9,20.7,3.1,36.6,53.9,25.6,8.4,10.4
2020-21,Playoffs,DEN,Denver Nuggets,10,4,6,245.0,280.6,280.6,24.9,2.6,45.7,65.2,29.0,8.9,10.3
2020-21,Playoffs,LAC,LA Clippers,19,10,9,240.0,259.7,259.7,20.8,3.6,36.1,56.4,26.1,8.0,10.0
2020-21,Playoffs,LAL,Los Angeles Lakers,6,2,4,240.0,286.5,286.5,19.3,3.3,42.8,51.0,25.3,6.7,8.8
2020-21,Playoffs,MEM,Memphis Grizzlies,5,1,4,240.0,237.8,237.8,22.0,2.4,39.8,55.4,25.8,9.3,10.8
2020-21,Playoffs,MIA,Miami Heat,4,0,4,246.2,291.3,291.3,21.5,1.8,48.0,56.8,25.3,7.4,8.7
2020-21,Playoffs,MIL,Milwaukee Bucks,23,16,7,242.2,236.8,236.8,22.8,2.2,41.3,57.9,26.8,9.6,11.3
2020-21,Playoffs,NYK,New York Knicks,5,1,4,240.0,260.2,260.2,18.6,2.4,36.6,48.6,23.0,7.1,8.8
2020-21,Playoffs,PHI,Philadelphia 76ers,12,7,5,240.0,302.8,302.8,24.9,2.4,40.7,64.4,30.3,8.2,10.0
2020-21,Playoffs,PHX,Phoenix Suns,22,14,8,240.0,249.8,249.8,23.2,3.0,43.1,60.0,28.3,9.3,11.3
2020-21,Playoffs,POR,Portland Trail Blazers,6,2,4,248.3,244.8,244.8,22.8,2.7,40.7,60.2,27.8,9.3,11.4
2020-21,Playoffs,UTA,Utah Jazz,11,6,5,240.0,244.2,244.2,19.6,3.0,38.2,54.7,25.1,8.0,10.3
2020-21,Playoffs,WAS,Washington Wizards,5,1,4,240.0,245.6,245.6,22.4,1.6,40.2,56.4,27.2,9.1,11.1
2020-21,PlayIn,BOS,Boston Celtics,1,1,0,240.0,292.0,292.0,20.0,1.0,42.0,56.0,25.0,6.8,8.6
2020-21,PlayIn,CHA,Charlotte Hornets,1,0,1,240.0,271.0,271.0,26.0,2.0,50.0,68.0,31.0,9.6,11.4
2020-21,PlayIn,GSW,Golden State Warriors,2,0,2,252.5,310.5,310.5,24.5,5.5,49.0,64.0,31.5,7.9,10.1
2020-21,PlayIn,IND,Indiana Pacers,2,1,1,240.0,323.0,323.0,32.5,4.5,53.0,85.5,40.0,10.1,12.4
2020-21,PlayIn,LAL,Los Angeles Lakers,1,1,0,240.0,312.0,312.0,27.0,4.0,53.0,68.0,34.0,8.7,10.9
2020-21,PlayIn,MEM,Memphis Grizzlies,2,2,0,252.5,261.5,261.5,20.0,2.5,41.0,54.5,26.0,7.6,9.9
2020-21,PlayIn,SAS,San Antonio Spurs,1,0,1,240.0,258.0,258.0,20.0,0.0,35.0,53.0,22.0,7.8,8.5
2020-21,PlayIn,WAS,Washington Wizards,2,1,1,240.0,237.0,237.0,25.5,2.0,45.5,62.0,30.0,10.8,12.7
2021-22,Playoffs,ATL,Atlanta Hawks,5,1,4,240.0,262.0,262.0,18.6,1.8,40.8,50.2,22.6,7.1,8.6
2021-22,Playoffs,BOS,Boston Celtics,24,14,10,240.0,286.2,286.2,24.5,3.1,45.1,65.4,30.0,8.6,10.5
2021-22,Playoffs,BKN,Brooklyn Nets,4,0,4,240.0,265.3,265.3,22.3,4.3,36.8,57.3,29.8,8.4,11.2
2021-22,Playoffs,CHI,Chicago Bulls,5,1,4,240.0,297.6,297.6,23.0,2.6,50.8,58.0,26.8,7.7,9.0
2021-22,Playoffs,DAL,Dallas Mavericks,18,9,9,240.0,256.1,256.1,19.2,3.9,37.6,53.3,24.5,7.5,9.6
2021-22,Playoffs,DEN,Denver Nuggets,5,1,4,240.0,314.6,314.6,25.0,5.0,47.2,66.0,32.8,7.9,10.4
2021-22,Playoffs,GSW,Golden State Warriors,22,16,6,240.0,276.8,276.7,27.0,4.3,48.4,69.6,33.7,9.8,12.2
2021-22,Playoffs,MEM,Memphis Grizzlies,12,6,6,240.0,277.3,277.3,25.2,2.7,46.3,65.7,30.6,9.1,11.0
2021-22,Playoffs,MIA,Miami Heat,18,11,7,240.0,274.5,274.5,21.9,2.7,43.9,57.2,26.7,8.0,9.7
2021-22,Playoffs,MIL,Milwaukee Bucks,12,7,5,240.0,239.1,239.1,20.8,2.0,39.3,54.4,24.8,8.7,10.4
2021-22,Playoffs,MIN,Minnesota Timberwolves,6,2,4,240.0,284.0,284.0,22.8,3.3,43.5,62.5,28.8,8.0,10.2
2021-22,Playoffs,NOP,New Orleans Pelicans,6,2,4,240.0,274.5,274.5,21.3,3.2,40.0,55.3,27.0,7.8,9.8
2021-22,Playoffs,PHI,Philadelphia 76ers,12,6,6,242.1,274.9,274.8,21.8,3.3,37.9,56.9,27.0,7.9,9.8
2021-22,Playoffs,PHX,Phoenix Suns,13,7,6,240.0,244.5,244.5,25.7,2.5,43.7,63.0,30.4,10.5,12.4
2021-22,Playoffs,TOR,Toronto Raptors,6,2,4,244.2,253.3,253.0,20.7,2.0,38.7,53.5,24.0,8.2,9.5
2021-22,Playoffs,UTA,Utah Jazz,6,2,4,240.0,228.8,228.8,17.2,1.8,32.7,42.8,21.0,7.5,9.2
2021-22,PlayIn,ATL,Atlanta Hawks,2,2,0,240.0,247.5,247.5,23.0,2.5,38.5,57.0,26.5,9.3,10.7
2021-22,PlayIn,BKN,Brooklyn Nets,1,1,0,240.0,306.0,306.0,33.0,7.0,59.0,77.0,42.0,10.8,13.7
2021-22,PlayIn,CHA,Charlotte Hornets,1,0,1,240.0,258.0,258.0,22.0,4.0,48.0,60.0,29.0,8.5,11.2
2021-22,PlayIn,CLE,Cleveland Cavaliers,2,0,2,240.0,268.5,268.5,24.5,3.0,45.5,65.0,31.0,9.1,11.5
2021-22,PlayIn,LAC,LA Clippers,2,0,2,240.0,249.5,249.5,19.5,3.0,36.5,55.0,25.0,7.8,10.0
2021-22,PlayIn,MIN,Minnesota Timberwolves,1,1,0,240.0,271.0,271.0,19.0,3.0,36.0,49.0,24.0,7.0,8.9
2021-22,PlayIn,NOP,New Orleans Pelicans,2,2,0,240.0,250.0,250.0,22.5,2.0,34.0,53.0,26.0,9.0,10.4
2021-22,PlayIn,SAS,San Antonio Spurs,1,0,1,240.0,268.0,268.0,19.0,1.0,46.0,55.0,23.0,7.1,8.6
2022-23,Regular+Season,ATL,Atlanta Hawks,82,41,41,242.1,251.0,251.0,25.0,2.1,43.9,62.8,29.4,10.0,11.7
2022-23,Regular+Season,BOS,Boston Celtics,82,57,25,243.7,277.4,277.4,26.7,4.5,47.3,70.3,32.7,9.6,11.8
2022-23,Regular+Season,BKN,Brooklyn Nets,82,45,37,240.6,279.0,279.0,25.5,4.1,43.1,65.0,31.4,9.2,11.2
2022-23,Regular+Season,CHA,Charlotte Hornets,82,27,55,241.8,285.6,285.6,25.1,2.8,45.8,64.5,30.9,8.8,10.8
2022-23,Regular+Season,CHI,Chicago Bulls,81,39,42,242.8,288.2,287.5,24.5,3.9,43.0,62.2,30.3,8.5,10.5
2022-23,Regular+Season,CLE,Cleveland Cavaliers,82,51,31,242.4,269.2,269.2,24.9,3.4,43.6,63.0,30.8,9.3,11.4
2022-23,Regular+Season,DAL,Dallas Mavericks,82,38,44,243.1,272.5,272.5,22.9,3.7,43.3,61.8,28.8,8.4,10.6
2022-23,Regular+Season,DEN,Denver Nuggets,82,53,29,240.9,293.3,293.3,28.9,3.8,48.7,72.5,35.3,9.8,12.0
2022-23,Regular+Season,DET,Detroit Pistons,81,17,64,241.5,263.9,263.9,23.0,2.0,41.8,60.0,27.3,8.7,10.4
2022-23,Regular+Season,GSW,Golden State Warriors,81,43,38,241.9,321.6,321.6,29.8,5.0,55.8,78.9,37.6,9.3,11.7
2022-23,Regular+Season,HOU,Houston Rockets,82,22,60,240.9,284.6,284.6,22.4,2.7,41.2,57.3,27.5,7.9,9.7
2022-23,Regular+Season,IND,Indiana Pacers,82,35,47,240.9,305.2,305.2,27.0,3.1,48.8,71.6,33.3,8.8,10.9
2022-23,Regular+Season,LAC,LA Clippers,82,44,38,241.8,277.5,277.5,23.9,3.7,41.3,62.9,30.0,8.6,10.8
2022-23,Regular+Season,LAL,Los Angeles Lakers,82,43,39,242.4,257.2,257.2,25.3,3.0,46.9,64.5,30.8,9.8,12.0
2022-23,Regular+Season,MEM,Memphis Grizzlies,82,51,31,241.2,273.5,273.5,26.0,3.0,46.3,66.2,31.2,9.5,11.4
2022-23,Regular+Season,MIA,Miami Heat,82,44,38,241.5,292.2,292.2,23.8,3.0,46.9,62.7,29.4,8.2,10.1
2022-23,Regular+Season,MIL,Milwaukee Bucks,82,58,24,241.8,270.6,270.6,25.8,3.3,47.5,67.4,31.0,9.5,11.5
2022-23,Regular+Season,MIN,Minnesota Timberwolves,81,41,40,241.9,300.1,300.1,26.0,3.4,42.7,66.1,31.8,8.7,10.6
2022-23,Regular+Season,NOP,New Orleans Pelicans,82,42,40,242.1,297.2,297.2,25.9,3.3,46.2,67.0,31.9,8.7,10.7
2022-23,Regular+Season,NYK,New York Knicks,82,47,35,243.4,273.5,273.5,22.9,2.7,41.2,59.4,27.3,8.4,10.0
2022-23,Regular+Season,OKC,Oklahoma City Thunder,82,40,42,242.1,278.7,278.7,24.4,3.1,45.4,63.3,29.5,8.8,10.6
2022-23,Regular+Season,ORL,Orlando Magic,82,34,48,241.2,268.6,268.6,23.2,2.3,42.4,60.4,27.9,8.7,10.4
2022-23,Regular+Season,PHI,Philadelphia 76ers,82,54,28,242.4,285.2,285.2,25.2,3.4,42.2,66.3,31.2,8.8,10.9
2022-23,Regular+Season,PHX,Phoenix Suns,82,45,37,241.2,277.0,277.0,27.3,3.6,49.1,69.7,33.2,9.8,12.0
2022-23,Regular+Season,POR,Portland Trail Blazers,81,33,48,240.6,276.9,276.9,24.0,3.3,43.1,62.5,29.4,8.7,10.6
2022-23,Regular+Season,SAC,Sacramento Kings,82,48,34,241.8,299.3,299.3,27.3,2.8,49.7,71.7,32.7,9.1,10.9
2022-23,Regular+Season,SAS,San Antonio Spurs,79,21,58,242.2,288.9,288.9,27.1,3.1,50.2,69.6,32.7,9.4,11.3
2022-23,Regular+Season,TOR,Toronto Raptors,82,41,41,241.5,292.0,292.0,23.9,2.9,44.5,61.0,29.0,8.2,9.9
2022-23,Regular+Season,UTA,Utah Jazz,82,37,45,241.5,271.1,271.1,26.0,2.7,47.8,68.3,31.0,9.6,11.4
2022-23,Regular+Season,WAS,Washington Wizards,82,35,47,240.9,286.3,286.3,25.4,3.2,45.3,65.7,31.1,8.9,10.9
2022-23,Playoffs,ATL,Atlanta Hawks,6,2,4,240.0,229.5,229.5,24.5,2.7,40.7,61.2,28.2,10.7,12.3
2022-23,Playoffs,BOS,Boston Celtics,20,11,9,241.3,254.7,254.7,24.2,3.7,42.4,63.2,29.7,9.5,11.6
2022-23,Playoffs,BKN,Brooklyn Nets,4,0,4,240.0,264.5,264.5,22.3,3.3,43.8,56.8,26.8,8.4,10.1
2022-23,Playoffs,CLE,Cleveland Cavaliers,5,1,4,240.0,239.6,239.6,22.0,3.0,38.8,55.2,26.8,9.2,11.2
2022-23,Playoffs,DEN,Denver Nuggets,20,16,4,241.3,282.0,282.0,25.8,3.8,45.3,66.1,32.5,9.1,11.5
2022-23,Playoffs,GSW,Golden State Warriors,13,6,7,240.0,299.8,299.8,28.2,5.2,53.4,70.8,35.2,9.4,11.7
2022-23,Playoffs,LAC,LA Clippers,5,1,4,240.0,242.0,242.0,21.6,2.8,40.0,56.6,26.8,8.9,11.1
2022-23,Playoffs,LAL,Los Angeles Lakers,16,8,8,241.6,259.5,259.5,24.9,3.1,44.6,64.7,31.3,9.6,12.0
2022-23,Playoffs,MEM,Memphis Grizzlies,6,2,4,244.2,268.8,268.8,23.3,4.2,45.3,59.3,28.8,8.7,10.7
2022-23,Playoffs,MIA,Miami Heat,23,13,10,241.1,277.8,277.8,23.6,2.4,41.3,60.3,27.4,8.5,9.9
2022-23,Playoffs,MIL,Milwaukee Bucks,5,1,4,245.0,274.2,274.2,26.8,3.2,47.8,70.0,31.8,9.8,11.6
2022-23,Playoffs,MIN,Minnesota Timberwolves,5,1,4,245.0,289.6,289.6,22.6,4.4,39.6,60.8,30.4,7.8,10.5
2022-23,Playoffs,NYK,New York Knicks,11,6,5,240.0,240.0,240.0,18.7,2.5,37.1,48.5,23.2,7.8,9.7
2022-23,Playoffs,PHI,Philadelphia 76ers,11,7,4,242.3,254.7,254.7,19.1,2.5,33.6,49.8,22.7,7.5,8.9
2022-23,Playoffs,PHX,Phoenix Suns,11,6,5,240.0,241.0,241.0,24.5,2.7,41.5,60.5,29.6,10.2,12.3
2022-23,Playoffs,SAC,Sacramento Kings,7,3,4,240.0,250.6,250.6,22.0,2.3,45.9,57.1,26.7,8.8,10.7
2022-23,PlayIn,ATL,Atlanta Hawks,1,1,0,240.0,265.0,265.0,26.0,5.0,51.0,65.0,34.0,9.8,12.8
2022-23,PlayIn,CHI,Chicago Bulls,2,1,1,240.0,249.5,249.5,22.0,3.0,34.0,51.0,25.0,8.8,10.0
2022-23,PlayIn,LAL,Los Angeles Lakers,1,1,0,265.0,307.0,307.0,27.0,8.0,48.0,69.0,37.0,8.8,12.1
2022-23,PlayIn,MIA,Miami Heat,2,1,1,240.0,260.5,260.5,21.5,1.5,45.0,60.0,25.5,8.3,9.8
2022-23,PlayIn,MIN,Minnesota Timberwolves,2,1,1,252.5,313.0,313.0,29.5,3.5,47.0,84.0,38.5,9.4,12.3
2022-23,PlayIn,NOP,New Orleans Pelicans,1,0,1,240.0,299.0,299.0,27.0,1.0,48.0,69.0,31.0,9.0,10.4
2022-23,PlayIn,OKC,Oklahoma City Thunder,2,1,1,240.0,258.5,258.5,22.0,2.5,41.5,55.0,24.5,8.5,9.5
2022-23,PlayIn,TOR,Toronto Raptors,1,0,1,240.0,270.0,270.0,23.0,5.0,44.0,55.0,29.0,8.5,10.7
2023-24,Regular+Season,ATL,Atlanta Hawks,82,36,46,242.1,270.7,270.7,26.6,2.9,46.5,68.5,31.9,9.8,11.8
2023-24,Regular+Season,BOS,Boston Celtics,81,63,18,241.9,268.3,268.3,26.9,4.3,46.4,70.8,33.1,10.0,12.3
2023-24,Regular+Season,BKN,Brooklyn Nets,79,32,47,241.6,283.9,283.8,25.7,2.9,44.2,65.7,30.2,9.0,10.6
2023-24,Regular+Season,CHA,Charlotte Hornets,81,20,61,240.6,274.6,274.6,24.8,3.1,43.0,63.8,29.9,9.0,10.9
2023-24,Regular+Season,CHI,Chicago Bulls,81,39,42,243.7,286.7,286.7,25.0,4.3,44.4,62.3,30.6,8.7,10.7
2023-24,Regular+Season,CLE,Cleveland Cavaliers,82,48,34,241.5,297.8,297.8,28.0,3.9,48.7,72.2,34.5,9.4,11.6
2023-24,Regular+Season,DAL,Dallas Mavericks,81,49,32,240.3,259.4,259.4,25.6,3.7,43.8,65.6,31.3,9.9,12.1
2023-24,Regular+Season,DEN,Denver Nuggets,80,55,25,240.3,286.7,286.7,29.3,3.8,47.7,72.8,35.3,10.2,12.3
2023-24,Regular+Season,DET,Detroit Pistons,81,14,67,240.9,266.1,266.1,25.4,2.8,43.1,64.6,30.5,9.6,11.5
2023-24,Regular+Season,GSW,Golden State Warriors,81,46,35,241.9,298.7,298.7,29.3,4.5,52.1,74.4,35.9,9.8,12.0
2023-24,Regular+Season,HOU,Houston Rockets,82,41,41,242.1,260.7,260.7,24.8,3.0,43.9,64.0,30.3,9.5,11.6
2023-24,Regular+Season,IND,Indiana Pacers,82,47,35,240.3,308.3,308.3,30.8,4.3,49.6,78.1,37.8,10.0,12.3
2023-24,Regular+Season,LAC,LA Clippers,81,50,31,240.3,254.4,254.4,25.5,2.7,40.2,64.0,30.1,10.0,11.8
2023-24,Regular+Season,LAL,Los Angeles Lakers,81,46,35,242.2,267.5,267.5,28.5,3.8,45.3,70.4,34.1,10.7,12.8
2023-24,Regular+Season,MEM,Memphis Grizzlies,82,27,55,241.2,286.3,286.3,24.7,2.8,46.2,63.9,29.1,8.6,10.2
2023-24,Regular+Season,MIA,Miami Heat,82,46,36,240.9,281.4,281.4,25.8,3.1,46.5,65.9,30.5,9.2,10.9
2023-24,Regular+Season,MIL,Milwaukee Bucks,82,49,33,241.5,264.7,264.7,26.5,3.7,45.7,68.7,32.1,10.0,12.1
2023-24,Regular+Season,MIN,Minnesota Timberwolves,82,56,26,241.5,290.7,290.7,26.6,3.6,41.8,68.8,32.6,9.2,11.2
2023-24,Regular+Season,NOP,New Orleans Pelicans,81,49,32,240.3,298.7,298.7,27.0,3.4,45.2,69.5,32.7,9.0,11.0
2023-24,Regular+Season,NYK,New York Knicks,82,50,32,240.6,283.4,283.4,24.4,3.7,41.1,63.1,29.7,8.6,10.5
2023-24,Regular+Season,OKC,Oklahoma City Thunder,82,57,25,241.5,270.5,270.5,27.1,3.1,45.1,70.0,32.1,10.0,11.9
2023-24,Regular+Season,ORL,Orlando Magic,82,47,35,241.2,279.2,279.2,24.7,2.6,44.1,63.6,29.6,8.8,10.6
2023-24,Regular+Season,PHI,Philadelphia 76ers,81,46,35,241.2,288.3,288.3,24.8,3.4,42.4,64.4,30.5,8.6,10.6
2023-24,Regular+Season,PHX,Phoenix Suns,81,49,32,241.2,281.3,281.3,27.1,4.8,44.3,68.2,33.7,9.6,12.0
2023-24,Regular+Season,POR,Portland Trail Blazers,81,20,61,242.2,274.0,274.0,23.0,2.4,43.1,59.6,27.4,8.4,10.0
2023-24,Regular+Season,SAC,Sacramento Kings,82,46,36,242.1,305.6,305.6,28.3,3.4,49.2,72.8,33.7,9.3,11.0
2023-24,Regular+Season,SAS,San Antonio Spurs,81,21,60,241.9,294.0,294.0,29.8,3.9,53.9,76.3,36.2,10.1,12.3
2023-24,Regular+Season,TOR,Toronto Raptors,81,25,56,241.2,296.9,296.9,28.5,3.9,49.8,71.8,34.8,9.6,11.7
2023-24,Regular+Season,UTA,Utah Jazz,81,31,50,241.5,283.3,283.3,27.3,2.7,48.8,70.6,32.1,9.6,11.3
2023-24,Regular+Season,WAS,Washington Wizards,82,15,67,240.6,276.8,276.8,27.9,3.4,47.0,70.6,33.4,10.1,12.1
2023-24,Playoffs,BOS,Boston Celtics,19,16,3,241.3,267.7,267.7,23.8,3.8,40.5,61.6,29.1,8.9,10.9
2023-24,Playoffs,CLE,Cleveland Cavaliers,12,5,7,240.0,245.4,245.4,21.3,1.8,36.9,52.3,24.9,8.7,10.2
2023-24,Playoffs,DAL,Dallas Mavericks,22,13,9,240.0,243.3,243.3,21.1,3.2,37.5,54.0,26.4,8.7,10.9
2023-24,Playoffs,DEN,Denver Nuggets,12,7,5,240.0,287.3,287.3,24.9,3.5,45.8,62.2,29.8,8.7,10.4
2023-24,Playoffs,IND,Indiana Pacers,17,8,9,242.9,315.8,315.9,29.9,4.6,46.9,73.6,36.4,9.5,11.5
2023-24,Playoffs,LAC,LA Clippers,6,2,4,240.0,248.8,248.8,20.2,2.8,36.8,52.3,25.2,8.1,10.1
2023-24,Playoffs,LAL,Los Angeles Lakers,5,1,4,240.0,258.0,258.0,24.4,4.2,39.0,60.0,30.8,9.5,11.9
2023-24,Playoffs,MIA,Miami Heat,5,1,4,240.0,265.8,265.8,21.2,3.4,38.2,54.8,25.6,8.0,9.6
2023-24,Playoffs,MIL,Milwaukee Bucks,6,2,4,244.2,270.8,270.8,22.2,3.2,36.2,56.2,27.5,8.2,10.2
2023-24,Playoffs,MIN,Minnesota Timberwolves,16,9,7,240.0,274.2,274.2,23.9,3.4,38.9,62.1,30.1,8.7,11.0
2023-24,Playoffs,NOP,New Orleans Pelicans,4,0,4,240.0,289.3,289.3,19.5,3.0,42.3,52.5,25.5,6.7,8.8
2023-24,Playoffs,NYK,New York Knicks,13,7,6,241.9,266.4,266.4,22.5,2.7,38.8,58.1,27.0,8.5,10.1
2023-24,Playoffs,OKC,Oklahoma City Thunder,10,6,4,240.0,267.7,267.7,23.1,2.7,41.6,59.6,27.4,8.6,10.2
2023-24,Playoffs,ORL,Orlando Magic,7,3,4,240.0,272.6,272.6,19.3,2.6,40.7,52.0,24.1,7.1,8.9
2023-24,Playoffs,PHI,Philadelphia 76ers,6,2,4,244.2,258.7,258.7,23.0,3.0,41.5,62.8,28.5,8.9,11.0
2023-24,Playoffs,PHX,Phoenix Suns,4,0,4,240.0,263.3,263.3,19.8,1.3,37.3,50.3,23.0,7.5,8.7
2023-24,PlayIn,ATL,Atlanta Hawks,1,0,1,240.0,253.0,253.0,30.0,1.0,46.0,71.0,33.0,11.9,13.0
2023-24,PlayIn,CHI,Chicago Bulls,2,1,1,240.0,290.0,290.0,27.0,7.0,47.0,67.0,35.0,9.3,12.1
2023-24,PlayIn,GSW,Golden State Warriors,1,0,1,240.0,280.0,280.0,19.0,2.0,39.0,54.0,26.0,6.8,9.3
2023-24,PlayIn,LAL,Los Angeles Lakers,1,1,0,240.0,291.0,291.0,24.0,4.0,46.0,68.0,33.0,8.2,11.3
2023-24,PlayIn,MIA,Miami Heat,2,1,1,240.0,274.5,274.5,24.5,4.0,44.0,64.5,31.0,8.9,11.3
2023-24,PlayIn,NOP,New Orleans Pelicans,2,1,1,240.0,291.0,291.0,29.5,4.5,44.0,69.0,36.0,10.1,12.4
2023-24,PlayIn,PHI,Philadelphia 76ers,1,1,0,240.0,364.0,364.0,23.0,3.0,42.0,65.0,29.0,6.3,8.0
2023-24,PlayIn,SAC,Sacramento Kings,2,1,1,240.0,274.5,274.5,24.5,4.0,45.0,66.0,30.5,8.9,11.1
2023-24,IST,ATL,Atlanta Hawks,4,1,3,240.0,271.5,271.5,25.3,2.8,44.3,65.5,30.3,9.3,11.1
2023-24,IST,BOS,Boston Celtics,5,3,2,240.0,268.4,268.4,27.6,5.2,48.0,71.6,34.6,10.3,12.9
2023-24,IST,BKN,Brooklyn Nets,4,3,1,240.0,279.8,279.8,26.5,4.5,46.0,68.5,33.0,9.5,11.8
2023-24,IST,CHA,Charlotte Hornets,4,1,3,240.0,276.0,276.0,22.8,4.5,46.3,57.5,29.8,8.2,10.8
2023-24,IST,CHI,Chicago Bulls,4,0,4,240.0,263.5,263.5,21.3,4.0,38.3,53.0,26.8,8.1,10.2
2023-24,IST,CLE,Cleveland Cavaliers,4,3,1,246.3,268.8,268.8,27.0,3.8,42.8,64.5,32.5,10.0,12.1
2023-24,IST,DAL,Dallas Mavericks,4,2,2,240.0,256.3,256.3,26.8,4.3,44.3,70.3,32.5,10.4,12.7
2023-24,IST,DEN,Denver Nuggets,4,2,2,240.0,293.3,293.3,28.3,4.0,48.8,69.0,34.5,9.6,11.8
2023-24,IST,DET,Detroit Pistons,4,0,4,240.0,276.5,276.5,26.5,2.5,42.8,67.0,32.5,9.6,11.8
2023-24,IST,GSW,Golden State Warriors,4,2,2,240.0,325.3,325.3,31.0,5.3,55.0,82.8,38.8,9.5,11.9
2023-24,IST,HOU,Houston Rockets,4,2,2,240.0,271.3,271.3,25.5,5.5,43.0,62.3,33.0,9.4,12.2
2023-24,IST,IND,Indiana Pacers,6,6,0,240.0,272.5,272.5,29.5,2.8,49.0,75.0,35.3,10.8,13.0
2023-24,IST,LAC,LA Clippers,4,1,3,240.0,236.0,236.0,22.8,1.0,35.8,57.3,25.5,9.6,10.8
2023-24,IST,LAL,Los Angeles Lakers,5,5,0,240.0,259.0,259.0,28.6,3.0,46.4,73.8,34.4,11.0,13.3
2023-24,IST,MEM,Memphis Grizzlies,4,0,4,246.2,293.0,293.0,25.5,3.3,52.8,65.5,30.5,8.7,10.4
2023-24,IST,MIA,Miami Heat,4,2,2,240.0,296.5,296.5,28.3,3.5,50.5,70.8,34.0,9.5,11.5
2023-24,IST,MIL,Milwaukee Bucks,6,5,1,240.0,259.8,259.8,26.8,2.7,44.7,69.5,31.5,10.3,12.1
2023-24,IST,MIN,Minnesota Timberwolves,4,3,1,240.0,288.0,288.0,22.5,3.3,38.3,60.0,27.5,7.8,9.5
2023-24,IST,NOP,New Orleans Pelicans,5,4,1,240.0,296.2,296.2,26.6,3.6,42.6,68.6,32.6,9.0,11.0
2023-24,IST,NYK,New York Knicks,5,3,2,240.0,273.8,273.8,22.6,3.6,37.2,58.6,27.2,8.3,9.9
2023-24,IST,OKC,Oklahoma City Thunder,4,1,3,240.0,292.3,292.3,26.0,4.8,45.3,68.0,33.0,8.9,11.3
2023-24,IST,ORL,Orlando Magic,4,3,1,240.0,289.0,289.0,25.3,3.3,45.8,66.5,31.5,8.7,10.9
2023-24,IST,PHI,Philadelphia 76ers,4,2,2,246.3,285.0,285.0,24.0,3.0,40.5,63.8,30.5,8.4,10.7
2023-24,IST,PHX,Phoenix Suns,5,3,2,240.0,280.0,279.8,26.0,3.4,41.8,67.4,32.2,9.3,11.5
2023-24,IST,POR,Portland Trail Blazers,4,1,3,246.3,256.3,256.3,19.8,1.8,43.8,53.0,23.8,7.7,9.3
2023-24,IST,SAC,Sacramento Kings,5,4,1,240.0,315.6,315.6,27.6,3.2,50.0,72.2,33.8,8.7,10.7
2023-24,IST,SAS,San Antonio Spurs,4,0,4,240.0,305.8,305.8,28.5,3.8,61.0,71.3,34.8,9.3,11.4
2023-24,IST,TOR,Toronto Raptors,4,1,3,240.0,302.8,302.8,29.3,4.8,50.8,76.3,37.3,9.7,12.3
2023-24,IST,UTA,Utah Jazz,4,2,2,240.0,246.8,246.8,26.5,2.5,47.8,70.0,31.8,10.7,12.9
2023-24,IST,WAS,Washington Wizards,4,0,4,240.0,292.0,292.0,28.8,4.8,43.3,72.0,34.8,9.8,11.9
2024-25,Regular+Season,ATL,Atlanta Hawks,82,40,42,241.2,281.8,281.8,29.6,3.4,52.9,75.5,35.9,10.5,12.7
2024-25,Regular+Season,BOS,Boston Celtics,82,61,21,241.8,274.7,274.7,26.1,4.4,48.3,69.5,32.3,9.5,11.8
2024-25,Regular+Season,BKN,Brooklyn Nets,82,26,56,241.2,305.6,305.6,25.2,2.8,48.1,65.9,29.6,8.2,9.7
2024-25,Regular+Season,CHA,Charlotte Hornets,82,19,63,240.9,284.0,284.0,24.3,3.3,45.3,63.6,29.9,8.6,10.5
2024-25,Regular+Season,CHI,Chicago Bulls,82,39,43,240.9,309.3,309.3,29.1,4.4,51.4,75.2,35.2,9.4,11.4
2024-25,Regular+Season,CLE,Cleveland Cavaliers,82,64,18,240.9,267.5,267.5,28.1,4.3,48.9,73.6,34.8,10.5,13.0
2024-25,Regular+Season,DAL,Dallas Mavericks,82,39,43,240.6,267.2,267.2,25.2,3.0,41.3,64.6,30.4,9.4,11.4
2024-25,Regular+Season,DEN,Denver Nuggets,82,50,32,242.1,284.9,284.9,31.0,3.3,51.3,77.7,37.5,10.9,13.1
2024-25,Regular+Season,DET,Detroit Pistons,82,44,38,241.5,268.8,268.8,26.4,2.8,45.3,68.3,31.6,9.8,11.8
2024-25,Regular+Season,GSW,Golden State Warriors,82,48,34,240.6,332.2,332.2,29.1,4.8,55.5,77.0,36.6,8.8,11.0
2024-25,Regular+Season,HOU,Houston Rockets,82,52,30,241.2,262.3,262.3,23.3,2.5,43.6,60.4,27.9,8.9,10.6
2024-25,Regular+Season,IND,Indiana Pacers,82,50,32,242.1,330.5,330.5,29.2,4.5,48.6,74.7,36.3,8.8,11.0
2024-25,Regular+Season,LAC,LA Clippers,82,50,32,241.5,268.4,268.4,25.2,3.4,40.0,63.4,30.6,9.4,11.4
2024-25,Regular+Season,LAL,Los Angeles Lakers,82,50,32,240.6,290.2,290.2,26.0,4.2,46.2,66.8,32.4,9.0,11.2
2024-25,Regular+Season,MEM,Memphis Grizzlies,82,48,34,240.3,276.8,276.8,28.4,3.5,48.8,72.2,33.4,10.3,12.1
2024-25,Regular+Season,MIA,Miami Heat,82,37,45,243.1,290.3,290.3,26.4,2.9,47.0,69.2,31.4,9.1,10.8
2024-25,Regular+Season,MIL,Milwaukee Bucks,82,48,34,240.9,276.8,276.8,25.5,3.3,45.1,67.3,30.9,9.2,11.2
2024-25,Regular+Season,MIN,Minnesota Timberwolves,82,49,33,241.8,287.6,287.6,26.1,4.0,43.6,67.7,31.9,9.1,11.1
2024-25,Regular+Season,NOP,New Orleans Pelicans,82,21,61,240.9,285.6,285.6,25.8,2.8,44.1,65.7,30.9,9.0,10.8
2024-25,Regular+Season,NYK,New York Knicks,82,51,31,242.4,281.2,281.2,27.5,3.6,44.6,68.2,32.6,9.8,11.6
2024-25,Regular+Season,OKC,Oklahoma City Thunder,82,68,14,240.3,270.7,270.7,26.9,3.7,47.3,69.4,32.2,9.9,11.9
2024-25,Regular+Season,ORL,Orlando Magic,82,41,41,240.6,279.3,279.3,23.0,3.1,44.9,59.5,28.2,8.2,10.1
2024-25,Regular+Season,PHI,Philadelphia 76ers,82,24,58,241.5,286.6,286.6,23.2,3.1,40.7,60.4,28.3,8.1,9.9
2024-25,Regular+Season,PHX,Phoenix Suns,82,36,46,241.8,307.6,307.6,27.8,5.0,50.2,73.1,35.3,9.0,11.5
2024-25,Regular+Season,POR,Portland Trail Blazers,82,36,46,241.2,278.0,278.0,23.8,2.4,44.9,61.6,28.0,8.6,10.1
2024-25,Regular+Season,SAC,Sacramento Kings,82,40,42,242.4,287.2,287.2,26.5,3.2,46.5,68.1,31.7,9.2,11.0
2024-25,Regular+Season,SAS,San Antonio Spurs,82,34,48,240.6,289.8,289.8,28.6,3.8,50.7,74.2,34.7,9.9,12.0
2024-25,Regular+Season,TOR,Toronto Raptors,82,30,52,241.5,300.7,300.7,28.5,3.0,53.5,72.5,34.1,9.5,11.4
2024-25,Regular+Season,UTA,Utah Jazz,82,17,65,241.5,277.1,277.1,25.5,2.2,48.2,67.2,30.0,9.2,10.8
2024-25,Regular+Season,WAS,Washington Wizards,82,18,64,240.6,292.3,292.3,25.1,3.1,48.1,65.4,30.5,8.6,10.4
2024-25,Playoffs,BOS,Boston Celtics,11,6,5,242.3,238.2,238.2,20.0,3.3,37.6,55.0,25.5,8.4,10.7
2024-25,Playoffs,CLE,Cleveland Cavaliers,9,5,4,240.0,250.3,250.3,22.9,3.1,41.3,60.3,27.9,9.1,11.1
2024-25,Playoffs,DEN,Denver Nuggets,14,7,7,243.6,273.0,273.0,22.6,2.2,46.1,59.1,27.6,8.3,10.1
2024-25,Playoffs,DET,Detroit Pistons,6,2,4,240.0,239.8,239.8,20.0,2.7,41.3,55.8,26.3,8.3,11.0
2024-25,Playoffs,GSW,Golden State Warriors,12,5,7,240.0,314.8,314.8,23.3,3.3,49.1,61.7,29.0,7.4,9.2
2024-25,Playoffs,HOU,Houston Rockets,7,3,4,240.0,252.3,252.3,19.6,2.9,37.0,49.9,24.7,7.8,9.8
2024-25,Playoffs,IND,Indiana Pacers,23,15,8,242.2,318.0,318.0,26.4,4.0,45.4,69.6,33.4,8.3,10.5
2024-25,Playoffs,LAC,LA Clippers,7,3,4,243.6,257.4,257.4,26.0,5.0,42.6,64.9,33.0,10.1,12.8
2024-25,Playoffs,LAL,Los Angeles Lakers,5,1,4,240.0,266.8,266.8,21.2,2.6,39.0,55.2,24.8,7.9,9.3
2024-25,Playoffs,MEM,Memphis Grizzlies,4,0,4,240.0,281.5,281.5,20.5,2.5,39.3,56.0,26.0,7.3,9.2
2024-25,Playoffs,MIA,Miami Heat,4,0,4,240.0,265.3,265.3,21.3,3.3,45.3,56.8,25.8,8.0,9.7
2024-25,Playoffs,MIL,Milwaukee Bucks,5,1,4,245.0,253.4,253.2,23.8,3.4,46.2,64.6,29.0,9.4,11.4
2024-25,Playoffs,MIN,Minnesota Timberwolves,15,9,6,240.0,283.5,283.5,24.2,3.5,39.3,62.7,29.6,8.5,10.4
2024-25,Playoffs,NYK,New York Knicks,18,10,8,242.8,256.6,256.6,19.8,2.1,37.1,51.7,23.9,7.7,9.3
2024-25,Playoffs,OKC,Oklahoma City Thunder,23,16,7,241.1,247.3,247.3,23.0,3.1,45.0,59.2,28.0,9.3,11.3
2024-25,Playoffs,ORL,Orlando Magic,5,1,4,240.0,268.6,268.6,18.6,1.8,36.0,47.4,22.2,6.9,8.3
2024-25,PlayIn,ATL,Atlanta Hawks,2,0,2,252.5,267.0,267.0,26.0,4.0,47.5,66.0,33.5,9.7,12.5
2024-25,PlayIn,CHI,Chicago Bulls,1,0,1,240.0,311.0,311.0,15.0,2.0,34.0,38.0,18.0,4.8,5.8
2024-25,PlayIn,DAL,Dallas Mavericks,2,1,1,240.0,228.0,228.0,27.0,4.5,47.0,72.0,35.0,11.8,15.4
2024-25,PlayIn,GSW,Golden State Warriors,1,1,0,240.0,328.0,328.0,29.0,6.0,62.0,81.0,40.0,8.8,12.2
2024-25,PlayIn,MEM,Memphis Grizzlies,2,1,1,240.0,247.5,247.5,26.0,0.5,40.5,65.0,27.5,10.5,11.1
2024-25,PlayIn,MIA,Miami Heat,2,2,0,252.5,309.5,309.5,31.5,3.5,47.5,78.5,37.5,10.2,12.1
2024-25,PlayIn,ORL,Orlando Magic,1,1,0,240.0,321.0,321.0,29.0,3.0,51.0,72.0,34.0,9.0,10.6
2024-25,PlayIn,SAC,Sacramento Kings,1,0,1,240.0,269.0,269.0,23.0,3.0,40.0,56.0,27.0,8.6,10.0
2024-25,IST,ATL,Atlanta Hawks,6,4,2,240.0,281.2,281.2,29.7,4.7,51.8,72.7,37.2,10.6,13.2
2024-25,IST,BOS,Boston Celtics,4,3,1,240.0,276.5,276.5,26.5,3.5,47.3,73.3,33.0,9.6,11.9
2024-25,IST,BKN,Brooklyn Nets,4,1,3,240.0,318.3,318.0,27.0,2.3,45.0,71.0,30.0,8.5,9.4
2024-25,IST,CHA,Charlotte Hornets,4,0,4,240.0,265.3,265.3,23.5,2.5,44.8,66.3,29.5,8.9,11.1
2024-25,IST,CHI,Chicago Bulls,4,2,2,240.0,323.0,323.0,31.3,6.0,52.8,82.8,39.8,9.7,12.3
2024-25,IST,CLE,Cleveland Cavaliers,4,2,2,240.0,274.3,274.3,28.8,4.0,47.3,74.5,35.5,10.5,12.9
2024-25,IST,DAL,Dallas Mavericks,5,3,2,240.0,282.8,282.8,25.0,3.2,42.4,65.0,31.2,8.8,11.0
2024-25,IST,DEN,Denver Nuggets,4,2,2,240.0,295.0,295.0,30.0,3.3,51.8,78.3,37.3,10.2,12.6
2024-25,IST,DET,Detroit Pistons,4,3,1,246.2,279.3,279.3,28.3,2.3,46.8,72.5,33.0,10.1,11.8
2024-25,IST,GSW,Golden State Warriors,5,3,2,240.0,321.8,321.8,29.4,5.8,52.8,76.0,39.0,9.1,12.1
2024-25,IST,HOU,Houston Rockets,6,4,2,244.2,270.0,270.0,23.8,2.5,48.3,64.2,29.3,8.8,10.9
2024-25,IST,IND,Indiana Pacers,4,0,4,240.0,322.0,322.0,25.5,4.5,41.3,66.0,32.0,7.9,9.9
2024-25,IST,LAC,LA Clippers,4,2,2,240.0,262.8,262.8,22.0,2.8,40.3,56.0,26.0,8.4,9.9
2024-25,IST,LAL,Los Angeles Lakers,4,2,2,240.0,297.8,297.8,26.8,3.3,48.8,67.5,32.5,9.0,10.9
2024-25,IST,MEM,Memphis Grizzlies,4,1,3,240.0,310.8,310.8,27.3,5.0,56.5,68.3,34.8,8.8,11.2
2024-25,IST,MIA,Miami Heat,4,2,2,246.3,299.3,299.3,27.5,2.5,49.0,72.0,31.5,9.2,10.5
2024-25,IST,MIL,Milwaukee Bucks,6,6,0,240.0,290.0,290.0,27.0,3.2,47.3,71.7,32.2,9.3,11.1
2024-25,IST,MIN,Minnesota Timberwolves,4,2,2,252.5,299.5,299.5,23.5,5.3,38.3,62.5,30.3,7.8,10.1
2024-25,IST,NOP,New Orleans Pelicans,4,1,3,240.0,303.0,303.0,21.0,2.3,40.8,55.3,25.8,6.9,8.5
2024-25,IST,NYK,New York Knicks,5,4,1,240.0,265.8,265.8,26.6,3.2,45.4,65.2,31.0,10.0,11.7
2024-25,IST,OKC,Oklahoma City Thunder,6,5,1,240.0,275.8,275.8,24.2,3.7,48.8,63.5,29.7,8.8,10.8
2024-25,IST,ORL,Orlando Magic,5,3,2,240.0,267.6,267.6,21.6,3.2,46.8,56.4,26.8,8.1,10.0
2024-25,IST,PHI,Philadelphia 76ers,4,2,2,240.0,278.8,278.8,22.3,2.8,44.3,60.5,27.5,8.0,9.9
2024-25,IST,PHX,Phoenix Suns,4,3,1,240.0,283.3,283.3,23.8,3.5,47.5,62.5,29.3,8.4,10.3
2024-25,IST,POR,Portland Trail Blazers,4,2,2,240.0,290.0,290.0,24.8,3.0,45.3,62.0,28.5,8.5,9.8
2024-25,IST,SAC,Sacramento Kings,4,1,3,246.3,294.0,294.0,25.5,2.8,50.5,67.3,31.5,8.7,10.7
2024-25,IST,SAS,San Antonio Spurs,4,2,2,240.0,294.3,294.3,30.0,5.0,54.8,77.8,37.3,10.2,12.7
2024-25,IST,TOR,Toronto Raptors,4,1,3,240.0,297.3,297.3,25.8,1.8,51.0,65.0,30.0,8.7,10.1
2024-25,IST,UTA,Utah Jazz,4,0,4,240.0,303.0,303.0,26.3,2.3,41.8,65.0,30.0,8.7,9.9
2024-25,IST,WAS,Washington Wizards,4,0,4,240.0,287.0,287.0,23.0,2.5,43.8,58.0,28.0,8.0,9.8
2025-26,Regular+Season,ATL,Atlanta Hawks,39,18,21,241.3,301.2,301.2,31.2,3.7,54.2,81.1,37.4,10.3,12.4
2025-26,Regular+Season,BOS,Boston Celtics,36,23,13,240.0,275.3,275.3,23.8,3.1,43.5,62.9,28.5,8.6,10.4
2025-26,Regular+Season,BKN,Brooklyn Nets,34,11,23,240.7,298.5,298.5,25.4,2.8,48.9,68.3,30.3,8.5,10.1
2025-26,Regular+Season,CHA,Charlotte Hornets,38,13,25,242.0,285.3,285.3,26.3,3.2,46.7,70.9,31.9,9.2,11.2
2025-26,Regular+Season,CHI,Chicago Bulls,37,17,20,241.4,331.3,331.3,29.4,4.6,53.6,75.4,35.9,8.9,10.8
2025-26,Regular+Season,CLE,Cleveland Cavaliers,38,21,17,241.3,292.4,292.4,27.8,4.7,52.8,72.9,35.4,9.5,12.1
2025-26,Regular+Season,DAL,Dallas Mavericks,37,14,23,243.4,268.1,268.1,25.0,2.7,43.4,64.2,30.2,9.3,11.2
2025-26,Regular+Season,DEN,Denver Nuggets,37,25,12,242.7,286.2,286.2,29.1,3.6,50.1,76.4,36.0,10.2,12.6
2025-26,Regular+Season,DET,Detroit Pistons,36,27,9,241.4,282.8,282.8,26.8,3.3,48.9,68.5,33.0,9.5,11.7
2025-26,Regular+Season,GSW,Golden State Warriors,38,20,18,241.3,341.2,341.2,28.1,5.2,57.1,76.0,36.3,8.2,10.6
2025-26,Regular+Season,HOU,Houston Rockets,34,22,12,244.4,278.1,278.1,25.3,4.1,45.2,65.7,32.0,9.1,11.5
2025-26,Regular+Season,IND,Indiana Pacers,38,7,31,241.3,314.2,314.2,24.5,3.9,46.7,64.7,30.7,7.8,9.8
2025-26,Regular+Season,LAC,LA Clippers,36,13,23,241.4,270.2,270.2,23.6,3.8,42.3,61.7,29.3,8.7,10.8
2025-26,Regular+Season,LAL,Los Angeles Lakers,35,23,12,240.0,270.3,270.3,24.9,2.8,41.8,62.1,29.7,9.2,11.0
2025-26,Regular+Season,MEM,Memphis Grizzlies,37,16,21,241.4,306.8,306.8,28.9,4.1,52.5,75.4,35.5,9.4,11.6
2025-26,Regular+Season,MIA,Miami Heat,35,19,16,240.7,304.1,304.0,28.7,5.0,48.1,75.5,36.3,9.4,11.9
2025-26,Regular+Season,MIL,Milwaukee Bucks,36,16,20,241.4,285.2,285.2,26.1,3.5,46.2,69.5,31.7,9.2,11.1
2025-26,Regular+Season,MIN,Minnesota Timberwolves,37,24,13,242.0,304.2,304.2,26.6,3.9,43.8,68.7,32.6,8.7,10.7
2025-26,Regular+Season,NOP,New Orleans Pelicans,39,8,31,242.6,281.1,281.1,24.8,2.6,41.7,63.1,29.7,8.8,10.6
2025-26,Regular+Season,NYK,New York Knicks,37,24,13,240.0,290.9,290.9,26.9,3.6,46.3,72.0,32.6,9.3,11.2
2025-26,Regular+Season,OKC,Oklahoma City Thunder,38,31,7,243.3,258.8,258.8,25.8,2.9,46.7,66.4,30.6,10.0,11.8
2025-26,Regular+Season,ORL,Orlando Magic,38,21,17,242.0,293.0,293.0,26.4,3.0,44.7,67.1,31.9,9.0,10.9
2025-26,Regular+Season,PHI,Philadelphia 76ers,35,20,15,244.3,315.7,315.7,25.1,3.5,44.1,66.8,31.1,7.9,9.8
2025-26,Regular+Season,PHX,Phoenix Suns,37,22,15,240.7,281.6,281.6,25.4,3.6,46.6,66.6,31.1,9.0,11.0
2025-26,Regular+Season,POR,Portland Trail Blazers,38,18,20,241.3,282.8,282.8,24.7,3.2,47.1,65.8,30.0,8.7,10.6
2025-26,Regular+Season,SAC,Sacramento Kings,37,8,29,242.0,273.0,273.0,25.0,2.6,45.2,63.0,30.0,9.2,11.0
2025-26,Regular+Season,SAS,San Antonio Spurs,37,26,11,240.7,281.2,281.2,25.9,3.8,48.2,68.5,32.2,9.2,11.5
2025-26,Regular+Season,TOR,Toronto Raptors,38,23,15,241.3,298.5,298.5,29.1,3.6,52.9,74.4,35.3,9.7,11.8
2025-26,Regular+Season,UTA,Utah Jazz,36,12,24,244.2,291.7,291.7,30.2,3.4,54.3,78.8,36.5,10.3,12.5
2025-26,Regular+Season,WAS,Washington Wizards,36,10,26,241.4,277.5,277.5,25.4,2.5,44.0,65.7,30.2,9.2,10.9
2025-26,IST,ATL,Atlanta Hawks,4,2,2,240.0,301.0,301.0,30.8,2.8,56.8,78.0,35.8,10.2,11.9
2025-26,IST,BOS,Boston Celtics,4,2,2,240.0,269.3,269.3,25.0,4.5,41.5,63.0,30.3,9.3,11.2
2025-26,IST,BKN,Brooklyn Nets,4,1,3,240.0,290.5,290.5,25.3,2.8,48.5,67.3,30.0,8.7,10.3
2025-26,IST,CHA,Charlotte Hornets,4,1,3,246.3,286.3,286.3,24.0,1.8,48.5,65.8,29.3,8.4,10.2
2025-26,IST,CHI,Chicago Bulls,4,1,3,240.0,351.3,351.3,30.5,5.3,52.8,75.8,37.5,8.7,10.7
2025-26,IST,CLE,Cleveland Cavaliers,4,2,2,240.0,277.3,277.3,28.8,6.8,52.3,73.3,38.0,10.4,13.7
2025-26,IST,DAL,Dallas Mavericks,4,1,3,252.5,279.5,279.5,25.3,1.8,47.5,65.0,28.5,9.0,10.2
2025-26,IST,DEN,Denver Nuggets,4,2,2,240.0,286.8,286.8,27.0,2.0,51.8,67.8,31.8,9.4,11.1
2025-26,IST,DET,Detroit Pistons,4,2,2,240.0,272.8,272.8,26.5,4.0,48.0,68.5,33.8,9.7,12.4
2025-26,IST,GSW,Golden State Warriors,4,1,3,240.0,339.3,339.3,25.0,3.8,54.3,67.0,31.5,7.4,9.3
2025-26,IST,HOU,Houston Rockets,4,2,2,240.0,280.8,280.8,24.0,5.5,46.8,64.0,31.5,8.5,11.2
2025-26,IST,IND,Indiana Pacers,4,1,3,240.0,306.5,306.5,23.8,3.8,49.0,64.0,30.5,7.7,10.0
2025-26,IST,LAC,LA Clippers,4,2,2,252.5,274.8,274.8,23.3,2.8,44.3,60.8,29.3,8.5,10.6
2025-26,IST,LAL,Los Angeles Lakers,5,4,1,240.0,259.6,259.6,27.0,3.6,39.8,67.8,31.8,10.4,12.2
2025-26,IST,MEM,Memphis Grizzlies,4,3,1,246.3,309.3,309.3,29.3,5.3,54.8,76.0,37.0,9.5,12.0
2025-26,IST,MIA,Miami Heat,4,2,2,240.0,314.5,314.5,30.3,5.3,50.8,79.3,38.8,9.6,12.3
2025-26,IST,MIL,Milwaukee Bucks,3,2,1,248.3,281.3,281.3,29.3,3.7,47.3,83.0,36.7,10.4,13.0
2025-26,IST,MIN,Minnesota Timberwolves,4,2,2,240.0,294.8,294.8,25.8,3.5,40.0,66.5,31.3,8.7,10.6
2025-26,IST,NOP,New Orleans Pelicans,4,0,4,246.3,286.5,286.5,27.8,2.3,45.0,71.8,31.8,9.7,11.1
2025-26,IST,NYK,New York Knicks,6,5,1,240.0,284.8,284.8,26.2,3.2,43.5,70.2,31.2,9.2,10.9
2025-26,IST,OKC,Oklahoma City Thunder,6,5,1,240.0,263.2,263.2,26.8,4.3,48.0,71.3,34.2,10.2,13.0
2025-26,IST,ORL,Orlando Magic,6,5,1,240.0,292.2,292.2,26.5,3.3,44.5,68.5,31.8,9.1,10.9
2025-26,IST,PHI,Philadelphia 76ers,4,1,3,240.0,302.3,302.3,24.0,3.0,38.8,60.5,28.0,7.9,9.3
2025-26,IST,PHX,Phoenix Suns,5,3,2,240.0,286.2,286.2,24.8,2.0,48.8,65.8,29.8,8.7,10.4
2025-26,IST,POR,Portland Trail Blazers,4,2,2,240.0,289.8,289.8,24.0,1.8,48.8,64.8,29.5,8.3,10.2
2025-26,IST,SAC,Sacramento Kings,4,0,4,240.0,277.8,277.8,26.5,1.5,50.8,66.5,29.5,9.5,10.6
2025-26,IST,SAS,San Antonio Spurs,6,5,1,240.0,278.5,278.5,25.2,3.0,49.3,68.8,30.8,9.0,11.1
2025-26,IST,TOR,Toronto Raptors,5,4,1,240.0,294.2,294.2,26.4,3.8,50.6,68.2,33.0,9.0,11.2
2025-26,IST,UTA,Utah Jazz,4,1,3,240.0,295.0,295.0,28.3,2.8,55.8,74.5,34.8,9.6,11.8
2025-26,IST,WAS,Washington Wizards,4,1,3,240.0,273.8,273.8,26.5,2.0,45.5,68.5,31.8,9.7,11.6
