SEASON,SEASON_TYPE,TEAM_ABB,TEAM_NAME,GP,W,L,MIN,TOUCHES,ELBOW_TOUCHES,ELBOW_TOUCH_FGM,ELBOW_TOUCH_FGA,ELBOW_TOUCH_FG_PCT,ELBOW_TOUCH_FTM,ELBOW_TOUCH_FTA,ELBOW_TOUCH_FT_PCT,ELBOW_TOUCH_PTS,ELBOW_TOUCH_PTS_PCT,ELBOW_TOUCH_PASSES,ELBOW_TOUCH_PASSES_PCT,ELBOW_TOUCH_AST,ELBOW_TOUCH_AST_PCT,ELBOW_TOUCH_TOV,ELBOW_TOUCH_TOV_PCT,ELBOW_TOUCH_FOULS,ELBOW_TOUCH_FOULS_PCT
2015-16,Regular+Season,ATL,Atlanta Hawks,82,48,34,241.8,442.7,15.7,2.5,4.7,53.6,0.8,1.0,83.8,6.0,38.0,9.4,60.0,1.4,14.6,0.7,4.7,0.4,2.6
2015-16,Regular+Season,BOS,Boston Celtics,81,47,34,241.2,439.4,13.0,2.7,5.1,53.6,0.9,1.3,73.5,6.5,50.5,6.6,50.6,1.0,16.0,0.4,3.2,0.6,4.7
2015-16,Regular+Season,BKN,Brooklyn Nets,82,21,61,240.9,409.9,19.5,4.4,8.4,52.5,1.4,2.0,73.3,10.5,54.0,8.8,44.9,1.4,15.8,1.0,5.2,0.9,4.5
2015-16,Regular+Season,CHA,Charlotte Hornets,82,48,34,242.1,414.1,13.0,2.2,4.1,53.7,1.3,1.7,77.9,5.9,45.5,7.4,56.9,1.0,13.1,0.5,3.6,0.8,5.9
2015-16,Regular+Season,CHI,Chicago Bulls,82,42,40,242.7,428.5,13.9,2.8,5.4,51.4,0.9,1.3,73.1,6.5,47.1,7.1,50.7,1.1,15.2,0.6,4.2,0.5,3.8
2015-16,Regular+Season,CLE,Cleveland Cavaliers,82,57,25,242.1,414.8,12.8,2.2,3.8,57.7,1.0,1.2,77.5,5.5,43.1,7.2,56.3,0.9,13.0,0.7,5.1,0.6,5.0
2015-16,Regular+Season,DAL,Dallas Mavericks,82,42,40,244.0,449.6,17.7,2.4,4.8,50.5,1.3,1.8,69.6,6.2,35.0,10.6,59.9,1.3,12.0,0.9,5.2,0.8,4.4
2015-16,Regular+Season,DEN,Denver Nuggets,82,33,49,241.8,411.1,14.9,3.1,6.0,51.8,1.4,1.9,75.0,7.8,52.3,7.0,47.0,1.1,15.7,0.7,4.5,0.9,5.7
2015-16,Regular+Season,DET,Detroit Pistons,82,44,38,242.4,384.2,12.8,1.8,3.7,48.8,1.1,1.4,77.9,4.8,37.1,7.6,59.5,0.8,10.6,0.5,4.3,0.6,4.8
2015-16,Regular+Season,GSW,Golden State Warriors,82,73,9,242.4,446.4,15.2,3.0,5.8,50.8,0.9,1.2,75.0,7.1,46.9,7.4,48.7,1.5,20.0,0.9,5.9,0.5,3.4
2015-16,Regular+Season,HOU,Houston Rockets,82,41,41,241.8,409.4,12.8,2.6,4.4,57.7,0.8,1.5,51.2,6.1,47.6,6.5,51.0,0.9,14.0,0.8,6.1,0.7,5.6
2015-16,Regular+Season,IND,Indiana Pacers,82,45,37,242.4,425.4,17.0,3.2,6.0,53.0,1.3,1.9,68.4,7.9,46.4,8.8,51.4,1.2,13.9,1.0,5.7,0.9,5.2
2015-16,Regular+Season,LAC,LA Clippers,82,53,29,241.8,405.6,13.9,2.7,5.0,54.0,0.9,1.4,64.6,6.5,46.6,7.0,50.8,1.0,13.7,0.7,5.3,0.6,4.3
2015-16,Regular+Season,LAL,Los Angeles Lakers,82,17,65,240.6,392.7,14.3,2.5,5.1,49.4,0.9,1.1,83.1,6.1,42.6,7.7,53.8,1.1,14.6,0.7,5.0,0.5,3.5
2015-16,Regular+Season,MEM,Memphis Grizzlies,82,42,40,241.8,425.0,20.0,3.0,5.8,51.9,0.9,1.2,75.0,7.1,35.4,12.4,61.8,1.5,12.2,0.9,4.3,0.6,2.8
2015-16,Regular+Season,MIA,Miami Heat,82,48,34,241.8,415.2,17.4,3.2,5.9,53.5,1.3,1.7,77.0,7.7,44.5,9.6,55.3,1.2,12.9,0.8,4.3,0.8,4.7
2015-16,Regular+Season,MIL,Milwaukee Bucks,82,33,49,241.8,407.7,19.3,2.7,5.5,48.8,1.2,1.6,74.4,6.7,34.7,11.7,60.7,1.2,10.6,0.9,4.6,0.7,3.5
2015-16,Regular+Season,MIN,Minnesota Timberwolves,82,29,53,242.4,400.9,19.8,3.6,7.1,51.3,1.7,2.2,78.3,9.3,46.7,10.0,50.7,1.6,15.6,1.1,5.5,1.0,5.1
2015-16,Regular+Season,NOP,New Orleans Pelicans,82,30,52,241.2,412.5,13.9,2.6,5.1,51.8,1.4,1.7,79.7,6.8,48.8,6.8,48.7,1.0,14.1,0.7,5.2,0.8,6.1
2015-16,Regular+Season,NYK,New York Knicks,82,32,50,241.5,458.0,24.4,3.6,8.0,44.6,1.9,2.3,81.8,9.3,38.0,13.5,55.3,1.9,14.1,1.1,4.7,1.1,4.5
2015-16,Regular+Season,OKC,Oklahoma City Thunder,82,55,27,241.8,380.6,15.2,3.3,6.0,55.8,1.1,1.5,71.8,8.0,52.4,7.1,46.8,0.9,12.5,1.0,6.3,0.7,4.6
2015-16,Regular+Season,ORL,Orlando Magic,81,35,46,242.5,425.1,11.9,2.4,4.7,52.0,0.7,1.0,72.8,5.8,48.7,5.8,48.6,0.7,12.4,0.6,5.1,0.5,4.1
2015-16,Regular+Season,PHI,Philadelphia 76ers,82,10,72,241.5,450.4,15.5,2.7,5.8,46.8,1.1,1.5,71.4,6.6,42.5,7.6,49.0,0.9,11.6,1.0,6.5,0.7,4.6
2015-16,Regular+Season,PHX,Phoenix Suns,82,23,59,240.3,435.4,15.8,2.4,4.9,49.9,1.0,1.3,77.9,6.0,37.8,9.0,56.6,1.1,12.8,0.9,5.6,0.5,3.3
2015-16,Regular+Season,POR,Portland Trail Blazers,82,44,38,241.5,401.8,16.4,2.6,4.9,53.6,1.5,2.2,70.6,7.0,42.3,9.1,55.6,1.6,17.6,1.0,6.0,1.0,5.8
2015-16,Regular+Season,SAC,Sacramento Kings,81,33,48,241.5,406.5,13.5,3.5,6.2,56.9,1.0,1.4,71.6,8.3,61.1,5.6,41.3,0.8,14.2,0.8,6.0,0.6,4.7
2015-16,Regular+Season,SAS,San Antonio Spurs,82,67,15,240.3,444.1,17.6,2.3,4.5,52.0,0.7,0.9,78.9,5.5,31.3,11.6,66.0,1.7,14.3,0.7,4.0,0.4,2.3
2015-16,Regular+Season,TOR,Toronto Raptors,81,55,26,240.9,420.9,9.4,2.0,3.3,58.3,0.5,0.8,67.7,4.5,48.1,5.1,54.0,0.5,10.7,0.5,5.4,0.3,3.7
2015-16,Regular+Season,UTA,Utah Jazz,82,40,42,243.4,468.5,23.1,3.0,5.8,51.4,1.6,2.1,72.7,7.8,33.8,14.7,63.8,1.3,8.9,1.0,4.4,0.9,4.1
2015-16,Regular+Season,WAS,Washington Wizards,82,41,41,240.9,414.8,14.9,3.2,5.9,53.8,0.8,1.2,66.7,7.3,49.2,7.3,49.1,0.9,12.0,0.8,5.6,0.6,4.0
2015-16,Playoffs,ATL,Atlanta Hawks,10,4,6,242.5,439.2,12.8,1.9,4.2,45.2,1.1,1.2,91.7,4.9,38.3,7.4,57.8,0.4,5.4,0.5,3.9,0.5,3.9
2015-16,Playoffs,BOS,Boston Celtics,6,2,4,244.2,456.7,12.2,1.3,4.5,29.6,0.8,1.0,83.3,3.8,31.5,5.8,47.9,0.2,2.9,1.0,8.2,0.5,4.1
2015-16,Playoffs,CHA,Charlotte Hornets,7,3,4,240.0,365.4,13.3,2.3,5.7,40.0,1.6,1.7,91.7,6.3,47.3,6.0,45.2,0.7,11.9,0.3,2.2,0.9,6.5
2015-16,Playoffs,CLE,Cleveland Cavaliers,21,16,5,240.0,382.1,10.0,1.5,2.7,57.1,0.9,1.2,73.1,4.1,41.2,6.0,60.2,1.0,16.5,0.3,3.3,0.6,5.7
2015-16,Playoffs,DAL,Dallas Mavericks,5,1,4,240.0,420.8,21.4,3.6,7.6,47.4,1.2,2.0,60.0,8.6,40.2,11.8,55.1,2.8,23.7,0.8,3.7,0.8,3.7
2015-16,Playoffs,DET,Detroit Pistons,4,0,4,240.0,347.8,9.0,1.8,3.5,50.0,0.5,1.0,50.0,4.3,47.2,3.8,41.7,0.5,13.3,0.5,5.6,0.5,5.6
2015-16,Playoffs,GSW,Golden State Warriors,24,15,9,241.0,435.4,12.1,2.4,4.5,53.2,1.3,1.8,70.5,6.3,51.5,5.3,43.6,1.1,20.5,0.9,7.2,0.8,6.9
2015-16,Playoffs,HOU,Houston Rockets,5,1,4,240.0,397.4,13.0,2.2,5.4,40.7,0.8,2.0,40.0,5.2,40.0,4.4,33.8,1.2,27.3,1.4,10.8,1.2,9.2
2015-16,Playoffs,IND,Indiana Pacers,7,3,4,240.0,386.0,11.3,2.6,4.6,56.3,1.1,1.7,66.7,6.6,58.2,5.0,44.3,0.7,14.3,0.6,5.1,0.9,7.6
2015-16,Playoffs,LAC,LA Clippers,6,2,4,240.0,386.2,16.2,2.8,5.7,50.0,1.7,2.7,62.5,7.8,48.5,8.8,54.6,1.5,17.0,0.3,2.1,1.0,6.2
2015-16,Playoffs,MEM,Memphis Grizzlies,4,0,4,240.0,398.0,16.5,2.5,5.8,43.5,1.3,1.5,83.3,6.3,37.9,9.3,56.1,0.8,8.1,0.5,3.0,0.8,4.5
2015-16,Playoffs,MIA,Miami Heat,14,7,7,245.4,385.0,11.4,1.7,3.9,44.4,0.9,1.3,72.2,4.5,39.6,6.1,53.5,0.5,8.2,0.6,5.0,0.6,5.0
2015-16,Playoffs,OKC,Oklahoma City Thunder,18,11,7,240.0,339.3,9.6,2.7,5.0,54.4,0.9,1.2,72.7,6.7,69.9,3.6,37.0,0.4,12.5,0.3,2.9,0.6,5.8
2015-16,Playoffs,POR,Portland Trail Blazers,11,5,6,242.3,388.0,16.3,2.5,5.1,48.2,1.5,2.4,61.5,6.6,40.8,8.6,53.1,2.3,26.3,1.0,6.1,1.1,6.7
2015-16,Playoffs,SAS,San Antonio Spurs,10,6,4,240.0,419.7,19.2,3.1,6.8,45.6,0.7,1.0,70.0,7.2,37.5,10.8,56.3,1.7,15.7,0.8,4.2,0.5,2.6
2015-16,Playoffs,TOR,Toronto Raptors,20,10,10,243.8,392.1,9.7,2.0,3.0,65.0,0.7,1.0,65.0,4.8,49.7,5.5,56.5,0.4,7.3,0.3,3.1,0.5,4.7
2016-17,Regular+Season,ATL,Atlanta Hawks,82,43,39,242.4,431.2,14.0,1.9,3.7,50.3,0.5,0.9,59.5,4.5,31.9,8.7,62.7,1.1,12.7,0.7,4.9,0.4,3.1
2016-17,Regular+Season,BOS,Boston Celtics,82,53,29,240.9,442.4,9.8,1.9,3.4,56.0,0.5,0.7,74.1,4.4,45.3,5.5,55.7,0.7,13.6,0.4,3.7,0.3,3.0
2016-17,Regular+Season,BKN,Brooklyn Nets,81,20,61,240.9,433.3,11.7,2.9,5.1,56.2,1.1,1.4,75.4,7.0,59.3,5.0,42.4,0.6,11.9,0.7,6.2,0.7,5.8
2016-17,Regular+Season,CHA,Charlotte Hornets,82,36,46,241.8,408.1,13.5,2.8,5.0,56.4,1.0,1.3,78.2,6.9,51.0,7.1,52.5,1.1,15.6,0.6,4.1,0.6,4.8
2016-17,Regular+Season,CHI,Chicago Bulls,82,41,41,241.2,424.0,13.5,2.9,5.6,51.8,0.9,1.1,77.8,6.7,49.6,6.4,47.2,0.9,14.5,0.8,5.6,0.5,3.7
2016-17,Regular+Season,CLE,Cleveland Cavaliers,82,51,31,242.4,394.3,12.0,2.4,3.7,65.0,1.0,1.5,66.4,5.9,49.0,6.8,56.3,1.1,15.7,0.5,4.1,0.7,5.7
2016-17,Regular+Season,DAL,Dallas Mavericks,81,32,49,241.2,410.8,11.0,2.1,3.7,57.5,0.7,1.0,73.1,5.0,45.3,6.1,55.5,0.9,13.9,0.5,4.7,0.5,4.1
2016-17,Regular+Season,DEN,Denver Nuggets,81,39,42,240.9,419.4,12.2,2.5,4.5,56.5,1.2,1.5,79.0,6.4,52.5,6.1,50.3,0.9,14.5,0.6,4.6,0.6,5.3
2016-17,Regular+Season,DET,Detroit Pistons,82,37,45,241.5,397.9,11.3,2.4,4.3,55.4,0.6,0.8,77.3,5.5,48.6,5.8,51.2,0.6,9.7,0.5,4.4,0.4,3.4
2016-17,Regular+Season,GSW,Golden State Warriors,82,67,15,241.2,440.1,17.7,3.4,6.1,55.1,1.1,1.5,74.6,8.0,45.3,9.3,52.8,2.1,22.4,1.0,5.7,0.7,4.0
2016-17,Regular+Season,HOU,Houston Rockets,82,55,27,241.2,388.9,12.0,3.1,5.0,62.5,1.0,1.6,61.2,7.6,63.0,5.2,42.8,0.7,14.4,0.7,6.1,0.8,6.7
2016-17,Regular+Season,IND,Indiana Pacers,81,42,39,242.2,405.8,15.7,3.3,6.1,53.8,0.8,1.1,74.4,7.6,48.5,7.9,50.2,1.0,12.8,0.8,5.1,0.5,3.2
2016-17,Regular+Season,LAC,LA Clippers,82,51,31,240.9,419.9,11.5,2.0,3.6,56.7,0.9,1.3,70.5,5.1,44.1,6.5,55.9,1.0,15.1,0.6,5.0,0.6,5.0
2016-17,Regular+Season,LAL,Los Angeles Lakers,82,26,56,240.3,409.3,14.6,3.1,5.8,53.7,1.0,1.4,75.0,7.4,50.5,7.0,48.0,1.0,13.9,0.8,5.6,0.7,4.5
2016-17,Regular+Season,MEM,Memphis Grizzlies,82,43,39,242.7,422.1,18.2,2.8,5.7,48.5,1.0,1.3,82.7,6.8,37.2,10.6,58.4,1.8,16.7,0.7,4.1,0.6,3.3
2016-17,Regular+Season,MIA,Miami Heat,82,41,41,241.2,401.9,12.0,2.2,4.5,49.2,0.7,1.0,66.3,5.2,43.5,6.0,50.4,0.7,11.1,0.6,5.2,0.4,3.2
2016-17,Regular+Season,MIL,Milwaukee Bucks,82,42,40,241.2,403.9,19.9,2.8,5.3,52.8,1.1,1.4,80.2,6.9,34.4,12.5,62.6,1.9,14.8,1.0,5.1,0.6,3.2
2016-17,Regular+Season,MIN,Minnesota Timberwolves,82,31,51,241.5,405.4,13.2,2.9,5.1,57.7,1.2,1.5,81.3,7.3,55.5,6.2,47.1,0.9,14.7,0.8,5.7,0.7,5.5
2016-17,Regular+Season,NOP,New Orleans Pelicans,82,34,48,242.7,418.6,13.0,2.9,5.5,53.0,1.3,1.8,75.3,7.4,57.0,5.6,43.5,0.8,14.3,0.5,3.8,0.9,6.7
2016-17,Regular+Season,NYK,New York Knicks,82,31,51,242.1,447.7,18.7,3.5,6.4,54.2,1.4,2.0,72.7,8.5,45.5,9.9,53.0,1.5,15.0,1.1,5.9,0.9,4.8
2016-17,Regular+Season,OKC,Oklahoma City Thunder,82,47,35,241.5,379.6,15.0,3.4,6.2,54.3,1.1,1.7,68.4,8.2,54.5,6.4,42.5,0.7,10.7,1.1,7.3,0.9,5.8
2016-17,Regular+Season,ORL,Orlando Magic,82,29,53,241.5,414.9,13.1,3.0,5.3,55.9,0.9,1.3,65.4,7.1,54.1,6.4,48.7,0.9,14.8,0.5,4.1,0.6,4.9
2016-17,Regular+Season,PHI,Philadelphia 76ers,82,28,54,241.8,474.9,17.6,3.1,5.5,56.8,0.9,1.2,74.0,7.3,41.4,10.3,58.4,1.0,10.2,0.9,5.1,0.6,3.3
2016-17,Regular+Season,PHX,Phoenix Suns,80,23,57,241.9,422.7,13.7,2.7,5.5,48.7,1.3,1.6,78.1,6.8,49.5,6.3,45.9,0.7,11.4,0.7,4.8,0.8,5.7
2016-17,Regular+Season,POR,Portland Trail Blazers,82,41,41,243.1,397.0,13.3,2.6,4.8,54.4,1.1,1.7,69.1,6.6,49.4,6.4,48.4,1.2,18.2,0.8,6.1,0.7,5.6
2016-17,Regular+Season,SAC,Sacramento Kings,82,32,50,242.4,437.1,21.9,3.5,6.4,54.3,1.1,1.6,70.3,8.1,36.8,13.3,60.7,1.7,12.9,0.9,4.2,0.7,3.1
2016-17,Regular+Season,SAS,San Antonio Spurs,81,61,20,241.5,434.0,15.9,2.4,4.6,52.5,1.0,1.2,78.2,6.0,37.8,9.6,60.7,1.5,16.0,0.5,3.3,0.6,3.5
2016-17,Regular+Season,TOR,Toronto Raptors,81,50,31,241.2,392.1,9.0,1.8,3.0,57.5,0.6,0.7,83.3,4.2,46.2,4.8,53.1,0.5,11.4,0.6,6.3,0.4,4.0
2016-17,Regular+Season,UTA,Utah Jazz,82,51,31,240.9,429.2,15.2,2.4,4.3,54.8,1.4,2.1,66.7,6.4,42.2,8.5,56.1,1.1,13.3,0.9,6.1,1.0,6.4
2016-17,Regular+Season,WAS,Washington Wizards,82,49,33,242.1,386.2,14.7,3.0,5.4,56.6,1.0,1.4,73.0,7.3,49.7,7.6,51.7,1.0,13.7,0.6,4.4,0.7,4.5
2016-17,Playoffs,ATL,Atlanta Hawks,6,2,4,240.0,422.7,13.2,1.2,3.8,30.4,1.0,1.3,75.0,3.3,25.3,6.5,49.4,1.3,20.5,1.3,10.1,0.3,2.5
2016-17,Playoffs,BOS,Boston Celtics,18,9,9,241.4,422.6,8.6,2.1,3.7,57.6,0.5,0.8,60.0,5.0,58.1,3.8,43.9,0.7,19.1,0.4,5.2,0.4,4.5
2016-17,Playoffs,CHI,Chicago Bulls,6,2,4,240.0,380.3,12.3,2.2,3.3,65.0,0.5,0.7,75.0,4.8,39.2,8.0,64.9,1.7,20.8,0.5,4.1,0.2,1.4
2016-17,Playoffs,CLE,Cleveland Cavaliers,18,13,5,240.0,377.3,10.9,2.2,3.4,64.5,0.9,1.3,66.7,5.6,51.3,6.0,54.8,0.8,13.9,0.4,3.6,0.6,5.6
2016-17,Playoffs,GSW,Golden State Warriors,17,16,1,240.0,420.6,11.9,3.1,4.9,61.9,1.2,1.5,80.8,7.6,63.9,5.5,46.0,1.1,19.4,0.5,4.5,0.5,4.0
2016-17,Playoffs,HOU,Houston Rockets,11,6,5,242.3,360.6,9.3,2.0,3.3,61.1,0.9,1.8,50.0,4.9,52.9,4.2,45.1,0.6,15.2,0.5,5.9,0.8,8.8
2016-17,Playoffs,IND,Indiana Pacers,4,0,4,240.0,369.8,19.0,5.3,9.0,58.3,0.0,0.0,0.0,10.5,55.3,9.3,48.7,1.3,13.5,0.5,2.6,0.0,0.0
2016-17,Playoffs,LAC,LA Clippers,7,3,4,240.0,357.9,8.4,1.6,2.7,57.9,0.6,0.9,66.7,3.7,44.1,4.7,55.9,0.6,12.1,0.1,1.7,0.3,3.4
2016-17,Playoffs,MEM,Memphis Grizzlies,6,2,4,244.2,371.5,15.3,3.2,6.3,50.0,1.2,1.3,87.5,7.5,48.9,7.8,51.1,0.7,8.5,0.3,2.2,0.5,3.3
2016-17,Playoffs,MIL,Milwaukee Bucks,6,2,4,240.0,407.8,16.2,2.0,4.5,44.4,0.7,1.0,66.7,4.7,28.9,10.0,61.9,1.2,11.7,0.8,5.2,0.3,2.1
2016-17,Playoffs,OKC,Oklahoma City Thunder,5,1,4,240.0,353.8,10.2,2.0,3.4,58.8,0.4,0.4,100,4.4,43.1,5.6,54.9,1.0,17.9,0.8,7.8,0.2,2.0
2016-17,Playoffs,POR,Portland Trail Blazers,4,0,4,240.0,367.8,7.8,1.8,2.5,70.0,0.8,1.0,75.0,4.3,54.8,4.8,61.3,0.3,5.3,0.0,0.0,0.3,3.2
2016-17,Playoffs,SAS,San Antonio Spurs,16,8,8,243.1,405.8,11.1,2.1,3.8,56.7,1.0,1.4,72.7,5.4,49.2,5.9,53.1,0.8,13.8,0.6,5.1,0.6,5.6
2016-17,Playoffs,TOR,Toronto Raptors,10,4,6,240.0,383.5,7.9,2.2,4.1,53.7,0.8,1.2,66.7,5.3,67.1,2.5,31.6,0.2,8.0,0.4,5.1,0.6,7.6
2016-17,Playoffs,UTA,Utah Jazz,11,4,7,240.0,399.1,11.8,3.1,4.6,66.7,1.2,1.8,65.0,7.6,64.6,5.3,44.6,1.3,24.1,0.7,6.2,0.9,7.7
2016-17,Playoffs,WAS,Washington Wizards,13,7,6,241.9,373.2,14.9,3.2,5.9,54.5,1.2,1.7,68.2,8.0,53.6,7.2,48.5,1.2,16.0,0.7,4.6,0.8,5.2
2017-18,Regular+Season,ATL,Atlanta Hawks,81,24,57,240.3,449.7,15.6,2.6,4.6,55.9,0.7,1.1,62.0,6.0,38.5,9.0,57.9,1.3,14.3,0.8,5.1,0.4,2.8
2017-18,Regular+Season,BOS,Boston Celtics,79,52,27,241.6,422.5,11.6,2.2,4.0,55.1,0.7,0.9,86.8,5.2,45.1,6.1,52.3,0.9,14.6,0.6,5.0,0.4,3.5
2017-18,Regular+Season,BKN,Brooklyn Nets,80,27,53,242.2,449.0,10.3,2.2,4.1,54.0,0.9,1.3,70.6,5.5,53.1,4.7,45.7,0.7,14.1,0.7,6.5,0.6,5.7
2017-18,Regular+Season,CHA,Charlotte Hornets,82,36,46,241.2,402.4,10.5,1.9,3.7,50.8,1.0,1.3,74.1,4.9,46.5,5.4,51.3,1.0,18.5,0.5,4.6,0.6,6.1
2017-18,Regular+Season,CHI,Chicago Bulls,82,27,55,242.1,422.4,12.5,2.4,4.5,54.1,0.9,1.0,83.7,5.8,46.8,6.5,51.7,0.8,11.9,0.6,4.7,0.5,4.0
2017-18,Regular+Season,CLE,Cleveland Cavaliers,82,50,32,240.6,392.8,8.9,2.0,3.2,60.8,0.6,0.9,68.8,4.7,52.6,4.4,49.0,0.7,15.6,0.4,4.0,0.4,4.5
2017-18,Regular+Season,DAL,Dallas Mavericks,82,24,58,241.5,420.8,12.7,2.1,3.5,60.5,0.6,1.0,62.2,5.1,39.8,7.7,60.3,1.1,14.8,0.5,3.7,0.5,3.5
2017-18,Regular+Season,DEN,Denver Nuggets,82,46,36,242.4,424.8,10.0,1.9,3.4,56.4,0.6,0.9,72.2,4.6,46.4,5.2,52.1,0.9,17.1,0.5,5.1,0.4,4.2
2017-18,Regular+Season,DET,Detroit Pistons,82,39,43,241.5,419.1,14.3,1.9,4.0,47.3,0.5,0.7,63.9,4.5,31.3,8.7,61.0,1.3,14.4,0.7,4.6,0.4,2.6
2017-18,Regular+Season,GSW,Golden State Warriors,82,58,24,240.6,443.4,16.0,3.8,6.3,60.5,1.0,1.3,76.9,8.8,55.0,7.8,48.5,1.9,24.7,0.7,4.6,0.6,3.7
2017-18,Regular+Season,HOU,Houston Rockets,82,65,17,240.9,373.5,10.3,2.3,4.0,56.7,0.7,1.3,56.6,5.4,52.5,4.7,45.2,0.6,13.1,0.6,6.1,0.6,6.0
2017-18,Regular+Season,IND,Indiana Pacers,82,48,34,240.9,416.8,13.5,3.2,6.0,52.8,1.2,1.5,76.2,7.8,57.6,5.5,41.0,1.0,18.5,0.8,5.6,0.8,5.6
2017-18,Regular+Season,LAC,LA Clippers,82,42,40,240.3,418.3,9.2,2.2,3.4,63.8,0.5,0.8,60.3,5.1,54.9,4.5,48.8,0.7,14.6,0.6,6.2,0.4,4.4
2017-18,Regular+Season,LAL,Los Angeles Lakers,82,35,47,242.7,405.4,13.0,2.6,4.8,55.0,1.0,1.3,71.8,6.4,49.6,6.4,49.6,0.8,11.8,0.7,5.1,0.6,4.7
2017-18,Regular+Season,MEM,Memphis Grizzlies,82,22,60,240.3,440.9,17.3,2.4,4.8,49.9,0.8,1.1,75.8,5.7,33.0,10.7,62.0,1.3,12.0,0.7,4.0,0.5,3.0
2017-18,Regular+Season,MIA,Miami Heat,81,43,38,243.1,425.6,14.4,2.1,4.3,48.7,0.7,0.9,78.9,5.0,34.9,8.4,58.5,1.2,14.0,0.8,5.8,0.3,2.3
2017-18,Regular+Season,MIL,Milwaukee Bucks,81,44,37,241.9,401.6,15.3,2.3,4.3,54.3,1.0,1.3,75.0,5.7,37.5,9.1,59.9,1.2,13.2,0.6,4.0,0.6,4.0
2017-18,Regular+Season,MIN,Minnesota Timberwolves,82,47,35,241.5,406.1,12.0,2.6,4.5,58.4,1.2,1.6,77.5,6.6,55.5,5.7,47.3,0.9,15.1,0.6,5.0,0.8,6.3
2017-18,Regular+Season,NOP,New Orleans Pelicans,82,48,34,243.4,430.6,12.0,2.7,5.0,54.5,0.9,1.1,78.3,6.5,54.3,5.2,43.6,0.9,16.6,0.7,6.1,0.6,4.7
2017-18,Regular+Season,NYK,New York Knicks,81,28,53,241.9,441.7,17.1,4.0,7.1,55.7,0.9,1.1,82.4,9.1,53.5,7.9,46.4,1.3,16.7,1.0,5.9,0.5,2.9
2017-18,Regular+Season,OKC,Oklahoma City Thunder,80,48,32,241.9,377.0,11.9,3.0,5.1,57.9,0.9,1.4,63.5,7.0,58.9,4.9,41.5,0.7,14.9,0.7,6.0,0.7,5.8
2017-18,Regular+Season,ORL,Orlando Magic,82,25,57,240.6,411.2,13.5,2.6,4.9,54.5,0.8,1.1,75.0,6.2,45.9,7.0,51.8,1.0,14.3,0.6,4.7,0.5,3.5
2017-18,Regular+Season,PHI,Philadelphia 76ers,81,52,29,241.2,468.6,16.8,2.4,4.4,54.0,0.7,1.1,63.6,5.5,32.6,10.6,62.9,1.8,16.6,0.8,4.8,0.3,2.1
2017-18,Regular+Season,PHX,Phoenix Suns,82,21,61,240.3,415.7,14.8,2.5,4.8,51.4,1.2,1.6,74.8,6.2,42.1,7.9,53.8,1.1,14.0,0.8,5.1,0.8,5.2
2017-18,Regular+Season,POR,Portland Trail Blazers,82,49,33,240.9,390.5,10.7,2.3,4.5,52.1,0.5,0.7,65.5,5.3,49.5,4.9,46.0,0.9,18.1,0.6,5.5,0.4,3.3
2017-18,Regular+Season,SAC,Sacramento Kings,82,27,55,240.9,434.1,20.4,3.2,6.5,49.3,0.7,1.0,71.4,7.4,36.1,11.7,57.4,1.4,11.6,1.0,4.8,0.5,2.3
2017-18,Regular+Season,SAS,San Antonio Spurs,82,47,35,240.6,432.2,14.0,2.5,4.5,54.4,0.8,1.1,71.4,5.9,42.0,8.0,57.2,1.0,13.1,0.5,3.9,0.5,3.8
2017-18,Regular+Season,TOR,Toronto Raptors,82,59,23,241.8,421.4,10.8,2.7,4.7,57.7,0.8,1.1,75.0,6.4,59.2,4.6,42.6,0.8,16.4,0.5,5.1,0.5,4.6
2017-18,Regular+Season,UTA,Utah Jazz,82,48,34,240.9,437.7,15.6,3.0,5.3,55.7,1.4,2.0,70.6,7.5,48.4,7.9,50.8,1.0,12.8,0.7,4.8,0.9,5.6
2017-18,Regular+Season,WAS,Washington Wizards,82,43,39,242.1,412.5,15.8,2.8,5.2,53.4,1.0,1.3,74.3,6.7,42.1,8.7,55.0,1.4,16.0,0.8,5.2,0.6,3.9
2017-18,Playoffs,BOS,Boston Celtics,19,11,8,242.6,413.2,8.0,1.2,2.3,50.0,0.6,0.8,75.0,3.2,39.5,4.2,52.6,0.6,13.8,0.3,3.9,0.4,5.3
2017-18,Playoffs,CLE,Cleveland Cavaliers,22,12,10,242.3,365.5,8.5,1.7,3.2,54.3,0.3,0.5,58.3,4.0,47.3,3.9,45.7,0.9,23.5,0.3,3.2,0.2,2.7
2017-18,Playoffs,GSW,Golden State Warriors,21,16,5,241.2,417.9,11.9,2.9,5.0,57.1,0.9,1.0,81.8,6.7,56.4,4.9,41.2,1.2,25.2,0.4,3.6,0.3,2.4
2017-18,Playoffs,HOU,Houston Rockets,17,11,6,240.0,340.8,6.4,2.0,3.0,66.7,0.2,0.6,40.0,4.4,68.8,2.3,35.8,0.5,20.5,0.1,1.8,0.2,2.8
2017-18,Playoffs,IND,Indiana Pacers,7,3,4,240.0,368.0,9.6,2.9,5.1,55.6,0.1,0.3,50.0,6.0,62.7,2.6,26.9,0.3,11.1,0.7,7.5,0.1,1.5
2017-18,Playoffs,MIA,Miami Heat,5,1,4,240.0,387.0,8.8,1.6,3.6,44.4,0.2,0.4,50.0,3.8,43.2,4.2,47.7,0.6,14.3,0.6,6.8,0.2,2.3
2017-18,Playoffs,MIL,Milwaukee Bucks,7,3,4,243.6,371.0,8.6,0.9,1.4,60.0,0.1,0.3,50.0,1.9,21.7,5.9,68.3,1.1,19.5,0.1,1.7,0.1,1.7
2017-18,Playoffs,MIN,Minnesota Timberwolves,5,1,4,240.0,367.8,9.0,1.8,4.2,42.9,0.6,0.8,75.0,4.4,48.9,3.8,42.2,0.6,15.8,0.2,2.2,0.4,4.4
2017-18,Playoffs,NOP,New Orleans Pelicans,9,5,4,240.0,408.2,11.9,3.9,7.0,55.6,1.1,1.1,100,9.2,77.6,3.1,26.2,0.4,14.3,0.3,2.8,0.3,2.8
2017-18,Playoffs,OKC,Oklahoma City Thunder,6,2,4,240.0,347.2,11.3,2.5,5.2,48.4,0.7,1.3,50.0,5.7,50.0,3.8,33.8,1.2,30.4,0.5,4.4,0.5,4.4
2017-18,Playoffs,PHI,Philadelphia 76ers,10,5,5,242.5,449.8,15.1,2.0,4.7,42.6,0.7,1.2,58.3,4.7,31.1,8.1,53.6,2.0,24.7,0.3,2.0,0.5,3.3
2017-18,Playoffs,POR,Portland Trail Blazers,4,0,4,240.0,392.0,11.8,2.3,3.3,69.2,0.5,0.5,100,5.0,42.6,6.3,53.2,0.5,8.0,0.5,4.3,0.3,2.1
2017-18,Playoffs,SAS,San Antonio Spurs,5,1,4,240.0,415.8,11.0,1.6,3.4,47.1,0.6,0.8,75.0,4.4,40.0,5.2,47.3,0.4,7.7,0.4,3.6,0.2,1.8
2017-18,Playoffs,TOR,Toronto Raptors,10,4,6,242.5,389.8,10.8,2.8,5.4,51.9,1.0,1.2,83.3,6.6,61.1,3.3,30.6,0.9,27.3,0.5,4.6,0.6,5.6
2017-18,Playoffs,UTA,Utah Jazz,11,5,6,240.0,391.7,9.5,1.7,3.2,54.3,0.3,0.9,30.0,4.0,41.9,4.8,50.5,0.6,13.2,0.6,6.7,0.5,4.8
2017-18,Playoffs,WAS,Washington Wizards,6,2,4,240.0,372.8,13.2,2.7,4.8,55.2,0.3,0.3,100,5.7,43.0,7.2,54.4,1.2,16.3,0.2,1.3,0.2,1.3
2018-19,Regular+Season,ATL,Atlanta Hawks,82,29,53,242.1,431.7,10.6,2.1,3.8,55.9,1.1,1.5,76.0,5.5,52.1,4.9,46.4,0.7,14.4,0.7,6.8,0.6,6.1
2018-19,Regular+Season,BOS,Boston Celtics,82,49,33,241.2,419.4,12.0,2.8,4.7,59.4,0.7,0.8,79.4,6.3,52.0,5.8,48.5,1.0,17.2,0.6,4.9,0.3,2.7
2018-19,Regular+Season,BKN,Brooklyn Nets,82,42,40,243.7,436.3,10.9,2.5,4.3,58.1,1.2,1.7,70.4,6.2,57.3,4.4,40.4,0.6,14.1,0.9,8.0,0.8,7.6
2018-19,Regular+Season,CHA,Charlotte Hornets,82,39,43,241.8,412.2,9.4,1.8,3.5,51.4,1.0,1.4,71.2,4.7,50.0,4.5,47.8,0.6,13.6,0.4,4.7,0.7,7.0
2018-19,Regular+Season,CHI,Chicago Bulls,81,22,59,242.8,406.0,12.1,2.7,4.8,55.9,0.8,1.0,74.1,6.3,52.1,5.9,48.8,0.8,13.2,0.5,4.5,0.5,3.8
2018-19,Regular+Season,CLE,Cleveland Cavaliers,82,19,63,240.9,404.9,15.8,2.2,4.5,50.3,0.8,1.0,81.7,5.4,33.8,9.8,62.2,1.2,12.5,0.6,3.6,0.4,2.4
2018-19,Regular+Season,DAL,Dallas Mavericks,82,33,49,241.2,437.5,13.0,1.8,3.2,55.3,1.1,1.4,77.4,4.8,36.9,7.8,60.3,1.0,13.4,0.7,5.3,0.6,4.8
2018-19,Regular+Season,DEN,Denver Nuggets,82,54,28,240.6,436.3,14.6,3.0,5.2,57.8,1.0,1.4,70.4,7.1,48.7,7.3,50.1,1.6,21.6,0.9,5.9,0.6,4.2
2018-19,Regular+Season,DET,Detroit Pistons,82,41,41,242.1,431.0,9.9,1.7,3.2,52.1,0.8,1.0,75.6,4.2,42.7,5.1,51.4,0.9,18.5,0.7,7.2,0.5,4.8
2018-19,Regular+Season,GSW,Golden State Warriors,82,57,25,241.5,444.8,14.2,3.1,5.2,59.3,1.1,1.5,78.2,7.4,52.2,7.2,50.6,1.5,21.3,0.8,5.4,0.7,4.7
2018-19,Regular+Season,HOU,Houston Rockets,82,53,29,241.8,366.7,9.4,2.5,4.0,62.2,0.5,0.8,64.6,5.7,61.1,4.0,43.2,0.6,14.8,0.5,5.6,0.3,3.7
2018-19,Regular+Season,IND,Indiana Pacers,82,48,34,240.3,428.4,15.4,4.3,7.1,60.6,1.4,1.9,74.5,10.3,67.0,5.9,38.5,1.2,20.6,0.9,5.8,0.9,5.6
2018-19,Regular+Season,LAC,LA Clippers,82,48,34,241.8,429.2,12.2,2.9,5.1,56.8,1.2,1.7,72.5,7.1,58.3,5.3,43.2,0.8,15.5,0.7,5.5,0.7,6.1
2018-19,Regular+Season,LAL,Los Angeles Lakers,82,37,45,241.2,404.2,14.0,3.5,5.9,59.2,1.2,1.8,66.2,8.3,59.2,5.9,42.2,1.1,19.2,0.9,6.3,0.8,5.6
2018-19,Regular+Season,MEM,Memphis Grizzlies,82,33,49,242.4,449.9,19.0,3.4,6.4,52.7,1.5,1.8,81.1,8.4,44.2,10.2,53.7,1.5,14.6,0.8,4.2,0.8,4.2
2018-19,Regular+Season,MIA,Miami Heat,82,39,43,240.6,425.2,13.5,2.1,4.3,49.3,0.7,1.3,56.7,5.1,37.7,7.5,55.6,1.2,15.9,0.5,3.8,0.5,3.5
2018-19,Regular+Season,MIL,Milwaukee Bucks,82,60,22,241.2,410.2,9.2,2.3,3.7,62.3,0.8,1.0,72.1,5.5,59.4,4.0,43.8,0.5,13.0,0.5,5.3,0.5,4.9
2018-19,Regular+Season,MIN,Minnesota Timberwolves,82,36,46,241.8,417.3,11.9,2.8,5.0,57.0,1.3,1.6,80.0,7.2,60.7,5.0,42.5,1.1,21.5,0.7,6.1,0.6,5.4
2018-19,Regular+Season,NOP,New Orleans Pelicans,82,33,49,240.9,439.0,13.2,3.6,6.6,54.1,1.2,1.6,74.8,8.5,64.7,4.6,34.6,0.9,20.6,0.8,6.1,0.7,5.6
2018-19,Regular+Season,NYK,New York Knicks,81,17,64,241.2,418.3,9.6,1.8,3.2,55.2,0.7,0.9,69.7,4.3,45.1,5.0,52.6,0.7,14.5,0.5,5.3,0.4,4.7
2018-19,Regular+Season,OKC,Oklahoma City Thunder,81,48,33,242.2,372.3,13.7,3.2,5.8,54.8,1.0,1.5,64.2,7.5,54.9,5.9,43.3,0.9,14.8,0.7,4.8,0.7,4.8
2018-19,Regular+Season,ORL,Orlando Magic,80,40,40,241.3,405.5,14.3,3.3,5.8,56.7,1.2,1.5,80.5,7.9,54.9,6.7,46.7,1.3,19.9,0.6,3.8,0.7,4.9
2018-19,Regular+Season,PHI,Philadelphia 76ers,81,51,30,241.5,443.0,16.7,2.8,5.1,54.2,1.5,1.9,81.7,7.3,43.7,9.4,56.6,1.8,19.0,0.7,4.1,0.8,4.5
2018-19,Regular+Season,PHX,Phoenix Suns,82,19,63,242.4,429.6,13.0,3.1,5.4,57.1,1.0,1.4,73.7,7.3,56.5,5.9,45.2,0.8,13.5,0.6,4.7,0.6,4.9
2018-19,Regular+Season,POR,Portland Trail Blazers,82,53,29,242.1,407.0,11.5,2.4,4.6,53.2,1.4,1.7,80.4,6.4,55.0,5.2,45.1,0.9,17.8,0.6,5.5,0.7,6.3
2018-19,Regular+Season,SAC,Sacramento Kings,82,39,43,240.6,420.0,16.2,3.3,6.4,51.8,1.1,1.6,64.4,7.7,47.4,7.5,46.5,1.4,19.1,1.0,6.1,0.7,4.2
2018-19,Regular+Season,SAS,San Antonio Spurs,82,48,34,241.5,400.2,11.2,2.3,4.1,56.6,0.8,0.9,84.2,5.5,48.9,5.9,52.4,1.1,18.7,0.5,4.8,0.4,3.6
2018-19,Regular+Season,TOR,Toronto Raptors,82,58,24,242.4,422.2,12.0,3.4,5.7,59.4,1.3,1.6,79.2,8.1,67.6,4.8,39.5,0.8,17.4,0.5,3.8,0.7,5.9
2018-19,Regular+Season,UTA,Utah Jazz,81,50,31,240.9,434.5,12.0,2.3,4.2,55.6,1.4,2.2,65.0,6.2,51.3,5.8,48.1,1.0,17.1,0.7,5.6,1.0,8.3
2018-19,Regular+Season,WAS,Washington Wizards,81,31,50,243.1,418.1,10.5,2.5,4.4,56.6,1.0,1.2,79.2,6.1,58.1,4.6,44.3,0.7,15.7,0.5,5.2,0.6,5.3
2018-19,Playoffs,BOS,Boston Celtics,9,5,4,240.0,393.9,7.9,1.7,3.3,50.0,1.4,1.6,92.9,4.8,60.6,3.4,43.7,0.6,16.1,0.2,2.8,0.4,5.6
2018-19,Playoffs,BKN,Brooklyn Nets,5,1,4,240.0,380.2,10.8,2.6,5.6,46.4,1.4,2.0,70.0,6.6,61.1,3.8,35.2,0.4,10.5,0.4,3.7,1.0,9.3
2018-19,Playoffs,DEN,Denver Nuggets,14,7,7,247.1,433.4,15.9,3.1,6.7,46.8,1.5,2.1,72.4,7.7,48.6,7.1,44.6,1.3,18.2,0.6,4.1,0.9,5.4
2018-19,Playoffs,DET,Detroit Pistons,4,0,4,240.0,405.3,12.8,3.3,6.3,52.0,2.0,2.8,72.7,8.5,66.7,4.5,35.3,0.3,5.6,0.5,3.9,1.3,9.8
2018-19,Playoffs,GSW,Golden State Warriors,22,14,8,242.3,434.2,12.0,2.9,4.7,61.2,0.9,1.1,76.0,6.6,54.7,5.3,44.2,1.5,27.4,1.0,7.9,0.5,4.2
2018-19,Playoffs,HOU,Houston Rockets,11,6,5,242.3,355.4,7.5,1.2,2.2,54.2,1.0,1.7,57.9,3.5,47.6,3.7,50.0,0.7,19.5,0.5,7.3,0.8,11.0
2018-19,Playoffs,IND,Indiana Pacers,4,0,4,240.0,394.8,15.5,2.0,6.8,29.6,2.3,4.3,52.9,6.3,40.3,5.3,33.9,1.3,23.8,1.0,6.5,1.8,11.3
2018-19,Playoffs,LAC,LA Clippers,6,2,4,240.0,441.8,12.5,3.8,5.5,69.7,1.5,2.5,60.0,9.3,74.7,4.5,36.0,0.7,14.8,0.5,4.0,1.2,9.3
2018-19,Playoffs,MIL,Milwaukee Bucks,15,10,5,243.3,403.4,7.5,1.7,3.3,51.0,0.9,1.4,66.7,4.2,56.3,2.8,37.5,0.3,11.9,0.5,6.3,0.5,7.1
2018-19,Playoffs,OKC,Oklahoma City Thunder,5,1,4,240.0,349.2,13.6,4.2,7.0,60.0,0.0,0.2,0.0,8.4,61.8,4.8,35.3,0.6,12.5,1.0,7.4,0.2,1.5
2018-19,Playoffs,ORL,Orlando Magic,5,1,4,240.0,399.8,14.4,2.8,4.8,58.3,1.2,1.4,85.7,6.8,47.2,7.6,52.8,1.6,21.1,1.0,6.9,0.6,4.2
2018-19,Playoffs,PHI,Philadelphia 76ers,12,7,5,240.0,411.4,15.7,3.6,5.6,64.2,1.9,2.2,88.5,9.2,58.5,7.8,49.5,1.7,21.5,1.1,6.9,0.5,3.2
2018-19,Playoffs,POR,Portland Trail Blazers,16,8,8,247.8,373.2,9.7,2.1,4.1,50.0,0.5,1.0,50.0,4.6,47.7,4.4,45.8,0.8,18.3,0.6,5.8,0.5,5.2
2018-19,Playoffs,SAS,San Antonio Spurs,7,3,4,240.0,368.4,9.4,2.0,3.4,58.3,0.3,0.3,100,4.3,45.5,5.1,54.5,1.3,25.0,0.6,6.1,0.1,1.5
2018-19,Playoffs,TOR,Toronto Raptors,24,16,8,242.1,415.2,11.5,2.4,4.6,51.4,0.8,1.0,78.3,5.5,47.8,5.8,50.7,0.9,15.0,0.3,2.5,0.4,3.3
2018-19,Playoffs,UTA,Utah Jazz,5,1,4,240.0,395.8,9.4,2.0,2.6,76.9,1.2,1.8,66.7,5.4,57.4,4.8,51.1,0.8,16.7,1.0,10.6,0.6,6.4
2019-20,Regular+Season,ATL,Atlanta Hawks,67,20,47,243.0,398.7,8.9,2.3,4.3,53.3,0.7,1.0,69.6,5.5,61.3,3.4,37.9,0.6,19.0,0.5,5.2,0.5,5.7
2019-20,Regular+Season,BOS,Boston Celtics,72,48,24,242.1,406.0,9.6,2.4,4.3,54.3,0.6,0.8,71.9,5.4,56.1,4.2,43.1,0.7,16.7,0.5,5.3,0.4,3.9
2019-20,Regular+Season,BKN,Brooklyn Nets,72,35,37,242.8,402.2,10.2,2.2,3.6,60.5,0.9,1.3,69.9,5.4,53.6,4.9,48.0,0.9,18.8,0.7,7.0,0.6,6.0
2019-20,Regular+Season,CHA,Charlotte Hornets,64,23,41,242.3,427.8,10.2,2.3,4.2,55.3,1.1,1.6,68.3,5.8,56.8,4.5,44.4,0.8,17.6,0.5,5.1,0.8,7.4
2019-20,Regular+Season,CHI,Chicago Bulls,65,22,43,241.2,408.3,10.2,2.4,4.2,55.4,1.0,1.3,76.8,5.8,56.9,4.4,43.4,0.6,14.6,0.6,5.6,0.6,5.9
2019-20,Regular+Season,CLE,Cleveland Cavaliers,65,19,46,241.9,412.9,11.8,2.7,5.0,53.5,0.6,1.0,65.6,6.1,51.7,5.2,43.5,0.9,17.0,0.7,6.0,0.4,3.6
2019-20,Regular+Season,DAL,Dallas Mavericks,73,41,32,242.1,413.4,7.5,2.1,3.4,62.6,0.8,1.2,73.8,5.2,70.0,3.1,40.8,0.5,17.9,0.3,4.0,0.6,7.7
2019-20,Regular+Season,DEN,Denver Nuggets,73,46,27,243.1,427.3,15.6,3.5,6.0,58.7,1.0,1.4,76.8,8.4,53.8,7.5,48.4,1.8,23.6,0.8,4.8,0.5,3.4
2019-20,Regular+Season,DET,Detroit Pistons,65,20,45,241.9,409.6,11.2,2.7,5.0,53.2,1.0,1.5,65.3,6.4,57.5,4.2,37.3,0.6,15.5,0.9,8.1,0.7,6.2
2019-20,Regular+Season,GSW,Golden State Warriors,65,15,50,241.9,456.5,12.6,2.2,4.4,49.0,1.1,1.5,73.0,5.7,45.4,6.3,50.2,1.2,19.3,0.6,4.7,0.8,6.0
2019-20,Regular+Season,HOU,Houston Rockets,72,44,28,241.4,369.0,7.4,1.7,2.8,59.3,0.6,0.8,76.3,4.1,55.2,3.4,46.3,0.6,16.2,0.5,6.6,0.4,5.1
2019-20,Regular+Season,IND,Indiana Pacers,73,45,28,241.4,416.0,13.9,3.9,6.8,57.4,1.1,1.5,73.1,9.1,65.4,5.2,37.3,1.0,19.8,0.8,5.7,0.7,5.1
2019-20,Regular+Season,LAC,LA Clippers,72,49,23,241.4,396.7,9.3,2.4,4.1,58.6,0.9,1.2,81.0,5.8,62.7,3.7,39.7,0.8,22.9,0.7,7.0,0.5,5.5
2019-20,Regular+Season,LAL,Los Angeles Lakers,71,52,19,240.7,407.4,11.5,2.7,4.7,58.9,0.8,1.0,79.5,6.5,56.6,5.3,45.7,0.9,16.8,0.7,6.5,0.5,4.0
2019-20,Regular+Season,MEM,Memphis Grizzlies,73,34,39,240.7,431.0,11.6,3.5,5.6,62.4,0.7,1.0,64.9,7.9,67.6,4.6,39.4,1.0,21.2,0.8,6.6,0.5,4.4
2019-20,Regular+Season,MIA,Miami Heat,72,44,28,243.1,413.5,15.1,3.1,5.1,60.5,1.4,1.9,75.6,7.8,51.9,7.6,50.6,1.5,20.0,0.9,6.1,0.9,5.8
2019-20,Regular+Season,MIL,Milwaukee Bucks,72,55,17,241.0,406.9,12.1,3.1,5.4,56.7,1.4,1.7,82.5,7.8,64.4,4.7,38.6,1.2,26.6,0.8,6.9,0.7,5.8
2019-20,Regular+Season,MIN,Minnesota Timberwolves,64,19,45,243.1,433.3,8.5,1.8,3.2,55.4,0.8,1.2,64.1,4.4,51.6,4.1,48.3,0.7,17.8,0.5,5.9,0.6,6.6
2019-20,Regular+Season,NOP,New Orleans Pelicans,71,30,41,241.8,446.2,10.8,2.6,4.3,61.2,1.3,1.7,73.6,6.8,63.0,4.7,43.8,0.8,17.3,0.5,4.4,0.8,7.3
2019-20,Regular+Season,NYK,New York Knicks,66,21,45,241.9,422.6,10.8,2.5,4.4,55.8,1.0,1.4,73.9,6.1,56.8,4.7,44.0,0.9,18.5,0.6,5.6,0.6,5.8
2019-20,Regular+Season,OKC,Oklahoma City Thunder,72,44,28,242.1,407.5,10.8,2.4,4.0,60.7,0.7,1.0,70.3,5.7,52.5,5.3,48.6,0.9,17.2,0.7,6.7,0.5,4.5
2019-20,Regular+Season,ORL,Orlando Magic,73,33,40,240.7,392.7,13.6,2.8,5.4,52.4,1.1,1.6,70.2,6.8,50.2,6.8,49.5,1.1,15.6,0.5,3.9,0.7,5.2
2019-20,Regular+Season,PHI,Philadelphia 76ers,73,43,30,241.0,421.8,16.4,2.5,4.9,51.0,1.0,1.2,83.5,6.1,37.1,9.7,59.0,1.6,17.0,0.9,5.4,0.5,2.9
2019-20,Regular+Season,PHX,Phoenix Suns,72,34,38,240.7,416.1,15.6,3.3,6.1,54.6,1.1,1.3,81.4,8.0,51.0,7.4,47.6,1.2,16.3,0.8,4.9,0.6,3.7
2019-20,Regular+Season,POR,Portland Trail Blazers,73,34,39,241.0,366.9,9.5,2.5,4.3,57.4,0.7,0.9,71.6,5.8,60.9,3.9,40.6,0.8,19.5,0.6,6.6,0.4,4.6
2019-20,Regular+Season,SAC,Sacramento Kings,71,31,40,242.5,405.9,10.8,2.6,4.7,55.7,0.7,0.9,83.9,6.1,56.7,4.7,43.0,1.0,21.8,0.6,5.6,0.5,4.2
2019-20,Regular+Season,SAS,San Antonio Spurs,70,31,39,242.1,401.0,9.0,2.2,3.6,59.4,0.5,0.8,66.7,5.0,55.3,4.4,48.5,0.6,13.0,0.4,4.9,0.4,3.9
2019-20,Regular+Season,TOR,Toronto Raptors,71,52,19,241.4,415.9,12.0,2.7,4.8,57.1,1.0,1.3,76.4,6.6,54.6,5.5,45.7,1.0,17.4,0.7,5.6,0.6,4.8
2019-20,Regular+Season,UTA,Utah Jazz,72,44,28,241.0,417.2,8.4,1.9,3.3,58.0,1.0,1.5,67.9,5.0,59.2,3.5,42.1,0.6,16.9,0.6,6.8,0.7,8.6
2019-20,Regular+Season,WAS,Washington Wizards,72,25,47,241.0,433.0,10.0,2.8,4.9,56.3,1.2,1.5,75.5,7.0,70.0,3.7,36.6,0.8,22.4,0.4,4.3,0.7,6.5
2019-20,Playoffs,BOS,Boston Celtics,17,10,7,244.4,394.8,8.2,2.4,3.4,70.2,0.4,0.5,87.5,5.4,65.7,3.9,47.1,0.3,7.6,0.3,3.6,0.2,2.9
2019-20,Playoffs,BKN,Brooklyn Nets,4,0,4,240.0,421.8,8.3,1.5,2.5,60.0,0.8,1.5,50.0,3.8,45.5,4.5,54.5,0.8,16.7,0.3,3.0,0.8,9.1
2019-20,Playoffs,DAL,Dallas Mavericks,6,2,4,244.2,402.0,4.2,0.5,1.5,33.3,0.8,1.0,83.3,1.8,44.0,1.3,32.0,0.3,25.0,0.5,12.0,0.5,12.0
2019-20,Playoffs,DEN,Denver Nuggets,19,9,10,241.3,401.7,11.5,2.7,4.4,62.7,0.5,0.7,71.4,6.1,53.0,5.8,50.2,0.8,13.6,0.6,5.0,0.3,2.7
2019-20,Playoffs,HOU,Houston Rockets,12,5,7,242.1,372.9,5.3,1.3,2.2,61.5,0.2,0.5,33.3,2.9,54.7,2.3,43.8,0.3,14.3,0.4,7.8,0.2,3.1
2019-20,Playoffs,IND,Indiana Pacers,4,0,4,240.0,384.0,6.5,1.3,2.8,45.5,0.5,0.5,100,3.0,46.2,3.0,46.2,0.5,16.7,0.3,3.8,0.3,3.8
2019-20,Playoffs,LAC,LA Clippers,13,7,6,241.9,381.8,6.8,1.8,2.8,62.2,0.7,1.1,64.3,4.3,62.9,2.8,40.4,0.4,13.9,0.5,7.9,0.5,6.7
2019-20,Playoffs,LAL,Los Angeles Lakers,21,16,5,240.0,395.3,9.6,2.0,3.4,59.2,0.8,1.3,60.7,4.9,51.2,4.7,48.8,1.0,21.4,0.5,5.5,0.5,5.5
2019-20,Playoffs,MIA,Miami Heat,21,14,7,242.4,410.0,14.4,2.7,4.7,58.2,2.0,2.1,91.1,7.4,51.2,7.4,51.5,1.0,12.8,0.6,4.3,1.0,6.9
2019-20,Playoffs,MIL,Milwaukee Bucks,10,5,5,242.5,388.5,9.0,2.1,4.0,52.5,0.8,1.4,57.1,5.2,57.8,3.3,36.7,0.5,15.2,0.8,8.9,0.7,7.8
2019-20,Playoffs,OKC,Oklahoma City Thunder,7,3,4,243.6,399.6,5.3,0.7,1.3,55.6,0.7,1.1,62.5,2.3,43.2,2.4,45.9,0.4,17.6,0.6,10.8,0.6,10.8
2019-20,Playoffs,ORL,Orlando Magic,5,1,4,240.0,402.2,12.2,2.2,5.8,37.9,0.6,0.8,75.0,5.4,44.3,5.6,45.9,1.4,25.0,0.4,3.3,0.4,3.3
2019-20,Playoffs,PHI,Philadelphia 76ers,4,0,4,240.0,400.8,16.0,1.5,3.5,42.9,2.5,4.0,62.5,5.5,34.4,9.5,59.4,1.5,15.8,0.5,3.1,1.5,9.4
2019-20,Playoffs,POR,Portland Trail Blazers,5,1,4,240.0,362.6,10.2,2.0,4.8,41.7,2.0,2.8,71.4,6.0,58.8,2.8,27.5,0.6,21.4,0.8,7.8,1.4,13.7
2019-20,Playoffs,TOR,Toronto Raptors,11,7,4,244.5,408.9,11.4,2.0,3.7,53.7,0.5,0.5,83.3,4.8,42.4,6.0,52.8,1.1,18.2,0.5,4.0,0.2,1.6
2019-20,Playoffs,UTA,Utah Jazz,7,3,4,243.6,391.0,8.6,2.3,3.3,69.6,0.4,1.1,37.5,5.1,60.0,3.7,43.3,1.0,26.9,0.4,5.0,0.6,6.7
2019-20,PlayIn,MEM,Memphis Grizzlies,1,0,1,240.0,401.0,12.0,4.0,5.0,80.0,0.0,0.0,0.0,8.0,66.7,6.0,50.0,3.0,50.0,0.0,0.0,0.0,0.0
2019-20,PlayIn,POR,Portland Trail Blazers,1,1,0,240.0,381.0,9.0,2.0,3.0,66.7,2.0,2.0,100,6.0,66.7,2.0,22.2,0.0,0.0,2.0,22.2,0.0,0.0
2019-20,IST,NOP,New Orleans Pelicans,1,0,1,265.0,502.0,12.0,2.0,4.0,50.0,1.0,2.0,50.0,5.0,41.7,6.0,50.0,3.0,50.0,1.0,8.3,1.0,8.3
2019-20,IST,TOR,Toronto Raptors,1,1,0,265.0,527.0,9.0,2.0,2.0,100,0.0,0.0,0.0,4.0,44.4,6.0,66.7,0.0,0.0,0.0,0.0,0.0,0.0
2020-21,Regular+Season,ATL,Atlanta Hawks,72,41,31,241.7,396.3,9.2,2.3,4.2,54.5,1.3,1.6,78.0,6.0,65.3,3.5,37.9,0.6,16.0,0.5,5.6,0.8,8.6
2020-21,Regular+Season,BOS,Boston Celtics,72,36,36,241.4,406.8,9.8,2.1,3.9,53.4,0.5,0.7,72.0,4.8,48.7,4.7,47.9,0.9,18.9,0.6,5.9,0.3,2.8
2020-21,Regular+Season,BKN,Brooklyn Nets,72,48,24,241.7,397.8,11.9,2.7,4.1,64.5,1.1,1.6,66.7,6.5,54.4,5.8,48.6,1.2,20.4,0.8,6.8,0.7,6.2
2020-21,Regular+Season,CHA,Charlotte Hornets,72,33,39,241.0,426.6,10.9,2.2,3.9,56.7,0.8,1.2,64.8,5.4,49.9,5.3,49.0,0.8,15.1,0.7,6.4,0.6,5.5
2020-21,Regular+Season,CHI,Chicago Bulls,72,31,41,241.4,412.8,14.3,3.1,5.6,55.0,1.0,1.5,71.4,7.4,51.8,6.8,47.6,1.4,20.2,0.7,5.2,0.7,4.9
2020-21,Regular+Season,CLE,Cleveland Cavaliers,72,22,50,242.1,424.3,14.7,2.8,5.3,53.0,1.0,1.5,67.0,6.8,46.2,7.5,50.9,1.2,16.0,0.8,5.3,0.7,4.6
2020-21,Regular+Season,DAL,Dallas Mavericks,72,42,30,240.3,392.1,6.9,1.3,2.5,52.5,0.5,0.7,74.5,3.2,45.9,3.5,51.5,0.5,14.9,0.4,5.9,0.3,4.4
2020-21,Regular+Season,DEN,Denver Nuggets,72,47,25,242.8,416.4,17.2,3.8,6.7,56.1,1.3,1.5,88.6,9.1,52.8,8.3,48.3,1.7,20.6,0.8,4.9,0.6,3.6
2020-21,Regular+Season,DET,Detroit Pistons,72,20,52,242.1,407.5,9.9,1.9,3.6,53.7,0.6,0.8,75.9,4.5,45.7,5.2,52.2,0.7,14.2,0.5,5.4,0.4,3.9
2020-21,Regular+Season,GSW,Golden State Warriors,72,39,33,240.3,428.9,7.7,2.0,3.2,63.5,0.4,0.6,66.7,4.6,59.1,3.4,44.7,0.8,24.6,0.5,6.5,0.3,3.4
2020-21,Regular+Season,HOU,Houston Rockets,72,17,55,240.3,398.1,7.7,1.9,3.0,63.3,0.9,1.1,76.5,4.8,62.4,3.3,43.7,0.4,12.0,0.3,4.4,0.6,7.3
2020-21,Regular+Season,IND,Indiana Pacers,72,34,38,242.4,431.3,11.3,2.6,4.4,59.0,1.3,1.7,77.3,6.7,59.3,4.9,43.2,0.9,19.1,0.7,6.2,0.8,6.8
2020-21,Regular+Season,LAC,LA Clippers,72,47,25,240.0,398.9,12.6,2.3,4.1,55.4,0.9,1.1,82.9,5.6,44.4,7.1,56.1,1.3,18.3,0.5,4.1,0.5,4.0
2020-21,Regular+Season,LAL,Los Angeles Lakers,72,42,30,242.4,424.8,12.2,2.8,4.5,62.9,0.8,1.1,67.5,6.5,53.2,6.1,49.9,0.9,14.4,0.8,6.3,0.5,4.1
2020-21,Regular+Season,MEM,Memphis Grizzlies,72,38,34,241.7,401.1,12.2,3.1,5.8,53.4,0.7,1.0,65.3,6.9,56.8,5.1,42.2,1.0,18.6,0.6,4.6,0.5,3.9
2020-21,Regular+Season,MIA,Miami Heat,72,40,32,241.4,403.2,11.6,2.5,4.3,57.5,0.9,1.2,73.3,5.9,50.7,5.5,47.6,0.9,16.6,0.8,6.9,0.5,4.7
2020-21,Regular+Season,MIL,Milwaukee Bucks,72,46,26,240.7,380.1,9.7,2.8,4.5,61.0,1.1,1.5,74.5,6.9,70.6,3.5,35.9,0.7,19.5,0.6,6.6,0.7,7.1
2020-21,Regular+Season,MIN,Minnesota Timberwolves,72,23,49,241.7,420.9,9.9,2.5,4.1,61.4,1.2,1.6,72.4,6.4,64.8,4.1,41.4,0.9,21.4,0.7,7.0,0.8,7.7
2020-21,Regular+Season,NOP,New Orleans Pelicans,72,31,41,242.1,416.3,12.3,3.0,5.0,60.1,0.9,1.5,62.3,7.1,57.4,5.6,45.6,1.0,17.1,0.8,6.4,0.7,5.6
2020-21,Regular+Season,NYK,New York Knicks,72,41,31,242.1,394.4,7.4,1.4,2.8,51.5,0.5,0.7,75.0,3.6,47.9,3.7,50.0,0.8,22.0,0.3,4.7,0.3,4.7
2020-21,Regular+Season,OKC,Oklahoma City Thunder,72,22,50,241.0,408.8,6.6,1.6,3.0,55.4,0.7,1.0,63.5,4.0,60.8,2.7,41.1,0.6,21.4,0.3,5.0,0.5,7.8
2020-21,Regular+Season,ORL,Orlando Magic,72,21,51,240.7,392.2,12.1,2.2,4.8,46.4,0.8,1.2,69.0,5.4,45.0,5.8,48.5,0.8,14.5,0.5,4.5,0.6,4.7
2020-21,Regular+Season,PHI,Philadelphia 76ers,72,49,23,242.1,430.7,8.7,1.8,3.3,52.9,0.6,0.8,75.0,4.2,48.5,4.2,48.8,0.7,16.4,0.5,5.6,0.4,4.5
2020-21,Regular+Season,PHX,Phoenix Suns,72,51,21,242.8,402.6,11.7,2.7,4.5,59.3,0.9,1.2,79.1,6.3,54.0,5.8,49.2,1.0,17.1,0.6,5.1,0.6,4.7
2020-21,Regular+Season,POR,Portland Trail Blazers,72,42,30,240.3,364.6,7.5,1.7,3.3,52.1,0.6,0.8,75.4,4.1,54.7,3.3,44.2,0.8,23.9,0.3,4.5,0.4,5.0
2020-21,Regular+Season,SAC,Sacramento Kings,72,31,41,240.3,399.4,11.3,3.5,6.1,58.4,1.0,1.4,75.0,8.4,74.3,3.7,32.8,0.8,21.1,0.5,4.8,0.6,5.7
2020-21,Regular+Season,SAS,San Antonio Spurs,72,33,39,242.8,380.7,9.0,2.3,4.0,57.1,0.4,0.6,66.7,5.1,57.1,4.1,45.3,0.7,17.8,0.5,5.3,0.3,3.1
2020-21,Regular+Season,TOR,Toronto Raptors,72,27,45,240.3,412.3,9.0,2.2,3.8,58.2,0.8,1.0,78.1,5.4,59.9,4.1,45.5,0.6,13.9,0.4,4.6,0.5,5.7
2020-21,Regular+Season,UTA,Utah Jazz,72,52,20,241.0,411.2,8.7,2.3,3.6,62.8,1.1,1.6,66.1,5.8,67.3,3.4,39.0,0.6,16.4,0.7,8.3,0.7,8.5
2020-21,Regular+Season,WAS,Washington Wizards,72,34,38,241.7,391.8,9.3,2.9,4.8,60.3,0.9,1.2,74.4,6.8,73.3,3.1,33.3,0.6,20.6,0.5,5.8,0.6,6.1
2020-21,Playoffs,ATL,Atlanta Hawks,18,10,8,240.0,364.9,7.1,1.6,3.0,51.9,0.6,0.9,64.7,3.8,53.9,2.9,41.4,0.6,18.9,0.3,4.7,0.4,6.3
2020-21,Playoffs,BOS,Boston Celtics,5,1,4,240.0,369.4,9.6,2.2,4.2,52.4,1.2,1.6,75.0,5.8,60.4,4.2,43.8,0.2,4.8,0.2,2.1,0.8,8.3
2020-21,Playoffs,BKN,Brooklyn Nets,12,7,5,242.1,390.7,9.9,2.3,4.1,57.1,1.0,1.0,100,5.7,57.1,4.7,47.1,1.1,23.2,0.5,5.0,0.5,5.0
2020-21,Playoffs,DAL,Dallas Mavericks,7,3,4,240.0,363.9,7.6,1.7,3.4,50.0,0.7,0.9,83.3,4.3,56.6,3.4,45.3,1.1,33.3,0.3,3.8,0.4,5.7
2020-21,Playoffs,DEN,Denver Nuggets,10,4,6,245.0,403.2,13.7,4.4,7.4,59.5,0.5,0.6,83.3,9.6,70.1,5.3,38.7,0.9,17.0,0.3,2.2,0.2,1.5
2020-21,Playoffs,LAC,LA Clippers,19,10,9,240.0,373.2,9.2,1.6,3.1,53.4,0.9,1.2,81.8,4.5,48.6,4.9,53.1,0.5,10.8,0.5,5.1,0.5,5.7
2020-21,Playoffs,LAL,Los Angeles Lakers,6,2,4,240.0,404.0,11.2,1.8,3.3,55.0,0.8,1.0,83.3,4.7,41.8,6.2,55.2,0.5,8.1,0.8,7.5,0.5,4.5
2020-21,Playoffs,MEM,Memphis Grizzlies,5,1,4,240.0,360.6,8.4,1.2,3.6,33.3,0.8,0.8,100,3.4,40.5,3.6,42.9,0.8,22.2,0.6,7.1,0.4,4.8
2020-21,Playoffs,MIA,Miami Heat,4,0,4,246.2,415.8,13.3,3.0,6.0,50.0,1.0,1.0,100,7.3,54.7,6.0,45.3,0.3,4.2,0.5,3.8,0.5,3.8
2020-21,Playoffs,MIL,Milwaukee Bucks,23,16,7,242.2,362.7,9.0,2.4,4.0,60.9,0.9,1.3,69.0,5.7,63.5,3.3,37.0,0.7,22.1,0.7,7.7,0.7,7.2
2020-21,Playoffs,NYK,New York Knicks,5,1,4,240.0,381.4,6.2,1.2,2.6,46.2,0.4,0.4,100,3.0,48.4,3.2,51.6,0.4,12.5,0.2,3.2,0.2,3.2
2020-21,Playoffs,PHI,Philadelphia 76ers,12,7,5,240.0,425.2,7.4,1.0,2.7,37.5,1.3,1.8,76.2,3.3,44.9,3.3,44.9,0.5,15.0,0.3,4.5,0.8,10.1
2020-21,Playoffs,PHX,Phoenix Suns,22,14,8,240.0,366.0,10.5,3.0,4.9,60.2,1.1,1.3,85.7,7.1,67.8,4.3,41.3,0.9,20.0,0.3,2.6,0.5,5.2
2020-21,Playoffs,POR,Portland Trail Blazers,6,2,4,248.3,363.5,7.2,1.7,2.5,66.7,0.7,1.0,66.7,4.5,62.8,3.5,48.8,1.0,28.6,0.5,7.0,0.5,7.0
2020-21,Playoffs,UTA,Utah Jazz,11,6,5,240.0,361.0,4.9,0.8,1.6,50.0,1.0,1.7,57.9,2.6,53.7,1.8,37.0,0.6,35.0,0.5,11.1,0.8,16.7
2020-21,Playoffs,WAS,Washington Wizards,5,1,4,240.0,370.2,6.6,2.6,3.6,72.2,0.4,1.2,33.3,5.8,87.9,1.4,21.2,0.0,0.0,0.8,12.1,0.6,9.1
2020-21,PlayIn,BOS,Boston Celtics,1,1,0,240.0,424.0,13.0,1.0,2.0,50.0,1.0,2.0,50.0,3.0,23.1,9.0,69.2,2.0,22.2,1.0,7.7,1.0,7.7
2020-21,PlayIn,CHA,Charlotte Hornets,1,0,1,240.0,396.0,16.0,5.0,6.0,83.3,0.0,0.0,0.0,10.0,62.5,10.0,62.5,1.0,10.0,0.0,0.0,0.0,0.0
2020-21,PlayIn,GSW,Golden State Warriors,2,0,2,252.5,435.5,8.0,1.0,2.0,50.0,0.0,0.0,0.0,2.0,25.0,5.0,62.5,0.5,10.0,1.0,12.5,0.0,0.0
2020-21,PlayIn,IND,Indiana Pacers,2,1,1,240.0,459.5,11.0,5.0,7.5,66.7,0.0,0.0,0.0,10.0,90.9,2.0,18.2,0.0,0.0,1.5,13.6,0.0,0.0
2020-21,PlayIn,LAL,Los Angeles Lakers,1,1,0,240.0,432.0,22.0,4.0,9.0,44.4,3.0,4.0,75.0,11.0,50.0,8.0,36.4,0.0,0.0,2.0,9.1,2.0,9.1
2020-21,PlayIn,MEM,Memphis Grizzlies,2,2,0,252.5,391.0,11.0,2.5,3.5,71.4,3.0,5.0,60.0,8.5,77.3,5.0,45.5,0.5,10.0,0.0,0.0,2.5,22.7
2020-21,PlayIn,SAS,San Antonio Spurs,1,0,1,240.0,381.0,11.0,3.0,3.0,100,0.0,0.0,0.0,7.0,63.6,7.0,63.6,1.0,14.3,1.0,9.1,0.0,0.0
2020-21,PlayIn,WAS,Washington Wizards,2,1,1,240.0,361.5,6.5,1.5,4.0,37.5,0.0,0.0,0.0,3.0,46.2,1.5,23.1,0.5,33.3,0.5,7.7,0.0,0.0
2021-22,Regular+Season,ATL,Atlanta Hawks,82,43,39,240.3,377.5,8.6,2.0,3.6,55.4,0.9,1.3,65.1,5.0,57.8,3.8,44.5,0.8,20.4,0.3,3.3,0.6,7.2
2021-22,Regular+Season,BOS,Boston Celtics,81,51,30,242.8,408.1,8.5,1.8,3.2,54.6,1.0,1.1,84.8,4.6,53.3,4.2,49.4,0.9,20.8,0.3,3.9,0.5,6.4
2021-22,Regular+Season,BKN,Brooklyn Nets,82,44,38,240.9,387.9,13.0,3.1,5.5,56.0,0.8,1.0,82.1,7.1,54.6,5.8,44.9,1.1,18.6,0.7,5.3,0.5,3.8
2021-22,Regular+Season,CHA,Charlotte Hornets,81,43,38,242.5,425.8,10.2,2.4,3.8,63.8,0.9,1.3,68.6,6.0,58.6,4.9,48.0,1.0,20.7,0.6,5.9,0.6,5.8
2021-22,Regular+Season,CHI,Chicago Bulls,82,46,36,240.6,386.8,12.8,3.0,5.3,57.2,1.0,1.3,78.2,7.3,56.8,5.9,46.3,1.1,19.0,0.6,4.5,0.6,4.9
2021-22,Regular+Season,CLE,Cleveland Cavaliers,82,44,38,240.6,416.6,12.9,2.7,5.0,54.2,1.0,1.3,75.5,6.6,51.1,5.9,45.6,1.0,16.4,0.8,6.4,0.6,4.9
2021-22,Regular+Season,DAL,Dallas Mavericks,82,52,30,240.9,400.5,7.6,1.5,2.7,55.4,0.9,1.0,81.4,4.0,52.3,3.9,51.7,0.8,19.3,0.2,3.0,0.5,6.1
2021-22,Regular+Season,DEN,Denver Nuggets,82,48,34,241.5,430.2,16.0,3.8,5.8,65.8,1.3,1.5,86.3,9.3,58.3,8.1,50.6,1.7,20.6,0.9,5.6,0.7,4.5
2021-22,Regular+Season,DET,Detroit Pistons,81,23,58,241.2,427.6,9.0,1.8,3.5,52.3,0.6,0.8,73.5,4.5,50.3,4.5,49.8,0.8,18.3,0.4,4.1,0.4,4.0
2021-22,Regular+Season,GSW,Golden State Warriors,81,53,28,240.6,430.7,9.0,2.3,3.7,62.8,0.6,0.9,64.0,5.3,59.1,4.2,46.0,0.9,20.5,0.5,5.5,0.4,4.8
2021-22,Regular+Season,HOU,Houston Rockets,82,20,62,240.9,402.2,9.6,2.4,4.3,55.8,0.9,1.4,67.0,5.9,61.7,3.8,39.3,0.7,18.8,0.6,5.9,0.7,6.9
2021-22,Regular+Season,IND,Indiana Pacers,82,25,57,242.4,431.9,10.6,3.0,4.7,63.0,1.1,1.5,71.7,7.3,68.8,4.3,40.5,1.0,23.0,0.5,4.9,0.8,7.2
2021-22,Regular+Season,LAC,LA Clippers,81,42,39,241.2,396.6,13.5,2.7,5.0,54.5,1.0,1.3,78.1,6.6,49.3,6.8,50.4,1.3,19.3,0.6,4.7,0.6,4.4
2021-22,Regular+Season,LAL,Los Angeles Lakers,82,33,49,243.7,404.8,11.2,2.5,4.4,56.0,1.0,1.3,77.1,6.0,53.8,5.3,47.8,1.0,18.3,0.5,4.8,0.6,5.8
2021-22,Regular+Season,MEM,Memphis Grizzlies,81,55,26,241.2,399.8,15.1,3.2,5.5,58.1,0.9,1.4,64.5,7.5,49.5,8.0,52.9,1.5,19.0,0.6,3.8,0.6,3.8
2021-22,Regular+Season,MIA,Miami Heat,82,53,29,242.1,414.5,11.0,2.6,4.8,54.8,0.8,1.1,73.3,6.3,56.9,4.7,42.9,0.7,15.5,0.6,5.3,0.5,4.9
2021-22,Regular+Season,MIL,Milwaukee Bucks,82,51,31,240.9,380.7,8.5,2.0,3.7,53.7,0.9,1.2,74.7,5.2,61.6,3.5,41.0,0.8,22.5,0.4,4.2,0.6,6.8
2021-22,Regular+Season,MIN,Minnesota Timberwolves,82,46,36,241.2,404.9,10.6,2.9,4.8,60.6,1.2,1.5,81.5,7.2,67.6,4.2,39.5,1.0,23.8,0.6,5.5,0.7,6.7
2021-22,Regular+Season,NOP,New Orleans Pelicans,81,35,46,240.9,422.6,10.4,2.5,4.3,57.7,1.2,1.5,77.2,6.4,61.3,4.5,42.9,0.8,17.1,0.6,5.7,0.7,6.9
2021-22,Regular+Season,NYK,New York Knicks,81,36,45,241.2,399.8,7.0,1.5,2.8,52.7,0.6,0.8,69.7,3.7,52.7,3.1,45.1,0.7,22.4,0.4,6.2,0.3,5.0
2021-22,Regular+Season,OKC,Oklahoma City Thunder,82,24,58,241.5,419.4,7.9,1.9,3.4,56.1,0.9,1.1,77.4,4.8,60.4,3.4,43.0,0.4,12.2,0.4,5.1,0.5,6.8
2021-22,Regular+Season,ORL,Orlando Magic,82,22,60,241.2,405.7,9.3,2.4,4.0,59.0,0.8,1.1,73.1,5.6,60.6,4.0,43.1,0.8,20.4,0.5,5.4,0.5,5.6
2021-22,Regular+Season,PHI,Philadelphia 76ers,82,51,31,241.5,416.4,7.7,1.8,3.3,54.8,1.0,1.2,76.5,4.6,60.2,3.2,41.2,0.6,19.2,0.5,6.0,0.6,7.3
2021-22,Regular+Season,PHX,Phoenix Suns,81,63,18,240.6,378.6,12.5,3.6,6.0,61.1,1.1,1.4,78.3,8.6,68.4,5.0,39.8,0.9,18.3,0.5,4.1,0.7,5.7
2021-22,Regular+Season,POR,Portland Trail Blazers,82,27,55,240.6,398.0,11.5,2.7,4.6,58.4,0.8,1.3,67.0,6.4,55.1,5.4,46.7,0.9,16.6,0.8,6.6,0.6,5.1
2021-22,Regular+Season,SAC,Sacramento Kings,81,29,52,241.5,401.7,11.2,2.7,5.1,53.4,1.2,1.6,75.0,6.7,59.7,4.4,39.5,0.8,17.5,0.7,6.4,0.7,6.5
2021-22,Regular+Season,SAS,San Antonio Spurs,82,34,48,241.5,413.0,13.2,3.6,6.2,58.3,0.9,1.4,68.5,8.3,62.9,5.5,41.9,1.0,18.1,0.5,3.5,0.6,4.9
2021-22,Regular+Season,TOR,Toronto Raptors,82,48,34,242.1,403.2,9.6,2.4,4.4,54.8,0.7,1.0,74.1,5.7,59.7,4.1,43.2,0.9,21.8,0.3,3.6,0.5,5.2
2021-22,Regular+Season,UTA,Utah Jazz,82,49,33,240.6,386.6,6.9,1.8,2.9,62.6,0.8,1.1,75.0,4.6,66.1,2.9,41.9,0.6,20.7,0.4,5.8,0.5,8.0
2021-22,Regular+Season,WAS,Washington Wizards,82,35,47,241.8,407.8,11.0,2.6,4.7,56.3,1.0,1.2,83.0,6.5,59.3,4.8,43.5,1.0,20.5,0.5,4.6,0.6,5.6
2021-22,Playoffs,ATL,Atlanta Hawks,5,1,4,240.0,378.8,6.6,0.8,2.2,36.4,0.2,0.4,50.0,1.8,27.3,3.8,57.6,0.4,10.5,0.2,3.0,0.2,3.0
2021-22,Playoffs,BOS,Boston Celtics,24,14,10,240.0,403.9,7.9,1.8,3.5,52.4,0.9,1.1,84.6,4.8,60.5,3.4,43.2,0.8,23.2,0.3,3.2,0.5,5.8
2021-22,Playoffs,BKN,Brooklyn Nets,4,0,4,240.0,383.0,13.0,2.5,3.8,66.7,2.3,3.5,64.3,7.3,55.8,6.5,50.0,2.0,30.8,0.3,1.9,1.8,13.5
2021-22,Playoffs,CHI,Chicago Bulls,5,1,4,240.0,415.2,10.0,2.8,4.4,63.6,0.0,0.0,0.0,5.6,56.0,5.0,50.0,0.0,0.0,0.6,6.0,0.0,0.0
2021-22,Playoffs,DAL,Dallas Mavericks,18,9,9,240.0,367.2,4.6,0.8,1.4,57.7,0.3,0.6,60.0,2.2,47.6,2.6,56.1,0.3,13.0,0.2,3.7,0.2,3.7
2021-22,Playoffs,DEN,Denver Nuggets,5,1,4,240.0,437.0,15.6,3.0,6.4,46.9,0.2,0.4,50.0,6.2,39.7,7.2,46.2,1.4,19.4,1.0,6.4,0.0,0.0
2021-22,Playoffs,GSW,Golden State Warriors,22,16,6,240.0,396.0,9.4,2.7,4.0,66.3,0.7,1.0,68.2,6.0,64.6,4.2,45.1,0.8,18.3,0.4,3.9,0.5,4.9
2021-22,Playoffs,MEM,Memphis Grizzlies,12,6,6,240.0,404.2,11.7,2.4,4.6,52.7,1.0,1.3,75.0,6.0,51.4,5.6,47.9,0.9,16.4,0.6,5.0,0.7,5.7
2021-22,Playoffs,MIA,Miami Heat,18,11,7,240.0,391.7,10.1,3.2,5.2,61.3,0.8,1.3,65.2,7.5,74.6,3.6,35.9,0.4,10.8,0.4,4.4,0.6,6.1
2021-22,Playoffs,MIL,Milwaukee Bucks,12,7,5,240.0,361.4,8.5,2.0,3.9,51.1,0.6,0.7,87.5,4.7,54.9,3.1,36.3,0.6,18.9,0.9,10.8,0.3,3.9
2021-22,Playoffs,MIN,Minnesota Timberwolves,6,2,4,240.0,405.7,7.8,1.7,2.7,62.5,0.8,1.0,83.3,4.5,57.4,3.7,46.8,0.3,9.1,0.3,4.3,0.5,6.4
2021-22,Playoffs,NOP,New Orleans Pelicans,6,2,4,240.0,396.2,10.0,2.8,4.3,65.4,1.0,1.3,75.0,6.7,66.7,4.2,41.7,1.5,36.0,0.7,6.7,0.2,1.7
2021-22,Playoffs,PHI,Philadelphia 76ers,12,6,6,242.1,387.5,5.3,1.2,1.6,73.7,0.5,0.7,75.0,2.8,53.1,2.5,46.9,0.7,26.7,0.6,10.9,0.3,6.3
2021-22,Playoffs,PHX,Phoenix Suns,13,7,6,240.0,360.6,12.1,4.2,6.5,64.3,0.7,0.9,75.0,9.4,77.7,4.0,33.1,0.5,11.5,0.5,4.5,0.3,2.5
2021-22,Playoffs,TOR,Toronto Raptors,6,2,4,244.2,368.0,6.7,1.8,3.2,57.9,0.2,0.3,50.0,4.0,60.0,3.2,47.5,0.5,15.8,0.0,0.0,0.2,2.5
2021-22,Playoffs,UTA,Utah Jazz,6,2,4,240.0,340.5,4.5,0.3,1.3,25.0,0.5,1.3,37.5,1.2,25.9,2.0,44.4,0.2,8.3,0.3,7.4,0.7,14.8
2021-22,PlayIn,ATL,Atlanta Hawks,2,2,0,240.0,367.5,9.5,0.5,1.5,33.3,0.0,0.0,0.0,1.0,10.5,5.5,57.9,1.0,18.2,2.5,26.3,0.0,0.0
2021-22,PlayIn,BKN,Brooklyn Nets,1,1,0,240.0,425.0,8.0,1.0,4.0,25.0,0.0,0.0,0.0,2.0,25.0,2.0,25.0,2.0,100,1.0,12.5,0.0,0.0
2021-22,PlayIn,CHA,Charlotte Hornets,1,0,1,240.0,381.0,5.0,1.0,2.0,50.0,2.0,2.0,100,4.0,80.0,2.0,40.0,0.0,0.0,0.0,0.0,1.0,20.0
2021-22,PlayIn,CLE,Cleveland Cavaliers,2,0,2,240.0,389.5,8.5,2.5,4.5,55.6,2.5,3.0,83.3,7.5,88.2,2.0,23.5,0.5,25.0,0.5,5.9,1.5,17.6
2021-22,PlayIn,LAC,LA Clippers,2,0,2,240.0,367.5,9.0,0.5,2.5,20.0,1.5,2.0,75.0,2.5,27.8,4.5,50.0,1.0,22.2,1.0,11.1,0.5,5.6
2021-22,PlayIn,MIN,Minnesota Timberwolves,1,1,0,240.0,396.0,5.0,0.0,2.0,0.0,0.0,0.0,0.0,0.0,0.0,3.0,60.0,1.0,33.3,0.0,0.0,0.0,0.0
2021-22,PlayIn,NOP,New Orleans Pelicans,2,2,0,240.0,371.0,9.5,4.0,5.0,80.0,1.0,2.0,50.0,9.0,94.7,3.0,31.6,0.5,16.7,0.5,5.3,1.0,10.5
2021-22,PlayIn,SAS,San Antonio Spurs,1,0,1,240.0,379.0,12.0,2.0,4.0,50.0,1.0,2.0,50.0,5.0,41.7,6.0,50.0,0.0,0.0,0.0,0.0,1.0,8.3
2022-23,Regular+Season,ATL,Atlanta Hawks,82,41,41,242.1,375.8,9.1,2.7,4.3,61.5,0.9,1.2,72.4,6.3,69.4,3.4,37.0,0.6,18.2,0.5,5.4,0.6,6.6
2022-23,Regular+Season,BOS,Boston Celtics,82,57,25,243.7,397.7,8.4,2.1,3.5,60.0,0.8,0.9,85.3,5.2,61.4,3.9,46.0,1.0,25.2,0.4,4.4,0.4,4.8
2022-23,Regular+Season,BKN,Brooklyn Nets,82,45,37,240.6,395.5,9.7,2.1,3.6,59.1,0.7,1.0,70.5,5.0,51.9,5.0,51.0,0.9,18.7,0.5,4.8,0.5,4.6
2022-23,Regular+Season,CHA,Charlotte Hornets,82,27,55,241.8,409.4,9.3,2.3,4.3,53.0,1.3,1.7,75.2,6.1,65.2,3.5,37.0,0.7,21.2,0.4,4.4,0.8,9.0
2022-23,Regular+Season,CHI,Chicago Bulls,81,39,42,242.8,405.9,9.7,2.7,4.6,59.3,0.8,1.1,73.3,6.3,65.4,3.9,40.1,0.7,17.2,0.6,5.9,0.5,5.1
2022-23,Regular+Season,CLE,Cleveland Cavaliers,82,51,31,242.4,387.2,12.7,3.0,5.1,59.3,1.0,1.4,72.3,7.3,57.3,5.9,46.8,1.4,23.6,0.7,5.5,0.6,5.0
2022-23,Regular+Season,DAL,Dallas Mavericks,82,38,44,243.1,389.0,7.7,1.8,2.7,64.9,0.6,0.8,74.2,4.3,56.4,4.0,51.5,0.8,20.4,0.3,4.0,0.4,5.2
2022-23,Regular+Season,DEN,Denver Nuggets,82,53,29,240.9,413.7,17.6,4.1,6.3,65.1,1.3,1.7,75.9,9.9,55.9,9.2,52.1,2.1,22.9,0.9,5.1,0.8,4.6
2022-23,Regular+Season,DET,Detroit Pistons,81,17,64,241.5,386.6,8.0,2.4,4.1,59.6,0.8,1.0,77.6,5.8,72.4,2.9,36.1,0.6,20.1,0.4,4.9,0.5,6.2
2022-23,Regular+Season,GSW,Golden State Warriors,81,43,38,241.9,446.5,11.1,2.9,4.4,65.1,0.9,1.1,76.1,6.8,61.3,5.3,47.5,1.1,20.7,0.6,5.2,0.5,4.9
2022-23,Regular+Season,HOU,Houston Rockets,82,22,60,240.9,410.8,11.6,2.5,5.0,51.0,1.1,1.6,67.4,6.3,54.5,4.6,39.5,0.9,19.5,0.8,7.0,0.8,6.9
2022-23,Regular+Season,IND,Indiana Pacers,82,35,47,240.9,428.8,9.1,2.6,4.4,59.7,0.9,1.2,70.6,6.4,70.3,3.4,37.8,0.5,15.7,0.5,5.6,0.6,6.7
2022-23,Regular+Season,LAC,LA Clippers,82,44,38,241.8,392.6,10.4,2.5,4.2,58.5,1.1,1.4,77.9,6.2,59.9,4.6,44.4,0.8,17.0,0.6,6.1,0.6,6.2
2022-23,Regular+Season,LAL,Los Angeles Lakers,82,43,39,242.4,380.4,11.3,3.1,5.4,58.4,1.1,1.4,77.9,7.6,67.0,4.2,37.4,0.7,17.6,0.6,5.2,0.6,5.7
2022-23,Regular+Season,MEM,Memphis Grizzlies,82,51,31,241.2,397.6,13.3,3.0,5.1,58.3,0.8,1.1,69.1,7.0,52.6,6.6,50.1,1.2,18.5,0.6,4.6,0.5,3.8
2022-23,Regular+Season,MIA,Miami Heat,82,44,38,241.5,410.4,12.3,3.4,5.6,60.1,1.0,1.3,77.8,7.9,64.5,5.2,41.9,0.8,15.1,0.6,5.1,0.6,4.9
2022-23,Regular+Season,MIL,Milwaukee Bucks,82,58,24,241.8,396.2,10.1,2.2,3.8,57.4,0.7,1.1,68.2,5.3,52.4,4.9,48.7,0.9,17.4,0.5,5.5,0.5,4.7
2022-23,Regular+Season,MIN,Minnesota Timberwolves,81,41,40,241.9,421.6,9.4,2.5,3.9,63.4,0.9,1.2,73.3,6.1,64.8,4.1,43.5,0.9,20.8,0.6,5.9,0.6,6.3
2022-23,Regular+Season,NOP,New Orleans Pelicans,82,42,40,242.1,419.1,10.9,2.8,4.5,62.0,0.9,1.1,78.3,6.7,61.0,5.1,47.1,1.0,19.2,0.5,4.2,0.5,4.8
2022-23,Regular+Season,NYK,New York Knicks,82,47,35,243.4,390.6,7.5,1.7,3.2,54.4,0.6,0.9,69.7,4.2,56.9,3.3,44.3,0.6,19.2,0.4,4.7,0.4,5.2
2022-23,Regular+Season,OKC,Oklahoma City Thunder,82,40,42,242.1,403.1,8.4,2.4,3.9,60.2,0.7,1.1,67.0,5.6,66.3,3.3,38.8,0.5,15.0,0.4,4.4,0.5,6.0
2022-23,Regular+Season,ORL,Orlando Magic,82,34,48,241.2,389.2,8.3,2.1,3.7,56.7,1.0,1.2,77.2,5.2,61.8,3.4,40.6,0.7,20.1,0.4,5.0,0.6,7.5
2022-23,Regular+Season,PHI,Philadelphia 76ers,82,54,28,242.4,402.3,11.6,3.0,5.3,57.5,1.6,1.9,82.7,7.9,67.8,4.5,38.6,0.9,20.7,0.6,5.5,0.9,7.9
2022-23,Regular+Season,PHX,Phoenix Suns,82,45,37,241.2,399.1,12.3,3.4,6.0,57.2,0.8,1.0,75.3,7.7,62.7,4.8,39.3,0.9,18.9,0.7,5.4,0.5,3.9
2022-23,Regular+Season,POR,Portland Trail Blazers,81,33,48,240.6,396.3,9.2,2.4,4.0,58.9,0.7,1.0,67.9,5.6,61.4,4.0,43.1,0.6,15.9,0.5,5.8,0.5,5.4
2022-23,Regular+Season,SAC,Sacramento Kings,82,48,34,241.8,420.9,13.4,3.2,5.0,64.8,1.4,1.7,80.0,8.0,59.9,6.4,47.9,1.4,22.4,0.8,5.6,0.8,5.9
2022-23,Regular+Season,SAS,San Antonio Spurs,79,21,58,242.2,414.1,13.8,3.2,5.3,59.3,1.1,1.5,72.9,7.6,55.2,6.6,48.1,1.4,21.4,0.8,5.8,0.7,5.1
2022-23,Regular+Season,TOR,Toronto Raptors,82,41,41,241.5,413.3,10.6,2.4,4.5,52.7,0.8,0.9,81.8,5.6,53.2,4.9,45.9,0.9,18.8,0.5,4.7,0.4,4.1
2022-23,Regular+Season,UTA,Utah Jazz,82,37,45,241.5,395.5,8.2,2.3,3.6,64.1,1.1,1.4,80.5,5.9,71.2,3.2,38.8,0.7,22.9,0.5,6.1,0.6,7.8
2022-23,Regular+Season,WAS,Washington Wizards,82,35,47,240.9,406.3,10.8,2.7,4.7,56.5,1.3,1.5,83.1,6.8,63.2,4.5,41.9,0.9,20.8,0.5,4.5,0.7,6.8
2022-23,Playoffs,ATL,Atlanta Hawks,6,2,4,240.0,353.3,6.7,1.2,3.0,38.9,0.5,0.7,75.0,2.8,42.5,2.8,42.5,0.2,5.9,0.0,0.0,0.3,5.0
2022-23,Playoffs,BOS,Boston Celtics,20,11,9,241.3,370.1,7.3,1.8,3.4,53.7,0.6,0.7,85.7,4.3,58.9,3.0,41.1,0.7,23.3,0.4,5.5,0.3,4.1
2022-23,Playoffs,BKN,Brooklyn Nets,4,0,4,240.0,371.8,4.3,0.5,1.8,28.6,0.0,0.0,0.0,1.0,23.5,2.5,58.8,1.0,40.0,0.0,0.0,0.0,0.0
2022-23,Playoffs,CLE,Cleveland Cavaliers,5,1,4,240.0,349.8,11.0,2.0,4.6,43.5,1.0,1.2,83.3,5.0,45.5,5.2,47.3,2.0,38.5,0.6,5.5,0.6,5.5
2022-23,Playoffs,DEN,Denver Nuggets,20,16,4,241.3,400.9,17.1,4.0,7.1,56.3,1.5,1.7,85.3,9.7,56.9,8.1,47.2,2.0,24.8,0.5,2.9,0.8,4.4
2022-23,Playoffs,GSW,Golden State Warriors,13,6,7,240.0,427.3,10.8,2.2,3.6,59.6,0.7,0.9,75.0,5.2,48.6,5.7,52.9,1.8,32.4,0.7,6.4,0.5,4.3
2022-23,Playoffs,LAC,LA Clippers,5,1,4,240.0,363.0,8.8,2.4,4.2,57.1,0.6,1.2,50.0,5.6,63.6,3.4,38.6,0.6,17.6,0.6,6.8,0.6,6.8
2022-23,Playoffs,LAL,Los Angeles Lakers,16,8,8,241.6,380.3,11.6,3.5,6.1,57.1,1.6,1.8,89.3,8.7,75.1,3.8,33.0,1.1,27.9,0.4,3.8,0.9,7.6
2022-23,Playoffs,MEM,Memphis Grizzlies,6,2,4,244.2,395.7,12.7,3.2,5.7,55.9,0.7,0.7,100,7.5,59.2,5.7,44.7,1.7,29.4,0.7,5.3,0.3,2.6
2022-23,Playoffs,MIA,Miami Heat,23,13,10,241.1,392.7,11.1,3.2,5.2,61.3,0.8,1.0,79.2,7.2,65.1,4.5,40.8,0.9,19.2,0.5,4.3,0.5,4.3
2022-23,Playoffs,MIL,Milwaukee Bucks,5,1,4,245.0,400.4,9.4,2.2,3.8,57.9,0.8,1.2,66.7,5.6,59.6,4.4,46.8,1.2,27.3,0.4,4.3,0.6,6.4
2022-23,Playoffs,MIN,Minnesota Timberwolves,5,1,4,245.0,405.2,9.2,1.2,3.2,37.5,2.2,3.2,68.8,4.8,52.2,3.2,34.8,0.4,12.5,1.0,10.9,1.6,17.4
2022-23,Playoffs,NYK,New York Knicks,11,6,5,240.0,356.5,5.9,1.2,1.9,61.9,1.2,1.8,65.0,3.6,61.5,2.7,46.2,0.5,20.0,0.3,4.6,0.9,15.4
2022-23,Playoffs,PHI,Philadelphia 76ers,11,7,4,242.3,367.9,6.6,2.5,3.4,75.7,0.3,0.4,75.0,5.6,84.9,2.5,37.0,0.4,14.8,0.2,2.7,0.2,2.7
2022-23,Playoffs,PHX,Phoenix Suns,11,6,5,240.0,360.2,11.5,3.5,6.5,54.2,0.7,1.1,66.7,8.1,70.1,3.6,31.5,0.3,7.5,0.7,6.3,0.5,3.9
2022-23,Playoffs,SAC,Sacramento Kings,7,3,4,240.0,380.0,13.7,3.6,6.0,59.5,0.6,0.9,66.7,7.9,57.3,5.7,41.7,0.9,15.0,1.1,8.3,0.4,3.1
2022-23,PlayIn,ATL,Atlanta Hawks,1,1,0,240.0,395.0,8.0,4.0,5.0,80.0,0.0,0.0,0.0,8.0,100,2.0,25.0,0.0,0.0,0.0,0.0,0.0,0.0
2022-23,PlayIn,CHI,Chicago Bulls,2,1,1,240.0,358.0,3.5,1.0,2.0,50.0,0.0,0.0,0.0,2.0,57.1,1.5,42.9,1.0,66.7,0.0,0.0,0.0,0.0
2022-23,PlayIn,LAL,Los Angeles Lakers,1,1,0,265.0,443.0,14.0,5.0,6.0,83.3,4.0,4.0,100,14.0,100,4.0,28.6,1.0,25.0,2.0,14.3,2.0,14.3
2022-23,PlayIn,MIA,Miami Heat,2,1,1,240.0,379.5,8.5,2.0,3.0,66.7,0.5,1.0,50.0,4.5,52.9,4.5,52.9,1.5,33.3,0.5,5.9,0.5,5.9
2022-23,PlayIn,MIN,Minnesota Timberwolves,2,1,1,252.5,432.0,9.0,1.5,1.5,100,0.0,1.0,0.0,3.0,33.3,5.5,61.1,0.5,9.1,1.0,11.1,0.5,5.6
2022-23,PlayIn,NOP,New Orleans Pelicans,1,0,1,240.0,419.0,8.0,3.0,5.0,60.0,2.0,2.0,100,8.0,100,2.0,25.0,0.0,0.0,0.0,0.0,1.0,12.5
2022-23,PlayIn,OKC,Oklahoma City Thunder,2,1,1,240.0,379.0,10.5,1.5,4.5,33.3,0.0,0.0,0.0,3.0,28.6,5.0,47.6,2.0,40.0,0.5,4.8,0.0,0.0
2022-23,PlayIn,TOR,Toronto Raptors,1,0,1,240.0,394.0,21.0,3.0,3.0,100,1.0,2.0,50.0,7.0,33.3,15.0,71.4,5.0,33.3,2.0,9.5,0.0,0.0
2023-24,Regular+Season,ATL,Atlanta Hawks,82,36,46,242.1,394.2,8.3,2.4,4.1,58.8,0.7,1.0,73.1,5.7,68.2,3.1,37.6,0.6,19.1,0.4,4.7,0.5,5.6
2023-24,Regular+Season,BOS,Boston Celtics,81,63,18,241.9,387.8,8.7,2.3,3.6,63.5,1.3,1.5,85.0,6.0,68.8,3.7,42.8,0.9,25.2,0.4,4.4,0.7,8.3
2023-24,Regular+Season,BKN,Brooklyn Nets,79,32,47,241.6,404.7,8.4,1.7,3.0,58.2,0.6,1.0,63.8,4.3,50.6,4.3,50.8,0.9,20.5,0.4,4.4,0.5,5.9
2023-24,Regular+Season,CHA,Charlotte Hornets,81,20,61,240.6,392.5,7.2,1.7,3.1,54.1,0.7,0.9,77.8,4.2,57.9,3.0,42.1,0.5,15.1,0.4,5.0,0.4,6.2
2023-24,Regular+Season,CHI,Chicago Bulls,81,39,42,243.7,406.9,10.4,2.4,4.2,56.4,0.6,0.8,79.0,5.4,52.3,5.0,48.1,0.8,16.3,0.4,3.9,0.4,3.6
2023-24,Regular+Season,CLE,Cleveland Cavaliers,82,48,34,241.5,417.5,11.8,3.1,5.4,57.8,1.0,1.4,69.6,7.4,62.7,4.7,39.8,0.9,19.3,0.6,5.1,0.7,5.7
2023-24,Regular+Season,DAL,Dallas Mavericks,81,49,32,240.3,380.6,8.0,1.9,3.1,61.6,0.6,0.9,66.7,4.6,57.6,3.9,49.0,0.9,21.6,0.4,4.5,0.4,5.4
2023-24,Regular+Season,DEN,Denver Nuggets,80,55,25,240.3,406.7,18.7,4.5,7.4,60.6,1.2,1.5,79.7,10.4,55.7,9.1,48.9,2.3,25.2,0.9,4.6,0.7,3.7
2023-24,Regular+Season,DET,Detroit Pistons,81,14,67,240.9,387.9,9.9,2.4,4.2,56.1,0.8,1.0,78.8,5.7,57.9,4.1,41.6,0.7,17.7,0.8,7.9,0.5,5.0
2023-24,Regular+Season,GSW,Golden State Warriors,81,46,35,241.9,421.2,10.5,2.6,4.2,61.5,1.0,1.4,75.0,6.3,60.7,4.8,46.2,1.0,21.5,0.5,4.4,0.7,6.4
2023-24,Regular+Season,HOU,Houston Rockets,82,41,41,242.1,383.0,11.6,3.1,5.3,58.2,1.3,1.7,77.1,7.7,66.2,4.7,40.6,0.8,17.5,0.5,4.1,0.8,6.8
2023-24,Regular+Season,IND,Indiana Pacers,82,47,35,240.3,430.8,9.6,3.0,4.7,63.4,1.3,1.6,80.0,7.4,76.8,3.4,35.8,0.8,23.1,0.5,5.2,0.7,7.8
2023-24,Regular+Season,LAC,LA Clippers,81,50,31,240.3,373.4,11.7,2.8,4.7,59.1,0.9,1.2,74.0,6.5,56.1,5.4,46.1,1.3,23.7,0.6,4.8,0.6,5.0
2023-24,Regular+Season,LAL,Los Angeles Lakers,81,46,35,242.2,388.1,10.6,3.1,5.1,60.3,1.0,1.4,71.4,7.4,70.3,3.9,36.9,0.9,24.1,0.5,4.9,0.6,5.8
2023-24,Regular+Season,MEM,Memphis Grizzlies,82,27,55,241.2,407.2,9.9,2.1,4.0,51.7,0.9,1.2,77.1,5.2,52.2,4.5,45.7,0.7,15.1,0.4,4.2,0.5,5.2
2023-24,Regular+Season,MIA,Miami Heat,82,46,36,240.9,397.4,9.5,2.3,4.5,50.7,0.8,1.1,78.4,5.5,57.7,3.9,40.7,0.8,20.6,0.4,4.3,0.5,5.7
2023-24,Regular+Season,MIL,Milwaukee Bucks,82,49,33,241.5,386.8,8.2,2.0,3.2,61.7,0.6,0.7,76.7,4.7,56.8,3.9,48.0,0.8,19.8,0.5,6.4,0.3,4.2
2023-24,Regular+Season,MIN,Minnesota Timberwolves,82,56,26,241.5,409.6,9.3,2.1,3.5,60.0,1.0,1.4,69.5,5.4,58.4,4.1,43.6,0.8,18.9,0.7,7.9,0.7,7.3
2023-24,Regular+Season,NOP,New Orleans Pelicans,81,49,32,240.3,418.4,11.3,2.4,4.0,59.6,1.1,1.6,69.0,6.0,52.9,5.7,49.9,1.3,22.5,0.6,4.9,0.7,6.4
2023-24,Regular+Season,NYK,New York Knicks,82,50,32,240.6,404.6,8.2,1.8,3.1,58.0,0.5,0.8,67.7,4.3,52.2,3.8,46.6,0.7,18.9,0.6,7.0,0.3,4.2
2023-24,Regular+Season,OKC,Oklahoma City Thunder,82,57,25,241.5,391.2,7.9,2.0,3.1,63.6,0.7,0.9,74.3,4.8,60.3,3.8,47.4,0.7,18.2,0.3,4.2,0.4,5.2
2023-24,Regular+Season,ORL,Orlando Magic,82,47,35,241.2,399.0,9.6,2.4,4.0,60.2,1.0,1.4,71.6,6.0,61.8,4.1,42.7,0.9,21.4,0.6,6.5,0.6,6.7
2023-24,Regular+Season,PHI,Philadelphia 76ers,81,46,35,241.2,407.9,9.3,2.2,4.2,52.0,1.0,1.3,79.6,5.6,59.9,3.7,40.1,0.8,20.8,0.5,5.3,0.6,6.3
2023-24,Regular+Season,PHX,Phoenix Suns,81,49,32,241.2,401.1,10.0,2.6,4.4,58.8,1.0,1.3,74.5,6.3,63.3,4.0,40.3,0.9,21.5,0.5,5.1,0.6,6.2
2023-24,Regular+Season,POR,Portland Trail Blazers,81,20,61,242.2,397.0,10.1,2.3,4.7,48.6,0.8,1.0,80.5,5.5,54.1,4.2,41.1,0.7,16.9,0.5,4.8,0.5,4.8
2023-24,Regular+Season,SAC,Sacramento Kings,82,46,36,242.1,427.6,13.1,3.0,4.8,61.7,1.2,1.8,68.5,7.5,56.9,6.2,47.3,1.3,20.5,0.7,5.7,0.9,6.7
2023-24,Regular+Season,SAS,San Antonio Spurs,81,21,60,241.9,417.9,12.6,3.4,5.5,60.9,1.0,1.3,79.8,8.0,63.6,5.4,42.6,1.1,19.7,0.7,5.5,0.6,4.6
2023-24,Regular+Season,TOR,Toronto Raptors,81,25,56,241.2,420.2,12.4,3.1,4.7,66.4,0.8,1.1,71.1,7.2,58.2,6.2,50.1,1.5,24.5,0.6,5.0,0.5,4.2
2023-24,Regular+Season,UTA,Utah Jazz,81,31,50,241.5,408.2,7.6,2.2,3.6,59.3,0.8,0.9,86.1,5.2,68.3,3.0,39.1,0.5,17.4,0.3,4.5,0.4,5.3
2023-24,Regular+Season,WAS,Washington Wizards,82,15,67,240.6,399.4,8.7,3.2,4.7,67.0,0.7,1.0,72.6,7.3,83.8,3.0,33.8,0.6,19.0,0.4,4.0,0.5,5.4
2023-24,Playoffs,BOS,Boston Celtics,19,16,3,241.3,382.2,7.4,2.0,3.3,61.3,0.8,0.8,100,4.9,66.0,3.4,45.4,0.9,26.6,0.2,2.1,0.4,5.7
2023-24,Playoffs,CLE,Cleveland Cavaliers,12,5,7,240.0,358.6,8.4,1.7,3.6,46.5,0.9,1.4,64.7,4.3,50.5,3.6,42.6,0.9,25.6,0.3,4.0,0.7,7.9
2023-24,Playoffs,DAL,Dallas Mavericks,22,13,9,240.0,358.6,7.6,1.9,3.0,64.6,0.8,1.2,69.2,4.8,63.1,3.8,49.4,0.5,14.5,0.2,3.0,0.6,7.7
2023-24,Playoffs,DEN,Denver Nuggets,12,7,5,240.0,403.0,17.8,3.8,7.2,53.5,0.8,0.8,90.0,8.5,47.9,8.3,46.9,1.6,19.0,1.0,5.6,0.2,0.9
2023-24,Playoffs,IND,Indiana Pacers,17,8,9,242.9,431.8,11.3,3.8,5.8,65.7,0.9,1.2,75.0,8.8,77.6,4.5,39.6,1.5,32.9,0.4,3.6,0.6,5.2
2023-24,Playoffs,LAC,LA Clippers,6,2,4,240.0,364.8,11.0,2.0,4.3,46.2,1.2,1.3,87.5,5.3,48.5,5.2,47.0,1.2,22.6,0.5,4.5,0.7,6.1
2023-24,Playoffs,LAL,Los Angeles Lakers,5,1,4,240.0,370.4,9.8,3.2,5.8,55.2,0.8,0.8,100,7.6,77.6,2.8,28.6,0.4,14.3,0.6,6.1,0.4,4.1
2023-24,Playoffs,MIA,Miami Heat,5,1,4,240.0,374.2,6.2,2.4,3.6,66.7,0.4,0.4,100,5.2,83.9,2.4,38.7,0.2,8.3,0.0,0.0,0.2,3.2
2023-24,Playoffs,MIL,Milwaukee Bucks,6,2,4,244.2,387.8,6.7,1.2,2.7,43.8,1.3,1.3,100,3.7,55.0,2.3,35.0,0.2,7.1,0.5,7.5,0.7,10.0
2023-24,Playoffs,MIN,Minnesota Timberwolves,16,9,7,240.0,390.0,7.8,1.9,3.3,56.6,0.8,1.0,81.3,4.8,61.3,3.1,39.5,0.9,30.6,0.5,6.5,0.5,6.5
2023-24,Playoffs,NOP,New Orleans Pelicans,4,0,4,240.0,408.8,10.3,2.0,4.0,50.0,1.0,1.0,100,5.0,48.8,5.3,51.2,1.8,33.3,0.3,2.4,0.3,2.4
2023-24,Playoffs,NYK,New York Knicks,13,7,6,241.9,387.9,10.0,2.7,4.5,59.3,0.7,1.1,64.3,6.2,62.3,4.5,45.4,1.2,25.4,0.3,3.1,0.5,5.4
2023-24,Playoffs,OKC,Oklahoma City Thunder,10,6,4,240.0,382.6,6.2,1.3,2.3,56.5,0.7,1.2,58.3,3.4,54.8,2.6,41.9,0.7,26.9,0.6,9.7,0.6,9.7
2023-24,Playoffs,ORL,Orlando Magic,7,3,4,240.0,390.7,8.3,2.3,3.9,59.3,1.3,1.4,90.0,6.0,72.4,3.0,36.2,0.6,19.0,0.6,6.9,0.6,6.9
2023-24,Playoffs,PHI,Philadelphia 76ers,6,2,4,244.2,374.2,7.2,2.0,2.7,75.0,1.3,1.3,100,5.5,76.7,3.5,48.8,0.7,19.0,0.2,2.3,0.7,9.3
2023-24,Playoffs,PHX,Phoenix Suns,4,0,4,240.0,377.5,7.5,1.0,3.8,26.7,0.5,0.5,100,2.5,33.3,2.8,36.7,0.5,18.2,0.5,6.7,0.3,3.3
2023-24,PlayIn,ATL,Atlanta Hawks,1,0,1,240.0,375.0,11.0,4.0,6.0,66.7,0.0,0.0,0.0,8.0,72.7,4.0,36.4,1.0,25.0,0.0,0.0,0.0,0.0
2023-24,PlayIn,CHI,Chicago Bulls,2,1,1,240.0,409.0,8.5,2.0,3.5,57.1,0.0,0.0,0.0,4.0,47.1,4.0,47.1,1.0,25.0,0.5,5.9,0.0,0.0
2023-24,PlayIn,GSW,Golden State Warriors,1,0,1,240.0,396.0,7.0,2.0,4.0,50.0,0.0,0.0,0.0,4.0,57.1,3.0,42.9,1.0,33.3,0.0,0.0,0.0,0.0
2023-24,PlayIn,LAL,Los Angeles Lakers,1,1,0,240.0,408.0,9.0,5.0,5.0,100,1.0,2.0,50.0,12.0,133.3,2.0,22.2,0.0,0.0,0.0,0.0,1.0,11.1
2023-24,PlayIn,MIA,Miami Heat,2,1,1,240.0,393.0,7.0,3.0,4.0,75.0,1.5,2.0,75.0,8.0,114.3,2.0,28.6,0.5,25.0,0.0,0.0,1.0,14.3
2023-24,PlayIn,NOP,New Orleans Pelicans,2,1,1,240.0,410.0,13.0,3.0,4.5,66.7,0.5,1.0,50.0,6.5,50.0,7.0,53.8,1.5,21.4,0.0,0.0,0.5,3.8
2023-24,PlayIn,PHI,Philadelphia 76ers,1,1,0,240.0,490.0,7.0,0.0,0.0,0.0,2.0,2.0,100,2.0,28.6,6.0,85.7,0.0,0.0,0.0,0.0,1.0,14.3
2023-24,PlayIn,SAC,Sacramento Kings,2,1,1,240.0,397.5,12.0,2.0,4.5,44.4,1.0,2.0,50.0,5.0,41.7,6.0,50.0,1.5,25.0,0.5,4.2,1.0,8.3
2023-24,IST,ATL,Atlanta Hawks,4,1,3,240.0,397.5,6.0,1.8,3.8,46.7,0.5,0.5,100,4.3,70.8,1.8,29.2,0.5,28.6,0.3,4.2,0.3,4.2
2023-24,IST,BOS,Boston Celtics,5,3,2,240.0,390.8,8.6,2.6,3.6,72.2,1.2,1.6,75.0,6.4,74.4,3.8,44.2,1.4,36.8,0.4,4.7,0.8,9.3
2023-24,IST,BKN,Brooklyn Nets,4,3,1,240.0,397.3,6.8,1.5,2.5,60.0,1.0,2.0,50.0,4.3,63.0,2.8,40.7,0.0,0.0,0.3,3.7,1.0,14.8
2023-24,IST,CHA,Charlotte Hornets,4,1,3,240.0,402.3,8.0,2.0,3.0,66.7,0.0,0.0,0.0,4.3,53.1,4.5,56.3,1.0,22.2,0.5,6.3,0.0,0.0
2023-24,IST,CHI,Chicago Bulls,4,0,4,240.0,378.3,12.5,1.8,5.3,33.3,0.5,0.5,100,4.0,32.0,6.8,54.0,1.5,22.2,0.0,0.0,0.3,2.0
2023-24,IST,CLE,Cleveland Cavaliers,4,3,1,246.3,391.3,11.0,2.5,4.8,52.6,0.0,0.0,0.0,5.0,45.5,4.3,38.6,0.8,17.6,1.3,11.4,0.0,0.0
2023-24,IST,DAL,Dallas Mavericks,4,2,2,240.0,382.5,10.5,2.3,4.0,56.3,1.0,1.0,100,5.5,52.4,5.0,47.6,2.0,40.0,0.5,4.8,0.5,4.8
2023-24,IST,DEN,Denver Nuggets,4,2,2,240.0,416.3,15.0,5.0,7.8,64.5,0.5,0.5,100,10.5,70.0,5.8,38.3,1.8,30.4,1.0,6.7,0.3,1.7
2023-24,IST,DET,Detroit Pistons,4,0,4,240.0,401.5,11.3,4.5,5.3,85.7,0.8,1.0,75.0,9.8,86.7,4.8,42.2,1.3,26.3,0.5,4.4,0.5,4.4
2023-24,IST,GSW,Golden State Warriors,4,2,2,240.0,451.0,11.5,1.8,3.3,53.8,1.0,1.0,100,5.0,43.5,7.3,63.0,1.5,20.7,0.5,4.3,0.5,4.3
2023-24,IST,HOU,Houston Rockets,4,2,2,240.0,392.5,14.0,3.3,5.5,59.1,2.3,3.0,75.0,9.0,64.3,6.3,44.6,1.0,16.0,0.5,3.6,1.5,10.7
2023-24,IST,IND,Indiana Pacers,6,6,0,240.0,396.3,9.0,3.7,5.2,71.0,1.8,2.0,91.7,9.7,107.4,2.3,25.9,0.8,35.7,0.5,5.6,1.0,11.1
2023-24,IST,LAC,LA Clippers,4,1,3,240.0,358.5,11.5,2.8,3.8,73.3,1.3,1.5,83.3,7.3,63.0,5.8,50.0,1.5,26.1,0.8,6.5,0.8,6.5
2023-24,IST,LAL,Los Angeles Lakers,5,5,0,240.0,378.6,10.8,2.4,4.6,52.2,1.4,1.6,87.5,6.2,57.4,4.8,44.4,0.8,16.7,0.2,1.9,0.8,7.4
2023-24,IST,MEM,Memphis Grizzlies,4,0,4,246.2,416.5,11.5,2.3,4.8,47.4,0.8,1.0,75.0,5.5,47.8,5.8,50.0,1.5,26.1,0.3,2.2,0.5,4.3
2023-24,IST,MIA,Miami Heat,4,2,2,240.0,412.3,11.0,2.5,5.8,43.5,0.3,0.5,50.0,5.3,47.7,4.5,40.9,0.8,16.7,0.3,2.3,0.3,2.3
2023-24,IST,MIL,Milwaukee Bucks,6,5,1,240.0,384.3,10.7,3.8,5.7,67.6,0.2,0.3,50.0,8.0,75.0,3.8,35.9,1.0,26.1,0.2,1.6,0.2,1.6
2023-24,IST,MIN,Minnesota Timberwolves,4,3,1,240.0,411.0,8.0,1.8,3.0,58.3,0.3,0.5,50.0,4.3,53.1,3.8,46.9,0.8,20.0,0.5,6.3,0.3,3.1
2023-24,IST,NOP,New Orleans Pelicans,5,4,1,240.0,416.6,10.2,3.4,4.6,73.9,0.8,0.8,100,7.6,74.5,4.4,43.1,1.2,27.3,0.8,7.8,0.4,3.9
2023-24,IST,NYK,New York Knicks,5,3,2,240.0,395.2,6.4,0.8,2.2,36.4,0.0,0.0,0.0,1.6,25.0,3.4,53.1,1.2,35.3,0.4,6.3,0.0,0.0
2023-24,IST,OKC,Oklahoma City Thunder,4,1,3,240.0,411.0,11.0,2.5,4.3,58.8,1.5,1.5,100,6.5,59.1,4.8,43.2,1.0,21.1,0.8,6.8,0.3,2.3
2023-24,IST,ORL,Orlando Magic,4,3,1,240.0,409.8,7.5,2.3,3.5,64.3,1.3,1.5,83.3,6.0,80.0,3.0,40.0,1.8,58.3,0.3,3.3,0.8,10.0
2023-24,IST,PHI,Philadelphia 76ers,4,2,2,246.3,410.0,10.8,1.3,3.5,35.7,2.0,2.0,100,4.8,44.2,5.0,46.5,1.8,35.0,1.3,11.6,0.8,7.0
2023-24,IST,PHX,Phoenix Suns,5,3,2,240.0,397.2,10.8,2.4,4.2,57.1,2.0,2.8,71.4,7.4,68.5,5.0,46.3,1.0,20.0,0.0,0.0,1.4,13.0
2023-24,IST,POR,Portland Trail Blazers,4,1,3,246.3,382.3,12.3,3.3,5.5,59.1,2.3,2.5,90.0,9.3,75.5,4.5,36.7,0.8,16.7,0.5,4.1,1.3,10.2
2023-24,IST,SAC,Sacramento Kings,5,4,1,240.0,439.8,14.0,2.2,3.8,57.9,1.6,2.4,66.7,6.0,42.9,8.2,58.6,2.6,31.7,0.6,4.3,1.2,8.6
2023-24,IST,SAS,San Antonio Spurs,4,0,4,240.0,435.8,10.0,2.3,4.0,56.3,0.0,0.0,0.0,4.5,45.0,4.8,47.5,1.3,26.3,0.8,7.5,0.0,0.0
2023-24,IST,TOR,Toronto Raptors,4,1,3,240.0,420.8,13.8,4.3,4.8,89.5,0.0,0.0,0.0,8.5,61.8,7.3,52.7,2.3,31.0,1.0,7.3,0.0,0.0
2023-24,IST,UTA,Utah Jazz,4,2,2,240.0,368.3,6.3,1.8,3.3,53.8,1.8,2.0,87.5,5.3,84.0,1.5,24.0,0.3,16.7,0.3,4.0,1.0,16.0
2023-24,IST,WAS,Washington Wizards,4,0,4,240.0,410.0,7.8,2.8,3.5,78.6,0.5,0.5,100,6.3,80.6,3.3,41.9,0.5,15.4,0.3,3.2,0.3,3.2
2024-25,Playoffs,BOS,Boston Celtics,11,6,5,242.3,352.2,7.2,1.7,3.0,57.6,1.1,1.5,75.0,4.7,65.8,2.5,34.2,0.7,29.6,0.5,7.6,0.7,10.1
2024-25,Playoffs,CLE,Cleveland Cavaliers,9,5,4,240.0,373.3,9.1,2.0,3.9,51.4,0.6,0.7,83.3,4.7,51.2,4.6,50.0,1.0,22.0,0.1,1.2,0.2,2.4
2024-25,Playoffs,DEN,Denver Nuggets,14,7,7,243.6,396.6,14.3,2.9,6.1,47.1,1.4,1.7,83.3,7.4,51.5,6.3,44.0,1.0,15.9,0.6,4.5,0.9,6.0
2024-25,Playoffs,DET,Detroit Pistons,6,2,4,240.0,360.2,10.8,1.8,3.3,55.0,1.3,1.7,80.0,5.3,49.2,4.8,44.6,1.7,34.5,1.2,10.8,0.7,6.2
2024-25,Playoffs,GSW,Golden State Warriors,12,5,7,240.0,434.6,9.8,1.8,3.3,52.5,0.8,1.5,55.6,4.5,46.2,5.0,51.3,0.8,16.7,0.1,0.9,0.6,6.0
2024-25,Playoffs,HOU,Houston Rockets,7,3,4,240.0,370.6,12.1,3.7,6.0,61.9,1.0,1.7,58.3,8.4,69.4,4.4,36.5,0.7,16.1,0.7,5.9,0.7,5.9
2024-25,Playoffs,IND,Indiana Pacers,23,15,8,242.2,436.7,8.1,2.3,3.8,61.4,1.0,1.3,76.7,5.8,71.5,3.1,38.2,0.6,18.3,0.3,3.8,0.7,8.1
2024-25,Playoffs,LAC,LA Clippers,7,3,4,243.6,372.4,12.1,3.3,5.7,57.5,0.4,0.6,75.0,7.1,58.8,5.6,45.9,0.4,7.7,0.4,3.5,0.3,2.4
2024-25,Playoffs,LAL,Los Angeles Lakers,5,1,4,240.0,381.4,6.2,2.0,2.8,71.4,0.8,0.8,100,5.2,83.9,3.0,48.4,0.6,20.0,0.0,0.0,0.4,6.5
2024-25,Playoffs,MEM,Memphis Grizzlies,4,0,4,240.0,409.5,8.0,1.8,2.3,77.8,0.5,1.0,50.0,4.0,50.0,4.3,53.1,1.0,23.5,0.8,9.4,0.5,6.3
2024-25,Playoffs,MIA,Miami Heat,4,0,4,240.0,379.8,6.8,0.8,2.3,33.3,0.5,0.5,100,2.0,29.6,2.8,40.7,1.3,45.5,1.0,14.8,0.3,3.7
2024-25,Playoffs,MIL,Milwaukee Bucks,5,1,4,245.0,373.4,6.2,1.4,2.2,63.6,0.6,0.8,75.0,3.4,54.8,3.2,51.6,0.6,18.8,0.2,3.2,0.4,6.5
2024-25,Playoffs,MIN,Minnesota Timberwolves,15,9,6,240.0,405.1,5.9,1.1,2.0,53.3,1.0,1.2,83.3,3.3,56.8,2.5,43.2,0.6,23.7,0.6,10.2,0.6,10.2
2024-25,Playoffs,NYK,New York Knicks,18,10,8,242.8,379.7,5.8,1.4,2.8,52.0,0.8,1.1,78.9,3.8,65.7,2.2,37.1,0.4,17.9,0.2,2.9,0.4,7.6
2024-25,Playoffs,OKC,Oklahoma City Thunder,23,16,7,241.1,368.3,8.7,2.6,3.9,66.7,0.5,0.7,75.0,5.9,68.3,3.7,42.2,0.8,22.6,0.5,5.5,0.3,4.0
2024-25,Playoffs,ORL,Orlando Magic,5,1,4,240.0,382.8,8.4,1.6,2.8,57.1,0.8,1.2,66.7,4.2,50.0,4.6,54.8,0.4,8.7,0.0,0.0,0.6,7.1
2024-25,PlayIn,ATL,Atlanta Hawks,2,0,2,252.5,391.5,8.5,3.0,5.5,54.5,0.0,0.0,0.0,6.0,70.6,2.5,29.4,0.0,0.0,0.0,0.0,0.0,0.0
2024-25,PlayIn,CHI,Chicago Bulls,1,0,1,240.0,428.0,9.0,2.0,2.0,100,0.0,0.0,0.0,4.0,44.4,6.0,66.7,2.0,33.3,1.0,11.1,0.0,0.0
2024-25,PlayIn,DAL,Dallas Mavericks,2,1,1,240.0,343.5,8.5,3.5,5.0,70.0,0.5,1.0,50.0,7.5,88.2,2.5,29.4,1.0,40.0,0.5,5.9,0.5,5.9
2024-25,PlayIn,GSW,Golden State Warriors,1,1,0,240.0,452.0,11.0,2.0,3.0,66.7,4.0,4.0,100,8.0,72.7,6.0,54.5,2.0,33.3,0.0,0.0,2.0,18.2
2024-25,PlayIn,MEM,Memphis Grizzlies,2,1,1,240.0,375.5,7.0,2.0,2.5,80.0,0.0,0.0,0.0,4.0,57.1,4.5,64.3,0.0,0.0,0.0,0.0,0.0,0.0
2024-25,PlayIn,MIA,Miami Heat,2,2,0,252.5,435.5,10.5,2.0,4.0,50.0,1.5,2.0,75.0,5.5,52.4,4.0,38.1,0.5,12.5,0.5,4.8,0.5,4.8
2024-25,PlayIn,ORL,Orlando Magic,1,1,0,240.0,438.0,7.0,0.0,1.0,0.0,2.0,2.0,100,2.0,28.6,5.0,71.4,2.0,40.0,0.0,0.0,0.0,0.0
2024-25,PlayIn,SAC,Sacramento Kings,1,0,1,240.0,385.0,9.0,1.0,2.0,50.0,1.0,2.0,50.0,3.0,33.3,4.0,44.4,0.0,0.0,2.0,22.2,1.0,11.1
2024-25,IST,ATL,Atlanta Hawks,6,4,2,240.0,409.7,10.0,3.8,5.0,76.7,0.2,0.7,25.0,8.2,81.7,4.0,40.0,0.5,12.5,0.2,1.7,0.3,3.3
2024-25,IST,BOS,Boston Celtics,4,3,1,240.0,397.0,5.5,1.8,2.3,77.8,0.3,0.5,50.0,4.0,72.7,2.5,45.5,0.8,30.0,0.3,4.5,0.3,4.5
2024-25,IST,BKN,Brooklyn Nets,4,1,3,240.0,438.0,7.8,1.3,2.0,62.5,0.0,0.0,0.0,2.5,32.3,5.3,67.7,1.3,23.8,0.5,6.5,0.0,0.0
2024-25,IST,CHA,Charlotte Hornets,4,0,4,240.0,387.8,8.8,2.8,4.0,68.8,1.5,2.5,60.0,7.0,80.0,3.5,40.0,0.0,0.0,0.0,0.0,1.0,11.4
2024-25,IST,CHI,Chicago Bulls,4,2,2,240.0,445.3,7.5,2.3,2.8,81.8,1.5,1.5,100,6.0,80.0,3.5,46.7,0.8,21.4,0.5,6.7,0.8,10.0
2024-25,IST,CLE,Cleveland Cavaliers,4,2,2,240.0,396.0,11.5,3.5,5.3,66.7,1.0,1.0,100,8.3,71.7,4.3,37.0,0.5,11.8,0.5,4.3,0.5,4.3
2024-25,IST,DAL,Dallas Mavericks,5,3,2,240.0,406.2,10.4,2.2,3.4,64.7,1.0,1.2,83.3,5.6,53.8,5.2,50.0,1.2,23.1,0.2,1.9,0.6,5.8
2024-25,IST,DEN,Denver Nuggets,4,2,2,240.0,420.3,23.5,4.0,7.5,53.3,0.8,1.5,50.0,9.3,39.4,13.5,57.4,3.3,24.1,1.0,4.3,0.8,3.2
2024-25,IST,DET,Detroit Pistons,4,3,1,246.2,404.5,12.5,3.0,4.5,66.7,0.8,1.5,50.0,7.0,56.0,6.3,50.0,1.5,24.0,0.3,2.0,0.8,6.0
2024-25,IST,GSW,Golden State Warriors,5,3,2,240.0,449.8,10.2,3.0,4.4,68.2,0.8,1.2,66.7,6.8,66.7,5.2,51.0,1.0,19.2,0.0,0.0,0.6,5.9
2024-25,IST,HOU,Houston Rockets,6,4,2,244.2,394.3,11.2,2.7,5.7,47.1,1.0,1.7,60.0,6.3,56.7,4.0,35.8,0.2,4.2,0.5,4.5,0.8,7.5
2024-25,IST,IND,Indiana Pacers,4,0,4,240.0,444.0,7.5,2.3,3.3,69.2,1.0,1.5,66.7,5.5,73.3,2.8,36.7,0.3,9.1,0.3,3.3,0.8,10.0
2024-25,IST,LAC,LA Clippers,4,2,2,240.0,382.0,10.3,1.3,3.3,38.5,0.5,0.5,100,3.0,29.3,5.5,53.7,0.5,9.1,1.0,9.8,0.3,2.4
2024-25,IST,LAL,Los Angeles Lakers,4,2,2,240.0,415.3,12.8,3.0,5.0,60.0,1.0,1.5,66.7,7.0,54.9,6.3,49.0,1.5,24.0,0.5,3.9,0.8,5.9
2024-25,IST,MEM,Memphis Grizzlies,4,1,3,240.0,449.0,7.3,1.3,4.0,31.3,0.3,1.0,25.0,3.0,41.4,2.5,34.5,0.5,20.0,0.0,0.0,0.5,6.9
2024-25,IST,MIA,Miami Heat,4,2,2,246.3,418.3,7.3,2.3,3.0,75.0,1.5,2.0,75.0,6.0,82.8,2.8,37.9,0.5,18.2,0.0,0.0,0.8,10.3
2024-25,IST,MIL,Milwaukee Bucks,6,6,0,240.0,405.7,8.3,2.3,3.5,66.7,0.3,0.7,50.0,5.2,62.0,3.5,42.0,1.2,33.3,0.8,10.0,0.3,4.0
2024-25,IST,MIN,Minnesota Timberwolves,4,2,2,252.5,421.8,8.3,1.5,3.0,50.0,1.0,1.0,100,4.0,48.5,3.3,39.4,0.5,15.4,1.3,15.2,0.5,6.1
2024-25,IST,NOP,New Orleans Pelicans,4,1,3,240.0,426.8,10.5,1.5,2.5,60.0,0.3,0.5,50.0,3.3,31.0,6.0,57.1,1.3,20.8,1.0,9.5,0.3,2.4
2024-25,IST,NYK,New York Knicks,5,4,1,240.0,385.6,7.6,1.2,2.2,54.5,0.0,0.0,0.0,2.4,31.6,3.8,50.0,1.2,31.6,1.0,13.2,0.0,0.0
2024-25,IST,OKC,Oklahoma City Thunder,6,5,1,240.0,396.7,8.7,2.0,4.3,46.2,0.3,0.3,100,4.3,50.0,3.7,42.3,0.8,22.7,0.2,1.9,0.2,1.9
2024-25,IST,ORL,Orlando Magic,5,3,2,240.0,389.8,9.6,2.0,3.6,55.6,1.4,1.6,87.5,5.6,58.3,3.6,37.5,1.2,33.3,1.2,12.5,0.8,8.3
2024-25,IST,PHI,Philadelphia 76ers,4,2,2,240.0,392.0,8.3,1.5,2.8,54.5,0.0,0.0,0.0,3.0,36.4,5.3,63.6,0.5,9.5,0.3,3.0,0.0,0.0
2024-25,IST,PHX,Phoenix Suns,4,3,1,240.0,400.0,7.0,1.8,3.8,46.7,0.5,0.5,100,4.3,60.7,2.8,39.3,0.0,0.0,0.0,0.0,0.0,0.0
2024-25,IST,POR,Portland Trail Blazers,4,2,2,240.0,412.0,10.5,3.0,4.8,63.2,0.5,1.0,50.0,7.0,66.7,4.3,40.5,0.5,11.8,0.5,4.8,0.5,4.8
2024-25,IST,SAC,Sacramento Kings,4,1,3,246.3,413.0,13.8,4.5,6.3,72.0,0.5,0.5,100,9.5,69.1,5.5,40.0,0.5,9.1,1.0,7.3,0.3,1.8
2024-25,IST,SAS,San Antonio Spurs,4,2,2,240.0,414.0,13.5,1.5,4.0,37.5,1.5,2.0,75.0,5.0,37.0,7.3,53.7,1.8,24.1,0.5,3.7,0.8,5.6
2024-25,IST,TOR,Toronto Raptors,4,1,3,240.0,425.8,18.3,4.0,7.5,53.3,0.5,1.0,50.0,8.5,46.6,9.3,50.7,1.5,16.2,1.0,5.5,0.5,2.7
2024-25,IST,UTA,Utah Jazz,4,0,4,240.0,424.5,11.0,2.5,3.5,71.4,2.3,2.5,90.0,7.3,65.9,4.8,43.2,1.8,36.8,1.0,9.1,1.0,9.1
2024-25,IST,WAS,Washington Wizards,4,0,4,240.0,419.0,11.8,3.5,6.5,53.8,0.5,1.0,50.0,7.5,63.8,3.5,29.8,0.3,7.1,0.8,6.4,0.3,2.1
2025-26,Regular+Season,ATL,Atlanta Hawks,39,18,21,241.3,427.1,9.9,3.0,4.8,62.8,0.8,1.1,75.0,7.1,71.1,4.0,40.1,1.1,28.4,0.2,2.3,0.6,5.7
2025-26,Regular+Season,BOS,Boston Celtics,36,23,13,240.0,397.1,5.8,1.7,2.3,74.7,0.4,0.6,68.2,4.1,69.5,2.8,47.6,0.4,14.0,0.2,3.8,0.3,4.8
2025-26,Regular+Season,BKN,Brooklyn Nets,34,11,23,240.7,419.3,11.5,2.4,3.6,64.5,1.2,1.6,75.0,6.1,53.6,5.9,51.3,1.1,19.5,0.6,5.6,0.8,6.7
2025-26,Regular+Season,CHA,Charlotte Hornets,37,13,24,242.0,411.7,8.3,1.8,3.0,60.0,0.9,1.1,85.4,4.6,55.5,4.1,49.4,0.8,18.4,0.4,4.2,0.5,6.5
2025-26,Regular+Season,CHI,Chicago Bulls,37,17,20,241.4,458.2,10.3,2.5,4.4,57.1,0.9,1.2,75.0,6.0,58.1,4.5,43.7,0.7,15.0,0.5,5.2,0.6,6.0
2025-26,Regular+Season,CLE,Cleveland Cavaliers,38,21,17,241.3,419.7,11.3,2.4,4.4,54.4,1.3,1.6,82.3,6.2,55.4,4.9,43.7,1.0,20.9,0.8,6.8,0.8,7.2
2025-26,Regular+Season,DAL,Dallas Mavericks,37,14,23,243.4,395.3,10.1,2.5,4.3,57.9,0.8,1.1,79.5,6.2,61.6,4.4,43.3,0.9,20.5,0.5,4.6,0.6,5.6
2025-26,Regular+Season,DEN,Denver Nuggets,37,25,12,242.7,408.8,16.9,4.5,6.9,65.7,2.2,2.7,83.0,11.5,68.1,7.5,44.6,2.1,28.4,0.7,4.2,1.2,6.9
2025-26,Regular+Season,DET,Detroit Pistons,36,27,9,241.4,410.3,12.6,3.5,6.1,58.0,1.1,1.6,67.9,8.4,66.3,4.7,37.4,1.0,21.2,0.7,5.5,0.8,5.9
2025-26,Regular+Season,GSW,Golden State Warriors,38,20,18,241.3,466.3,10.2,2.0,3.3,60.3,1.0,1.3,79.2,5.3,51.8,5.5,54.4,1.6,29.5,0.5,4.9,0.7,6.5
2025-26,Regular+Season,HOU,Houston Rockets,34,22,12,244.4,405.4,12.2,3.0,5.3,57.0,0.9,1.2,71.4,7.3,59.6,5.5,45.2,1.4,26.1,0.4,3.4,0.6,4.6
2025-26,Regular+Season,IND,Indiana Pacers,37,6,31,241.4,440.0,7.6,1.7,3.3,52.5,1.3,1.4,92.2,4.9,64.4,3.1,40.6,0.6,18.4,0.4,5.0,0.7,9.6
2025-26,Regular+Season,LAC,LA Clippers,36,13,23,241.4,389.3,10.6,2.8,4.3,64.5,0.8,1.0,82.9,6.8,63.8,4.9,45.9,0.9,17.7,0.6,5.2,0.5,4.5
2025-26,Regular+Season,LAL,Los Angeles Lakers,35,23,12,240.0,391.8,10.6,3.0,4.8,62.9,0.9,1.4,64.6,7.1,66.7,4.1,39.0,0.8,18.6,0.6,5.6,0.7,6.5
2025-26,Regular+Season,MEM,Memphis Grizzlies,37,16,21,241.4,434.3,7.3,1.8,3.0,60.9,0.8,1.2,68.2,4.5,62.1,3.2,44.6,0.5,15.0,0.2,3.3,0.6,7.8
2025-26,Regular+Season,MIA,Miami Heat,35,19,16,240.7,432.1,6.5,2.1,3.4,62.5,0.4,0.5,81.3,4.8,74.0,2.5,39.2,0.5,20.2,0.1,1.3,0.2,3.5
2025-26,Regular+Season,MIL,Milwaukee Bucks,36,16,20,241.4,404.8,8.4,1.9,3.4,56.2,1.0,1.2,85.7,4.8,57.3,3.8,45.0,1.0,25.7,0.4,4.6,0.5,6.3
2025-26,Regular+Season,MIN,Minnesota Timberwolves,37,24,13,242.0,429.7,7.2,2.1,3.1,65.5,0.6,1.0,58.3,4.8,67.0,3.0,41.9,0.8,25.0,0.3,4.5,0.5,6.7
2025-26,Regular+Season,NOP,New Orleans Pelicans,39,8,31,242.6,408.3,7.9,1.9,3.5,56.3,0.6,0.9,70.6,4.6,58.4,3.4,42.5,0.6,19.1,0.4,4.9,0.4,5.5
2025-26,Regular+Season,NYK,New York Knicks,37,24,13,240.0,415.0,6.8,1.6,2.5,64.8,0.5,0.6,87.0,3.9,57.0,3.5,51.4,0.7,20.2,0.3,4.8,0.3,4.8
2025-26,Regular+Season,OKC,Oklahoma City Thunder,38,31,7,243.3,380.6,9.6,2.4,3.9,62.8,0.6,0.8,80.0,5.7,59.5,4.4,46.0,1.2,26.2,0.5,5.5,0.4,4.1
2025-26,Regular+Season,ORL,Orlando Magic,38,21,17,242.0,418.5,9.1,1.8,3.6,51.5,0.8,1.0,76.3,4.5,49.9,4.4,48.7,0.8,17.9,0.3,3.5,0.4,4.6
2025-26,Regular+Season,PHI,Philadelphia 76ers,35,20,15,244.3,441.4,6.8,1.5,2.7,54.3,1.0,1.2,81.0,4.0,58.4,3.0,44.5,0.5,15.1,0.3,4.2,0.6,8.8
2025-26,Regular+Season,PHX,Phoenix Suns,37,22,15,240.7,407.1,8.4,2.4,3.9,61.4,1.1,1.4,75.0,6.1,73.2,3.1,36.5,0.6,21.2,0.4,4.2,0.7,8.1
2025-26,Regular+Season,POR,Portland Trail Blazers,38,18,20,241.3,411.7,8.2,1.9,3.1,61.3,0.7,1.0,73.7,4.8,58.8,3.9,47.6,0.9,23.5,0.4,5.4,0.5,5.8
2025-26,Regular+Season,SAC,Sacramento Kings,37,8,29,242.0,395.9,12.1,3.7,6.4,58.3,0.8,1.1,69.0,8.5,70.2,4.3,35.9,0.7,16.3,0.6,4.9,0.6,4.7
2025-26,Regular+Season,SAS,San Antonio Spurs,37,26,11,240.7,405.9,9.4,2.0,3.5,57.7,0.8,1.1,77.5,5.0,53.0,4.6,48.7,0.7,15.9,0.4,4.3,0.5,4.9
2025-26,Regular+Season,TOR,Toronto Raptors,38,23,15,241.3,421.6,11.6,2.8,4.9,57.8,1.1,1.4,78.8,6.9,60.1,4.9,42.4,1.0,21.0,0.6,5.0,0.7,5.7
2025-26,Regular+Season,UTA,Utah Jazz,36,12,24,244.2,420.3,9.6,2.8,4.6,62.2,1.3,1.9,69.1,7.3,75.7,3.3,34.5,0.8,23.5,0.4,4.3,0.9,9.3
2025-26,Regular+Season,WAS,Washington Wizards,36,10,26,241.4,401.9,10.3,2.5,4.2,59.9,1.4,1.8,79.4,6.7,65.3,4.2,40.7,0.9,21.3,0.8,7.9,0.8,7.6
2025-26,IST,ATL,Atlanta Hawks,4,2,2,240.0,431.8,8.8,2.8,3.8,73.3,2.0,2.5,80.0,7.8,88.6,3.8,42.9,0.8,20.0,0.0,0.0,1.3,14.3
2025-26,IST,BOS,Boston Celtics,4,2,2,240.0,391.3,4.5,1.0,1.5,66.7,0.3,0.5,50.0,2.5,55.6,2.5,55.6,0.3,10.0,0.0,0.0,0.3,5.6
2025-26,IST,BKN,Brooklyn Nets,4,1,3,240.0,408.8,10.0,1.0,2.3,44.4,0.8,1.0,75.0,2.8,27.5,5.8,57.5,1.3,21.7,0.8,7.5,0.5,5.0
2025-26,IST,CHA,Charlotte Hornets,4,1,3,246.3,416.5,7.3,3.0,4.3,70.6,0.0,0.0,0.0,6.3,86.2,2.8,37.9,0.0,0.0,0.3,3.4,0.0,0.0
2025-26,IST,CHI,Chicago Bulls,4,1,3,240.0,476.5,10.5,2.5,3.8,66.7,0.5,0.5,100,5.5,52.4,5.3,50.0,1.0,19.0,0.8,7.1,0.3,2.4
2025-26,IST,CLE,Cleveland Cavaliers,4,2,2,240.0,408.3,13.0,2.3,4.5,50.0,1.5,2.0,75.0,6.0,46.2,6.0,46.2,2.5,41.7,0.8,5.8,1.0,7.7
2025-26,IST,DAL,Dallas Mavericks,4,1,3,252.5,412.5,9.0,2.3,3.8,60.0,0.0,0.0,0.0,4.8,52.8,4.5,50.0,1.0,22.2,0.8,8.3,0.0,0.0
2025-26,IST,DEN,Denver Nuggets,4,2,2,240.0,408.8,13.8,4.0,7.0,57.1,2.0,2.0,100,10.0,72.7,4.8,34.5,1.0,21.1,0.5,3.6,0.8,5.5
2025-26,IST,DET,Detroit Pistons,4,2,2,240.0,398.5,11.8,3.5,5.5,63.6,0.5,0.5,100,7.8,66.0,4.8,40.4,1.0,21.1,0.8,6.4,0.3,2.1
2025-26,IST,GSW,Golden State Warriors,4,1,3,240.0,459.3,9.0,1.3,3.0,41.7,1.3,1.5,83.3,4.0,44.4,4.5,50.0,0.8,16.7,0.8,8.3,0.8,8.3
2025-26,IST,HOU,Houston Rockets,4,2,2,240.0,411.3,13.3,2.8,5.3,52.4,0.5,0.5,100,6.5,49.1,7.0,52.8,2.3,32.1,0.0,0.0,0.3,1.9
2025-26,IST,IND,Indiana Pacers,4,1,3,240.0,430.8,7.3,1.8,3.5,50.0,0.5,0.5,100,4.0,55.2,2.8,37.9,0.3,9.1,0.8,10.3,0.3,3.4
2025-26,IST,LAC,LA Clippers,4,2,2,252.5,399.3,10.8,3.8,5.0,75.0,1.0,1.5,66.7,9.5,88.4,3.8,34.9,0.3,6.7,0.3,2.3,1.0,9.3
2025-26,IST,LAL,Los Angeles Lakers,5,4,1,240.0,379.6,9.2,2.6,4.6,56.5,0.8,0.8,100,6.2,67.4,2.8,30.4,0.4,14.3,0.6,6.5,0.4,4.3
2025-26,IST,MEM,Memphis Grizzlies,4,3,1,246.3,437.0,7.0,1.3,3.3,38.5,1.0,1.5,66.7,3.5,50.0,2.8,39.3,0.5,18.2,0.0,0.0,0.8,10.7
2025-26,IST,MIA,Miami Heat,4,2,2,240.0,440.8,7.3,1.5,3.3,46.2,0.0,0.0,0.0,3.0,41.4,3.5,48.3,0.8,21.4,0.3,3.4,0.0,0.0
2025-26,IST,MIL,Milwaukee Bucks,3,2,1,248.3,405.7,8.0,1.7,2.0,83.3,0.3,0.7,50.0,4.0,50.0,5.0,62.5,1.7,33.3,0.3,4.2,0.3,4.2
2025-26,IST,MIN,Minnesota Timberwolves,4,2,2,240.0,424.8,7.0,2.3,2.8,81.8,1.0,1.5,66.7,5.5,78.6,3.0,42.9,0.3,8.3,0.5,7.1,0.8,10.7
2025-26,IST,NOP,New Orleans Pelicans,4,0,4,246.3,415.5,10.5,1.5,3.5,42.9,0.5,0.5,100,3.8,35.7,4.8,45.2,0.3,5.3,0.8,7.1,0.3,2.4
2025-26,IST,NYK,New York Knicks,6,5,1,240.0,407.5,6.8,2.0,3.3,60.0,0.0,0.0,0.0,4.0,58.5,2.8,41.5,0.8,29.4,0.3,4.9,0.0,0.0
2025-26,IST,OKC,Oklahoma City Thunder,6,5,1,240.0,381.8,10.5,2.5,4.5,55.6,0.8,1.0,83.3,6.2,58.7,4.8,46.0,1.5,31.0,0.5,4.8,0.5,4.8
2025-26,IST,ORL,Orlando Magic,6,5,1,240.0,418.5,9.2,2.2,3.3,65.0,1.0,1.0,100,5.3,58.2,4.8,52.7,1.0,20.7,0.5,5.5,0.5,5.5
2025-26,IST,PHI,Philadelphia 76ers,4,1,3,240.0,426.0,7.5,1.3,2.8,45.5,0.3,0.5,50.0,2.8,36.7,3.5,46.7,0.5,14.3,0.3,3.3,0.3,3.3
2025-26,IST,PHX,Phoenix Suns,5,3,2,240.0,412.4,10.0,2.6,4.2,61.9,0.4,0.8,50.0,5.8,58.0,4.4,44.0,0.6,13.6,0.4,4.0,0.4,4.0
2025-26,IST,POR,Portland Trail Blazers,4,2,2,240.0,419.5,9.5,2.8,3.5,78.6,0.8,1.5,50.0,6.5,68.4,4.5,47.4,1.0,22.2,0.8,7.9,0.8,7.9
2025-26,IST,SAC,Sacramento Kings,4,0,4,240.0,401.5,13.5,5.0,7.5,66.7,0.5,1.0,50.0,10.8,79.6,4.5,33.3,1.0,22.2,0.8,5.6,0.5,3.7
2025-26,IST,SAS,San Antonio Spurs,6,5,1,240.0,406.2,8.5,1.3,3.0,44.4,1.2,1.3,87.5,3.8,45.1,4.3,51.0,1.0,23.1,0.2,2.0,0.5,5.9
2025-26,IST,TOR,Toronto Raptors,5,4,1,240.0,415.0,11.0,2.4,3.8,63.2,2.2,2.4,91.7,7.2,65.5,4.8,43.6,0.6,12.5,0.6,5.5,1.2,10.9
2025-26,IST,UTA,Utah Jazz,4,1,3,240.0,422.5,9.0,2.8,4.3,64.7,2.3,3.5,64.3,7.8,86.1,2.5,27.8,1.0,40.0,0.0,0.0,1.8,19.4
2025-26,IST,WAS,Washington Wizards,4,1,3,240.0,397.0,7.5,1.8,3.0,58.3,1.0,1.0,100,4.8,63.3,4.0,53.3,1.3,31.3,0.0,0.0,0.3,3.3
