SEASON,SEASON_TYPE,TEAM_ABB,TEAM_NAME,GP,W,L,MIN,E_OFF_RATING,E_DEF_RATING,E_NET_RATING,E_AST_RATIO,E_OREB_PCT,E_DREB_PCT,E_REB_PCT,E_TM_TOV_PCT,E_PACE
2015-16,Pre+Season,CHA,Charlotte Hornets,8,7,1,384,99.8,90.0,9.8,15.3,16.5,82.7,51.3,13.9,99.00
2015-16,Pre+Season,ORL,Orlando Magic,8,6,2,394,99.7,96.1,3.6,16.7,26.1,77.5,51.0,16.3,97.30
2015-16,Pre+Season,BOS,Boston Celtics,7,6,1,336,100.4,89.1,11.3,18.1,26.0,76.6,52.2,16.4,103.90
2015-16,Pre+Season,MEM,Memphis Grizzlies,7,6,1,336,91.5,83.4,8.1,14.6,25.0,77.3,52.2,20.1,97.10
2015-16,Pre+Season,IND,Indiana Pacers,7,5,2,336,104.8,100.1,4.7,14.5,25.7,75.4,50.7,12.9,97.80
2015-16,Pre+Season,TOR,Toronto Raptors,7,5,2,336,98.3,92.2,6.1,13.7,26.9,80.7,53.8,15.7,96.30
2015-16,Pre+Season,SAC,Sacramento Kings,6,5,1,293,99.8,96.0,3.8,15.6,24.7,73.6,49.6,17.5,100.20
2015-16,Pre+Season,OKC,Oklahoma City Thunder,6,5,1,288,106.3,94.1,12.2,17.3,29.1,77.7,55.7,18.9,99.60
2015-16,Pre+Season,MIA,Miami Heat,8,4,4,389,95.9,95.9,0.0,15.4,23.7,76.9,50.7,16.0,99.00
2015-16,Pre+Season,CHI,Chicago Bulls,8,4,4,384,101.7,105.2,-3.5,15.5,29.6,81.5,54.7,14.8,99.60
2015-16,Pre+Season,WAS,Washington Wizards,7,4,3,336,106.8,99.3,7.5,19.1,21.4,73.8,48.4,14.8,105.10
2015-16,Pre+Season,DEN,Denver Nuggets,7,4,3,336,98.6,95.2,3.4,15.5,26.1,76.2,51.7,16.9,101.40
2015-16,Pre+Season,ATL,Atlanta Hawks,7,4,3,336,93.7,94.4,-0.7,15.8,17.4,79.5,50.2,17.8,99.40
2015-16,Pre+Season,PHX,Phoenix Suns,6,4,2,293,96.9,93.6,3.3,16.8,24.9,71.3,48.8,17.0,104.10
2015-16,Pre+Season,NYK,New York Knicks,6,4,2,288,97.3,93.3,4.0,16.7,22.3,75.6,49.6,16.2,100.80
2015-16,Pre+Season,HOU,Houston Rockets,8,3,5,389,101.6,102.3,-0.7,15.6,31.1,79.2,53.3,16.0,104.40
2015-16,Pre+Season,LAL,Los Angeles Lakers,8,3,5,375,103.0,105.1,-2.1,15.1,26.5,73.0,49.6,15.6,98.70
2015-16,Pre+Season,DET,Detroit Pistons,8,3,5,384,104.8,98.0,6.9,17.3,25.6,75.5,51.0,15.8,98.30
2015-16,Pre+Season,GSW,Golden State Warriors,7,3,4,322,101.8,103.0,-1.3,17.8,21.1,75.0,48.7,17.2,106.00
2015-16,Pre+Season,NOP,New Orleans Pelicans,7,3,4,341,98.1,101.6,-3.5,12.5,19.9,74.6,46.7,14.1,103.90
2015-16,Pre+Season,POR,Portland Trail Blazers,7,3,4,346,99.1,97.3,1.8,15.3,25.2,77.8,51.7,17.8,101.90
2015-16,Pre+Season,UTA,Utah Jazz,7,3,4,346,97.3,96.9,0.4,13.6,21.8,75.4,49.0,16.2,97.50
2015-16,Pre+Season,LAC,LA Clippers,6,3,3,288,93.0,97.1,-4.1,17.6,14.9,79.8,45.8,18.7,105.10
2015-16,Pre+Season,PHI,Philadelphia 76ers,7,2,5,336,89.7,98.1,-8.4,13.6,22.9,80.3,50.0,20.2,106.60
2015-16,Pre+Season,MIN,Minnesota Timberwolves,7,2,5,336,98.9,109.7,-10.8,16.8,21.7,72.7,44.8,17.5,96.20
2015-16,Pre+Season,MIL,Milwaukee Bucks,6,2,4,288,99.9,103.2,-3.3,15.7,24.9,74.5,51.2,17.9,101.40
2015-16,Pre+Season,BKN,Brooklyn Nets,6,2,4,288,96.6,97.6,-1.0,15.3,21.3,76.4,48.7,17.3,101.10
2015-16,Pre+Season,SAS,San Antonio Spurs,6,2,4,288,95.7,97.6,-1.9,15.9,19.5,79.9,49.0,17.2,98.00
2015-16,Pre+Season,CLE,Cleveland Cavaliers,7,1,6,336,94.3,100.5,-6.3,17.2,17.3,76.4,47.0,18.1,100.20
2015-16,Pre+Season,Istanbul Fenerbahce Sports Club,Istanbul Fenerbahce Sports Club,2,1,1,96,95.1,108.2,-13.1,18.2,28.7,72.4,49.1,20.9,95.70
2015-16,Pre+Season,DAL,Dallas Mavericks,7,0,7,336,87.7,98.2,-10.5,15.0,18.0,74.8,46.0,17.1,102.00
2015-16,Pre+Season,Bauru Paschoalotto/Bauru,Bauru Paschoalotto/Bauru,2,0,2,96,91.5,118.3,-26.8,14.5,28.4,73.0,47.9,20.7,98.90
2015-16,Pre+Season,Haifa Maccabi Haifa,Haifa Maccabi Haifa,2,0,2,96,84.7,113.1,-28.4,16.8,20.2,60.6,37.1,17.2,98.60
2015-16,Pre+Season,Madrid Real Madrid,Madrid Real Madrid,1,0,1,48,85.2,98.5,-13.3,13.2,24.5,72.5,49.0,23.1,112.60
2015-16,Pre+Season,Milano Olimpia Milano,Milano Olimpia Milano,1,0,1,48,89.2,121.5,-32.3,13.8,23.3,78.4,48.8,21.6,102.00
2015-16,Pre+Season,Flamengo Flamengo,Flamengo Flamengo,1,0,1,48,75.4,93.0,-17.6,16.0,17.8,77.5,45.9,18.6,96.80
2015-16,Regular+Season,GSW,Golden State Warriors,82,73,9,3976,112.5,102.0,10.5,20.5,23.5,76.0,51.3,14.9,101.10
2015-16,Regular+Season,SAS,San Antonio Spurs,82,67,15,3941,108.4,97.2,11.1,18.9,23.0,79.1,52.0,13.7,95.40
2015-16,Regular+Season,CLE,Cleveland Cavaliers,82,57,25,3971,108.1,101.9,6.2,17.5,25.1,78.5,52.0,14.1,95.70
2015-16,Regular+Season,TOR,Toronto Raptors,82,56,26,3956,107.0,102.3,4.7,15.0,24.6,77.7,51.6,13.6,95.50
2015-16,Regular+Season,OKC,Oklahoma City Thunder,82,55,27,3966,109.9,102.6,7.3,16.8,31.1,76.0,54.7,15.9,99.60
2015-16,Regular+Season,LAC,LA Clippers,82,53,29,3966,106.5,102.1,4.4,17.6,20.1,73.8,47.4,13.2,97.40
2015-16,Regular+Season,BOS,Boston Celtics,82,48,34,3956,103.9,100.7,3.2,17.6,25.1,74.6,49.4,13.5,101.20
2015-16,Regular+Season,ATL,Atlanta Hawks,82,48,34,3966,103.0,99.3,3.6,19.1,19.1,74.6,47.5,15.0,99.10
2015-16,Regular+Season,CHA,Charlotte Hornets,82,48,34,3971,105.1,102.3,2.8,16.8,20.0,79.8,49.6,12.7,97.60
2015-16,Regular+Season,MIA,Miami Heat,82,48,34,3966,104.2,102.4,1.7,16.4,23.8,77.8,51.7,14.7,95.30
2015-16,Regular+Season,IND,Indiana Pacers,82,45,37,3976,102.4,100.7,1.7,16.2,23.4,76.0,49.8,14.9,98.80
2015-16,Regular+Season,POR,Portland Trail Blazers,82,44,38,3961,106.1,105.3,0.8,16.2,25.9,76.2,51.0,14.8,98.40
2015-16,Regular+Season,DET,Detroit Pistons,82,44,38,3976,103.3,102.6,0.6,14.9,27.0,79.3,52.1,13.7,97.80
2015-16,Regular+Season,CHI,Chicago Bulls,82,42,40,3981,102.1,103.6,-1.5,17.1,24.5,74.9,50.2,14.0,98.40
2015-16,Regular+Season,DAL,Dallas Mavericks,82,42,40,4001,104.8,105.1,-0.3,17.2,20.6,76.2,48.5,13.1,96.00
2015-16,Regular+Season,MEM,Memphis Grizzlies,82,42,40,3966,102.6,104.9,-2.3,16.1,25.3,75.1,49.1,13.8,95.90
2015-16,Regular+Season,WAS,Washington Wizards,82,41,41,3951,102.9,103.4,-0.5,18.2,20.6,77.7,48.6,14.3,100.70
2015-16,Regular+Season,HOU,Houston Rockets,82,41,41,3966,105.5,105.3,0.2,16.5,25.7,72.8,49.1,15.8,100.20
2015-16,Regular+Season,UTA,Utah Jazz,82,40,42,3991,103.1,101.2,1.9,15.2,25.9,77.7,51.9,15.8,93.40
2015-16,Regular+Season,ORL,Orlando Magic,82,35,47,3981,102.6,104.2,-1.6,17.7,23.1,76.5,49.4,14.2,98.40
2015-16,Regular+Season,SAC,Sacramento Kings,82,33,49,3961,103.3,105.7,-2.4,17.7,23.9,74.9,49.6,15.7,102.50
2015-16,Regular+Season,DEN,Denver Nuggets,82,33,49,3966,102.7,105.9,-3.1,17.0,25.8,77.3,51.1,14.8,98.40
2015-16,Regular+Season,MIL,Milwaukee Bucks,82,33,49,3966,102.2,106.5,-4.3,17.7,24.9,73.1,49.2,15.7,96.20
2015-16,Regular+Season,NYK,New York Knicks,82,32,50,3961,102.0,104.8,-2.8,16.1,23.7,75.8,50.1,13.9,95.80
2015-16,Regular+Season,NOP,New Orleans Pelicans,82,30,52,3956,103.2,107.0,-3.8,16.9,21.2,78.8,49.0,13.5,99.00
2015-16,Regular+Season,MIN,Minnesota Timberwolves,82,29,53,3976,104.3,107.9,-3.6,17.8,24.3,74.7,49.8,15.3,97.20
2015-16,Regular+Season,PHX,Phoenix Suns,82,23,59,3941,99.4,105.9,-6.6,15.5,25.4,77.1,50.6,16.9,101.40
2015-16,Regular+Season,BKN,Brooklyn Nets,82,21,61,3951,100.9,108.4,-7.5,17.1,24.1,75.7,49.4,15.1,97.40
2015-16,Regular+Season,LAL,Los Angeles Lakers,82,17,65,3946,98.6,108.3,-9.7,14.1,23.1,74.7,48.0,13.9,98.50
2015-16,Regular+Season,PHI,Philadelphia 76ers,82,10,72,3961,96.6,106.8,-10.1,16.3,20.6,74.0,46.4,16.2,100.20
2015-16,Playoffs,CLE,Cleveland Cavaliers,21,16,5,1008,112.5,103.2,9.3,17.0,26.8,79.0,53.3,13.4,93.10
2015-16,Playoffs,GSW,Golden State Warriors,24,15,9,1157,108.4,104.0,4.4,18.1,23.9,72.4,48.5,14.1,98.90
2015-16,Playoffs,OKC,Oklahoma City Thunder,18,11,7,864,108.5,103.2,5.4,15.6,29.6,78.7,54.6,14.2,98.00
2015-16,Playoffs,TOR,Toronto Raptors,20,10,10,975,99.0,103.5,-4.5,13.0,25.1,77.3,49.6,13.8,92.90
2015-16,Playoffs,MIA,Miami Heat,14,7,7,687,103.1,99.8,3.3,13.7,23.0,80.5,53.2,14.0,91.90
2015-16,Playoffs,SAS,San Antonio Spurs,10,6,4,480,107.1,97.6,9.6,17.1,20.3,71.7,47.5,12.2,95.20
2015-16,Playoffs,POR,Portland Trail Blazers,11,5,6,533,104.5,107.0,-2.5,16.0,26.6,75.5,50.4,13.0,99.60
2015-16,Playoffs,ATL,Atlanta Hawks,10,4,6,485,100.8,101.8,-1.0,17.3,20.7,75.0,49.1,14.5,98.30
2015-16,Playoffs,CHA,Charlotte Hornets,7,3,4,336,96.4,105.9,-9.5,11.9,15.9,75.9,43.9,10.1,93.70
2015-16,Playoffs,IND,Indiana Pacers,7,3,4,336,103.4,101.8,1.6,15.4,23.5,67.2,46.9,15.9,90.60
2015-16,Playoffs,BOS,Boston Celtics,6,2,4,293,91.3,97.8,-6.5,15.6,21.5,80.6,49.2,14.3,101.00
2015-16,Playoffs,LAC,LA Clippers,6,2,4,288,102.2,101.1,1.0,14.4,23.5,71.3,47.6,10.0,96.20
2015-16,Playoffs,HOU,Houston Rockets,5,1,4,240,89.2,107.6,-18.4,13.4,29.9,77.1,52.1,18.6,102.30
2015-16,Playoffs,DAL,Dallas Mavericks,5,1,4,240,99.3,118.6,-19.3,16.6,21.5,65.5,42.6,12.5,94.40
2015-16,Playoffs,MEM,Memphis Grizzlies,4,0,4,192,89.3,113.6,-24.3,13.6,28.8,77.3,49.4,17.1,90.70
2015-16,Playoffs,DET,Detroit Pistons,4,0,4,192,107.4,117.0,-9.6,18.6,18.4,75.5,47.9,11.9,88.40
2015-16,All+Star,West NBA All Stars West,West NBA All Stars West,1,1,0,48,133.4,117.8,15.7,23.7,28.8,73.7,50.9,9.5,146.90
2015-16,All+Star,East NBA All Stars East,East NBA All Stars East,1,0,1,48,116.7,132.3,-15.5,17.2,26.3,71.2,49.1,16.2,148.20
2016-17,Pre+Season,GSW,Golden State Warriors,7,6,1,341,107.2,96.6,10.6,19.0,20.3,77.2,50.0,17.4,103.60
2016-17,Pre+Season,HOU,Houston Rockets,7,5,2,346,111.1,101.4,9.8,17.2,27.2,81.8,54.0,14.5,103.60
2016-17,Pre+Season,BOS,Boston Celtics,7,5,2,336,100.6,94.9,5.6,16.8,20.8,75.4,48.7,17.1,104.40
2016-17,Pre+Season,MIN,Minnesota Timberwolves,7,5,2,336,97.4,91.5,5.9,13.8,24.8,79.7,52.1,17.3,103.40
2016-17,Pre+Season,ATL,Atlanta Hawks,7,5,2,336,97.4,91.6,5.8,19.2,23.2,80.4,52.8,16.3,100.60
2016-17,Pre+Season,DEN,Denver Nuggets,8,4,4,389,100.0,99.5,0.5,16.0,28.8,79.9,54.5,17.4,102.90
2016-17,Pre+Season,MIA,Miami Heat,8,4,4,384,103.2,97.7,5.6,16.8,19.5,77.7,50.1,15.8,101.20
2016-17,Pre+Season,WAS,Washington Wizards,7,4,3,346,102.4,95.4,7.0,17.1,23.3,78.6,50.1,14.1,100.50
2016-17,Pre+Season,POR,Portland Trail Blazers,7,4,3,341,100.2,100.2,0.0,15.8,20.0,79.1,50.7,16.2,99.90
2016-17,Pre+Season,TOR,Toronto Raptors,7,4,3,336,106.1,104.3,1.8,13.9,25.6,76.5,50.2,14.9,97.90
2016-17,Pre+Season,PHX,Phoenix Suns,6,4,2,288,95.9,95.1,0.8,12.9,28.0,72.7,49.6,17.3,108.00
2016-17,Pre+Season,NYK,New York Knicks,6,4,2,288,104.6,102.8,1.8,18.2,29.2,75.5,51.0,17.3,104.10
2016-17,Pre+Season,MEM,Memphis Grizzlies,6,4,2,298,100.8,95.8,5.0,14.8,21.1,77.1,47.4,13.8,102.90
2016-17,Pre+Season,SAS,San Antonio Spurs,6,4,2,288,95.7,91.8,3.9,17.0,21.1,75.9,50.3,18.2,101.50
2016-17,Pre+Season,CHI,Chicago Bulls,7,3,4,341,101.0,98.5,2.5,17.5,24.7,80.2,52.8,16.7,101.80
2016-17,Pre+Season,CHA,Charlotte Hornets,7,3,4,341,90.2,97.3,-7.2,14.5,20.9,78.2,49.0,15.5,100.20
2016-17,Pre+Season,IND,Indiana Pacers,6,3,3,288,103.9,102.2,1.6,17.5,22.4,79.6,49.9,13.1,103.20
2016-17,Pre+Season,OKC,Oklahoma City Thunder,6,3,3,293,102.1,101.3,0.8,15.4,26.2,76.7,52.5,19.3,102.80
2016-17,Pre+Season,SAC,Sacramento Kings,6,3,3,288,104.7,100.7,4.1,18.4,20.9,78.1,51.9,21.0,102.50
2016-17,Pre+Season,LAC,LA Clippers,6,3,3,288,92.0,102.5,-10.5,16.8,14.8,80.0,45.9,18.8,100.00
2016-17,Pre+Season,UTA,Utah Jazz,6,3,3,288,99.1,95.9,3.2,14.2,23.4,80.5,53.3,18.9,98.70
2016-17,Pre+Season,DET,Detroit Pistons,6,3,3,288,97.4,92.8,4.7,16.5,23.8,79.5,51.8,17.4,96.70
2016-17,Pre+Season,MIL,Milwaukee Bucks,6,3,3,288,92.3,99.0,-6.7,15.0,24.1,73.6,48.3,17.8,97.30
2016-17,Pre+Season,LAL,Los Angeles Lakers,8,2,6,389,99.6,100.9,-1.3,16.0,21.1,73.6,46.7,16.0,104.90
2016-17,Pre+Season,PHI,Philadelphia 76ers,7,2,5,346,91.6,101.8,-10.2,14.0,22.2,79.6,50.2,19.5,102.20
2016-17,Pre+Season,ORL,Orlando Magic,7,2,5,341,95.8,103.0,-7.2,15.2,21.9,80.8,50.3,18.6,101.60
2016-17,Pre+Season,DAL,Dallas Mavericks,7,2,5,336,95.7,104.7,-9.0,15.2,24.2,73.1,47.8,15.4,98.20
2016-17,Pre+Season,CLE,Cleveland Cavaliers,6,2,4,288,98.6,103.2,-4.5,18.5,12.6,77.6,45.3,15.2,103.20
2016-17,Pre+Season,BKN,Brooklyn Nets,6,1,5,288,96.3,106.0,-9.7,16.2,15.9,73.3,44.2,17.2,104.90
2016-17,Pre+Season,NOP,New Orleans Pelicans,6,1,5,293,100.5,105.4,-4.9,18.2,17.5,73.9,48.6,15.2,103.20
2016-17,Pre+Season,Madrid Real Madrid,Madrid Real Madrid,1,1,0,53,127.2,122.8,4.5,20.7,31.4,70.7,52.6,21.5,101.10
2016-17,Pre+Season,Shanghai Shanghai Sharks,Shanghai Shanghai Sharks,1,0,1,48,85.0,118.5,-33.5,13.4,13.6,71.4,44.1,19.0,110.60
2016-17,Pre+Season,Haifa Maccabi Haifa,Haifa Maccabi Haifa,1,0,1,48,89.0,125.1,-36.1,13.5,28.0,77.8,45.5,22.2,107.90
2016-17,Pre+Season,Barcelona FC Barcelona Lassa,Barcelona FC Barcelona Lassa,1,0,1,48,92.9,96.0,-3.1,19.1,17.1,78.6,44.4,24.0,95.80
2016-17,Pre+Season,Buenos Aires San Lorenzo,Buenos Aires San Lorenzo,1,0,1,48,116.0,134.8,-18.8,21.3,36.1,66.7,50.0,18.8,90.50
2016-17,Regular+Season,GSW,Golden State Warriors,82,67,15,3956,113.2,101.8,11.4,21.4,22.8,74.9,50.5,14.4,101.90
2016-17,Regular+Season,SAS,San Antonio Spurs,82,61,21,3961,108.8,101.4,7.4,18.2,24.0,77.6,51.4,13.9,96.20
2016-17,Regular+Season,HOU,Houston Rockets,82,55,27,3956,111.8,106.2,5.6,18.1,24.6,75.8,50.2,14.7,102.60
2016-17,Regular+Season,BOS,Boston Celtics,82,53,29,3951,108.6,105.9,2.6,18.9,21.2,75.3,48.5,13.3,99.10
2016-17,Regular+Season,CLE,Cleveland Cavaliers,82,51,31,3976,110.9,107.7,3.2,17.2,21.9,75.8,49.7,13.7,98.50
2016-17,Regular+Season,LAC,LA Clippers,82,51,31,3951,110.3,105.9,4.4,17.3,21.5,76.9,49.9,13.1,98.20
2016-17,Regular+Season,TOR,Toronto Raptors,82,51,31,3956,109.8,105.5,4.3,14.6,25.0,76.3,50.7,13.0,96.80
2016-17,Regular+Season,UTA,Utah Jazz,82,51,31,3951,107.4,103.2,4.2,16.3,23.2,78.9,51.8,14.5,93.40
2016-17,Regular+Season,WAS,Washington Wizards,82,49,33,3971,108.5,106.7,1.8,17.7,24.1,75.5,49.9,14.1,99.80
2016-17,Regular+Season,OKC,Oklahoma City Thunder,82,47,35,3961,105.0,104.2,0.7,15.6,27.9,79.0,53.4,14.8,100.90
2016-17,Regular+Season,ATL,Atlanta Hawks,82,43,39,3976,102.3,103.2,-0.8,17.5,23.6,76.1,50.3,15.7,99.80
2016-17,Regular+Season,MEM,Memphis Grizzlies,82,43,39,3981,104.7,104.2,0.5,16.6,24.8,77.5,50.4,13.5,94.90
2016-17,Regular+Season,IND,Indiana Pacers,82,42,40,3971,106.2,106.4,-0.2,17.2,21.2,75.5,48.7,13.9,98.10
2016-17,Regular+Season,MIL,Milwaukee Bucks,82,42,40,3956,106.9,107.1,-0.2,18.6,21.5,75.4,48.8,14.4,96.40
2016-17,Regular+Season,POR,Portland Trail Blazers,82,41,41,3986,107.8,108.3,-0.5,16.1,23.0,76.8,49.8,13.7,98.80
2016-17,Regular+Season,CHI,Chicago Bulls,82,41,41,3956,104.6,104.1,0.4,17.0,27.0,76.8,51.7,13.8,97.90
2016-17,Regular+Season,MIA,Miami Heat,82,41,41,3956,105.2,104.1,1.1,16.3,24.2,76.4,50.0,13.7,97.60
2016-17,Regular+Season,DEN,Denver Nuggets,82,40,42,3951,110.0,109.5,0.5,18.3,27.3,78.7,53.2,14.7,101.20
2016-17,Regular+Season,DET,Detroit Pistons,82,37,45,3961,103.3,104.4,-1.1,16.2,24.1,81.2,51.6,12.1,97.50
2016-17,Regular+Season,CHA,Charlotte Hornets,82,36,46,3966,106.4,106.2,0.2,17.7,19.9,79.6,49.5,11.7,97.80
2016-17,Regular+Season,NOP,New Orleans Pelicans,82,34,48,3981,103.3,105.4,-2.1,17.2,18.5,76.8,47.5,12.7,99.90
2016-17,Regular+Season,DAL,Dallas Mavericks,82,33,49,3956,103.7,106.8,-3.1,16.9,18.1,77.6,46.4,12.6,93.90
2016-17,Regular+Season,SAC,Sacramento Kings,82,32,50,3976,104.6,108.5,-3.9,17.4,21.0,76.3,48.9,14.9,97.30
2016-17,Regular+Season,NYK,New York Knicks,82,31,51,3971,104.7,108.4,-3.7,16.3,26.6,74.1,50.3,13.9,98.80
2016-17,Regular+Season,MIN,Minnesota Timberwolves,82,31,51,3961,108.1,109.2,-1.1,17.8,27.2,75.9,51.2,14.4,97.00
2016-17,Regular+Season,ORL,Orlando Magic,82,29,53,3961,101.2,107.8,-6.6,16.8,21.6,77.4,48.7,13.3,99.20
2016-17,Regular+Season,PHI,Philadelphia 76ers,82,28,54,3966,100.7,106.2,-5.6,17.6,22.4,75.3,48.8,16.4,101.00
2016-17,Regular+Season,LAL,Los Angeles Lakers,82,26,56,3941,103.4,110.3,-6.8,15.7,25.0,75.8,49.5,15.0,101.00
2016-17,Regular+Season,PHX,Phoenix Suns,82,24,58,3966,103.9,109.3,-5.4,14.5,26.0,76.4,50.5,14.9,102.90
2016-17,Regular+Season,BKN,Brooklyn Nets,82,20,62,3951,101.9,108.4,-6.5,16.0,19.6,76.1,48.2,15.9,103.40
2016-17,Playoffs,GSW,Golden State Warriors,17,16,1,816,116.3,103.2,13.2,20.2,22.4,76.6,51.4,13.3,102.50
2016-17,Playoffs,CLE,Cleveland Cavaliers,18,13,5,864,118.1,110.0,8.1,17.0,23.6,76.1,51.2,13.3,98.40
2016-17,Playoffs,BOS,Boston Celtics,18,9,9,869,108.5,111.5,-3.0,20.2,22.2,71.5,46.0,13.9,96.40
2016-17,Playoffs,SAS,San Antonio Spurs,16,8,8,778,110.3,109.2,1.0,16.2,29.1,78.5,52.8,13.1,95.80
2016-17,Playoffs,WAS,Washington Wizards,13,7,6,629,106.9,106.9,0.0,16.9,26.6,76.2,51.3,13.6,100.30
2016-17,Playoffs,HOU,Houston Rockets,11,6,5,533,107.2,106.1,1.2,15.0,22.7,71.7,47.8,13.9,99.50
2016-17,Playoffs,UTA,Utah Jazz,11,4,7,528,104.1,109.1,-5.0,16.4,16.8,81.3,48.9,12.9,94.00
2016-17,Playoffs,TOR,Toronto Raptors,10,4,6,480,101.3,107.2,-6.0,16.1,17.3,81.3,49.6,13.5,95.50
2016-17,Playoffs,LAC,LA Clippers,7,3,4,336,106.2,107.5,-1.2,15.6,19.9,82.0,50.1,13.2,92.00
2016-17,Playoffs,ATL,Atlanta Hawks,6,2,4,288,103.5,104.7,-1.1,16.5,26.4,77.3,51.8,15.7,101.90
2016-17,Playoffs,CHI,Chicago Bulls,6,2,4,288,102.6,109.9,-7.3,15.8,29.6,78.5,54.5,16.3,94.10
2016-17,Playoffs,MIL,Milwaukee Bucks,6,2,4,288,100.7,101.4,-0.7,17.4,19.1,80.6,47.6,14.4,92.50
2016-17,Playoffs,MEM,Memphis Grizzlies,6,2,4,293,107.3,116.6,-9.3,16.2,20.3,73.9,47.0,12.6,88.20
2016-17,Playoffs,OKC,Oklahoma City Thunder,5,1,4,240,104.3,112.9,-8.6,15.0,26.0,74.8,49.0,12.8,99.90
2016-17,Playoffs,POR,Portland Trail Blazers,4,0,4,192,96.3,113.4,-17.1,12.0,20.6,81.0,48.6,14.5,105.40
2016-17,Playoffs,IND,Indiana Pacers,4,0,4,192,111.0,115.1,-4.1,17.0,28.3,75.2,51.4,13.5,98.00
2016-17,All+Star,West NBA All Stars West,West NBA All Stars West,1,1,0,48,130.8,124.0,6.8,27.1,27.3,82.1,55.0,11.6,146.80
2016-17,All+Star,East NBA All Stars East,East NBA All Stars East,1,0,1,48,123.2,129.9,-6.8,21.4,17.9,72.7,45.0,12.9,147.80
2017-18,Pre+Season,POR,Portland Trail Blazers,6,5,1,288,110.0,93.7,16.2,15.1,25.2,79.4,52.9,14.5,104.70
2017-18,Pre+Season,UTA,Utah Jazz,5,5,0,240,109.0,89.8,19.2,18.8,24.8,81.8,54.2,17.8,103.10
2017-18,Pre+Season,DAL,Dallas Mavericks,6,4,2,288,100.5,96.0,4.6,16.9,20.5,82.5,51.6,16.5,102.10
2017-18,Pre+Season,WAS,Washington Wizards,5,4,1,236,107.5,99.4,8.1,17.9,24.7,80.8,53.4,17.6,103.10
2017-18,Pre+Season,HOU,Houston Rockets,5,4,1,240,110.9,92.4,18.5,19.9,19.6,82.7,51.9,17.9,101.60
2017-18,Pre+Season,BOS,Boston Celtics,4,4,0,192,102.9,92.0,10.9,16.9,22.3,81.2,50.5,13.8,103.30
2017-18,Pre+Season,MIA,Miami Heat,6,3,3,288,93.7,99.2,-5.5,15.5,18.7,76.3,47.8,17.5,105.80
2017-18,Pre+Season,CHI,Chicago Bulls,6,3,3,283,97.8,105.1,-7.3,19.6,17.3,85.8,50.2,17.7,104.10
2017-18,Pre+Season,ORL,Orlando Magic,6,3,3,288,96.3,94.2,2.1,18.0,19.5,77.1,48.4,15.7,102.80
2017-18,Pre+Season,MEM,Memphis Grizzlies,5,3,2,240,97.9,89.2,8.6,16.2,21.8,85.0,53.8,16.7,106.50
2017-18,Pre+Season,TOR,Toronto Raptors,5,3,2,240,104.0,97.9,6.1,17.0,20.2,83.7,51.6,18.8,105.30
2017-18,Pre+Season,DEN,Denver Nuggets,5,3,2,240,99.9,100.3,-0.4,17.8,20.4,77.2,47.6,16.8,105.90
2017-18,Pre+Season,SAS,San Antonio Spurs,5,3,2,235,110.2,102.1,8.1,19.8,23.5,78.1,53.6,18.1,97.90
2017-18,Pre+Season,BKN,Brooklyn Nets,4,3,1,192,103.4,93.8,9.6,15.4,21.0,80.2,51.4,17.8,109.50
2017-18,Pre+Season,IND,Indiana Pacers,4,3,1,192,102.1,94.5,7.6,17.9,18.5,81.2,50.2,16.5,101.60
2017-18,Pre+Season,OKC,Oklahoma City Thunder,4,3,1,192,94.5,90.8,3.7,14.5,22.9,79.5,52.0,19.1,100.80
2017-18,Pre+Season,LAL,Los Angeles Lakers,6,2,4,288,94.8,98.9,-4.1,17.9,19.4,80.1,51.0,19.1,104.70
2017-18,Pre+Season,PHI,Philadelphia 76ers,5,2,3,240,97.9,98.4,-0.5,17.3,15.1,78.5,48.9,16.5,110.10
2017-18,Pre+Season,LAC,LA Clippers,5,2,3,240,97.3,99.5,-2.2,17.1,16.3,76.4,47.2,20.2,108.00
2017-18,Pre+Season,PHX,Phoenix Suns,5,2,3,240,99.8,102.6,-2.8,14.4,17.9,72.0,48.1,18.1,107.20
2017-18,Pre+Season,ATL,Atlanta Hawks,5,2,3,240,92.1,94.8,-2.7,16.8,18.0,78.2,47.7,18.4,104.20
2017-18,Pre+Season,CHA,Charlotte Hornets,5,2,3,240,98.1,98.7,-0.6,14.9,21.2,81.2,50.3,16.2,103.60
2017-18,Pre+Season,DET,Detroit Pistons,5,2,3,240,105.5,105.3,0.2,17.7,25.7,83.7,53.3,13.9,98.00
2017-18,Pre+Season,GSW,Golden State Warriors,4,2,2,192,110.7,105.6,5.1,19.1,29.9,74.3,51.5,16.3,103.00
2017-18,Pre+Season,MIN,Minnesota Timberwolves,3,2,1,144,102.7,104.9,-2.2,17.6,26.5,76.7,50.4,19.0,106.80
2017-18,Pre+Season,SAC,Sacramento Kings,6,1,5,288,92.9,102.8,-9.9,15.4,20.4,75.5,46.7,17.6,97.60
2017-18,Pre+Season,CLE,Cleveland Cavaliers,5,1,4,240,94.5,101.2,-6.7,17.5,19.6,79.9,49.8,19.8,104.90
2017-18,Pre+Season,NOP,New Orleans Pelicans,4,1,3,187,96.9,108.5,-11.6,15.6,15.7,80.2,47.0,17.0,105.70
2017-18,Pre+Season,MIL,Milwaukee Bucks,4,1,3,192,99.7,107.0,-7.3,19.8,17.8,73.6,46.9,18.0,99.80
2017-18,Pre+Season,NYK,New York Knicks,5,0,5,240,92.4,106.5,-14.2,14.3,19.7,80.7,48.4,19.3,105.70
2017-18,Pre+Season,Haifa Maccabi Haifa,Haifa Maccabi Haifa,3,0,3,144,80.0,114.2,-34.2,11.8,23.2,75.2,45.3,21.3,103.30
2017-18,Pre+Season,Shanghai Sharks,Shanghai Sharks,1,0,1,48,75.4,132.5,-57.0,12.6,4.5,78.4,38.3,27.6,108.70
2017-18,Pre+Season,Brisbane Bullets,Brisbane Bullets,1,0,1,48,90.3,110.6,-20.4,13.6,31.0,81.8,52.9,14.6,103.00
2017-18,Pre+Season,Guangzhou Long-Lions,Guangzhou Long-Lions,1,0,1,44,94.7,119.9,-25.3,11.9,22.0,64.3,39.1,11.6,103.30
2017-18,Pre+Season,SAC,Sacramento Kings,1,0,1,48,81.8,106.4,-24.6,10.7,16.3,78.4,45.0,19.7,101.50
2017-18,Pre+Season,Melbourne United,Melbourne United,1,0,1,48,91.8,92.9,-1.1,13.5,34.8,68.0,52.1,18.4,92.60
2017-18,Regular+Season,HOU,Houston Rockets,82,65,17,3951,112.2,103.8,8.5,16.5,21.3,79.9,50.8,13.8,99.70
2017-18,Regular+Season,TOR,Toronto Raptors,82,59,23,3966,111.0,103.2,7.7,18.1,23.0,77.7,50.9,13.3,99.90
2017-18,Regular+Season,GSW,Golden State Warriors,82,58,24,3946,112.3,106.4,5.9,21.1,21.1,76.3,50.6,15.3,100.80
2017-18,Regular+Season,BOS,Boston Celtics,82,55,27,3961,105.3,101.6,3.6,17.2,21.5,78.4,50.3,14.2,98.20
2017-18,Regular+Season,PHI,Philadelphia 76ers,82,52,30,3956,107.4,103.0,4.4,19.3,25.3,78.6,52.9,16.1,101.70
2017-18,Regular+Season,CLE,Cleveland Cavaliers,82,50,32,3946,110.6,109.6,0.9,17.7,20.1,77.3,49.1,13.7,100.00
2017-18,Regular+Season,POR,Portland Trail Blazers,82,49,33,3951,106.1,103.5,2.6,15.1,23.3,79.1,51.4,13.6,99.10
2017-18,Regular+Season,NOP,New Orleans Pelicans,82,48,34,3991,107.7,106.4,1.3,19.2,20.0,76.7,49.4,14.4,102.30
2017-18,Regular+Season,OKC,Oklahoma City Thunder,82,48,34,3966,107.6,104.2,3.4,15.9,27.7,77.4,51.7,14.0,99.50
2017-18,Regular+Season,IND,Indiana Pacers,82,48,34,3951,107.2,105.8,1.4,17.0,22.7,76.2,49.6,13.5,98.10
2017-18,Regular+Season,UTA,Utah Jazz,82,48,34,3951,106.2,101.8,4.4,17.3,21.5,79.8,51.0,15.0,97.70
2017-18,Regular+Season,MIN,Minnesota Timberwolves,82,47,35,3961,110.8,108.5,2.3,17.2,24.4,76.4,50.1,12.6,98.20
2017-18,Regular+Season,SAS,San Antonio Spurs,82,47,35,3946,105.5,102.6,3.0,17.5,23.7,78.6,51.0,13.5,97.10
2017-18,Regular+Season,DEN,Denver Nuggets,82,46,36,3976,109.6,108.1,1.5,18.4,25.7,77.5,51.7,14.9,99.40
2017-18,Regular+Season,MIL,Milwaukee Bucks,82,44,38,3966,107.8,108.1,-0.3,17.8,20.4,75.9,48.3,14.0,98.00
2017-18,Regular+Season,MIA,Miami Heat,82,44,38,3986,104.5,104.0,0.5,17.3,21.5,79.0,50.2,14.5,97.70
2017-18,Regular+Season,WAS,Washington Wizards,82,43,39,3971,106.9,106.3,0.6,18.7,23.5,77.1,50.3,14.6,98.80
2017-18,Regular+Season,LAC,LA Clippers,82,42,40,3941,107.7,107.7,0.0,16.7,23.5,76.1,50.1,14.5,101.10
2017-18,Regular+Season,DET,Detroit Pistons,82,39,43,3961,104.9,105.0,-0.1,17.3,22.7,78.5,50.0,13.6,98.30
2017-18,Regular+Season,CHA,Charlotte Hornets,82,36,46,3956,107.0,106.7,0.3,16.3,22.2,80.7,51.0,12.5,100.60
2017-18,Regular+Season,LAL,Los Angeles Lakers,82,35,47,3981,104.2,105.7,-1.5,17.2,23.6,77.7,50.9,15.2,102.60
2017-18,Regular+Season,NYK,New York Knicks,82,29,53,3966,104.1,107.7,-3.5,17.4,24.1,76.7,50.5,14.7,99.60
2017-18,Regular+Season,BKN,Brooklyn Nets,82,28,54,3971,104.3,108.0,-3.7,17.5,21.0,77.0,48.7,14.9,101.30
2017-18,Regular+Season,CHI,Chicago Bulls,82,27,55,3971,101.3,108.2,-6.9,17.4,20.6,80.6,49.4,13.8,100.70
2017-18,Regular+Season,SAC,Sacramento Kings,82,27,55,3951,101.1,108.3,-7.1,16.7,21.4,77.6,48.3,14.0,97.40
2017-18,Regular+Season,ORL,Orlando Magic,82,25,57,3946,102.8,107.6,-4.8,17.6,20.0,75.6,47.6,14.4,100.40
2017-18,Regular+Season,ATL,Atlanta Hawks,82,24,58,3941,102.4,107.8,-5.4,17.8,21.1,76.2,48.7,15.4,100.80
2017-18,Regular+Season,DAL,Dallas Mavericks,82,24,58,3961,104.1,107.2,-3.1,17.6,18.0,78.9,47.4,12.5,97.60
2017-18,Regular+Season,MEM,Memphis Grizzlies,82,22,60,3941,101.8,108.2,-6.4,16.8,22.4,76.5,48.8,15.3,97.40
2017-18,Regular+Season,PHX,Phoenix Suns,82,21,61,3941,100.8,109.9,-9.1,15.8,22.5,76.5,49.0,15.3,102.90
2017-18,Playoffs,GSW,Golden State Warriors,21,16,5,1013,111.9,101.8,10.1,19.5,21.8,77.6,51.1,13.0,98.20
2017-18,Playoffs,CLE,Cleveland Cavaliers,22,12,10,1066,106.5,108.4,-1.8,15.5,23.5,79.4,50.8,13.4,94.00
2017-18,Playoffs,BOS,Boston Celtics,19,11,8,922,105.1,104.4,0.7,16.8,20.4,79.5,49.3,12.1,95.40
2017-18,Playoffs,HOU,Houston Rockets,17,11,6,816,106.7,104.8,1.9,14.9,20.0,80.1,49.7,12.3,98.40
2017-18,Playoffs,UTA,Utah Jazz,11,5,6,528,102.9,105.1,-2.2,15.7,20.8,80.8,50.5,15.6,99.50
2017-18,Playoffs,PHI,Philadelphia 76ers,10,5,5,485,106.5,102.7,3.8,18.3,29.1,80.8,54.6,14.3,101.10
2017-18,Playoffs,NOP,New Orleans Pelicans,9,5,4,432,105.4,106.1,-0.7,19.3,17.7,78.8,49.3,13.8,104.40
2017-18,Playoffs,TOR,Toronto Raptors,10,4,6,485,110.1,114.7,-4.5,16.9,23.2,79.1,50.6,14.4,96.40
2017-18,Playoffs,MIL,Milwaukee Bucks,7,3,4,341,107.7,108.3,-0.6,18.0,14.7,75.5,47.2,13.9,93.20
2017-18,Playoffs,IND,Indiana Pacers,7,3,4,336,107.4,101.3,6.1,17.2,21.6,77.7,50.8,14.0,93.60
2017-18,Playoffs,OKC,Oklahoma City Thunder,6,2,4,288,100.7,105.0,-4.3,12.9,20.8,75.4,48.4,13.9,100.50
2017-18,Playoffs,WAS,Washington Wizards,6,2,4,288,106.7,108.7,-2.0,17.6,21.2,78.1,49.7,13.4,100.40
2017-18,Playoffs,MIA,Miami Heat,5,1,4,240,101.6,112.2,-10.6,17.6,20.7,70.4,45.1,15.7,101.80
2017-18,Playoffs,MIN,Minnesota Timberwolves,5,1,4,240,105.1,114.2,-9.1,17.6,20.1,80.3,51.1,13.0,96.60
2017-18,Playoffs,SAS,San Antonio Spurs,5,1,4,240,100.3,109.4,-9.1,15.3,18.5,73.7,44.2,11.4,96.50
2017-18,Playoffs,POR,Portland Trail Blazers,4,0,4,192,104.3,113.2,-8.9,14.5,23.9,81.1,50.1,14.3,101.20
2017-18,All+Star,Team LeBron,Team LeBron,1,1,0,48,116.9,114.5,2.4,22.6,18.5,61.9,41.9,11.1,126.60
2017-18,All+Star,Team Stephen,Team Stephen,1,0,1,48,114.5,116.8,-2.4,18.8,38.1,81.5,58.1,13.4,126.70
2018-19,Pre+Season,UTA,Utah Jazz,5,5,0,240,112.5,84.7,27.8,20.2,21.4,80.1,54.2,17.1,110.10
2018-19,Pre+Season,LAC,LA Clippers,5,5,0,240,107.1,85.4,21.6,18.9,27.0,79.1,54.3,15.7,107.20
2018-19,Pre+Season,TOR,Toronto Raptors,5,4,1,240,106.0,90.9,15.1,13.8,21.8,75.9,49.6,15.6,110.20
2018-19,Pre+Season,CHA,Charlotte Hornets,5,4,1,240,104.7,100.3,4.4,17.7,13.4,79.5,48.5,15.2,109.10
2018-19,Pre+Season,WAS,Washington Wizards,5,4,1,245,108.6,99.5,9.1,18.8,25.0,81.0,53.5,17.0,107.20
2018-19,Pre+Season,DEN,Denver Nuggets,5,4,1,240,101.3,96.4,4.9,18.0,23.3,81.9,52.2,18.6,105.40
2018-19,Pre+Season,HOU,Houston Rockets,5,4,1,240,112.2,96.8,15.5,17.9,24.3,78.1,51.2,18.1,104.80
2018-19,Pre+Season,LAL,Los Angeles Lakers,6,3,3,288,100.0,100.9,-0.9,17.6,18.0,74.3,48.3,18.4,112.50
2018-19,Pre+Season,MIA,Miami Heat,6,3,3,288,101.9,102.1,-0.2,14.6,24.0,84.4,51.9,16.9,110.60
2018-19,Pre+Season,NYK,New York Knicks,5,3,2,245,97.1,97.8,-0.7,14.3,20.0,75.3,48.0,16.8,109.40
2018-19,Pre+Season,POR,Portland Trail Blazers,5,3,2,240,108.0,102.5,5.5,18.2,23.6,77.8,52.7,16.4,104.60
2018-19,Pre+Season,SAS,San Antonio Spurs,5,3,2,240,105.2,99.6,5.6,18.0,19.9,77.2,50.4,14.4,102.80
2018-19,Pre+Season,MIL,Milwaukee Bucks,4,3,1,197,112.0,96.3,15.7,18.4,23.2,74.5,51.9,15.0,108.50
2018-19,Pre+Season,PHI,Philadelphia 76ers,4,3,1,192,107.1,100.3,6.8,19.2,28.2,82.7,55.0,19.3,106.50
2018-19,Pre+Season,OKC,Oklahoma City Thunder,4,3,1,197,100.5,93.8,6.7,14.0,31.8,81.8,55.5,15.4,105.70
2018-19,Pre+Season,SAC,Sacramento Kings,6,2,4,288,102.1,108.1,-6.0,17.2,22.3,79.2,47.6,12.6,108.20
2018-19,Pre+Season,ATL,Atlanta Hawks,5,2,3,240,100.4,103.6,-3.2,16.4,22.0,75.8,49.3,19.6,112.10
2018-19,Pre+Season,CHI,Chicago Bulls,5,2,3,240,94.8,98.1,-3.3,14.9,17.4,79.8,48.0,13.4,107.80
2018-19,Pre+Season,MEM,Memphis Grizzlies,5,2,3,245,98.7,105.1,-6.5,16.0,15.1,73.0,44.9,18.5,105.80
2018-19,Pre+Season,ORL,Orlando Magic,5,2,3,240,97.7,92.5,5.2,18.1,16.6,83.5,50.5,13.7,103.40
2018-19,Pre+Season,PHX,Phoenix Suns,5,2,3,240,97.2,106.4,-9.2,16.2,26.6,77.7,51.7,19.0,100.00
2018-19,Pre+Season,DET,Detroit Pistons,5,2,3,245,102.4,103.6,-1.2,17.1,23.8,75.3,47.4,11.7,100.20
2018-19,Pre+Season,IND,Indiana Pacers,4,2,2,197,95.2,95.4,-0.2,14.4,27.4,80.9,54.4,18.2,106.00
2018-19,Pre+Season,BKN,Brooklyn Nets,4,2,2,197,95.9,101.4,-5.5,15.7,26.4,75.0,51.3,20.7,105.70
2018-19,Pre+Season,DAL,Dallas Mavericks,4,2,2,192,109.8,99.1,10.7,18.7,25.5,75.8,52.2,17.1,105.40
2018-19,Pre+Season,CLE,Cleveland Cavaliers,4,2,2,192,104.3,106.7,-2.4,13.8,24.7,80.8,52.1,14.7,102.40
2018-19,Pre+Season,MIN,Minnesota Timberwolves,5,1,4,240,98.2,111.8,-13.5,12.1,21.1,75.7,46.4,15.3,110.80
2018-19,Pre+Season,GSW,Golden State Warriors,5,1,4,240,103.0,104.5,-1.5,18.6,22.7,74.6,49.5,16.2,108.60
2018-19,Pre+Season,BOS,Boston Celtics,4,1,3,192,96.6,101.8,-5.2,14.0,21.0,78.2,48.7,12.0,105.80
2018-19,Pre+Season,NOP,New Orleans Pelicans,5,0,5,240,97.6,107.8,-10.2,16.5,21.3,77.3,49.2,17.3,115.70
2018-19,Pre+Season,Haifa Maccabi Haifa,Haifa Maccabi Haifa,2,0,2,96,80.2,116.6,-36.4,12.7,21.2,66.7,41.7,19.1,109.70
2018-19,Pre+Season,Perth Wildcats,Perth Wildcats,2,0,2,96,77.1,108.9,-31.8,11.3,19.0,70.5,41.6,17.3,103.80
2018-19,Pre+Season,Melbourne United,Melbourne United,2,0,2,96,81.3,109.7,-28.4,10.7,21.8,73.4,44.4,19.6,102.10
2018-19,Pre+Season,Adelaide 36ers,Adelaide 36ers,1,0,1,48,87.1,113.6,-26.4,11.0,15.1,80.9,46.0,17.6,113.60
2018-19,Pre+Season,SAC,Sacramento Kings,1,0,1,48,87.3,105.5,-18.2,14.3,23.8,78.3,52.3,24.9,104.20
2018-19,Pre+Season,Shanghai Sharks,Shanghai Sharks,1,0,1,48,82.9,123.4,-40.5,11.9,18.4,74.4,46.8,23.1,103.70
2018-19,Pre+Season,Guangzhou Long-Lions,Guangzhou Long-Lions,1,0,1,48,109.2,137.7,-28.5,16.2,26.1,61.1,41.5,17.7,101.70
2018-19,Pre+Season,New Zealand Breakers,New Zealand Breakers,1,0,1,48,84.1,88.9,-4.9,12.4,20.8,72.7,44.3,13.7,102.30
2018-19,Pre+Season,Flamengo Flamengo,Flamengo Flamengo,1,0,1,48,80.7,117.2,-36.4,12.6,17.6,85.3,44.7,15.8,101.60
2018-19,Pre+Season,Beijing Ducks,Beijing Ducks,1,0,1,48,69.5,128.0,-58.5,10.6,22.0,64.7,39.3,18.8,90.60
2018-19,Playoffs,TOR,Toronto Raptors,24,16,8,1162,107.9,102.4,5.5,17.4,18.9,77.7,48.3,12.2,97.90
2018-19,Playoffs,GSW,Golden State Warriors,22,14,8,1066,112.3,109.0,3.3,20.3,24.8,76.6,51.4,14.7,100.70
2018-19,Playoffs,MIL,Milwaukee Bucks,15,10,5,730,109.0,100.5,8.5,18.0,21.7,83.0,53.5,12.6,102.10
2018-19,Playoffs,POR,Portland Trail Blazers,16,8,8,793,106.7,108.0,-1.3,14.7,24.4,72.4,48.3,12.5,99.60
2018-19,Playoffs,DEN,Denver Nuggets,14,7,7,692,111.3,109.4,1.9,17.8,27.4,74.8,50.7,10.0,95.20
2018-19,Playoffs,PHI,Philadelphia 76ers,12,7,5,576,106.2,103.3,2.9,17.7,27.2,79.6,54.8,16.1,102.30
2018-19,Playoffs,HOU,Houston Rockets,11,6,5,533,107.8,104.7,3.2,14.2,23.1,75.0,49.9,15.7,99.70
2018-19,Playoffs,BOS,Boston Celtics,9,5,4,432,100.0,101.4,-1.4,16.4,16.6,82.1,50.8,14.5,102.10
2018-19,Playoffs,SAS,San Antonio Spurs,7,3,4,336,111.1,113.1,-2.0,16.9,24.2,76.8,50.6,9.1,93.00
2018-19,Playoffs,LAC,LA Clippers,6,2,4,288,107.3,116.5,-9.2,17.8,21.9,74.5,46.6,14.0,106.90
2018-19,Playoffs,BKN,Brooklyn Nets,5,1,4,240,103.9,114.1,-10.3,13.9,22.2,67.9,43.3,13.2,107.20
2018-19,Playoffs,OKC,Oklahoma City Thunder,5,1,4,240,103.0,108.6,-5.7,16.7,22.7,75.7,48.8,14.9,102.20
2018-19,Playoffs,UTA,Utah Jazz,5,1,4,240,96.8,105.9,-9.1,16.9,24.9,80.5,51.6,15.0,101.10
2018-19,Playoffs,ORL,Orlando Magic,5,1,4,240,93.1,107.7,-14.6,14.9,20.3,82.8,49.3,15.8,98.80
2018-19,Playoffs,DET,Detroit Pistons,4,0,4,192,94.4,117.3,-22.9,16.7,19.8,76.4,44.2,10.1,103.80
2018-19,Playoffs,IND,Indiana Pacers,4,0,4,192,95.1,102.8,-7.8,16.6,16.6,81.1,45.7,12.4,96.50
2018-19,All+Star,-,-,1,1,0,48,137.4,126.6,10.8,22.2,28.6,66.7,48.5,6.9,129.50
2018-19,All+Star,-,-,1,0,1,48,124.2,134.8,-10.6,21.7,33.3,71.4,51.5,9.1,132.10
2019-20,Pre+Season,NOP,New Orleans Pelicans,8,8,0,376,111.6,99.7,12.0,18.7,19.8,79.0,50.7,15.5,110.90
2019-20,Pre+Season,MIL,Milwaukee Bucks,8,7,1,376,108.8,98.7,10.0,17.9,17.6,79.9,52.7,18.6,111.90
2019-20,Pre+Season,HOU,Houston Rockets,9,6,3,424,109.9,98.9,11.1,17.0,24.7,77.7,50.5,17.2,112.60
2019-20,Pre+Season,LAL,Los Angeles Lakers,9,5,4,424,104.2,100.7,3.5,17.5,25.8,74.4,50.8,18.2,107.60
2019-20,Pre+Season,MIA,Miami Heat,8,5,3,376,104.0,98.3,5.7,18.7,18.4,82.2,51.3,17.9,109.00
2019-20,Pre+Season,PHI,Philadelphia 76ers,8,5,3,381,103.7,91.5,12.3,18.6,27.6,81.4,54.8,16.1,105.80
2019-20,Pre+Season,IND,Indiana Pacers,7,5,2,333,103.0,98.1,4.9,18.0,21.6,82.0,52.6,17.4,111.60
2019-20,Pre+Season,DEN,Denver Nuggets,7,5,2,328,99.7,95.7,4.1,16.8,23.4,79.0,53.0,20.6,108.00
2019-20,Pre+Season,BOS,Boston Celtics,7,5,2,328,102.7,93.2,9.5,16.9,22.6,79.3,51.1,18.3,107.70
2019-20,Pre+Season,OKC,Oklahoma City Thunder,7,5,2,328,103.3,99.3,4.0,15.9,19.1,77.8,49.0,16.1,106.10
2019-20,Pre+Season,ORL,Orlando Magic,9,4,5,424,98.2,99.2,-1.0,17.1,24.5,75.8,47.9,15.2,106.00
2019-20,Pre+Season,SAC,Sacramento Kings,8,4,4,381,103.6,102.6,1.0,17.2,17.2,79.7,47.5,16.2,112.00
2019-20,Pre+Season,MEM,Memphis Grizzlies,8,4,4,376,99.6,97.7,1.9,17.0,21.3,84.4,52.5,16.0,110.30
2019-20,Pre+Season,LAC,LA Clippers,8,4,4,376,96.9,94.5,2.3,18.0,17.6,76.2,46.6,15.7,108.70
2019-20,Pre+Season,DAL,Dallas Mavericks,8,4,4,381,102.0,99.4,2.7,17.0,20.9,80.3,50.9,16.3,108.40
2019-20,Pre+Season,TOR,Toronto Raptors,7,4,3,328,101.0,100.2,0.8,17.9,21.9,77.9,52.1,19.2,111.40
2019-20,Pre+Season,PHX,Phoenix Suns,7,4,3,328,99.7,98.5,1.2,16.6,19.1,80.3,49.2,17.9,111.00
2019-20,Pre+Season,BKN,Brooklyn Nets,7,4,3,328,101.8,99.3,2.4,18.0,20.4,77.4,49.3,16.9,107.50
2019-20,Pre+Season,SAS,San Antonio Spurs,8,3,5,376,99.4,105.8,-6.4,17.4,18.9,79.4,49.5,17.2,109.60
2019-20,Pre+Season,UTA,Utah Jazz,8,3,5,376,106.6,107.8,-1.2,17.3,19.9,84.0,52.0,17.4,107.00
2019-20,Pre+Season,WAS,Washington Wizards,8,3,5,376,103.7,98.5,5.1,17.3,22.6,80.5,49.5,14.2,107.00
2019-20,Pre+Season,DET,Detroit Pistons,5,3,2,240,97.8,102.9,-5.0,17.4,22.9,79.6,50.3,16.6,107.50
2019-20,Pre+Season,POR,Portland Trail Blazers,8,2,6,376,102.8,103.9,-1.1,16.2,22.8,78.9,51.5,17.6,106.50
2019-20,Pre+Season,MIN,Minnesota Timberwolves,5,2,3,240,100.5,102.1,-1.6,16.9,25.7,80.6,51.2,17.1,114.40
2019-20,Pre+Season,GSW,Golden State Warriors,5,2,3,240,102.1,105.7,-3.7,15.2,26.7,73.2,49.5,17.2,109.50
2019-20,Pre+Season,CHI,Chicago Bulls,5,2,3,240,99.3,98.9,0.4,16.9,25.9,82.3,51.4,15.8,108.80
2019-20,Pre+Season,ATL,Atlanta Hawks,5,1,4,240,88.4,103.2,-14.8,16.1,20.9,76.1,48.5,20.6,107.90
2019-20,Pre+Season,CHA,Charlotte Hornets,5,1,4,240,97.0,99.4,-2.4,17.0,21.3,77.9,50.2,20.3,106.60
2019-20,Pre+Season,NYK,New York Knicks,4,1,3,192,97.3,101.1,-3.8,16.4,19.7,77.6,49.2,16.4,106.60
2019-20,Pre+Season,CLE,Cleveland Cavaliers,4,1,3,192,94.5,104.6,-10.1,14.2,19.2,77.8,47.3,19.0,103.70
2019-20,Pre+Season,Haifa Maccabi Haifa,Haifa Maccabi Haifa,3,0,3,144,84.8,118.1,-33.3,14.2,15.5,66.9,39.2,17.8,101.00
2019-20,Pre+Season,Shanghai Sharks,Shanghai Sharks,2,0,2,96,72.8,123.1,-50.2,14.2,13.8,62.4,38.0,26.7,108.50
2019-20,Pre+Season,Melbourne United,Melbourne United,2,0,2,96,96.0,110.6,-14.6,15.1,25.6,78.8,50.6,19.7,109.40
2019-20,Pre+Season,New Zealand Breakers,New Zealand Breakers,2,0,2,96,85.8,105.1,-19.3,14.4,12.9,75.0,43.1,16.9,103.70
2019-20,Pre+Season,Guangzhou Long-Lions,Guangzhou Long-Lions,2,0,2,96,90.5,138.2,-47.7,10.9,11.4,68.5,41.7,21.6,101.70
2019-20,Pre+Season,Adelaide 36ers,Adelaide 36ers,1,0,1,48,73.7,121.1,-47.3,12.1,12.0,73.8,40.2,20.0,109.80
2019-20,Pre+Season,SESI/Franca Basketball Club of Brazil,SESI/Franca Basketball Club of Brazil,1,0,1,48,84.3,129.8,-45.5,18.6,16.7,64.9,37.6,19.9,105.50
2019-20,Pre+Season,Buenos Aires San Lorenzo,Buenos Aires San Lorenzo,1,0,1,48,86.4,116.6,-30.1,13.3,20.0,75.0,47.5,26.2,103.00
2019-20,Regular+Season,MIL,Milwaukee Bucks,73,56,17,3519,110.5,101.1,9.4,18.1,20.7,81.6,53.0,14.1,107.00
2019-20,Regular+Season,TOR,Toronto Raptors,72,53,19,3476,109.0,103.0,6.0,18.3,21.3,76.7,49.6,14.3,102.80
2019-20,Regular+Season,LAL,Los Angeles Lakers,71,52,19,3418,109.6,104.0,5.6,18.2,24.5,78.8,52.0,14.7,103.20
2019-20,Regular+Season,LAC,LA Clippers,72,49,23,3476,111.1,104.9,6.2,17.1,23.5,77.6,51.3,13.9,104.20
2019-20,Regular+Season,BOS,Boston Celtics,72,48,24,3486,110.4,104.3,6.1,16.8,23.9,77.4,51.0,13.4,102.00
2019-20,Regular+Season,DEN,Denver Nuggets,73,46,27,3549,110.1,108.0,2.1,19.3,24.8,76.8,50.9,13.6,99.80
2019-20,Regular+Season,IND,Indiana Pacers,73,45,28,3524,107.9,106.0,1.9,19.0,20.0,76.7,48.6,13.1,100.80
2019-20,Regular+Season,MIA,Miami Heat,73,44,29,3549,110.0,107.1,2.9,19.0,20.3,79.5,51.1,14.6,100.60
2019-20,Regular+Season,HOU,Houston Rockets,72,44,28,3476,110.3,107.5,2.8,15.6,21.0,75.6,48.0,13.7,106.20
2019-20,Regular+Season,OKC,Oklahoma City Thunder,72,44,28,3486,108.4,106.4,1.9,16.5,19.3,76.8,48.9,13.4,101.00
2019-20,Regular+Season,UTA,Utah Jazz,72,44,28,3471,110.0,107.5,2.4,16.9,21.6,78.9,51.3,14.9,100.70
2019-20,Regular+Season,DAL,Dallas Mavericks,75,43,32,3635,113.7,108.9,4.8,17.8,23.2,77.7,50.8,12.3,101.90
2019-20,Regular+Season,PHI,Philadelphia 76ers,73,43,30,3519,109.1,106.7,2.3,18.7,23.9,80.3,52.1,14.0,101.10
2019-20,Regular+Season,POR,Portland Trail Blazers,74,35,39,3567,111.1,112.2,-1.1,15.3,22.4,75.3,49.1,12.4,103.10
2019-20,Regular+Season,BKN,Brooklyn Nets,72,35,37,3496,106.0,106.5,-0.5,17.4,23.2,77.8,51.1,14.5,104.30
2019-20,Regular+Season,MEM,Memphis Grizzlies,73,34,39,3514,106.9,107.9,-1.0,18.9,23.0,77.8,50.9,14.5,105.10
2019-20,Regular+Season,PHX,Phoenix Suns,73,34,39,3519,109.7,109.5,0.2,19.4,22.2,78.8,50.1,14.2,103.10
2019-20,Regular+Season,ORL,Orlando Magic,73,33,40,3514,106.1,107.1,-1.0,17.7,22.3,79.1,49.8,12.7,100.80
2019-20,Regular+Season,SAS,San Antonio Spurs,71,32,39,3443,110.4,111.4,-1.1,18.0,20.1,79.2,49.6,12.2,102.30
2019-20,Regular+Season,SAC,Sacramento Kings,72,31,41,3491,107.8,109.8,-2.0,17.5,21.9,78.4,49.5,14.2,101.10
2019-20,Regular+Season,NOP,New Orleans Pelicans,72,30,42,3486,108.0,109.2,-1.2,18.5,24.2,77.8,50.9,15.3,106.40
2019-20,Regular+Season,WAS,Washington Wizards,72,25,47,3471,108.2,112.7,-4.4,17.8,22.2,75.3,47.7,13.4,105.20
2019-20,Regular+Season,CHA,Charlotte Hornets,65,23,42,3150,103.9,110.7,-6.8,17.8,23.9,74.4,48.2,14.7,98.10
2019-20,Regular+Season,CHI,Chicago Bulls,65,22,43,3135,104.1,107.1,-3.0,17.0,22.8,75.6,47.9,15.1,102.20
2019-20,Regular+Season,NYK,New York Knicks,66,21,45,3193,103.8,110.1,-6.3,16.2,25.8,78.3,51.3,14.1,101.20
2019-20,Regular+Season,ATL,Atlanta Hawks,67,20,47,3256,104.3,111.7,-7.4,17.0,21.6,74.9,47.9,15.1,105.90
2019-20,Regular+Season,DET,Detroit Pistons,66,20,46,3193,106.1,109.6,-3.5,17.8,22.6,75.9,48.9,15.1,100.30
2019-20,Regular+Season,CLE,Cleveland Cavaliers,65,19,46,3145,104.4,112.1,-7.7,16.9,24.6,77.4,50.8,16.1,101.60
2019-20,Regular+Season,MIN,Minnesota Timberwolves,64,19,45,3112,105.3,109.3,-4.0,16.8,22.1,77.2,48.6,14.2,106.20
2019-20,Regular+Season,GSW,Golden State Warriors,65,15,50,3145,102.9,111.3,-8.4,18.4,21.5,76.4,48.0,14.4,102.50
2019-20,Playoffs,LAL,Los Angeles Lakers,21,16,5,1008,113.2,106.4,6.9,18.9,26.1,81.9,54.2,15.4,99.60
2019-20,Playoffs,MIA,Miami Heat,21,14,7,1018,111.0,109.0,2.0,18.9,19.1,77.3,49.2,13.3,98.10
2019-20,Playoffs,BOS,Boston Celtics,17,10,7,831,108.5,103.5,5.0,17.1,21.0,80.5,52.0,13.8,99.00
2019-20,Playoffs,DEN,Denver Nuggets,19,9,10,917,111.2,113.5,-2.3,17.5,23.0,76.8,50.1,14.4,96.10
2019-20,Playoffs,LAC,LA Clippers,13,7,6,629,112.9,108.7,4.2,16.1,21.5,80.6,50.7,12.9,100.20
2019-20,Playoffs,TOR,Toronto Raptors,11,7,4,538,106.5,102.5,4.0,18.3,17.6,82.2,49.2,12.7,100.80
2019-20,Playoffs,HOU,Houston Rockets,12,5,7,581,106.2,105.5,0.7,16.5,14.6,78.0,44.7,13.2,100.50
2019-20,Playoffs,MIL,Milwaukee Bucks,10,5,5,485,107.6,106.4,1.2,17.7,20.5,83.8,51.7,14.4,102.20
2019-20,Playoffs,OKC,Oklahoma City Thunder,7,3,4,341,100.0,106.2,-6.2,13.6,20.1,84.6,53.5,16.3,102.50
2019-20,Playoffs,UTA,Utah Jazz,7,3,4,341,119.6,116.0,3.6,17.1,22.8,75.1,49.5,12.7,93.40
2019-20,Playoffs,DAL,Dallas Mavericks,6,2,4,293,110.6,119.7,-9.1,15.9,16.9,80.4,48.2,12.0,104.00
2019-20,Playoffs,ORL,Orlando Magic,5,1,4,240,101.1,109.8,-8.7,17.5,13.5,82.0,46.0,13.8,105.80
2019-20,Playoffs,POR,Portland Trail Blazers,5,1,4,240,101.1,111.2,-10.1,13.4,21.4,72.7,46.9,15.2,105.40
2019-20,Playoffs,BKN,Brooklyn Nets,4,0,4,192,98.6,117.7,-19.1,18.1,18.1,79.1,46.5,13.5,107.30
2019-20,Playoffs,IND,Indiana Pacers,4,0,4,192,102.1,112.8,-10.6,17.7,13.7,76.9,44.5,15.5,98.70
2019-20,Playoffs,PHI,Philadelphia 76ers,4,0,4,192,102.7,114.7,-12.0,13.7,26.8,77.6,51.5,12.3,97.80
2019-20,All+Star,Team LeBron,Team LeBron,1,1,0,48,115.6,114.1,1.5,20.8,22.0,70.6,44.5,13.3,135.80
2019-20,All+Star,Team Giannis,Team Giannis,1,0,1,48,112.8,114.3,-1.5,20.0,29.4,78.0,55.5,15.3,137.40
2019-20,PlayIn,POR,Portland Trail Blazers,1,1,0,48,118.8,115.1,3.8,14.8,19.6,71.4,44.3,12.3,106.00
2019-20,PlayIn,MEM,Memphis Grizzlies,1,0,1,48,113.3,117.0,-3.7,20.0,28.6,80.4,55.7,16.7,107.70
2020-21,Pre+Season,LAL,Los Angeles Lakers,4,4,0,192,107.1,98.2,8.9,16.6,16.0,79.1,48.7,15.2,103.70
2020-21,Pre+Season,MEM,Memphis Grizzlies,4,3,1,192,104.7,95.4,9.3,18.7,19.8,83.1,51.3,16.1,113.20
2020-21,Pre+Season,CHI,Chicago Bulls,4,3,1,192,100.9,97.5,3.5,17.0,24.8,82.2,54.6,17.1,108.30
2020-21,Pre+Season,HOU,Houston Rockets,4,3,1,192,107.4,97.1,10.4,16.2,19.1,75.6,48.7,12.5,106.10
2020-21,Pre+Season,NYK,New York Knicks,4,3,1,192,98.9,88.7,10.1,17.9,23.5,80.2,52.8,18.3,101.10
2020-21,Pre+Season,UTA,Utah Jazz,3,3,0,144,115.1,97.9,17.2,18.8,18.1,86.6,53.3,15.2,102.80
2020-21,Pre+Season,SAC,Sacramento Kings,4,2,2,192,97.1,100.9,-3.7,16.3,18.6,80.4,48.7,15.6,113.80
2020-21,Pre+Season,ATL,Atlanta Hawks,4,2,2,192,101.0,104.6,-3.6,16.3,22.5,80.8,51.6,15.9,111.70
2020-21,Pre+Season,ORL,Orlando Magic,4,2,2,192,104.1,106.4,-2.3,16.8,21.4,75.4,48.5,13.4,110.00
2020-21,Pre+Season,DET,Detroit Pistons,4,2,2,192,90.0,87.6,2.4,14.9,16.1,79.5,48.2,20.6,104.40
2020-21,Pre+Season,CLE,Cleveland Cavaliers,4,2,2,192,96.8,104.1,-7.3,16.2,24.1,83.8,54.4,23.3,103.10
2020-21,Pre+Season,GSW,Golden State Warriors,3,2,1,144,100.6,97.9,2.7,17.1,16.8,80.8,49.7,15.4,110.40
2020-21,Pre+Season,TOR,Toronto Raptors,3,2,1,144,98.0,97.4,0.6,17.9,13.4,83.5,45.6,17.0,111.60
2020-21,Pre+Season,DEN,Denver Nuggets,3,2,1,144,112.5,93.1,19.4,19.8,31.3,81.7,57.8,16.6,106.70
2020-21,Pre+Season,DAL,Dallas Mavericks,3,2,1,149,111.2,103.9,7.3,17.7,19.2,80.6,49.2,11.2,106.30
2020-21,Pre+Season,BKN,Brooklyn Nets,2,2,0,96,107.1,93.7,13.4,17.6,15.5,77.1,49.7,16.6,108.30
2020-21,Pre+Season,PHI,Philadelphia 76ers,2,2,0,96,104.4,97.3,7.1,16.6,25.7,68.9,50.8,20.3,105.90
2020-21,Pre+Season,NOP,New Orleans Pelicans,2,2,0,96,121.1,103.0,18.1,16.4,33.3,79.1,56.4,12.6,99.50
2020-21,Pre+Season,CHA,Charlotte Hornets,4,1,3,192,101.8,103.8,-2.0,18.7,19.9,80.2,50.1,17.9,110.30
2020-21,Pre+Season,POR,Portland Trail Blazers,4,1,3,192,98.4,111.0,-12.5,14.2,20.7,72.9,46.0,14.6,107.70
2020-21,Pre+Season,MIN,Minnesota Timberwolves,3,1,2,149,97.7,103.2,-5.5,14.6,19.6,82.7,51.3,18.2,111.40
2020-21,Pre+Season,OKC,Oklahoma City Thunder,3,1,2,144,99.3,102.4,-3.0,15.2,17.7,79.9,48.9,16.4,109.70
2020-21,Pre+Season,WAS,Washington Wizards,3,1,2,144,92.5,96.5,-4.0,16.3,17.6,86.5,50.0,17.9,107.80
2020-21,Pre+Season,MIA,Miami Heat,2,1,1,96,104.1,109.1,-5.0,20.9,14.5,76.5,49.4,19.9,100.40
2020-21,Pre+Season,PHX,Phoenix Suns,4,0,4,192,98.2,107.4,-9.2,16.4,17.8,84.1,49.6,16.7,106.20
2020-21,Pre+Season,SAS,San Antonio Spurs,3,0,3,144,96.9,112.1,-15.2,15.1,19.6,80.3,46.1,13.4,107.30
2020-21,Pre+Season,IND,Indiana Pacers,3,0,3,144,98.0,103.9,-5.9,16.6,22.4,73.2,43.9,15.8,107.80
2020-21,Pre+Season,MIL,Milwaukee Bucks,3,0,3,144,102.1,114.6,-12.5,17.5,19.6,75.5,47.9,14.4,106.70
2020-21,Pre+Season,LAC,LA Clippers,3,0,3,144,95.7,112.4,-16.7,16.5,17.6,81.7,49.0,18.4,101.70
2020-21,Pre+Season,BOS,Boston Celtics,2,0,2,96,88.3,103.8,-15.5,13.6,23.0,78.8,48.6,19.7,106.50
2020-21,Regular+Season,UTA,Utah Jazz,72,52,20,3471,115.1,106.0,9.1,17.5,24.5,79.3,53.1,14.0,100.70
2020-21,Regular+Season,PHX,Phoenix Suns,72,51,21,3496,114.9,109.1,5.8,19.8,20.8,78.5,50.1,12.5,99.20
2020-21,Regular+Season,PHI,Philadelphia 76ers,72,49,23,3486,110.8,105.4,5.4,17.4,23.2,78.2,51.2,14.1,101.70
2020-21,Regular+Season,BKN,Brooklyn Nets,72,48,24,3481,116.3,111.9,4.4,19.5,21.4,77.3,50.8,13.3,101.20
2020-21,Regular+Season,DEN,Denver Nuggets,72,47,25,3496,114.2,109.3,4.9,19.4,24.7,78.9,51.9,13.4,99.60
2020-21,Regular+Season,LAC,LA Clippers,72,47,25,3456,115.2,109.0,6.2,18.4,22.7,79.1,51.7,13.3,98.90
2020-21,Regular+Season,MIL,Milwaukee Bucks,72,46,26,3466,114.7,109.1,5.6,18.1,23.3,79.7,52.6,13.2,104.40
2020-21,Regular+Season,POR,Portland Trail Blazers,72,42,30,3461,114.9,113.1,1.8,16.0,23.0,77.5,49.5,11.0,100.90
2020-21,Regular+Season,LAL,Los Angeles Lakers,72,42,30,3491,107.5,104.8,2.7,18.1,22.5,79.7,51.3,14.9,100.90
2020-21,Regular+Season,DAL,Dallas Mavericks,72,42,30,3461,112.9,110.6,2.3,17.4,21.1,77.8,49.6,12.1,99.40
2020-21,Regular+Season,ATL,Atlanta Hawks,72,41,31,3481,113.0,110.7,2.3,17.8,24.4,77.8,51.7,13.2,99.90
2020-21,Regular+Season,NYK,New York Knicks,72,41,31,3486,108.2,105.8,2.3,16.5,21.9,78.6,50.6,13.1,98.10
2020-21,Regular+Season,MIA,Miami Heat,72,40,32,3476,109.1,109.1,0.0,19.7,19.4,77.9,49.2,14.2,98.50
2020-21,Regular+Season,GSW,Golden State Warriors,72,39,33,3461,108.8,107.8,1.0,19.7,17.9,76.6,47.6,14.4,104.30
2020-21,Regular+Season,MEM,Memphis Grizzlies,72,38,34,3481,109.7,108.7,1.0,19.0,24.2,78.3,51.0,12.9,102.60
2020-21,Regular+Season,BOS,Boston Celtics,72,36,36,3476,111.0,109.6,1.4,17.3,24.3,78.1,51.0,13.9,100.90
2020-21,Regular+Season,WAS,Washington Wizards,72,34,38,3481,108.9,110.6,-1.7,17.9,21.3,77.6,49.5,13.4,106.40
2020-21,Regular+Season,IND,Indiana Pacers,72,34,38,3491,109.9,110.0,0.0,19.4,20.2,74.9,47.7,12.9,103.80
2020-21,Regular+Season,SAS,San Antonio Spurs,72,33,39,3496,108.6,110.3,-1.7,18.0,20.0,77.3,48.1,11.1,101.10
2020-21,Regular+Season,CHA,Charlotte Hornets,72,33,39,3471,108.1,110.0,-1.9,19.4,23.5,75.7,49.2,14.7,100.90
2020-21,Regular+Season,NOP,New Orleans Pelicans,72,31,41,3486,110.8,111.1,-0.3,18.4,26.3,80.0,53.1,14.1,102.50
2020-21,Regular+Season,SAC,Sacramento Kings,72,31,41,3461,111.1,114.7,-3.6,18.6,21.3,75.0,47.8,13.1,102.20
2020-21,Regular+Season,CHI,Chicago Bulls,72,31,41,3476,108.7,109.6,-0.9,19.4,22.3,80.3,51.6,14.9,101.20
2020-21,Regular+Season,TOR,Toronto Raptors,72,27,45,3461,109.3,109.7,-0.5,17.8,20.8,76.3,47.6,13.0,101.70
2020-21,Regular+Season,MIN,Minnesota Timberwolves,72,23,49,3481,107.0,112.3,-5.3,18.2,22.7,76.8,48.7,13.6,104.10
2020-21,Regular+Season,OKC,Oklahoma City Thunder,72,22,50,3471,101.3,111.6,-10.3,16.3,21.2,77.9,49.2,15.6,103.20
2020-21,Regular+Season,CLE,Cleveland Cavaliers,72,22,50,3486,103.1,111.5,-8.4,17.7,23.6,76.6,49.4,15.4,99.80
2020-21,Regular+Season,ORL,Orlando Magic,72,21,51,3466,102.9,112.1,-9.2,16.4,21.6,78.2,49.0,12.7,100.80
2020-21,Regular+Season,DET,Detroit Pistons,72,20,52,3486,105.4,109.8,-4.4,17.9,21.9,76.9,49.1,14.8,100.30
2020-21,Regular+Season,HOU,Houston Rockets,72,17,55,3461,104.9,112.5,-7.6,17.3,19.8,77.1,47.2,14.2,103.60
2020-21,Playoffs,MIL,Milwaukee Bucks,23,16,7,1114,110.1,105.0,5.1,16.8,27.8,81.6,54.2,12.7,99.20
2020-21,Playoffs,PHX,Phoenix Suns,22,14,8,1056,112.2,107.6,4.6,18.1,19.6,76.1,49.5,12.3,97.20
2020-21,Playoffs,LAC,LA Clippers,19,10,9,912,118.3,114.0,4.3,16.8,21.5,76.9,49.6,11.3,94.30
2020-21,Playoffs,ATL,Atlanta Hawks,18,10,8,864,107.0,108.5,-1.5,15.7,20.9,75.0,48.1,12.5,99.30
2020-21,Playoffs,PHI,Philadelphia 76ers,12,7,5,576,113.4,106.1,7.3,18.3,21.3,78.8,51.1,12.5,102.50
2020-21,Playoffs,BKN,Brooklyn Nets,12,7,5,581,114.3,107.9,6.4,17.5,19.7,75.0,48.6,11.8,97.60
2020-21,Playoffs,UTA,Utah Jazz,11,6,5,528,118.1,119.0,-0.8,15.3,23.7,76.7,51.3,13.6,99.00
2020-21,Playoffs,DEN,Denver Nuggets,10,4,6,490,113.8,119.2,-5.5,18.1,25.1,79.6,50.2,11.1,98.80
2020-21,Playoffs,DAL,Dallas Mavericks,7,3,4,336,111.0,116.4,-5.4,16.4,23.7,77.4,49.1,11.5,95.50
2020-21,Playoffs,POR,Portland Trail Blazers,6,2,4,298,118.5,119.9,-1.3,17.2,22.2,73.5,48.4,11.7,97.40
2020-21,Playoffs,LAL,Los Angeles Lakers,6,2,4,288,100.4,107.1,-6.7,15.2,23.7,80.3,50.8,14.2,97.10
2020-21,Playoffs,WAS,Washington Wizards,5,1,4,240,105.6,119.0,-13.4,16.3,23.1,77.4,49.2,12.9,104.20
2020-21,Playoffs,MEM,Memphis Grizzlies,5,1,4,240,112.1,120.3,-8.2,16.2,23.8,75.4,47.5,10.1,102.60
2020-21,Playoffs,BOS,Boston Celtics,5,1,4,240,111.5,122.6,-11.1,15.6,28.8,73.5,49.9,12.9,100.70
2020-21,Playoffs,NYK,New York Knicks,5,1,4,240,100.6,107.9,-7.3,14.7,24.6,81.2,51.2,12.7,96.40
2020-21,Playoffs,MIA,Miami Heat,4,0,4,197,95.0,114.9,-19.9,16.1,17.1,68.6,41.7,13.6,100.50
2020-21,All+Star,Team LeBron,Team LeBron,1,1,0,48,142.6,125.8,16.8,26.6,20.5,80.0,53.9,15.1,119.20
2020-21,All+Star,Team Durant,Team Durant,1,0,1,48,124.8,141.4,-16.6,26.5,20.0,79.5,46.1,11.6,120.20
2020-21,PlayIn,MEM,Memphis Grizzlies,2,2,0,101,104.8,100.5,4.3,14.6,26.0,74.5,50.0,11.6,98.40
2020-21,PlayIn,IND,Indiana Pacers,2,1,1,96,112.2,112.2,0.0,20.5,22.1,83.9,51.6,13.4,115.40
2020-21,PlayIn,WAS,Washington Wizards,2,1,1,96,111.9,107.8,4.2,17.8,23.3,77.9,53.2,14.3,108.10
2020-21,PlayIn,BOS,Boston Celtics,1,1,0,48,110.2,93.4,16.8,14.2,28.0,72.9,50.0,10.3,107.10
2020-21,PlayIn,LAL,Los Angeles Lakers,1,1,0,48,101.0,98.0,2.9,19.0,26.0,80.0,51.6,12.7,102.00
2020-21,PlayIn,GSW,Golden State Warriors,2,0,2,101,99.3,103.1,-3.7,17.4,23.0,71.8,49.5,19.2,101.40
2020-21,PlayIn,CHA,Charlotte Hornets,1,0,1,48,104.5,128.6,-24.1,17.9,14.3,70.7,40.0,12.5,112.00
2020-21,PlayIn,SAS,San Antonio Spurs,1,0,1,48,95.5,99.4,-4.0,14.8,25.0,78.4,49.5,8.0,100.60
2021-22,Pre+Season,MIA,Miami Heat,6,5,1,288,106.1,102.3,3.8,16.7,27.4,79.4,52.9,17.9,104.30
2021-22,Pre+Season,GSW,Golden State Warriors,5,5,0,240,107.0,96.6,10.3,19.9,19.8,81.5,49.3,14.3,110.30
2021-22,Pre+Season,CHI,Chicago Bulls,4,4,0,192,109.6,89.7,20.0,19.0,24.6,79.6,53.4,11.8,107.60
2021-22,Pre+Season,SAC,Sacramento Kings,4,4,0,192,106.6,96.3,10.4,16.7,20.4,78.3,48.1,12.5,106.20
2021-22,Pre+Season,NYK,New York Knicks,4,4,0,192,111.1,99.4,11.7,18.7,19.8,80.3,50.1,10.7,104.70
2021-22,Pre+Season,DAL,Dallas Mavericks,4,4,0,192,115.2,91.6,23.6,20.3,30.8,81.8,57.9,12.6,102.90
2021-22,Pre+Season,MEM,Memphis Grizzlies,6,3,3,288,102.7,93.7,9.0,16.9,27.8,82.4,55.7,17.6,104.00
2021-22,Pre+Season,TOR,Toronto Raptors,5,3,2,240,104.7,100.6,4.1,17.4,26.9,76.3,51.1,16.8,108.30
2021-22,Pre+Season,SAS,San Antonio Spurs,5,3,2,240,103.4,95.6,7.7,17.9,24.5,75.8,51.3,15.1,106.00
2021-22,Pre+Season,PHX,Phoenix Suns,4,3,1,192,108.6,91.0,17.5,19.2,21.9,83.1,53.9,15.6,107.10
2021-22,Pre+Season,MIN,Minnesota Timberwolves,4,3,1,197,104.8,98.6,6.1,18.3,20.9,76.4,49.2,14.6,107.00
2021-22,Pre+Season,BKN,Brooklyn Nets,4,3,1,192,109.1,103.0,6.0,16.5,21.8,75.5,50.1,18.5,103.80
2021-22,Pre+Season,CLE,Cleveland Cavaliers,5,2,3,240,96.1,101.3,-5.1,17.4,19.5,74.2,47.3,18.8,105.10
2021-22,Pre+Season,UTA,Utah Jazz,4,2,2,192,100.7,100.9,-0.2,16.7,18.0,81.8,48.8,13.8,108.50
2021-22,Pre+Season,PHI,Philadelphia 76ers,4,2,2,192,107.4,106.7,0.7,16.4,25.1,71.8,47.1,16.3,105.90
2021-22,Pre+Season,BOS,Boston Celtics,4,2,2,192,99.9,104.5,-4.6,16.8,19.6,78.0,48.9,17.2,103.30
2021-22,Pre+Season,IND,Indiana Pacers,4,2,2,192,100.0,106.2,-6.2,17.9,22.2,82.4,51.5,15.9,104.00
2021-22,Pre+Season,ATL,Atlanta Hawks,4,2,2,192,98.6,96.2,2.4,18.1,19.6,77.4,48.3,15.0,104.70
2021-22,Pre+Season,DET,Detroit Pistons,4,2,2,192,102.5,109.6,-7.1,16.8,20.3,71.4,46.9,16.6,102.20
2021-22,Pre+Season,DEN,Denver Nuggets,5,1,4,250,101.3,102.8,-1.5,17.7,17.3,80.3,48.2,15.7,102.80
2021-22,Pre+Season,MIL,Milwaukee Bucks,5,1,4,240,108.7,110.5,-1.8,16.9,22.3,78.1,51.0,15.2,100.30
2021-22,Pre+Season,HOU,Houston Rockets,4,1,3,192,96.2,106.3,-10.1,14.7,25.1,79.6,51.8,18.5,109.40
2021-22,Pre+Season,LAC,LA Clippers,4,1,3,192,96.3,107.9,-11.6,17.6,22.7,76.2,48.2,17.2,107.70
2021-22,Pre+Season,NOP,New Orleans Pelicans,4,1,3,192,92.4,104.4,-12.0,15.5,22.6,78.4,47.9,16.4,108.00
2021-22,Pre+Season,CHA,Charlotte Hornets,4,1,3,192,87.8,107.3,-19.5,15.3,21.2,72.5,45.6,18.1,106.20
2021-22,Pre+Season,OKC,Oklahoma City Thunder,4,1,3,197,99.9,107.7,-7.8,17.1,17.9,79.2,48.0,14.9,102.90
2021-22,Pre+Season,ORL,Orlando Magic,4,1,3,192,96.2,100.9,-4.7,16.3,19.7,75.4,48.8,16.9,100.30
2021-22,Pre+Season,LAL,Los Angeles Lakers,6,0,6,288,94.0,107.7,-13.6,15.7,18.7,76.7,48.0,18.0,110.10
2021-22,Pre+Season,POR,Portland Trail Blazers,4,0,4,192,86.5,108.7,-22.2,13.3,18.0,79.2,49.3,21.9,107.20
2021-22,Pre+Season,WAS,Washington Wizards,4,0,4,192,104.5,111.9,-7.4,16.2,17.8,77.7,48.2,13.1,105.00
2021-22,Regular+Season,PHX,Phoenix Suns,82,64,18,3946,112.5,105.2,7.3,19.7,22.3,77.1,50.5,12.7,101.80
2021-22,Regular+Season,MEM,Memphis Grizzlies,82,56,26,3956,111.6,106.1,5.5,18.1,30.0,77.8,53.3,12.7,103.10
2021-22,Regular+Season,GSW,Golden State Warriors,82,53,29,3946,110.5,104.9,5.5,19.7,22.8,78.7,51.6,14.8,100.20
2021-22,Regular+Season,MIA,Miami Heat,82,53,29,3971,111.2,106.7,4.5,19.0,23.5,78.0,51.2,14.7,98.10
2021-22,Regular+Season,DAL,Dallas Mavericks,82,52,30,3951,110.5,107.2,3.4,17.9,21.3,78.0,49.6,12.8,97.40
2021-22,Regular+Season,MIL,Milwaukee Bucks,82,51,31,3951,112.5,109.2,3.3,17.5,23.0,78.6,51.4,13.1,102.30
2021-22,Regular+Season,BOS,Boston Celtics,82,51,31,3981,112.1,104.8,7.3,18.4,24.0,77.3,51.3,13.7,98.60
2021-22,Regular+Season,PHI,Philadelphia 76ers,82,51,31,3961,111.0,108.4,2.6,18.1,20.1,76.8,48.9,12.6,98.40
2021-22,Regular+Season,UTA,Utah Jazz,82,49,33,3946,114.0,107.9,6.1,16.9,25.4,78.3,52.7,14.0,99.40
2021-22,Regular+Season,DEN,Denver Nuggets,82,48,34,3961,111.7,109.4,2.3,20.2,21.9,78.3,51.0,14.4,100.30
2021-22,Regular+Season,TOR,Toronto Raptors,82,48,34,3971,109.6,107.3,2.3,16.3,28.4,75.6,50.7,12.5,98.90
2021-22,Regular+Season,MIN,Minnesota Timberwolves,82,46,36,3956,111.3,108.7,2.5,18.2,24.4,74.9,49.0,13.8,103.70
2021-22,Regular+Season,CHI,Chicago Bulls,82,46,36,3946,111.0,111.4,-0.4,17.9,20.4,78.3,49.5,12.8,100.30
2021-22,Regular+Season,BKN,Brooklyn Nets,82,44,38,3951,111.0,110.2,0.8,18.4,23.9,75.1,50.2,13.8,101.40
2021-22,Regular+Season,CLE,Cleveland Cavaliers,82,44,38,3946,109.4,107.2,2.2,18.8,24.0,76.5,50.8,14.6,98.30
2021-22,Regular+Season,CHA,Charlotte Hornets,82,43,39,3976,111.7,111.3,0.4,19.7,23.3,74.8,48.7,12.8,102.20
2021-22,Regular+Season,ATL,Atlanta Hawks,82,43,39,3941,114.0,112.4,1.6,18.3,23.0,76.9,50.1,11.9,99.80
2021-22,Regular+Season,LAC,LA Clippers,82,42,40,3956,107.7,107.7,0.0,17.9,20.6,74.4,48.3,13.6,100.20
2021-22,Regular+Season,NYK,New York Knicks,82,37,45,3956,108.0,108.1,-0.1,16.6,25.1,78.8,51.4,13.4,98.10
2021-22,Regular+Season,NOP,New Orleans Pelicans,82,36,46,3951,109.0,110.0,-1.0,18.2,26.9,78.2,52.0,14.0,99.90
2021-22,Regular+Season,WAS,Washington Wizards,82,35,47,3966,108.9,112.3,-3.4,18.7,20.9,76.9,49.4,13.2,99.00
2021-22,Regular+Season,SAS,San Antonio Spurs,82,34,48,3961,109.4,109.3,0.1,19.6,23.7,75.1,49.2,12.3,102.80
2021-22,Regular+Season,LAL,Los Angeles Lakers,82,33,49,3996,107.9,110.9,-2.9,17.5,21.1,75.8,48.6,14.0,102.30
2021-22,Regular+Season,SAC,Sacramento Kings,82,30,52,3961,107.2,112.5,-5.3,17.4,21.3,76.0,48.4,13.7,102.20
2021-22,Regular+Season,POR,Portland Trail Blazers,82,27,55,3946,105.5,114.3,-8.8,17.1,22.9,76.9,48.9,14.4,100.40
2021-22,Regular+Season,IND,Indiana Pacers,82,25,57,3976,109.2,112.6,-3.4,18.3,25.5,76.2,50.4,14.1,101.00
2021-22,Regular+Season,OKC,Oklahoma City Thunder,82,24,58,3961,102.2,110.2,-8.0,16.6,21.8,76.1,48.5,13.8,100.80
2021-22,Regular+Season,DET,Detroit Pistons,82,23,59,3956,103.3,110.9,-7.6,17.3,23.4,75.6,48.2,14.0,101.00
2021-22,Regular+Season,ORL,Orlando Magic,82,22,60,3956,101.8,109.7,-7.8,17.6,19.8,77.2,48.4,14.2,101.80
2021-22,Regular+Season,HOU,Houston Rockets,82,20,62,3951,105.4,113.6,-8.1,17.2,21.7,74.4,47.9,15.8,103.70
2021-22,Playoffs,GSW,Golden State Warriors,22,16,6,1056,112.4,107.3,5.1,19.8,23.6,77.5,51.3,14.6,99.60
2021-22,Playoffs,BOS,Boston Celtics,24,14,10,1152,108.1,104.4,3.7,18.7,21.9,76.9,50.3,15.1,97.70
2021-22,Playoffs,MIA,Miami Heat,18,11,7,864,106.4,102.5,3.9,16.9,23.3,79.4,50.4,13.2,97.90
2021-22,Playoffs,DAL,Dallas Mavericks,18,9,9,864,112.1,111.4,0.8,15.9,15.7,74.7,44.8,10.8,94.80
2021-22,Playoffs,PHX,Phoenix Suns,13,7,6,624,113.3,114.4,-1.1,19.7,24.2,73.8,49.7,14.0,94.90
2021-22,Playoffs,MIL,Milwaukee Bucks,12,7,5,576,101.6,100.1,1.5,15.8,21.6,83.8,53.8,13.6,101.10
2021-22,Playoffs,MEM,Memphis Grizzlies,12,6,6,576,107.3,105.0,2.3,17.7,25.8,77.7,50.3,13.4,104.80
2021-22,Playoffs,PHI,Philadelphia 76ers,12,6,6,581,109.6,109.3,0.3,17.4,20.4,75.8,49.4,15.5,94.50
2021-22,Playoffs,MIN,Minnesota Timberwolves,6,2,4,288,104.0,109.2,-5.2,16.9,17.1,72.5,46.3,16.8,105.00
2021-22,Playoffs,NOP,New Orleans Pelicans,6,2,4,288,114.0,115.5,-1.6,16.1,35.0,80.3,56.1,15.0,96.40
2021-22,Playoffs,TOR,Toronto Raptors,6,2,4,293,108.3,117.1,-8.7,16.4,23.0,76.7,47.3,10.5,93.60
2021-22,Playoffs,UTA,Utah Jazz,6,2,4,288,106.5,112.6,-6.1,14.4,22.8,85.5,54.3,12.5,93.00
2021-22,Playoffs,CHI,Chicago Bulls,5,1,4,240,93.9,108.4,-14.4,17.4,15.8,81.4,45.9,12.8,101.30
2021-22,Playoffs,DEN,Denver Nuggets,5,1,4,240,111.0,119.1,-8.1,18.5,28.0,81.4,53.9,16.6,99.10
2021-22,Playoffs,ATL,Atlanta Hawks,5,1,4,240,101.8,114.3,-12.5,15.1,21.3,79.0,49.6,17.1,95.70
2021-22,Playoffs,BKN,Brooklyn Nets,4,0,4,192,113.4,118.1,-4.7,17.5,23.0,69.9,46.3,15.9,96.10
2021-22,All+Star,Team LeBron,Team LeBron,1,1,0,48,132.6,130.2,2.4,22.7,26.0,72.9,49.0,13.0,122.90
2021-22,All+Star,Team Durant,Team Durant,1,0,1,48,126.9,129.3,-2.4,22.8,27.1,74.0,51.0,11.1,126.10
2021-22,PlayIn,ATL,Atlanta Hawks,2,2,0,96,120.9,103.2,17.7,17.3,27.5,79.6,55.5,12.6,98.80
2021-22,PlayIn,NOP,New Orleans Pelicans,2,2,0,96,115.9,108.4,7.4,17.4,29.8,80.4,57.5,12.2,94.10
2021-22,PlayIn,BKN,Brooklyn Nets,1,1,0,48,116.7,109.6,7.1,23.3,25.0,76.7,51.8,14.2,98.60
2021-22,PlayIn,MIN,Minnesota Timberwolves,1,1,0,48,108.7,103.7,5.0,14.5,27.3,84.1,55.7,13.0,100.30
2021-22,PlayIn,CLE,Cleveland Cavaliers,2,0,2,96,104.4,110.8,-6.5,18.3,21.7,74.4,47.2,14.5,100.10
2021-22,PlayIn,LAC,LA Clippers,2,0,2,96,104.7,109.3,-4.6,15.4,20.4,69.1,44.9,12.8,97.90
2021-22,PlayIn,CHA,Charlotte Hornets,1,0,1,48,97.4,124.8,-27.4,15.9,20.8,71.4,43.2,13.2,105.80
2021-22,PlayIn,SAS,San Antonio Spurs,1,0,1,48,104.4,114.5,-10.1,15.1,15.1,76.5,39.1,6.1,98.70
2022-23,Pre+Season,OKC,Oklahoma City Thunder,6,5,1,288,116.6,98.5,18.1,18.9,28.6,76.2,54.4,17.6,102.30
2022-23,Pre+Season,MIN,Minnesota Timberwolves,5,4,1,240,104.0,100.0,4.0,18.9,14.2,81.3,49.2,13.6,110.40
2022-23,Pre+Season,NOP,New Orleans Pelicans,5,4,1,240,104.9,102.0,2.9,18.4,23.8,80.6,51.7,15.5,108.70
2022-23,Pre+Season,MIA,Miami Heat,5,4,1,240,107.5,98.7,8.9,19.2,25.8,75.1,49.4,14.6,105.80
2022-23,Pre+Season,ORL,Orlando Magic,5,4,1,240,102.4,101.2,1.2,17.2,24.2,83.8,53.5,18.5,103.90
2022-23,Pre+Season,SAC,Sacramento Kings,4,4,0,192,107.8,82.5,25.3,18.9,27.5,82.4,54.5,15.4,108.80
2022-23,Pre+Season,PHI,Philadelphia 76ers,4,4,0,192,106.9,97.2,9.7,16.2,26.0,79.2,50.7,13.0,105.70
2022-23,Pre+Season,MEM,Memphis Grizzlies,5,3,2,240,103.5,98.9,4.7,16.5,26.1,74.6,50.2,17.5,107.20
2022-23,Pre+Season,TOR,Toronto Raptors,5,3,2,250,103.7,102.3,1.4,13.2,28.9,78.3,52.5,13.6,106.20
2022-23,Pre+Season,GSW,Golden State Warriors,5,3,2,240,106.5,98.8,7.7,18.6,25.1,79.7,53.2,16.6,105.90
2022-23,Pre+Season,DEN,Denver Nuggets,5,3,2,240,107.1,108.8,-1.7,18.0,22.2,80.0,50.6,16.6,105.70
2022-23,Pre+Season,CHI,Chicago Bulls,4,3,1,192,114.7,102.2,12.4,20.3,24.5,75.3,53.0,18.4,108.60
2022-23,Pre+Season,HOU,Houston Rockets,4,3,1,192,112.1,99.5,12.6,17.2,33.9,73.2,56.1,18.8,107.50
2022-23,Pre+Season,NYK,New York Knicks,4,3,1,192,107.1,96.5,10.6,17.6,26.0,81.0,52.6,12.8,105.70
2022-23,Pre+Season,IND,Indiana Pacers,4,2,2,192,106.4,104.3,2.1,18.5,23.8,72.7,49.3,14.8,107.90
2022-23,Pre+Season,LAC,LA Clippers,4,2,2,192,106.7,99.2,7.5,18.3,20.6,80.8,51.7,18.3,106.60
2022-23,Pre+Season,BKN,Brooklyn Nets,4,2,2,192,96.5,103.2,-6.6,17.3,19.0,74.2,48.1,19.9,105.40
2022-23,Pre+Season,BOS,Boston Celtics,4,2,2,202,113.1,103.8,9.3,20.5,21.5,70.3,48.9,16.8,104.80
2022-23,Pre+Season,ATL,Atlanta Hawks,4,2,2,192,110.4,109.4,1.0,17.2,19.6,74.5,48.0,12.5,102.10
2022-23,Pre+Season,DAL,Dallas Mavericks,3,2,1,144,101.8,98.3,3.5,18.1,14.0,71.9,43.6,16.3,104.10
2022-23,Pre+Season,LAL,Los Angeles Lakers,6,1,5,288,92.0,106.7,-14.7,15.8,16.0,75.7,46.4,17.7,110.90
2022-23,Pre+Season,SAS,San Antonio Spurs,5,1,4,240,97.0,107.1,-10.2,16.8,22.8,75.0,48.0,17.5,106.20
2022-23,Pre+Season,POR,Portland Trail Blazers,5,1,4,240,103.4,110.0,-6.7,15.8,23.0,70.2,47.7,18.8,102.20
2022-23,Pre+Season,PHX,Phoenix Suns,4,1,3,192,104.1,106.1,-2.1,16.7,26.9,80.1,52.3,15.4,108.60
2022-23,Pre+Season,UTA,Utah Jazz,4,1,3,192,93.8,102.1,-8.3,16.2,27.9,78.8,51.8,18.5,108.00
2022-23,Pre+Season,WAS,Washington Wizards,4,1,3,192,93.8,99.9,-6.1,17.5,17.9,70.7,43.1,13.6,103.10
2022-23,Pre+Season,CLE,Cleveland Cavaliers,4,1,3,192,103.0,107.2,-4.1,16.8,20.4,70.2,46.4,15.1,102.40
2022-23,Pre+Season,Adelaide 36ers,Adelaide 36ers,2,1,1,96,111.8,122.9,-11.1,17.8,26.4,71.3,47.4,15.4,103.70
2022-23,Pre+Season,CHA,Charlotte Hornets,5,0,5,240,93.0,109.8,-16.8,13.3,26.3,78.7,49.3,15.6,106.20
2022-23,Pre+Season,MIL,Milwaukee Bucks,5,0,5,240,100.9,111.8,-11.0,15.9,26.1,78.6,50.9,18.6,104.10
2022-23,Pre+Season,DET,Detroit Pistons,4,0,4,192,94.8,108.3,-13.5,16.0,23.0,77.6,49.7,18.2,107.30
2022-23,Pre+Season,Maccabi Ra'anana,Maccabi Ra'anana,3,0,3,144,86.8,133.0,-46.2,14.7,22.4,60.8,37.7,15.5,101.00
2022-23,Regular+Season,MIL,Milwaukee Bucks,82,58,24,3966,112.8,109.3,3.5,18.3,25.0,77.8,52.4,14.1,102.90
2022-23,Regular+Season,BOS,Boston Celtics,82,57,25,3996,115.7,109.3,6.4,19.3,22.1,78.5,50.7,13.1,100.40
2022-23,Regular+Season,PHI,Philadelphia 76ers,82,54,28,3976,115.5,111.2,4.3,18.8,21.6,77.2,49.9,13.7,98.80
2022-23,Regular+Season,DEN,Denver Nuggets,82,53,29,3951,115.0,111.7,3.3,20.7,24.8,76.4,51.3,14.4,100.30
2022-23,Regular+Season,MEM,Memphis Grizzlies,82,51,31,3956,112.3,108.5,3.8,18.3,26.5,75.9,51.2,13.1,103.60
2022-23,Regular+Season,CLE,Cleveland Cavaliers,82,51,31,3976,113.7,108.3,5.4,18.7,23.6,76.3,49.9,13.5,97.70
2022-23,Regular+Season,SAC,Sacramento Kings,82,48,34,3966,117.0,114.4,2.6,19.5,22.7,77.2,50.2,13.1,102.40
2022-23,Regular+Season,NYK,New York Knicks,82,47,35,3991,114.9,112.0,2.9,16.8,28.3,77.1,52.6,12.9,99.60
2022-23,Regular+Season,PHX,Phoenix Suns,82,45,37,3956,112.1,110.1,2.0,19.4,26.6,76.0,50.8,13.4,100.80
2022-23,Regular+Season,BKN,Brooklyn Nets,82,45,37,3946,113.0,112.1,0.9,19.0,19.6,73.7,47.3,13.7,100.10
2022-23,Regular+Season,GSW,Golden State Warriors,82,44,38,3966,113.5,111.8,1.7,20.5,24.4,76.0,50.7,15.5,104.00
2022-23,Regular+Season,LAC,LA Clippers,82,44,38,3966,112.4,111.9,0.5,17.7,22.9,76.6,50.1,14.1,100.30
2022-23,Regular+Season,MIA,Miami Heat,82,44,38,3961,110.4,110.7,-0.3,18.0,22.8,77.7,49.2,13.6,98.50
2022-23,Regular+Season,LAL,Los Angeles Lakers,82,43,39,3976,111.8,111.3,0.5,18.0,22.8,76.3,50.5,13.4,103.80
2022-23,Regular+Season,MIN,Minnesota Timberwolves,82,42,40,3966,111.3,111.3,0.0,18.8,21.5,74.3,48.4,14.7,103.20
2022-23,Regular+Season,NOP,New Orleans Pelicans,82,42,40,3971,111.8,109.9,1.8,18.7,24.7,77.4,51.1,14.3,101.40
2022-23,Regular+Season,ATL,Atlanta Hawks,82,41,41,3971,113.9,113.6,0.3,17.8,25.1,75.8,50.2,12.4,103.10
2022-23,Regular+Season,TOR,Toronto Raptors,82,41,41,3961,112.2,110.7,1.5,17.4,27.8,76.7,50.4,11.6,99.90
2022-23,Regular+Season,OKC,Oklahoma City Thunder,82,40,42,3971,112.3,111.2,1.0,17.4,24.7,72.9,48.4,12.5,103.70
2022-23,Regular+Season,CHI,Chicago Bulls,82,40,42,3981,111.7,110.4,1.3,18.2,20.1,77.8,49.4,13.2,100.10
2022-23,Regular+Season,DAL,Dallas Mavericks,82,38,44,3986,114.3,114.3,0.1,17.6,18.0,75.5,46.4,12.2,98.60
2022-23,Regular+Season,UTA,Utah Jazz,82,37,45,3961,112.7,113.6,-0.9,18.3,26.8,75.2,51.4,14.8,103.20
2022-23,Regular+Season,IND,Indiana Pacers,82,35,47,3951,111.0,114.0,-3.0,19.0,23.4,72.2,47.8,14.2,104.40
2022-23,Regular+Season,WAS,Washington Wizards,82,35,47,3951,111.5,112.7,-1.2,18.6,22.6,76.1,50.4,13.9,101.10
2022-23,Regular+Season,ORL,Orlando Magic,82,34,48,3956,109.0,111.5,-2.5,17.1,23.8,77.7,50.7,14.8,101.70
2022-23,Regular+Season,POR,Portland Trail Blazers,82,33,49,3946,112.0,116.0,-4.0,17.9,22.4,74.9,48.4,14.3,101.00
2022-23,Regular+Season,CHA,Charlotte Hornets,82,27,55,3966,106.7,112.7,-6.0,17.9,23.8,75.5,49.1,13.7,103.20
2022-23,Regular+Season,SAS,San Antonio Spurs,82,22,60,3971,107.2,116.7,-9.5,18.8,25.6,74.9,49.3,14.5,104.50
2022-23,Regular+Season,HOU,Houston Rockets,82,22,60,3951,107.7,115.3,-7.6,16.1,30.2,75.8,52.7,15.8,102.50
2022-23,Regular+Season,DET,Detroit Pistons,82,17,65,3961,107.8,115.9,-8.0,16.8,24.9,74.0,48.7,14.7,101.60
2022-23,Playoffs,DEN,Denver Nuggets,20,16,4,965,116.7,108.2,8.5,19.4,25.2,80.7,54.0,11.9,96.70
2022-23,Playoffs,MIA,Miami Heat,23,13,10,1109,110.5,109.0,1.6,18.0,21.5,74.9,47.7,11.9,97.60
2022-23,Playoffs,BOS,Boston Celtics,20,11,9,965,115.1,111.7,3.4,18.5,23.0,77.5,51.0,12.8,96.70
2022-23,Playoffs,LAL,Los Angeles Lakers,16,8,8,773,111.3,108.9,2.4,18.5,21.1,74.0,49.1,11.8,100.30
2022-23,Playoffs,PHI,Philadelphia 76ers,11,7,4,533,108.2,109.8,-1.6,15.4,23.5,81.4,51.7,13.0,93.90
2022-23,Playoffs,GSW,Golden State Warriors,13,6,7,624,108.6,108.7,-0.1,19.4,26.6,75.3,50.6,13.8,104.10
2022-23,Playoffs,PHX,Phoenix Suns,11,6,5,528,114.2,116.4,-2.3,18.4,22.9,73.4,48.7,12.1,100.00
2022-23,Playoffs,NYK,New York Knicks,11,6,5,528,105.4,105.0,0.4,14.8,30.8,76.8,53.9,15.4,95.00
2022-23,Playoffs,SAC,Sacramento Kings,7,3,4,336,106.2,108.2,-2.0,15.4,28.9,73.8,50.7,13.2,107.00
2022-23,Playoffs,ATL,Atlanta Hawks,6,2,4,288,110.9,116.0,-5.1,17.4,25.1,78.5,49.3,12.3,104.50
2022-23,Playoffs,MEM,Memphis Grizzlies,6,2,4,293,101.0,108.3,-7.2,16.7,25.6,74.6,48.4,12.5,101.80
2022-23,Playoffs,MIL,Milwaukee Bucks,5,1,4,245,111.8,116.7,-4.9,18.7,22.5,82.2,51.0,13.6,104.00
2022-23,Playoffs,LAC,LA Clippers,5,1,4,240,112.9,119.1,-6.2,15.9,26.8,72.7,48.3,13.7,102.40
2022-23,Playoffs,MIN,Minnesota Timberwolves,5,1,4,245,107.9,117.0,-9.0,17.6,19.5,75.1,46.7,13.1,95.70
2022-23,Playoffs,CLE,Cleveland Cavaliers,5,1,4,240,101.1,106.9,-5.8,17.7,23.2,65.1,45.0,17.0,93.20
2022-23,Playoffs,BKN,Brooklyn Nets,4,0,4,192,100.8,113.0,-12.3,18.6,14.0,68.8,41.9,13.3,91.80
2022-23,All+Star,Team Giannis,Team Giannis,1,1,0,44,145.2,138.1,7.1,23.9,23.8,73.5,50.5,9.5,138.00
2022-23,All+Star,Team LeBron,Team LeBron,1,0,1,44,135.7,142.6,-7.0,25.7,26.5,76.2,49.5,7.8,140.40
2022-23,PlayIn,MIN,Minnesota Timberwolves,2,1,1,101,104.7,95.7,9.0,20.8,16.5,74.7,48.3,19.3,100.80
2022-23,PlayIn,OKC,Oklahoma City Thunder,2,1,1,96,106.9,116.7,-9.8,16.1,25.8,70.5,45.7,12.3,101.90
2022-23,PlayIn,CHI,Chicago Bulls,2,1,1,96,103.5,107.1,-3.6,17.6,14.8,69.8,42.0,11.4,96.60
2022-23,PlayIn,MIA,Miami Heat,2,1,1,96,105.1,105.1,0.0,16.8,18.0,73.3,47.4,10.7,98.40
2022-23,PlayIn,LAL,Los Angeles Lakers,1,1,0,53,96.8,91.4,5.4,17.9,26.7,90.0,56.5,18.8,101.00
2022-23,PlayIn,ATL,Atlanta Hawks,1,1,0,48,118.5,107.3,11.2,17.8,40.0,87.2,61.8,12.3,97.90
2022-23,PlayIn,TOR,Toronto Raptors,1,0,1,48,102.1,106.0,-3.9,16.2,36.4,81.0,58.1,15.6,102.80
2022-23,PlayIn,NOP,New Orleans Pelicans,1,0,1,48,121.4,126.5,-5.1,19.5,35.9,72.3,55.8,11.3,97.20
2023-24,Pre+Season,MIN,Minnesota Timberwolves,5,5,0,240,112.4,100.0,12.4,21.3,25.4,77.0,52.4,17.4,104.60
2023-24,Pre+Season,GSW,Golden State Warriors,5,4,1,238,110.7,107.2,3.6,18.6,25.5,80.2,54.6,17.0,107.50
2023-24,Pre+Season,HOU,Houston Rockets,5,4,1,240,103.4,93.3,10.1,17.1,25.2,79.8,53.0,15.3,107.20
2023-24,Pre+Season,PHX,Phoenix Suns,5,4,1,245,110.4,102.8,7.6,18.3,26.7,79.9,53.1,17.1,106.30
2023-24,Pre+Season,BOS,Boston Celtics,5,4,1,240,112.4,102.2,10.2,17.3,29.3,76.4,53.5,15.4,103.70
2023-24,Pre+Season,TOR,Toronto Raptors,4,4,0,192,113.1,91.2,21.9,20.1,31.5,76.5,56.4,19.3,107.50
2023-24,Pre+Season,MIL,Milwaukee Bucks,5,3,2,240,99.8,101.1,-1.3,17.9,23.6,79.4,51.3,16.1,108.20
2023-24,Pre+Season,SAS,San Antonio Spurs,5,3,2,240,105.7,101.2,4.5,20.1,22.2,70.1,47.3,15.2,107.70
2023-24,Pre+Season,ATL,Atlanta Hawks,5,3,2,240,101.1,103.1,-2.1,18.1,23.4,82.2,52.4,19.7,106.70
2023-24,Pre+Season,UTA,Utah Jazz,5,3,2,240,107.6,103.4,4.2,18.5,26.8,75.6,52.8,17.4,104.80
2023-24,Pre+Season,DEN,Denver Nuggets,5,3,2,250,108.5,106.0,2.5,20.1,22.1,69.0,46.5,16.1,99.20
2023-24,Pre+Season,WAS,Washington Wizards,4,3,1,192,109.1,95.7,13.4,18.0,18.8,72.7,46.7,12.7,108.20
2023-24,Pre+Season,ORL,Orlando Magic,4,3,1,192,105.1,95.1,10.0,19.3,21.9,72.7,48.3,15.1,102.50
2023-24,Pre+Season,LAL,Los Angeles Lakers,6,2,4,281,101.6,107.8,-6.2,16.8,17.7,76.3,47.4,16.4,109.90
2023-24,Pre+Season,MEM,Memphis Grizzlies,5,2,3,245,104.1,105.2,-1.1,18.3,19.8,75.1,47.7,15.0,108.60
2023-24,Pre+Season,OKC,Oklahoma City Thunder,5,2,3,240,111.6,108.5,3.2,19.5,22.2,78.9,49.9,13.4,107.80
2023-24,Pre+Season,MIA,Miami Heat,5,2,3,240,103.9,106.4,-2.4,17.4,25.5,78.6,52.9,17.5,107.20
2023-24,Pre+Season,BKN,Brooklyn Nets,4,2,2,192,112.5,107.0,5.5,18.1,23.9,75.8,50.8,17.3,108.20
2023-24,Pre+Season,IND,Indiana Pacers,4,2,2,197,100.6,104.0,-3.4,19.4,22.5,79.8,50.9,16.8,109.00
2023-24,Pre+Season,DET,Detroit Pistons,4,2,2,197,108.2,110.3,-2.0,18.9,24.1,80.3,52.7,16.6,107.20
2023-24,Pre+Season,PHI,Philadelphia 76ers,4,2,2,192,109.2,108.4,0.7,18.4,25.3,74.4,47.8,13.9,104.00
2023-24,Pre+Season,LAC,LA Clippers,4,2,2,192,100.5,100.5,0.0,16.0,26.6,74.2,50.3,15.1,100.80
2023-24,Pre+Season,SAC,Sacramento Kings,5,1,4,245,101.3,105.9,-4.6,19.5,19.4,77.5,46.0,14.3,105.60
2023-24,Pre+Season,CHI,Chicago Bulls,5,1,4,250,104.2,108.2,-4.0,17.8,31.2,78.9,51.6,16.3,100.30
2023-24,Pre+Season,CHA,Charlotte Hornets,4,1,3,192,95.4,103.6,-8.2,15.6,23.9,77.5,51.2,17.4,109.30
2023-24,Pre+Season,CLE,Cleveland Cavaliers,4,1,3,192,100.5,95.5,5.1,19.6,15.5,83.0,50.0,18.9,108.40
2023-24,Pre+Season,DAL,Dallas Mavericks,4,1,3,192,99.3,102.5,-3.2,16.1,20.7,72.2,46.5,13.8,108.70
2023-24,Pre+Season,POR,Portland Trail Blazers,4,1,3,192,106.1,103.1,3.0,17.5,26.6,75.0,50.4,18.4,107.40
2023-24,Pre+Season,NOP,New Orleans Pelicans,4,1,3,192,95.7,105.9,-10.3,17.5,25.0,75.0,48.3,20.5,104.80
2023-24,Pre+Season,NYK,New York Knicks,4,1,3,192,109.2,119.1,-9.9,16.8,25.1,72.2,47.7,15.1,101.20
2023-24,Pre+Season,Real Madrid,Real Madrid,1,1,0,48,119.0,115.2,3.7,18.7,33.3,77.1,55.9,14.1,106.80
2023-24,Pre+Season,Maccabi Ra'anana,Maccabi Ra'anana,3,0,3,144,96.0,124.5,-28.5,15.2,20.9,68.0,42.2,13.9,105.20
2023-24,Pre+Season,Taipans,Taipans,2,0,2,96,79.0,126.0,-47.0,13.0,25.0,66.7,43.2,21.7,110.70
2023-24,Pre+Season,Breakers,Breakers,2,0,2,96,78.3,107.7,-29.4,12.1,14.9,72.7,40.9,20.6,102.20
2023-24,Pre+Season,Flamengo,Flamengo,1,0,1,48,82.3,118.0,-35.7,14.1,26.8,73.5,48.0,29.2,92.40
2023-24,Regular+Season,BOS,Boston Celtics,82,64,18,3966,120.2,108.9,11.3,19.5,24.9,76.3,51.7,11.9,99.60
2023-24,Regular+Season,OKC,Oklahoma City Thunder,82,57,25,3961,117.0,109.8,7.2,19.6,21.1,73.8,48.5,12.3,102.00
2023-24,Regular+Season,DEN,Denver Nuggets,82,57,25,3941,115.6,110.3,5.3,21.1,25.5,75.5,51.2,12.7,99.30
2023-24,Regular+Season,MIN,Minnesota Timberwolves,82,56,26,3961,113.1,106.6,6.5,19.6,23.2,76.9,51.3,14.2,99.30
2023-24,Regular+Season,LAC,LA Clippers,82,51,31,3941,116.1,112.8,3.3,18.9,24.4,74.8,50.5,13.2,99.40
2023-24,Regular+Season,DAL,Dallas Mavericks,82,50,32,3941,115.2,113.0,2.2,18.6,22.2,75.2,48.8,12.2,102.20
2023-24,Regular+Season,NYK,New York Knicks,82,50,32,3946,114.1,109.5,4.6,17.9,29.4,76.1,52.7,13.4,98.60
2023-24,Regular+Season,MIL,Milwaukee Bucks,82,49,33,3961,116.0,113.5,2.6,19.2,21.8,77.2,50.1,12.6,101.90
2023-24,Regular+Season,PHX,Phoenix Suns,82,49,33,3956,114.9,111.9,3.0,19.6,25.0,75.6,51.6,14.7,100.70
2023-24,Regular+Season,NOP,New Orleans Pelicans,82,49,33,3941,115.0,110.6,4.4,19.6,24.4,76.9,51.0,13.0,99.90
2023-24,Regular+Season,CLE,Cleveland Cavaliers,82,48,34,3961,112.8,110.4,2.4,20.4,23.2,76.9,50.4,13.6,99.20
2023-24,Regular+Season,IND,Indiana Pacers,82,47,35,3941,117.9,115.0,2.9,21.2,23.8,74.1,48.9,12.4,104.40
2023-24,Regular+Season,LAL,Los Angeles Lakers,82,47,35,3971,113.6,113.0,0.6,20.3,19.9,76.2,49.5,13.5,103.00
2023-24,Regular+Season,PHI,Philadelphia 76ers,82,47,35,3956,113.8,110.7,3.0,18.2,24.8,74.3,49.1,11.9,100.20
2023-24,Regular+Season,ORL,Orlando Magic,82,47,35,3956,110.6,108.6,2.0,18.3,25.3,78.1,51.5,14.7,99.40
2023-24,Regular+Season,GSW,Golden State Warriors,82,46,36,3966,114.7,112.2,2.5,20.3,27.5,76.1,52.1,13.9,101.90
2023-24,Regular+Season,SAC,Sacramento Kings,82,46,36,3971,113.8,112.1,1.7,20.0,24.5,78.4,50.8,12.8,101.50
2023-24,Regular+Season,MIA,Miami Heat,82,46,36,3951,111.7,109.9,1.8,19.3,21.8,78.1,49.7,12.8,98.30
2023-24,Regular+Season,HOU,Houston Rockets,82,41,41,3971,111.5,110.4,1.1,17.9,25.1,76.0,50.3,12.4,101.60
2023-24,Regular+Season,CHI,Chicago Bulls,82,39,43,3996,112.4,113.9,-1.4,18.4,25.1,76.4,50.2,12.3,98.40
2023-24,Regular+Season,ATL,Atlanta Hawks,82,36,46,3971,114.0,116.1,-2.1,18.6,27.1,75.2,50.2,13.0,102.80
2023-24,Regular+Season,BKN,Brooklyn Nets,82,32,50,3961,110.4,113.3,-2.9,18.7,25.2,76.0,49.9,13.1,99.30
2023-24,Regular+Season,UTA,Utah Jazz,82,31,51,3961,112.0,116.7,-4.7,19.1,28.1,75.2,51.8,15.2,102.60
2023-24,Regular+Season,MEM,Memphis Grizzlies,82,27,55,3956,104.2,111.1,-6.9,18.0,23.8,74.8,48.3,14.8,101.00
2023-24,Regular+Season,TOR,Toronto Raptors,82,25,57,3961,109.8,116.1,-6.3,20.1,24.2,73.9,48.6,13.7,101.70
2023-24,Regular+Season,SAS,San Antonio Spurs,82,22,60,3966,107.5,113.7,-6.2,20.7,22.9,76.4,49.4,14.5,103.50
2023-24,Regular+Season,POR,Portland Trail Blazers,82,21,61,3976,105.0,113.9,-8.9,16.9,27.5,74.0,49.4,15.0,100.30
2023-24,Regular+Season,CHA,Charlotte Hornets,82,21,61,3946,107.1,117.4,-10.3,18.5,21.1,74.5,47.0,13.8,99.30
2023-24,Regular+Season,WAS,Washington Wizards,82,15,67,3946,108.3,117.1,-8.8,19.6,20.0,72.5,45.6,13.3,104.80
2023-24,Regular+Season,DET,Detroit Pistons,82,14,68,3951,107.2,116.1,-8.9,18.4,23.9,77.3,50.1,14.8,102.10
2023-24,Playoffs,BOS,Boston Celtics,19,16,3,917,115.6,107.0,8.6,18.6,23.7,80.6,52.3,12.2,93.60
2023-24,Playoffs,DAL,Dallas Mavericks,22,13,9,1056,111.9,109.1,2.7,16.7,26.1,76.3,51.4,13.2,94.70
2023-24,Playoffs,MIN,Minnesota Timberwolves,16,9,7,768,113.4,108.9,4.4,18.5,26.3,78.4,52.4,12.9,94.80
2023-24,Playoffs,IND,Indiana Pacers,17,8,9,826,117.2,116.1,1.1,21.8,25.4,73.5,50.0,12.3,96.00
2023-24,Playoffs,NYK,New York Knicks,13,7,6,629,114.1,116.2,-2.2,17.0,31.4,74.2,51.9,11.7,95.60
2023-24,Playoffs,DEN,Denver Nuggets,12,7,5,576,108.0,110.2,-2.2,19.3,22.8,79.5,50.3,12.7,94.60
2023-24,Playoffs,OKC,Oklahoma City Thunder,10,6,4,480,109.6,103.1,6.5,18.0,20.8,72.9,47.8,11.6,96.40
2023-24,Playoffs,CLE,Cleveland Cavaliers,12,5,7,576,102.8,108.7,-5.9,17.1,18.6,73.7,46.5,12.8,95.40
2023-24,Playoffs,ORL,Orlando Magic,7,3,4,336,102.9,98.3,4.5,15.0,26.7,80.2,52.2,14.8,97.50
2023-24,Playoffs,MIL,Milwaukee Bucks,6,2,4,293,113.8,116.7,-2.9,17.3,22.1,76.2,49.3,11.0,95.20
2023-24,Playoffs,PHI,Philadelphia 76ers,6,2,4,293,113.4,113.6,-0.2,17.8,25.6,67.8,47.5,12.4,93.70
2023-24,Playoffs,LAC,LA Clippers,6,2,4,288,106.7,113.8,-7.1,16.1,26.9,72.0,49.8,14.4,94.00
2023-24,Playoffs,LAL,Los Angeles Lakers,5,1,4,240,110.3,112.6,-2.3,19.0,17.5,74.8,46.9,11.4,96.50
2023-24,Playoffs,MIA,Miami Heat,5,1,4,240,99.7,116.6,-16.9,17.8,13.3,77.3,44.3,12.5,92.50
2023-24,Playoffs,PHX,Phoenix Suns,4,0,4,192,108.6,124.4,-15.8,16.2,18.2,64.7,41.3,15.0,95.10
2023-24,Playoffs,NOP,New Orleans Pelicans,4,0,4,192,92.0,108.2,-16.2,15.1,25.7,81.6,51.4,18.5,97.30
2023-24,All+Star,East NBA All Stars East,East NBA All Stars East,1,1,0,48,153.2,135.0,18.1,22.1,39.3,71.4,54.7,10.2,137.80
2023-24,All+Star,West NBA All Stars West,West NBA All Stars West,1,0,1,48,134.4,152.4,-18.1,28.0,28.6,60.7,45.3,7.9,138.40
2023-24,PlayIn,CHI,Chicago Bulls,2,1,1,96,109.4,112.3,-3.0,19.7,21.0,80.0,51.2,10.8,101.50
2023-24,PlayIn,NOP,New Orleans Pelicans,2,1,1,96,106.4,104.9,1.5,21.2,25.6,78.7,54.0,14.6,99.20
2023-24,PlayIn,MIA,Miami Heat,2,1,1,96,112.5,102.1,10.4,18.3,29.3,75.3,51.9,14.6,96.00
2023-24,PlayIn,SAC,Sacramento Kings,2,1,1,96,110.0,101.4,8.7,17.9,29.9,75.9,50.6,11.7,98.10
2023-24,PlayIn,LAL,Los Angeles Lakers,1,1,0,48,111.4,107.3,4.1,18.6,13.0,77.8,45.1,8.1,98.80
2023-24,PlayIn,PHI,Philadelphia 76ers,1,1,0,48,108.1,107.1,1.0,17.0,34.1,65.4,51.0,16.5,97.10
2023-24,PlayIn,ATL,Atlanta Hawks,1,0,1,48,109.1,123.2,-14.1,20.8,17.8,72.2,42.0,10.3,106.30
2023-24,PlayIn,GSW,Golden State Warriors,1,0,1,48,95.8,120.3,-24.5,15.2,19.0,69.4,46.2,16.3,98.10
2024-25,Pre+Season,GSW,Golden State Warriors,6,6,0,288,109.0,92.3,16.8,21.0,23.1,74.2,51.2,17.3,103.30
2024-25,Pre+Season,UTA,Utah Jazz,6,4,2,288,106.0,105.7,0.3,16.2,27.7,72.2,51.7,21.4,105.00
2024-25,Pre+Season,MIA,Miami Heat,5,4,1,240,105.4,102.4,3.0,20.4,21.3,74.7,47.5,15.0,106.80
2024-25,Pre+Season,NYK,New York Knicks,5,4,1,240,108.2,101.6,6.6,16.7,22.5,80.0,50.3,11.9,105.50
2024-25,Pre+Season,LAC,LA Clippers,5,4,1,240,103.0,94.0,9.0,17.9,23.2,72.0,49.5,18.5,102.80
2024-25,Pre+Season,BOS,Boston Celtics,5,4,1,240,118.1,102.0,16.1,20.3,28.3,73.3,50.2,11.8,103.20
2024-25,Pre+Season,OKC,Oklahoma City Thunder,5,4,1,245,110.5,99.1,11.4,19.9,22.1,74.8,50.0,13.0,101.10
2024-25,Pre+Season,PHI,Philadelphia 76ers,6,3,3,288,108.2,105.5,2.8,15.8,27.9,74.7,51.1,15.6,101.50
2024-25,Pre+Season,CHI,Chicago Bulls,5,3,2,245,105.2,105.0,0.2,18.1,21.9,75.7,48.6,13.8,113.20
2024-25,Pre+Season,MEM,Memphis Grizzlies,5,3,2,240,107.5,110.9,-3.4,19.8,32.3,76.1,53.9,19.9,105.70
2024-25,Pre+Season,TOR,Toronto Raptors,5,3,2,240,106.8,104.9,1.9,20.9,30.3,79.0,55.0,17.2,106.00
2024-25,Pre+Season,PHX,Phoenix Suns,5,3,2,245,102.2,103.7,-1.5,20.5,16.3,78.2,48.3,14.4,106.20
2024-25,Pre+Season,DET,Detroit Pistons,5,3,2,240,102.6,94.6,8.0,20.6,22.7,80.3,51.0,16.2,102.70
2024-25,Pre+Season,HOU,Houston Rockets,4,3,1,197,109.4,99.9,9.5,17.5,28.9,76.2,53.3,16.1,107.40
2024-25,Pre+Season,POR,Portland Trail Blazers,4,3,1,192,104.7,88.7,16.0,17.9,32.0,76.6,54.7,16.9,104.90
2024-25,Pre+Season,LAL,Los Angeles Lakers,6,2,4,293,97.6,110.3,-12.8,17.1,24.0,79.6,50.3,16.2,105.30
2024-25,Pre+Season,MIN,Minnesota Timberwolves,5,2,3,240,110.7,108.1,2.6,18.2,23.9,82.2,51.0,14.1,109.20
2024-25,Pre+Season,WAS,Washington Wizards,5,2,3,240,97.2,110.4,-13.2,17.0,20.7,73.0,48.0,19.8,106.00
2024-25,Pre+Season,CHA,Charlotte Hornets,5,2,3,245,101.8,99.1,2.7,16.2,26.2,75.4,52.0,20.4,107.70
2024-25,Pre+Season,SAS,San Antonio Spurs,5,2,3,240,107.8,110.5,-2.7,20.9,21.8,74.5,47.9,15.7,104.60
2024-25,Pre+Season,IND,Indiana Pacers,4,2,2,197,115.5,112.7,2.8,19.8,26.4,72.5,49.5,15.8,104.60
2024-25,Pre+Season,DEN,Denver Nuggets,5,1,4,240,102.0,112.9,-10.8,19.5,23.3,76.6,50.9,18.7,107.20
2024-25,Pre+Season,ATL,Atlanta Hawks,4,1,3,192,100.0,106.5,-6.5,19.2,25.9,76.2,48.8,18.6,107.50
2024-25,Pre+Season,DAL,Dallas Mavericks,4,1,3,192,99.7,99.4,0.2,16.6,19.7,75.8,48.5,17.9,106.10
2024-25,Pre+Season,MIL,Milwaukee Bucks,4,1,3,192,92.5,106.7,-14.2,18.7,19.0,74.5,47.1,17.3,103.80
2024-25,Pre+Season,BKN,Brooklyn Nets,4,1,3,192,106.2,105.2,1.0,19.3,24.4,70.7,46.8,14.8,104.50
2024-25,Pre+Season,NOP,New Orleans Pelicans,3,1,2,144,97.4,103.8,-6.4,16.7,22.0,73.4,46.7,17.0,103.70
2024-25,Pre+Season,ORL,Orlando Magic,3,1,2,144,99.8,98.8,1.0,17.8,22.0,74.3,50.6,19.0,105.30
2024-25,Pre+Season,SAC,Sacramento Kings,5,0,5,240,98.2,109.4,-11.2,17.9,29.4,82.4,51.6,17.0,103.40
2024-25,Pre+Season,CLE,Cleveland Cavaliers,4,0,4,197,101.5,109.0,-7.5,18.8,19.4,78.1,48.0,14.4,110.00
2024-25,Pre+Season,New Zealand Breakers,New Zealand Breakers,3,0,3,144,88.6,126.7,-38.2,13.8,23.4,66.1,42.3,17.7,97.80
2024-25,Pre+Season,Ratiopharm Ulm,Ratiopharm Ulm,1,0,1,48,103.4,114.8,-11.4,17.2,21.4,59.5,39.2,17.6,96.70
2024-25,Regular+Season,OKC,Oklahoma City Thunder,82,68,14,3941,117.3,104.8,12.5,19.2,24.2,74.6,50.0,11.4,102.60
2024-25,Regular+Season,CLE,Cleveland Cavaliers,82,64,18,3951,119.1,109.8,9.3,19.8,25.9,74.8,51.0,12.9,102.00
2024-25,Regular+Season,BOS,Boston Celtics,82,61,21,3966,117.5,108.3,9.2,19.2,25.7,76.0,50.9,12.0,98.20
2024-25,Regular+Season,HOU,Houston Rockets,82,52,30,3956,111.4,107.0,4.4,16.6,31.7,76.2,53.5,13.5,102.10
2024-25,Regular+Season,NYK,New York Knicks,82,51,31,3976,115.0,110.9,4.1,19.8,26.0,74.5,50.5,13.2,99.70
2024-25,Regular+Season,DEN,Denver Nuggets,82,50,32,3971,117.2,113.4,3.8,21.3,26.7,74.6,51.9,13.8,102.10
2024-25,Regular+Season,IND,Indiana Pacers,82,50,32,3971,114.1,111.9,2.2,20.7,21.3,74.5,48.2,12.8,101.90
2024-25,Regular+Season,LAL,Los Angeles Lakers,82,50,32,3946,113.4,112.2,1.2,19.2,23.3,74.5,49.7,14.0,99.70
2024-25,Regular+Season,LAC,LA Clippers,82,50,32,3961,112.4,107.8,4.6,18.5,24.4,77.5,51.3,14.8,99.80
2024-25,Regular+Season,MIN,Minnesota Timberwolves,82,49,33,3966,113.6,108.7,5.0,19.0,25.8,75.1,50.8,14.4,99.80
2024-25,Regular+Season,MEM,Memphis Grizzlies,82,48,34,3941,114.4,109.9,4.6,19.2,28.7,74.9,52.0,14.7,106.20
2024-25,Regular+Season,MIL,Milwaukee Bucks,82,48,34,3951,113.6,111.2,2.4,18.8,19.3,76.2,48.9,13.2,101.30
2024-25,Regular+Season,GSW,Golden State Warriors,82,48,34,3946,112.0,108.7,3.3,20.3,27.3,75.6,50.7,13.8,101.40
2024-25,Regular+Season,DET,Detroit Pistons,82,44,38,3961,112.0,110.2,1.8,18.7,26.2,76.0,51.3,14.4,102.50
2024-25,Regular+Season,ORL,Orlando Magic,82,41,41,3946,106.5,106.6,-0.1,17.3,25.3,77.0,49.8,14.4,98.70
2024-25,Regular+Season,ATL,Atlanta Hawks,82,40,42,3956,111.9,112.9,-1.1,20.1,26.3,76.0,50.5,14.7,105.10
2024-25,Regular+Season,SAC,Sacramento Kings,82,40,42,3976,113.8,113.3,0.5,19.0,25.4,76.9,51.1,13.1,100.70
2024-25,Regular+Season,CHI,Chicago Bulls,82,39,43,3951,111.9,113.4,-1.5,20.1,22.3,76.6,49.9,13.9,104.90
2024-25,Regular+Season,DAL,Dallas Mavericks,82,39,43,3946,112.1,113.3,-1.2,18.4,23.3,73.1,48.7,13.8,101.60
2024-25,Regular+Season,MIA,Miami Heat,82,37,45,3986,110.8,110.3,0.6,19.4,22.3,75.8,49.3,13.6,98.50
2024-25,Regular+Season,POR,Portland Trail Blazers,82,36,46,3956,108.1,111.0,-2.9,17.0,29.2,72.5,50.3,15.6,102.10
2024-25,Regular+Season,PHX,Phoenix Suns,82,36,46,3966,113.7,116.7,-3.0,20.2,22.6,74.1,49.0,14.1,99.20
2024-25,Regular+Season,SAS,San Antonio Spurs,82,34,48,3946,111.7,114.4,-2.7,20.2,24.3,73.0,48.6,13.6,101.70
2024-25,Regular+Season,TOR,Toronto Raptors,82,30,52,3961,107.6,111.8,-4.2,19.8,27.3,73.9,50.1,14.9,102.30
2024-25,Regular+Season,BKN,Brooklyn Nets,82,26,56,3956,105.7,112.8,-7.1,18.6,24.5,75.0,48.6,15.3,99.00
2024-25,Regular+Season,PHI,Philadelphia 76ers,82,24,58,3961,109.0,115.2,-6.2,17.3,23.4,71.8,46.6,13.5,99.90
2024-25,Regular+Season,NOP,New Orleans Pelicans,82,21,61,3951,107.6,116.9,-9.2,18.5,26.3,72.7,48.8,14.4,101.70
2024-25,Regular+Season,CHA,Charlotte Hornets,82,19,63,3951,104.0,113.0,-9.0,17.7,26.5,74.5,50.0,15.3,100.70
2024-25,Regular+Season,WAS,Washington Wizards,82,18,64,3946,103.9,115.9,-12.0,18.0,22.7,71.9,47.2,15.0,103.70
2024-25,Regular+Season,UTA,Utah Jazz,82,17,65,3961,107.8,116.8,-9.0,18.1,26.9,74.1,50.7,16.6,103.10
2024-25,Playoffs,OKC,Oklahoma City Thunder,23,16,7,1109,112.2,104.1,8.2,16.8,25.6,73.1,49.1,12.1,101.70
2024-25,Playoffs,IND,Indiana Pacers,23,15,8,1114,112.5,110.4,2.0,19.4,20.5,73.5,48.5,14.1,100.50
2024-25,Playoffs,NYK,New York Knicks,18,10,8,874,109.6,109.6,0.0,15.1,27.5,75.1,50.8,13.8,98.80
2024-25,Playoffs,MIN,Minnesota Timberwolves,15,9,6,720,110.1,107.5,2.7,17.9,28.9,73.0,51.2,15.8,99.00
2024-25,Playoffs,DEN,Denver Nuggets,14,7,7,682,106.6,111.4,-4.8,16.7,27.9,75.6,52.0,15.7,98.90
2024-25,Playoffs,BOS,Boston Celtics,11,6,5,533,110.9,105.1,5.8,15.9,26.0,72.3,49.9,13.8,94.40
2024-25,Playoffs,GSW,Golden State Warriors,12,5,7,576,106.4,109.5,-3.1,17.6,27.3,70.5,47.8,14.9,96.90
2024-25,Playoffs,CLE,Cleveland Cavaliers,9,5,4,432,119.7,108.0,11.7,16.9,28.2,79.5,53.0,12.1,99.80
2024-25,Playoffs,HOU,Houston Rockets,7,3,4,336,109.5,109.5,0.0,15.3,31.5,76.2,54.2,14.3,95.00
2024-25,Playoffs,LAC,LA Clippers,7,3,4,341,113.8,113.2,0.6,19.8,23.8,72.3,47.7,12.6,93.80
2024-25,Playoffs,DET,Detroit Pistons,6,2,4,288,106.2,107.6,-1.3,15.2,27.3,75.5,52.3,16.4,100.40
2024-25,Playoffs,MIL,Milwaukee Bucks,5,1,4,245,109.9,117.5,-7.6,17.7,23.0,83.4,51.3,13.0,98.20
2024-25,Playoffs,LAL,Los Angeles Lakers,5,1,4,240,107.8,115.3,-7.5,17.1,23.8,69.3,47.1,15.7,93.10
2024-25,Playoffs,ORL,Orlando Magic,5,1,4,240,99.9,113.6,-13.7,15.0,25.4,76.3,48.5,12.4,93.70
2024-25,Playoffs,MEM,Memphis Grizzlies,4,0,4,192,95.9,114.5,-18.6,15.1,23.6,72.3,48.9,18.4,104.80
2024-25,Playoffs,MIA,Miami Heat,4,0,4,192,102.3,135.0,-32.7,17.1,23.3,72.7,46.3,17.1,93.30
2024-25,PlayIn,MIA,Miami Heat,2,2,0,101,113.4,99.7,13.7,21.8,25.6,81.1,54.7,14.7,97.20
2024-25,PlayIn,MEM,Memphis Grizzlies,2,1,1,96,116.4,112.0,4.4,18.1,36.8,77.3,57.1,15.8,101.40
2024-25,PlayIn,DAL,Dallas Mavericks,2,1,1,96,114.4,114.4,0.0,20.1,21.3,65.9,45.0,13.2,98.70
2024-25,PlayIn,ORL,Orlando Magic,1,1,0,48,119.0,94.2,24.8,20.4,26.7,82.4,56.3,9.9,100.90
2024-25,PlayIn,GSW,Golden State Warriors,1,1,0,48,124.8,119.6,5.2,20.9,27.7,61.9,43.8,10.3,97.00
2024-25,PlayIn,ATL,Atlanta Hawks,2,0,2,101,102.3,119.0,-16.6,18.8,19.4,72.5,44.3,8.8,97.10
2024-25,PlayIn,CHI,Chicago Bulls,1,0,1,48,88.7,107.4,-18.7,12.1,16.3,77.5,45.8,17.7,101.50
2024-25,PlayIn,SAC,Sacramento Kings,1,0,1,48,107.5,121.7,-14.2,16.8,32.6,74.4,51.8,18.3,98.60
2025-26,Pre+Season,SAS,San Antonio Spurs,5,5,0,245,118.7,102.5,16.2,19.7,34.6,76.9,56.3,17.6,102.70
2025-26,Pre+Season,TOR,Toronto Raptors,6,4,2,288,107.0,105.5,1.6,19.5,27.9,68.8,46.3,14.1,106.70
2025-26,Pre+Season,OKC,Oklahoma City Thunder,6,4,2,288,103.3,103.0,0.3,17.8,19.8,75.4,47.0,16.2,106.00
2025-26,Pre+Season,NYK,New York Knicks,5,4,1,245,102.8,99.5,3.3,16.3,29.7,74.2,50.5,15.2,100.70
2025-26,Pre+Season,HOU,Houston Rockets,4,4,0,192,121.9,112.1,9.8,18.4,31.5,74.9,53.5,14.9,107.70
2025-26,Pre+Season,ORL,Orlando Magic,4,4,0,192,121.0,106.4,14.6,17.2,42.2,70.9,56.9,17.9,104.60
2025-26,Pre+Season,CHI,Chicago Bulls,5,3,2,240,109.6,109.4,0.2,20.4,26.1,78.0,53.4,16.6,109.60
2025-26,Pre+Season,GSW,Golden State Warriors,5,3,2,240,105.7,104.2,1.5,20.1,22.7,67.5,46.8,20.1,109.20
2025-26,Pre+Season,DEN,Denver Nuggets,5,3,2,240,108.4,107.2,1.2,18.1,21.7,76.0,50.0,17.1,100.50
2025-26,Pre+Season,BOS,Boston Celtics,4,3,1,192,110.9,99.5,11.5,16.8,34.4,69.5,53.3,19.9,106.80
2025-26,Pre+Season,DAL,Dallas Mavericks,4,3,1,192,107.8,95.3,12.5,20.2,22.4,76.4,51.2,14.6,106.00
2025-26,Pre+Season,MIL,Milwaukee Bucks,4,3,1,192,108.4,104.2,4.3,18.1,12.0,78.8,45.8,15.6,105.80
2025-26,Pre+Season,PHX,Phoenix Suns,4,3,1,197,106.0,98.1,7.9,18.7,30.1,68.7,48.3,14.8,105.10
2025-26,Pre+Season,LAC,LA Clippers,4,3,1,192,115.0,99.7,15.3,21.8,25.8,79.4,53.6,16.3,98.00
2025-26,Pre+Season,MIN,Minnesota Timberwolves,6,2,4,298,112.6,106.0,6.6,18.8,27.5,72.8,50.8,18.0,102.80
2025-26,Pre+Season,CHA,Charlotte Hornets,5,2,3,240,110.2,110.0,0.2,17.8,32.0,78.7,55.3,17.7,109.50
2025-26,Pre+Season,ATL,Atlanta Hawks,4,2,2,197,104.6,109.1,-4.5,18.0,25.4,70.5,47.7,15.6,109.20
2025-26,Pre+Season,IND,Indiana Pacers,4,2,2,197,106.8,113.5,-6.7,18.8,30.6,74.1,52.4,20.8,105.60
2025-26,Pre+Season,NOP,New Orleans Pelicans,4,2,2,192,115.5,106.9,8.5,17.1,31.6,68.1,50.8,14.9,105.40
2025-26,Pre+Season,DET,Detroit Pistons,4,2,2,192,110.8,107.6,3.1,19.2,29.6,74.4,53.0,18.6,103.40
2025-26,Pre+Season,BKN,Brooklyn Nets,4,2,2,197,112.2,105.8,6.4,18.7,36.1,67.9,53.6,22.7,103.10
2025-26,Pre+Season,LAL,Los Angeles Lakers,6,1,5,288,102.0,111.4,-9.3,16.4,25.1,78.1,50.5,18.0,101.90
2025-26,Pre+Season,MEM,Memphis Grizzlies,5,1,4,240,109.3,119.2,-9.9,16.9,27.3,68.8,47.2,16.4,107.60
2025-26,Pre+Season,POR,Portland Trail Blazers,4,1,3,192,108.5,111.9,-3.3,14.9,36.0,74.4,53.5,16.9,112.20
2025-26,Pre+Season,CLE,Cleveland Cavaliers,4,1,3,192,103.3,108.1,-4.8,18.2,27.0,68.7,45.7,16.2,109.90
2025-26,Pre+Season,PHI,Philadelphia 76ers,4,1,3,192,96.8,105.7,-8.9,15.5,26.1,67.8,46.7,17.6,106.40
2025-26,Pre+Season,UTA,Utah Jazz,4,1,3,197,116.3,122.7,-6.4,19.8,22.9,66.0,45.4,14.5,102.70
2025-26,Pre+Season,SAC,Sacramento Kings,4,1,3,192,108.7,115.0,-6.2,17.0,23.8,74.0,50.1,16.3,104.20
2025-26,Pre+Season,WAS,Washington Wizards,3,1,2,144,105.5,107.1,-1.6,16.6,30.3,76.9,53.8,17.3,104.30
2025-26,Pre+Season,MIA,Miami Heat,6,0,6,293,100.7,109.2,-8.5,16.6,25.9,68.0,47.3,16.7,108.20
2025-26,Pre+Season,Guangzhou Loong-Lions,Guangzhou Loong-Lions,3,0,3,144,85.6,131.5,-46.0,13.3,15.3,60.6,34.8,21.0,100.10
2025-26,Pre+Season,Melbourne United,Melbourne United,1,0,1,48,92.6,102.1,-9.5,16.3,28.3,72.9,51.1,17.2,104.80
2025-26,Pre+Season,South East Melbourne Phoenix,South East Melbourne Phoenix,1,0,1,48,89.5,123.5,-34.0,16.3,34.5,64.7,45.7,10.7,102.80
2025-26,Pre+Season,Hapoel Jerusalem B.C.,Hapoel Jerusalem B.C.,1,0,1,48,92.4,129.1,-36.7,14.3,26.0,62.5,42.2,15.7,95.30
2025-26,Regular+Season,OKC,Oklahoma City Thunder,38,31,7,1849,117.0,104.1,12.9,18.6,21.7,75.2,49.6,12.0,102.40
2025-26,Regular+Season,DET,Detroit Pistons,37,28,9,1786,113.8,107.1,6.7,18.6,31.6,73.5,52.8,15.1,103.60
2025-26,Regular+Season,SAS,San Antonio Spurs,37,26,11,1781,115.4,109.9,5.5,18.4,26.6,77.3,52.3,13.7,102.90
2025-26,Regular+Season,DEN,Denver Nuggets,37,25,12,1796,121.3,115.5,5.9,20.6,24.8,73.8,50.5,12.9,101.10
2025-26,Regular+Season,MIN,Minnesota Timberwolves,37,24,13,1791,115.5,110.1,5.4,18.8,26.1,74.2,50.6,13.7,102.70
2025-26,Regular+Season,NYK,New York Knicks,37,24,13,1776,118.2,113.5,4.6,19.0,29.8,75.5,52.1,13.5,101.30
2025-26,Regular+Season,TOR,Toronto Raptors,38,23,15,1834,111.3,109.2,2.1,20.4,25.7,73.9,49.7,13.8,101.80
2025-26,Regular+Season,BOS,Boston Celtics,36,23,13,1728,118.9,111.8,7.1,17.6,29.9,73.0,51.5,12.1,98.90
2025-26,Regular+Season,LAL,Los Angeles Lakers,35,23,12,1680,114.9,115.2,-0.2,18.3,24.9,74.4,50.4,15.4,101.20
2025-26,Regular+Season,PHX,Phoenix Suns,37,22,15,1781,112.4,110.1,2.4,18.1,29.5,72.0,50.4,15.3,101.80
2025-26,Regular+Season,HOU,Houston Rockets,34,22,12,1662,117.3,109.3,8.0,17.7,37.7,75.3,56.6,15.8,99.50
2025-26,Regular+Season,CLE,Cleveland Cavaliers,38,21,17,1834,114.1,111.8,2.3,19.2,27.0,73.8,50.1,13.7,103.90
2025-26,Regular+Season,ORL,Orlando Magic,38,21,17,1839,112.5,111.2,1.3,18.6,26.5,75.2,50.7,13.5,102.70
2025-26,Regular+Season,GSW,Golden State Warriors,38,20,18,1834,111.8,110.5,1.3,19.7,25.8,73.4,49.3,15.4,102.30
2025-26,Regular+Season,MIA,Miami Heat,37,20,17,1781,111.9,109.4,2.5,19.5,24.0,74.3,49.1,13.4,107.10
2025-26,Regular+Season,PHI,Philadelphia 76ers,35,20,15,1710,112.8,111.4,1.4,17.7,26.9,73.4,49.6,13.5,102.50
2025-26,Regular+Season,ATL,Atlanta Hawks,39,18,21,1882,111.9,112.8,-0.9,21.2,22.4,73.1,47.6,14.4,105.20
2025-26,Regular+Season,POR,Portland Trail Blazers,38,18,20,1834,110.4,112.9,-2.5,17.1,30.9,71.4,50.7,16.0,104.90
2025-26,Regular+Season,CHI,Chicago Bulls,37,17,20,1786,111.8,115.7,-3.9,20.3,23.5,75.4,50.1,14.1,104.20
2025-26,Regular+Season,MEM,Memphis Grizzlies,37,16,21,1786,109.1,110.5,-1.4,19.8,25.8,75.4,50.7,14.5,105.00
2025-26,Regular+Season,MIL,Milwaukee Bucks,37,16,21,1786,112.2,114.5,-2.3,19.3,20.3,74.3,47.7,14.6,100.50
2025-26,Regular+Season,DAL,Dallas Mavericks,37,14,23,1801,107.0,110.6,-3.6,17.8,22.2,73.3,48.5,14.6,104.30
2025-26,Regular+Season,CHA,Charlotte Hornets,37,13,24,1791,112.0,113.8,-1.7,18.5,28.5,75.8,52.6,15.3,102.20
2025-26,Regular+Season,LAC,LA Clippers,36,13,23,1738,113.0,115.4,-2.4,17.8,24.0,72.7,48.9,15.3,98.60
2025-26,Regular+Season,UTA,Utah Jazz,36,12,24,1758,112.4,119.3,-6.9,20.2,26.9,73.9,50.0,14.9,104.70
2025-26,Regular+Season,BKN,Brooklyn Nets,34,11,23,1637,108.8,113.5,-4.7,18.6,25.0,73.2,48.1,15.8,100.10
2025-26,Regular+Season,WAS,Washington Wizards,36,10,26,1738,109.1,119.4,-10.3,18.1,25.0,70.4,48.0,15.1,103.50
2025-26,Regular+Season,NOP,New Orleans Pelicans,39,8,31,1892,109.4,117.3,-7.8,17.5,27.2,71.3,48.6,14.1,103.50
2025-26,Regular+Season,SAC,Sacramento Kings,37,8,29,1791,106.1,117.4,-11.3,18.0,22.7,72.6,46.8,13.8,102.70
2025-26,Regular+Season,IND,Indiana Pacers,37,6,31,1786,106.8,115.5,-8.6,17.6,23.3,73.3,47.2,13.5,103.10
