SEASON,SEASON_TYPE,TEAM_ABB,TEAM_NAME,GP,G,FREQ_WHOLE_NUM,FGM_LT_10,FGA_LT_10,LT_10_PCT,NS_LT_10_PCT,PLUSMINUS
2015-16,Regular+Season,TOR,Toronto Raptors,81,81,43.8,18.7,35.9,52.1,54.5,-2.4
2015-16,Regular+Season,OKC,Oklahoma City Thunder,82,82,46.6,21.4,40.9,52.4,54.5,-2.1
2015-16,Regular+Season,SAS,San Antonio Spurs,82,82,44.0,18.8,36.0,52.2,54.2,-2.0
2015-16,Regular+Season,UTA,Utah Jazz,82,82,44.5,18.7,35.6,52.5,54.5,-2.0
2015-16,Regular+Season,CHI,Chicago Bulls,82,82,45.1,21.2,40.3,52.7,54.6,-1.9
2015-16,Regular+Season,MIA,Miami Heat,82,82,44.7,19.8,37.7,52.7,54.4,-1.7
2015-16,Regular+Season,NYK,New York Knicks,82,82,44.0,20.0,37.8,52.9,54.5,-1.7
2015-16,Regular+Season,GSW,Golden State Warriors,82,82,44.7,21.1,40.0,52.8,54.4,-1.6
2015-16,Regular+Season,ATL,Atlanta Hawks,82,82,43.6,19.8,37.5,52.8,54.4,-1.6
2015-16,Regular+Season,POR,Portland Trail Blazers,82,82,42.5,19.1,35.9,53.3,54.6,-1.3
2015-16,Regular+Season,CHA,Charlotte Hornets,82,82,41.2,18.8,35.0,53.7,54.6,-0.9
2015-16,Regular+Season,BOS,Boston Celtics,81,81,43.9,20.1,37.4,53.7,54.5,-0.9
2015-16,Regular+Season,IND,Indiana Pacers,82,82,43.8,20.0,37.2,53.9,54.5,-0.6
2015-16,Regular+Season,LAC,LA Clippers,82,82,41.8,19.1,35.4,53.9,54.3,-0.4
2015-16,Regular+Season,PHI,Philadelphia 76ers,82,82,45.8,21.3,39.1,54.4,54.5,-0.1
2015-16,Regular+Season,CLE,Cleveland Cavaliers,82,82,44.0,19.6,36.1,54.3,54.3,0.0
2015-16,Regular+Season,ORL,Orlando Magic,81,81,45.0,20.6,37.5,54.8,54.5,0.3
2015-16,Regular+Season,DET,Detroit Pistons,82,82,43.8,20.3,36.9,55.2,54.6,0.5
2015-16,Regular+Season,MEM,Memphis Grizzlies,82,82,41.0,18.0,32.3,55.8,54.7,1.1
2015-16,Regular+Season,DEN,Denver Nuggets,82,82,43.8,20.6,36.9,55.8,54.6,1.1
2015-16,Regular+Season,MIL,Milwaukee Bucks,82,82,45.2,20.9,37.6,55.5,54.5,1.1
2015-16,Regular+Season,WAS,Washington Wizards,82,82,42.3,19.7,35.5,55.6,54.4,1.2
2015-16,Regular+Season,DAL,Dallas Mavericks,82,82,41.4,19.6,35.1,55.8,54.5,1.3
2015-16,Regular+Season,SAC,Sacramento Kings,81,81,42.1,20.6,36.9,55.9,54.5,1.4
2015-16,Regular+Season,HOU,Houston Rockets,82,82,43.8,21.1,37.3,56.6,54.6,2.0
2015-16,Regular+Season,PHX,Phoenix Suns,82,82,43.7,20.7,36.6,56.6,54.6,2.0
2015-16,Regular+Season,MIN,Minnesota Timberwolves,82,82,45.5,22.3,38.5,57.8,54.3,3.4
2015-16,Regular+Season,NOP,New Orleans Pelicans,82,82,42.6,20.7,35.8,58.0,54.6,3.4
2015-16,Regular+Season,BKN,Brooklyn Nets,82,82,46.2,22.9,39.3,58.2,54.6,3.7
2015-16,Regular+Season,LAL,Los Angeles Lakers,82,82,44.0,22.4,37.7,59.5,54.7,4.8
2016-17,Regular+Season,UTA,Utah Jazz,82,82,44.2,18.9,36.2,52.2,56.0,-3.8
2016-17,Regular+Season,SAS,San Antonio Spurs,81,81,44.7,19.5,37.3,52.3,56.1,-3.8
2016-17,Regular+Season,POR,Portland Trail Blazers,82,82,43.0,19.7,37.0,53.2,56.2,-3.1
2016-17,Regular+Season,MIA,Miami Heat,82,82,46.2,20.8,38.9,53.4,55.8,-2.4
2016-17,Regular+Season,ATL,Atlanta Hawks,82,82,38.6,18.0,33.6,53.5,55.8,-2.3
2016-17,Regular+Season,GSW,Golden State Warriors,82,82,45.2,21.8,40.3,54.2,55.9,-1.7
2016-17,Regular+Season,CHI,Chicago Bulls,82,82,45.1,21.3,39.0,54.5,55.9,-1.4
2016-17,Regular+Season,BKN,Brooklyn Nets,81,81,41.9,20.8,38.1,54.7,55.9,-1.2
2016-17,Regular+Season,TOR,Toronto Raptors,81,81,43.8,19.9,36.3,55.0,55.9,-0.9
2016-17,Regular+Season,OKC,Oklahoma City Thunder,82,82,47.3,22.3,40.3,55.3,56.2,-0.9
2016-17,Regular+Season,MEM,Memphis Grizzlies,82,82,40.4,17.7,31.8,55.7,56.3,-0.6
2016-17,Regular+Season,IND,Indiana Pacers,81,81,40.7,19.0,34.2,55.4,55.9,-0.5
2016-17,Regular+Season,DET,Detroit Pistons,82,82,40.6,18.9,33.8,55.7,55.9,-0.2
2016-17,Regular+Season,PHX,Phoenix Suns,80,80,42.8,20.7,37.0,56.0,56.1,-0.1
2016-17,Regular+Season,NOP,New Orleans Pelicans,82,82,42.2,21.1,37.5,56.3,56.1,0.2
2016-17,Regular+Season,NYK,New York Knicks,82,82,44.7,21.9,39.0,56.1,55.9,0.2
2016-17,Regular+Season,PHI,Philadelphia 76ers,82,82,44.7,21.5,38.4,56.0,55.8,0.2
2016-17,Regular+Season,BOS,Boston Celtics,82,82,42.1,20.2,36.1,56.1,55.8,0.3
2016-17,Regular+Season,CHA,Charlotte Hornets,82,82,39.2,19.1,33.9,56.2,55.8,0.4
2016-17,Regular+Season,CLE,Cleveland Cavaliers,82,82,42.8,21.3,38.0,56.1,55.7,0.4
2016-17,Regular+Season,WAS,Washington Wizards,82,82,43.4,20.8,36.9,56.4,55.7,0.6
2016-17,Regular+Season,MIL,Milwaukee Bucks,82,82,44.3,20.7,36.7,56.5,55.8,0.7
2016-17,Regular+Season,SAC,Sacramento Kings,82,82,41.0,19.5,34.1,57.2,56.2,1.0
2016-17,Regular+Season,ORL,Orlando Magic,82,82,44.9,22.1,38.7,57.0,55.8,1.2
2016-17,Regular+Season,DEN,Denver Nuggets,81,81,42.0,21.6,37.1,58.2,56.0,2.1
2016-17,Regular+Season,LAC,LA Clippers,82,82,39.8,19.7,34.0,58.2,56.0,2.2
2016-17,Regular+Season,MIN,Minnesota Timberwolves,82,82,44.6,21.9,37.1,59.1,56.1,3.0
2016-17,Regular+Season,DAL,Dallas Mavericks,81,81,40.2,18.8,31.8,59.1,56.0,3.1
2016-17,Regular+Season,HOU,Houston Rockets,82,82,44.9,23.6,39.9,59.3,56.0,3.3
2016-17,Regular+Season,LAL,Los Angeles Lakers,82,82,42.8,22.4,36.8,60.7,56.2,4.6
2016-17,Playoffs,IND,Indiana Pacers,4,4,41.7,19.0,34.5,55.1,58.9,-3.8
2016-17,Playoffs,TOR,Toronto Raptors,10,10,41.7,17.7,32.8,54.0,57.6,-3.6
2016-17,Playoffs,GSW,Golden State Warriors,17,17,43.9,20.9,39.1,53.5,56.8,-3.3
2016-17,Playoffs,POR,Portland Trail Blazers,4,4,39.8,20.5,34.8,59.0,62.0,-3.0
2016-17,Playoffs,MIL,Milwaukee Bucks,6,6,44.0,17.2,32.5,52.8,55.5,-2.7
2016-17,Playoffs,SAS,San Antonio Spurs,16,16,42.0,18.9,34.6,54.5,57.0,-2.5
2016-17,Playoffs,CLE,Cleveland Cavaliers,18,18,41.7,20.7,36.7,56.5,57.7,-1.1
2016-17,Playoffs,MEM,Memphis Grizzlies,6,6,38.0,16.3,29.3,55.7,56.5,-0.8
2016-17,Playoffs,HOU,Houston Rockets,11,11,45.1,22.6,40.4,56.1,56.4,-0.3
2016-17,Playoffs,WAS,Washington Wizards,13,13,43.0,20.4,35.9,56.7,55.6,1.1
2016-17,Playoffs,BOS,Boston Celtics,18,18,44.0,21.3,36.9,57.8,56.4,1.4
2016-17,Playoffs,UTA,Utah Jazz,11,11,38.1,18.9,30.3,62.5,60.2,2.3
2016-17,Playoffs,OKC,Oklahoma City Thunder,5,5,48.4,24.8,40.6,61.1,58.6,2.5
2016-17,Playoffs,ATL,Atlanta Hawks,6,6,37.3,19.0,32.3,58.8,56.3,2.5
2016-17,Playoffs,CHI,Chicago Bulls,6,6,41.9,21.8,35.2,62.1,56.9,5.2
2016-17,Playoffs,LAC,LA Clippers,7,7,38.3,18.9,29.0,65.0,57.3,7.7
2017-18,Regular+Season,POR,Portland Trail Blazers,82,82,42.4,19.0,36.4,52.1,56.7,-4.5
2017-18,Regular+Season,TOR,Toronto Raptors,82,82,47.0,21.1,40.2,52.4,56.2,-3.8
2017-18,Regular+Season,PHI,Philadelphia 76ers,81,81,41.5,19.3,36.4,53.1,56.5,-3.4
2017-18,Regular+Season,MIA,Miami Heat,81,81,45.8,20.4,38.4,53.2,56.3,-3.1
2017-18,Regular+Season,UTA,Utah Jazz,82,82,42.7,19.3,35.5,54.3,56.7,-2.4
2017-18,Regular+Season,GSW,Golden State Warriors,82,82,45.4,22.3,40.9,54.6,56.4,-1.8
2017-18,Regular+Season,BKN,Brooklyn Nets,80,80,44.3,21.8,39.6,55.1,56.4,-1.4
2017-18,Regular+Season,SAS,San Antonio Spurs,82,82,43.4,20.2,36.5,55.3,56.7,-1.4
2017-18,Regular+Season,BOS,Boston Celtics,79,79,43.3,20.5,36.9,55.6,56.5,-1.0
2017-18,Regular+Season,NYK,New York Knicks,81,81,42.9,20.5,37.1,55.4,56.4,-1.0
2017-18,Regular+Season,LAL,Los Angeles Lakers,82,82,45.0,22.8,40.5,56.3,56.6,-0.3
2017-18,Regular+Season,NOP,New Orleans Pelicans,82,82,42.7,22.0,39.2,56.2,56.4,-0.2
2017-18,Regular+Season,OKC,Oklahoma City Thunder,80,80,42.9,20.4,36.1,56.6,56.5,0.1
2017-18,Regular+Season,PHX,Phoenix Suns,82,82,43.7,22.1,38.8,57.0,56.7,0.3
2017-18,Regular+Season,DET,Detroit Pistons,82,82,42.0,20.4,35.8,57.1,56.6,0.5
2017-18,Regular+Season,ORL,Orlando Magic,81,81,45.9,22.9,40.1,57.1,56.5,0.7
2017-18,Regular+Season,DEN,Denver Nuggets,82,82,44.4,22.1,38.5,57.5,56.6,0.8
2017-18,Regular+Season,LAC,LA Clippers,82,82,41.2,20.7,36.1,57.3,56.6,0.8
2017-18,Regular+Season,MIL,Milwaukee Bucks,81,81,46.7,22.4,39.1,57.2,56.3,0.9
2017-18,Regular+Season,ATL,Atlanta Hawks,81,81,41.3,20.6,35.8,57.5,56.5,1.0
2017-18,Regular+Season,DAL,Dallas Mavericks,82,82,40.4,19.6,33.9,57.9,56.7,1.2
2017-18,Regular+Season,SAC,Sacramento Kings,82,82,42.6,20.5,35.1,58.3,56.8,1.5
2017-18,Regular+Season,CHA,Charlotte Hornets,81,81,39.5,20.2,34.7,58.2,56.5,1.7
2017-18,Regular+Season,MEM,Memphis Grizzlies,82,82,41.9,19.7,33.7,58.5,56.7,1.8
2017-18,Regular+Season,HOU,Houston Rockets,82,82,46.1,23.1,39.4,58.5,56.5,2.0
2017-18,Regular+Season,WAS,Washington Wizards,82,82,44.2,21.8,37.3,58.5,56.4,2.1
2017-18,Regular+Season,IND,Indiana Pacers,82,82,42.9,21.3,36.4,58.7,56.3,2.4
2017-18,Regular+Season,CLE,Cleveland Cavaliers,82,82,43.7,22.7,38.5,59.0,56.2,2.7
2017-18,Regular+Season,CHI,Chicago Bulls,82,82,41.7,21.5,36.2,59.5,56.6,2.9
2017-18,Regular+Season,MIN,Minnesota Timberwolves,82,82,43.1,21.9,36.5,59.9,56.6,3.4
2017-18,Playoffs,SAS,San Antonio Spurs,5,5,31.9,15.0,26.4,56.8,62.5,-5.7
2017-18,Playoffs,UTA,Utah Jazz,11,11,39.6,18.1,34.3,52.8,58.1,-5.3
2017-18,Playoffs,WAS,Washington Wizards,6,6,50.9,23.0,42.2,54.5,58.7,-4.2
2017-18,Playoffs,MIA,Miami Heat,5,5,44.9,21.4,39.2,54.6,57.5,-2.9
2017-18,Playoffs,GSW,Golden State Warriors,21,21,44.6,22.1,39.0,56.5,59.1,-2.6
2017-18,Playoffs,IND,Indiana Pacers,7,7,37.1,16.6,28.3,58.6,61.1,-2.5
2017-18,Playoffs,HOU,Houston Rockets,17,17,47.0,22.1,38.9,56.9,59.0,-2.1
2017-18,Playoffs,PHI,Philadelphia 76ers,10,10,39.5,17.4,32.9,52.9,54.8,-1.9
2017-18,Playoffs,MIN,Minnesota Timberwolves,5,5,40.2,20.2,35.4,57.1,58.5,-1.4
2017-18,Playoffs,OKC,Oklahoma City Thunder,6,6,46.2,21.5,38.8,55.4,56.7,-1.3
2017-18,Playoffs,MIL,Milwaukee Bucks,7,7,45.8,20.0,38.3,52.2,52.9,-0.7
2017-18,Playoffs,TOR,Toronto Raptors,10,10,42.7,21.6,36.7,58.9,58.4,0.4
2017-18,Playoffs,BOS,Boston Celtics,19,19,41.9,20.4,34.1,59.9,59.3,0.6
2017-18,Playoffs,NOP,New Orleans Pelicans,9,9,36.8,20.4,34.0,60.1,57.8,2.4
2017-18,Playoffs,CLE,Cleveland Cavaliers,22,22,45.2,22.1,37.0,59.5,57.0,2.5
2017-18,Playoffs,POR,Portland Trail Blazers,4,4,45.5,25.5,38.3,66.7,60.0,6.7
2018-19,Regular+Season,MIL,Milwaukee Bucks,82,82,38.4,18.6,35.9,51.8,56.1,-4.3
2018-19,Regular+Season,MIA,Miami Heat,82,82,41.3,19.0,35.8,53.1,56.6,-3.5
2018-19,Regular+Season,UTA,Utah Jazz,80,80,45.8,21.8,40.6,53.8,56.8,-3.0
2018-19,Regular+Season,GSW,Golden State Warriors,82,82,44.1,22.1,40.2,54.8,56.6,-1.8
2018-19,Regular+Season,TOR,Toronto Raptors,82,82,44.4,21.9,39.8,54.9,56.5,-1.5
2018-19,Regular+Season,IND,Indiana Pacers,82,82,44.5,21.3,38.3,55.6,56.6,-1.0
2018-19,Regular+Season,PHI,Philadelphia 76ers,79,79,46.5,23.5,42.5,55.3,56.3,-1.0
2018-19,Regular+Season,MEM,Memphis Grizzlies,82,82,42.8,20.0,35.6,56.1,56.9,-0.8
2018-19,Regular+Season,POR,Portland Trail Blazers,82,82,43.1,21.9,38.9,56.3,56.9,-0.6
2018-19,Regular+Season,ORL,Orlando Magic,80,80,44.3,21.7,38.9,55.9,56.4,-0.5
2018-19,Regular+Season,OKC,Oklahoma City Thunder,81,81,45.6,22.8,40.4,56.3,56.8,-0.5
2018-19,Regular+Season,LAC,LA Clippers,82,82,45.8,23.6,41.8,56.5,57.0,-0.5
2018-19,Regular+Season,LAL,Los Angeles Lakers,82,82,44.3,23.2,41.1,56.4,56.8,-0.4
2018-19,Regular+Season,BOS,Boston Celtics,82,82,43.8,21.6,38.6,56.1,56.3,-0.3
2018-19,Regular+Season,BKN,Brooklyn Nets,82,82,43.7,22.8,40.4,56.4,56.6,-0.3
2018-19,Regular+Season,MIN,Minnesota Timberwolves,82,82,45.2,23.2,40.7,57.0,56.9,0.1
2018-19,Regular+Season,SAS,San Antonio Spurs,82,82,41.3,21.1,37.0,57.1,56.8,0.3
2018-19,Regular+Season,NOP,New Orleans Pelicans,82,82,45.1,24.1,41.8,57.8,56.8,1.0
2018-19,Regular+Season,DEN,Denver Nuggets,82,82,45.1,22.6,39.0,57.9,56.9,1.0
2018-19,Regular+Season,HOU,Houston Rockets,81,81,48.6,24.5,42.1,58.2,57.0,1.2
2018-19,Regular+Season,DAL,Dallas Mavericks,82,82,42.6,22.1,38.0,58.2,56.8,1.3
2018-19,Regular+Season,NYK,New York Knicks,81,81,45.4,23.6,40.6,58.2,56.8,1.4
2018-19,Regular+Season,DET,Detroit Pistons,82,82,46.8,23.1,39.8,58.1,56.6,1.5
2018-19,Regular+Season,PHX,Phoenix Suns,82,82,48.7,25.1,42.9,58.4,56.9,1.5
2018-19,Regular+Season,CHI,Chicago Bulls,80,80,44.1,23.0,39.4,58.4,56.6,1.8
2018-19,Regular+Season,CHA,Charlotte Hornets,81,81,44.2,23.1,39.4,58.6,56.7,1.9
2018-19,Regular+Season,ATL,Atlanta Hawks,82,82,43.7,23.2,39.5,58.6,56.7,1.9
2018-19,Regular+Season,WAS,Washington Wizards,81,81,47.1,25.1,42.7,58.7,56.4,2.4
2018-19,Regular+Season,SAC,Sacramento Kings,82,82,45.2,24.3,40.9,59.3,56.9,2.4
2018-19,Regular+Season,CLE,Cleveland Cavaliers,82,82,45.3,24.2,39.5,61.4,56.7,4.7
2018-19,Playoffs,MIL,Milwaukee Bucks,15,15,36.7,16.1,33.0,48.9,56.4,-7.5
2018-19,Playoffs,UTA,Utah Jazz,5,5,39.9,16.8,33.6,50.0,57.1,-7.1
2018-19,Playoffs,TOR,Toronto Raptors,24,24,40.3,18.2,33.5,54.2,59.9,-5.7
2018-19,Playoffs,OKC,Oklahoma City Thunder,5,5,45.2,20.2,40.2,50.2,55.5,-5.3
2018-19,Playoffs,IND,Indiana Pacers,4,4,31.3,13.3,25.0,53.0,58.3,-5.3
2018-19,Playoffs,BOS,Boston Celtics,9,9,41.2,20.1,36.1,55.7,59.3,-3.6
2018-19,Playoffs,SAS,San Antonio Spurs,7,7,46.6,21.3,40.6,52.5,56.1,-3.6
2018-19,Playoffs,POR,Portland Trail Blazers,16,16,44.7,21.9,40.1,54.6,57.5,-2.9
2018-19,Playoffs,HOU,Houston Rockets,11,11,40.3,20.4,34.9,58.3,60.6,-2.2
2018-19,Playoffs,GSW,Golden State Warriors,22,22,41.2,19.2,35.5,54.1,56.3,-2.2
2018-19,Playoffs,PHI,Philadelphia 76ers,12,12,41.4,19.3,35.8,54.1,56.1,-2.0
2018-19,Playoffs,DEN,Denver Nuggets,14,14,43.3,21.1,38.6,54.8,56.7,-1.9
2018-19,Playoffs,BKN,Brooklyn Nets,5,5,45.9,25.2,42.8,58.9,59.1,-0.2
2018-19,Playoffs,ORL,Orlando Magic,5,5,44.5,21.8,37.6,58.0,58.0,0.0
2018-19,Playoffs,LAC,LA Clippers,6,6,32.6,19.7,29.0,67.8,62.5,5.3
2018-19,Playoffs,DET,Detroit Pistons,4,4,44.9,26.3,38.8,67.7,61.0,6.7
2019-20,Regular+Season,MIL,Milwaukee Bucks,72,72,36.4,16.8,34.3,49.1,56.7,-7.6
2019-20,Regular+Season,POR,Portland Trail Blazers,73,73,43.1,21.7,39.4,55.0,57.4,-2.4
2019-20,Regular+Season,MEM,Memphis Grizzlies,73,73,41.1,20.4,37.1,55.0,57.3,-2.3
2019-20,Regular+Season,TOR,Toronto Raptors,72,72,39.4,19.1,34.8,54.8,56.9,-2.1
2019-20,Regular+Season,BOS,Boston Celtics,72,72,42.3,20.3,36.9,55.0,56.9,-1.8
2019-20,Regular+Season,UTA,Utah Jazz,72,72,42.5,21.1,37.9,55.6,57.2,-1.5
2019-20,Regular+Season,IND,Indiana Pacers,73,73,45.4,22.3,40.1,55.5,56.8,-1.3
2019-20,Regular+Season,LAC,LA Clippers,72,72,39.6,20.1,35.7,56.2,57.3,-1.2
2019-20,Regular+Season,BKN,Brooklyn Nets,72,72,39.8,20.6,37.0,55.6,56.7,-1.1
2019-20,Regular+Season,LAL,Los Angeles Lakers,71,71,42.9,20.9,37.4,56.0,57.1,-1.1
2019-20,Regular+Season,DAL,Dallas Mavericks,74,74,43.4,22.4,39.8,56.3,57.3,-1.0
2019-20,Regular+Season,ORL,Orlando Magic,73,73,42.4,20.8,36.9,56.4,57.1,-0.7
2019-20,Regular+Season,OKC,Oklahoma City Thunder,72,72,43.9,22.4,39.4,56.9,57.3,-0.4
2019-20,Regular+Season,NOP,New Orleans Pelicans,72,72,46.3,24.2,42.5,57.1,57.2,-0.1
2019-20,Regular+Season,GSW,Golden State Warriors,65,65,44.9,22.8,39.8,57.4,57.3,0.0
2019-20,Regular+Season,SAS,San Antonio Spurs,70,70,42.8,22.0,38.5,57.0,57.1,0.0
2019-20,Regular+Season,NYK,New York Knicks,66,66,40.8,20.3,35.1,57.7,56.9,0.8
2019-20,Regular+Season,PHI,Philadelphia 76ers,73,73,43.3,21.5,37.2,57.8,56.9,0.9
2019-20,Regular+Season,MIN,Minnesota Timberwolves,64,64,45.2,23.7,40.9,58.0,57.2,0.9
2019-20,Regular+Season,HOU,Houston Rockets,72,72,45.4,24.2,41.5,58.3,57.2,1.1
2019-20,Regular+Season,PHX,Phoenix Suns,72,72,45.4,23.0,39.5,58.3,57.2,1.1
2019-20,Regular+Season,DEN,Denver Nuggets,73,73,44.0,22.2,38.0,58.5,57.3,1.2
2019-20,Regular+Season,MIA,Miami Heat,72,72,40.5,20.6,35.1,58.6,56.9,1.8
2019-20,Regular+Season,ATL,Atlanta Hawks,67,67,46.7,24.9,42.3,58.7,56.8,1.9
2019-20,Regular+Season,DET,Detroit Pistons,65,65,47.1,24.1,41.1,58.7,56.7,2.0
2019-20,Regular+Season,CHI,Chicago Bulls,65,65,47.5,23.2,39.2,59.2,56.7,2.5
2019-20,Regular+Season,CHA,Charlotte Hornets,64,64,44.8,23.4,39.3,59.5,56.8,2.7
2019-20,Regular+Season,SAC,Sacramento Kings,72,72,42.5,21.8,36.4,59.9,57.2,2.7
2019-20,Regular+Season,WAS,Washington Wizards,72,72,45.4,23.9,40.1,59.6,56.6,3.0
2019-20,Regular+Season,CLE,Cleveland Cavaliers,65,65,46.5,25.1,41.6,60.5,56.8,3.7
2019-20,Playoffs,UTA,Utah Jazz,7,7,35.5,15.7,30.6,51.4,58.3,-6.9
2019-20,Playoffs,IND,Indiana Pacers,4,4,43.3,18.8,35.0,53.6,59.2,-5.6
2019-20,Playoffs,BOS,Boston Celtics,17,17,39.0,17.8,33.5,53.0,57.4,-4.4
2019-20,Playoffs,MIL,Milwaukee Bucks,10,10,28.6,12.9,24.3,53.1,57.1,-4.0
2019-20,Playoffs,OKC,Oklahoma City Thunder,7,7,38.5,19.3,34.9,55.3,58.5,-3.2
2019-20,Playoffs,POR,Portland Trail Blazers,5,5,45.5,24.6,40.2,61.2,63.3,-2.1
2019-20,Playoffs,LAL,Los Angeles Lakers,21,21,40.7,18.8,33.1,56.7,58.0,-1.3
2019-20,Playoffs,MIA,Miami Heat,21,21,40.1,20.1,34.0,59.0,59.5,-0.5
2019-20,Playoffs,TOR,Toronto Raptors,11,11,35.2,16.8,30.3,55.6,55.8,-0.3
2019-20,Playoffs,PHI,Philadelphia 76ers,4,4,38.0,18.5,32.8,56.5,56.0,0.5
2019-20,Playoffs,DEN,Denver Nuggets,19,19,43.8,21.6,36.0,60.0,59.1,0.9
2019-20,Playoffs,HOU,Houston Rockets,12,12,39.0,19.7,32.7,60.2,58.9,1.3
2019-20,Playoffs,BKN,Brooklyn Nets,4,4,42.3,22.0,38.5,57.1,55.6,1.5
2019-20,Playoffs,LAC,LA Clippers,13,13,35.9,18.4,30.5,60.4,58.8,1.6
2019-20,Playoffs,ORL,Orlando Magic,5,5,36.6,20.2,32.2,62.7,60.8,1.9
2019-20,Playoffs,DAL,Dallas Mavericks,6,6,37.0,20.3,33.3,61.0,57.9,3.1
2019-20,PlayIn,MEM,Memphis Grizzlies,1,1,27.4,11.0,23.0,47.8,56.0,-8.2
2019-20,PlayIn,POR,Portland Trail Blazers,1,1,55.4,25.0,51.0,49.0,56.9,-7.9
2019-20,IST,TOR,Toronto Raptors,1,1,34.3,18.0,35.0,51.4,58.1,-6.7
2019-20,IST,NOP,New Orleans Pelicans,1,1,54.4,28.0,56.0,50.0,55.6,-5.6
2020-21,Regular+Season,UTA,Utah Jazz,72,72,43.1,21.5,39.4,54.6,57.5,-2.9
2020-21,Regular+Season,MIL,Milwaukee Bucks,72,72,37.3,18.9,34.6,54.5,57.3,-2.8
2020-21,Regular+Season,NYK,New York Knicks,72,72,42.4,20.3,36.6,55.3,57.6,-2.3
2020-21,Regular+Season,GSW,Golden State Warriors,72,72,43.7,21.4,38.9,55.2,57.5,-2.3
2020-21,Regular+Season,MEM,Memphis Grizzlies,72,72,42.2,21.2,37.5,56.5,57.6,-1.1
2020-21,Regular+Season,SAS,San Antonio Spurs,72,72,45.8,23.4,41.1,56.7,57.7,-1.0
2020-21,Regular+Season,IND,Indiana Pacers,72,72,48.4,24.9,44.2,56.3,57.4,-1.0
2020-21,Regular+Season,BOS,Boston Celtics,72,72,41.8,20.4,36.0,56.6,57.4,-0.8
2020-21,Regular+Season,LAC,LA Clippers,72,72,41.4,20.3,35.8,56.8,57.5,-0.7
2020-21,Regular+Season,DAL,Dallas Mavericks,72,72,41.0,20.4,35.7,57.0,57.5,-0.5
2020-21,Regular+Season,BKN,Brooklyn Nets,72,72,40.5,21.1,37.0,57.0,57.4,-0.4
2020-21,Regular+Season,MIN,Minnesota Timberwolves,72,72,44.4,22.7,39.6,57.3,57.7,-0.4
2020-21,Regular+Season,ATL,Atlanta Hawks,72,72,43.1,22.0,38.4,57.2,57.5,-0.2
2020-21,Regular+Season,WAS,Washington Wizards,72,72,42.4,22.2,38.8,57.3,57.3,0.0
2020-21,Regular+Season,PHI,Philadelphia 76ers,72,72,42.1,21.0,36.6,57.3,57.3,0.0
2020-21,Regular+Season,TOR,Toronto Raptors,72,72,41.3,20.2,35.0,57.6,57.5,0.1
2020-21,Regular+Season,LAL,Los Angeles Lakers,72,72,43.2,21.6,37.4,57.8,57.5,0.3
2020-21,Regular+Season,MIA,Miami Heat,72,72,39.0,19.2,33.2,57.9,57.3,0.5
2020-21,Regular+Season,DET,Detroit Pistons,72,72,46.4,23.4,40.4,57.9,57.4,0.5
2020-21,Regular+Season,ORL,Orlando Magic,72,72,41.1,21.4,36.8,58.2,57.7,0.6
2020-21,Regular+Season,POR,Portland Trail Blazers,72,72,41.7,21.6,36.8,58.6,57.7,0.9
2020-21,Regular+Season,HOU,Houston Rockets,72,72,43.8,23.0,39.0,58.8,57.6,1.2
2020-21,Regular+Season,CHI,Chicago Bulls,72,72,43.4,22.2,38.1,58.4,57.2,1.2
2020-21,Regular+Season,CLE,Cleveland Cavaliers,72,72,46.0,23.4,39.9,58.8,57.6,1.2
2020-21,Regular+Season,PHX,Phoenix Suns,72,72,42.9,21.9,37.3,58.8,57.5,1.3
2020-21,Regular+Season,NOP,New Orleans Pelicans,72,72,39.9,21.2,35.6,59.5,57.6,1.9
2020-21,Regular+Season,OKC,Oklahoma City Thunder,72,72,40.9,22.4,37.5,59.9,57.7,2.2
2020-21,Regular+Season,SAC,Sacramento Kings,72,72,45.4,24.4,40.6,59.9,57.5,2.4
2020-21,Regular+Season,DEN,Denver Nuggets,72,72,41.3,21.1,35.3,59.9,57.4,2.5
2020-21,Regular+Season,CHA,Charlotte Hornets,72,72,41.7,22.2,36.8,60.3,57.5,2.8
2020-21,PlayIn,WAS,Washington Wizards,2,2,40.3,18.5,39.5,46.8,57.4,-10.6
2020-21,PlayIn,MEM,Memphis Grizzlies,2,2,41.4,19.0,39.5,48.1,57.7,-9.6
2020-21,PlayIn,GSW,Golden State Warriors,2,2,46.0,21.5,43.5,49.4,58.2,-8.8
2020-21,PlayIn,LAL,Los Angeles Lakers,1,1,42.2,18.0,35.0,51.4,59.6,-8.2
2020-21,PlayIn,SAS,San Antonio Spurs,1,1,50.0,23.0,45.0,51.1,56.1,-5.0
2020-21,PlayIn,BOS,Boston Celtics,1,1,52.2,30.0,48.0,62.5,58.9,3.6
2020-21,PlayIn,CHA,Charlotte Hornets,1,1,55.2,36.0,58.0,62.1,57.1,5.0
2020-21,PlayIn,IND,Indiana Pacers,2,2,50.3,30.5,47.0,64.9,57.0,7.9
2021-22,Pre+Season,ORL,Orlando Magic,3,3,40.3,15.0,37.3,40.2,58.3,-18.1
2021-22,Pre+Season,WAS,Washington Wizards,3,3,35.7,14.0,33.3,42.0,56.0,-14.0
2021-22,Pre+Season,SAS,San Antonio Spurs,4,4,46.2,22.8,44.5,51.1,57.9,-6.8
2021-22,Pre+Season,DAL,Dallas Mavericks,4,4,40.3,19.0,35.3,53.9,58.9,-5.0
2021-22,Pre+Season,MIN,Minnesota Timberwolves,3,3,38.4,17.3,32.0,54.2,59.0,-4.9
2021-22,Pre+Season,DET,Detroit Pistons,4,4,44.6,22.3,42.3,52.7,57.2,-4.6
2021-22,Pre+Season,TOR,Toronto Raptors,4,4,42.3,19.3,35.3,54.6,58.9,-4.3
2021-22,Pre+Season,NYK,New York Knicks,4,4,41.0,19.8,36.0,54.9,58.8,-3.9
2021-22,Pre+Season,CLE,Cleveland Cavaliers,5,5,38.2,19.6,35.4,55.4,59.1,-3.7
2021-22,Pre+Season,MEM,Memphis Grizzlies,5,5,45.5,22.6,41.2,54.9,58.2,-3.3
2021-22,Pre+Season,CHI,Chicago Bulls,4,4,45.5,22.0,40.0,55.0,58.3,-3.3
2021-22,Pre+Season,POR,Portland Trail Blazers,4,4,38.3,21.3,36.5,58.2,60.8,-2.6
2021-22,Pre+Season,IND,Indiana Pacers,4,4,42.7,21.0,37.8,55.6,57.7,-2.1
2021-22,Pre+Season,BOS,Boston Celtics,4,4,39.1,19.3,35.5,54.2,56.3,-2.1
2021-22,Pre+Season,GSW,Golden State Warriors,5,5,39.6,19.6,34.0,57.6,58.9,-1.3
2021-22,Pre+Season,NOP,New Orleans Pelicans,4,4,39.2,20.0,35.3,56.7,58.1,-1.3
2021-22,Pre+Season,LAL,Los Angeles Lakers,5,5,38.7,22.0,37.0,59.5,60.7,-1.2
2021-22,Pre+Season,CHA,Charlotte Hornets,4,4,37.9,20.0,35.0,57.1,57.5,-0.4
2021-22,Pre+Season,UTA,Utah Jazz,4,4,37.7,20.0,34.3,58.4,58.8,-0.4
2021-22,Pre+Season,MIA,Miami Heat,4,4,39.4,19.5,33.8,57.8,57.9,-0.1
2021-22,Pre+Season,ATL,Atlanta Hawks,2,2,41.0,21.0,36.5,57.5,57.6,-0.1
2021-22,Pre+Season,MIL,Milwaukee Bucks,4,4,36.5,20.0,33.8,59.3,58.6,0.7
2021-22,Pre+Season,DEN,Denver Nuggets,4,4,39.4,19.0,32.5,58.5,57.4,1.0
2021-22,Pre+Season,OKC,Oklahoma City Thunder,3,3,40.3,22.3,36.7,60.9,59.7,1.2
2021-22,Pre+Season,SAC,Sacramento Kings,4,4,42.1,23.3,36.5,63.7,59.4,4.3
2021-22,Pre+Season,PHX,Phoenix Suns,4,4,32.9,18.0,28.5,63.2,58.6,4.5
2021-22,Pre+Season,BKN,Brooklyn Nets,3,3,42.4,23.7,37.0,64.0,58.7,5.3
2021-22,Pre+Season,LAC,LA Clippers,3,3,41.6,25.3,37.3,67.9,60.5,7.3
2021-22,Pre+Season,HOU,Houston Rockets,3,3,38.7,22.7,35.0,64.8,57.3,7.4
2021-22,Pre+Season,PHI,Philadelphia 76ers,3,3,38.3,20.0,30.7,65.2,56.2,9.0
2021-22,Regular+Season,BOS,Boston Celtics,82,82,40.3,19.2,35.5,54.1,58.1,-3.9
2021-22,Regular+Season,LAC,LA Clippers,82,82,44.2,22.3,40.0,55.7,58.4,-2.8
2021-22,Regular+Season,CLE,Cleveland Cavaliers,82,82,44.0,21.3,38.4,55.6,58.2,-2.6
2021-22,Regular+Season,MEM,Memphis Grizzlies,82,82,43.4,21.6,38.5,56.2,58.6,-2.4
2021-22,Regular+Season,SAS,San Antonio Spurs,82,82,45.3,23.1,41.3,56.1,58.4,-2.4
2021-22,Regular+Season,GSW,Golden State Warriors,82,82,41.4,20.2,35.9,56.4,58.4,-2.0
2021-22,Regular+Season,PHX,Phoenix Suns,82,82,40.9,20.5,36.1,56.7,58.2,-1.4
2021-22,Regular+Season,ORL,Orlando Magic,82,82,39.6,20.1,35.2,57.0,58.3,-1.3
2021-22,Regular+Season,UTA,Utah Jazz,82,82,39.7,20.2,35.4,56.9,58.3,-1.3
2021-22,Regular+Season,WAS,Washington Wizards,82,82,43.6,22.1,38.7,57.1,58.0,-0.9
2021-22,Regular+Season,BKN,Brooklyn Nets,82,82,41.6,21.5,37.5,57.4,58.2,-0.8
2021-22,Regular+Season,OKC,Oklahoma City Thunder,82,82,41.0,21.6,37.1,58.1,58.5,-0.4
2021-22,Regular+Season,TOR,Toronto Raptors,82,82,42.3,20.8,35.7,58.1,58.4,-0.2
2021-22,Regular+Season,NYK,New York Knicks,82,82,38.9,19.5,33.4,58.4,58.2,0.2
2021-22,Regular+Season,DET,Detroit Pistons,82,82,45.5,23.0,39.1,58.8,58.4,0.4
2021-22,Regular+Season,MIL,Milwaukee Bucks,82,82,37.5,19.9,33.9,58.7,58.1,0.6
2021-22,Regular+Season,PHI,Philadelphia 76ers,82,82,41.2,20.9,35.6,58.8,58.1,0.7
2021-22,Regular+Season,DAL,Dallas Mavericks,82,82,42.7,21.5,36.5,59.0,58.2,0.8
2021-22,Regular+Season,CHI,Chicago Bulls,82,82,44.2,22.7,38.6,58.9,58.0,0.9
2021-22,Regular+Season,SAC,Sacramento Kings,82,82,43.7,23.4,39.4,59.3,58.4,0.9
2021-22,Regular+Season,IND,Indiana Pacers,82,82,45.6,23.7,40.1,59.1,58.1,1.0
2021-22,Regular+Season,MIN,Minnesota Timberwolves,82,82,41.3,21.4,36.1,59.4,58.3,1.0
2021-22,Regular+Season,CHA,Charlotte Hornets,82,82,41.1,21.9,36.9,59.5,58.2,1.3
2021-22,Regular+Season,MIA,Miami Heat,82,82,37.6,18.9,31.6,59.8,58.2,1.6
2021-22,Regular+Season,ATL,Atlanta Hawks,82,82,40.7,21.7,36.2,59.9,58.2,1.7
2021-22,Regular+Season,LAL,Los Angeles Lakers,82,82,42.7,23.3,38.7,60.4,58.1,2.2
2021-22,Regular+Season,NOP,New Orleans Pelicans,82,82,38.5,20.1,32.9,60.9,58.4,2.5
2021-22,Regular+Season,POR,Portland Trail Blazers,82,82,41.8,22.0,35.9,61.1,58.5,2.7
2021-22,Regular+Season,DEN,Denver Nuggets,82,82,42.3,22.5,37.0,60.9,58.1,2.8
2021-22,Regular+Season,HOU,Houston Rockets,82,82,44.2,24.7,39.7,62.2,58.3,3.9
2021-22,PlayIn,LAC,LA Clippers,2,2,40.9,17.5,35.0,50.0,57.7,-7.7
2021-22,PlayIn,NOP,New Orleans Pelicans,2,2,40.3,18.0,35.5,50.7,57.6,-6.9
2021-22,PlayIn,MIN,Minnesota Timberwolves,1,1,26.9,11.0,21.0,52.4,58.1,-5.7
2021-22,PlayIn,ATL,Atlanta Hawks,2,2,40.4,18.5,34.5,53.6,58.7,-5.1
2021-22,PlayIn,BKN,Brooklyn Nets,1,1,57.6,29.0,53.0,54.7,59.3,-4.6
2021-22,PlayIn,CHA,Charlotte Hornets,1,1,43.6,25.0,41.0,61.0,57.9,3.1
2021-22,PlayIn,SAS,San Antonio Spurs,1,1,44.4,23.0,36.0,63.9,57.7,6.2
2021-22,PlayIn,CLE,Cleveland Cavaliers,2,2,39.0,22.5,32.0,70.3,58.0,12.3
2023-24,Playoffs,OKC,Oklahoma City Thunder,10,10,41.3,18.3,35.1,52.1,60.3,-8.2
2023-24,Playoffs,DAL,Dallas Mavericks,22,22,39.4,18.2,33.4,54.5,60.2,-5.7
2023-24,Playoffs,PHI,Philadelphia 76ers,6,6,38.4,17.7,34.3,51.5,56.3,-4.8
2023-24,Playoffs,CLE,Cleveland Cavaliers,12,12,38.7,18.3,32.2,56.7,60.4,-3.7
2023-24,Playoffs,MIN,Minnesota Timberwolves,16,16,42.7,19.8,33.9,58.2,60.6,-2.4
2023-24,Playoffs,PHX,Phoenix Suns,4,4,44.7,21.8,38.3,56.9,58.9,-2.0
2023-24,Playoffs,BOS,Boston Celtics,19,19,41.9,20.8,35.7,58.4,60.2,-1.8
2023-24,Playoffs,LAC,LA Clippers,6,6,36.9,18.3,30.3,60.4,61.6,-1.2
2023-24,Playoffs,NYK,New York Knicks,13,13,42.7,21.1,36.1,58.4,59.7,-1.2
2023-24,Playoffs,IND,Indiana Pacers,17,17,41.6,21.2,36.2,58.6,59.7,-1.1
2023-24,Playoffs,LAL,Los Angeles Lakers,5,5,44.7,24.4,40.8,59.8,60.3,-0.5
2023-24,Playoffs,NOP,New Orleans Pelicans,4,4,37.5,18.5,30.8,60.2,60.1,0.1
2023-24,Playoffs,ORL,Orlando Magic,7,7,48.2,23.3,39.1,59.5,59.4,0.1
2023-24,Playoffs,DEN,Denver Nuggets,12,12,46.0,23.0,37.8,60.9,60.6,0.3
2023-24,Playoffs,MIA,Miami Heat,5,5,37.6,19.4,30.6,63.4,62.4,1.0
2023-24,Playoffs,MIL,Milwaukee Bucks,6,6,35.3,21.3,31.8,67.0,61.8,5.2
2024-25,PlayIn,ORL,Orlando Magic,1,1,58.3,24.0,49.0,49.0,58.2,-9.2
2024-25,PlayIn,SAC,Sacramento Kings,1,1,44.6,19.0,37.0,51.4,59.7,-8.3
2024-25,PlayIn,DAL,Dallas Mavericks,2,2,47.3,23.0,44.5,51.7,59.0,-7.3
2024-25,PlayIn,MIA,Miami Heat,2,2,46.5,23.5,43.0,54.7,58.5,-3.9
2024-25,PlayIn,GSW,Golden State Warriors,1,1,53.5,25.0,46.0,54.3,57.7,-3.4
2024-25,PlayIn,MEM,Memphis Grizzlies,2,2,40.1,21.0,34.5,60.9,58.3,2.6
2024-25,PlayIn,CHI,Chicago Bulls,1,1,43.4,23.0,36.0,63.9,57.3,6.6
2024-25,PlayIn,ATL,Atlanta Hawks,2,2,39.0,23.5,36.5,64.4,57.7,6.7
2025-26,Pre+Season,IND,Indiana Pacers,1,1,44.4,22.0,40.0,55.0,61.6,-6.6
2025-26,Pre+Season,BOS,Boston Celtics,1,1,41.0,18.0,34.0,52.9,57.1,-4.2
2025-26,Pre+Season,MIN,Minnesota Timberwolves,1,1,37.2,20.0,35.0,57.1,55.2,1.9
2025-26,Pre+Season,UTA,Utah Jazz,1,1,49.5,32.0,48.0,66.7,59.1,7.6
2025-26,Pre+Season,MEM,Memphis Grizzlies,1,1,31.9,21.0,30.0,70.0,61.8,8.2
2025-26,Pre+Season,HOU,Houston Rockets,1,1,29.2,19.0,26.0,73.1,58.3,14.8
2025-26,Regular+Season,OKC,Oklahoma City Thunder,38,38,37.0,16.8,32.1,52.5,58.5,-6.0
2025-26,Regular+Season,DET,Detroit Pistons,37,37,42.1,19.6,36.0,54.5,58.5,-4.0
2025-26,Regular+Season,BOS,Boston Celtics,36,36,40.9,19.5,35.1,55.5,58.5,-3.1
2025-26,Regular+Season,CLE,Cleveland Cavaliers,38,38,42.8,21.3,38.4,55.4,58.4,-3.0
2025-26,Regular+Season,MIN,Minnesota Timberwolves,37,37,42.4,21.6,38.2,56.4,58.7,-2.3
2025-26,Regular+Season,SAS,San Antonio Spurs,37,37,39.3,19.9,35.1,56.9,58.9,-2.0
2025-26,Regular+Season,MEM,Memphis Grizzlies,37,37,40.2,21.2,36.6,58.0,59.2,-1.2
2025-26,Regular+Season,WAS,Washington Wizards,36,36,45.3,24.9,42.9,58.0,59.2,-1.2
2025-26,Regular+Season,ORL,Orlando Magic,38,38,44.4,22.4,39.1,57.2,58.4,-1.2
2025-26,Regular+Season,DAL,Dallas Mavericks,37,37,46.2,25.1,43.4,57.7,58.5,-0.8
2025-26,Regular+Season,GSW,Golden State Warriors,38,38,44.1,22.8,39.2,58.3,58.9,-0.7
2025-26,Regular+Season,CHA,Charlotte Hornets,37,37,45.1,23.8,40.7,58.5,59.1,-0.6
2025-26,Regular+Season,POR,Portland Trail Blazers,38,38,42.7,22.5,38.2,58.9,59.3,-0.4
2025-26,Regular+Season,PHX,Phoenix Suns,37,37,42.6,21.5,36.5,59.1,59.4,-0.3
2025-26,Regular+Season,LAC,LA Clippers,36,36,40.2,20.8,35.3,58.9,59.2,-0.3
2025-26,Regular+Season,HOU,Houston Rockets,34,34,41.5,21.4,36.1,59.1,59.2,-0.1
2025-26,Regular+Season,MIL,Milwaukee Bucks,37,37,40.9,20.9,35.8,58.5,58.3,0.1
2025-26,Regular+Season,PHI,Philadelphia 76ers,35,35,43.6,23.2,39.2,59.2,59.0,0.1
2025-26,Regular+Season,MIA,Miami Heat,37,37,41.9,23.4,39.1,59.7,59.4,0.3
2025-26,Regular+Season,CHI,Chicago Bulls,37,37,44.6,24.7,41.8,59.1,58.5,0.6
2025-26,Regular+Season,NYK,New York Knicks,37,37,40.6,21.0,35.6,59.1,58.5,0.6
2025-26,Regular+Season,TOR,Toronto Raptors,38,38,41.9,21.7,36.1,60.2,58.9,1.3
2025-26,Regular+Season,BKN,Brooklyn Nets,34,34,47.7,24.8,41.0,60.5,58.9,1.7
2025-26,Regular+Season,ATL,Atlanta Hawks,39,39,44.3,24.3,40.2,60.5,58.8,1.7
2025-26,Regular+Season,IND,Indiana Pacers,37,37,45.6,24.6,40.5,60.9,59.1,1.8
2025-26,Regular+Season,UTA,Utah Jazz,36,36,40.3,23.1,37.1,62.2,59.6,2.6
2025-26,Regular+Season,NOP,New Orleans Pelicans,39,39,42.3,24.6,38.8,63.3,59.6,3.7
2025-26,Regular+Season,SAC,Sacramento Kings,37,37,45.0,25.7,40.4,63.6,59.9,3.7
2025-26,Regular+Season,DEN,Denver Nuggets,37,37,40.1,22.7,36.6,62.1,58.4,3.7
2025-26,Regular+Season,LAL,Los Angeles Lakers,35,35,41.2,22.5,35.8,62.8,58.5,4.3
