SEASON,SEASON_TYPE,TEAM_ABB,TEAM_NAME,GP,W,L,MIN,PTS_OFF_TOV,PTS_2ND_CHANCE,PTS_FB,PTS_PAINT,OPP_PTS_OFF_TOV,OPP_PTS_2ND_CHANCE,OPP_PTS_FB,OPP_PTS_PAINT
2015-16,Pre+Season,CHA,Charlotte Hornets,5,5,0,2.8,0.6,1.2,1.0,2.0,0.4,0.8,0.2,2.8
2015-16,Pre+Season,MEM,Memphis Grizzlies,4,4,0,3.7,0.5,0.3,0.0,3.0,0.5,0.8,1.0,1.0
2015-16,Pre+Season,ORL,Orlando Magic,6,4,2,6.1,0.8,3.3,0.5,4.3,1.7,1.0,1.8,4.3
2015-16,Pre+Season,SAC,Sacramento Kings,5,4,1,4.5,2.4,1.4,0.6,2.8,0.4,0.8,1.4,2.4
2015-16,Pre+Season,ATL,Atlanta Hawks,4,3,1,2.2,1.0,0.5,1.5,2.5,0.5,0.3,0.5,1.0
2015-16,Pre+Season,IND,Indiana Pacers,4,3,1,3.8,1.3,0.5,0.0,3.5,0.0,1.3,0.3,3.0
2015-16,Pre+Season,MIA,Miami Heat,7,3,4,5.0,1.7,2.1,1.9,4.3,1.0,1.7,1.1,2.3
2015-16,Pre+Season,NOP,New Orleans Pelicans,6,3,3,2.8,0.5,0.8,0.8,0.3,0.3,1.8,0.0,2.7
2015-16,Pre+Season,TOR,Toronto Raptors,4,3,1,2.1,0.0,1.5,0.5,3.0,2.3,0.0,0.3,0.0
2015-16,Pre+Season,BOS,Boston Celtics,3,2,1,1.5,0.0,0.0,0.0,1.3,1.0,0.0,0.0,0.0
2015-16,Pre+Season,LAC,LA Clippers,2,2,0,3.9,2.5,1.0,1.0,4.0,0.0,1.0,0.0,1.0
2015-16,Pre+Season,MIN,Minnesota Timberwolves,2,2,0,3.3,6.0,1.5,0.5,0.0,0.0,1.5,0.0,1.0
2015-16,Pre+Season,NYK,New York Knicks,3,2,1,3.8,2.3,0.0,1.0,2.0,0.3,1.0,0.7,2.0
2015-16,Pre+Season,PHI,Philadelphia 76ers,5,2,3,2.5,1.4,0.4,0.8,1.2,1.0,0.4,0.4,2.0
2015-16,Pre+Season,POR,Portland Trail Blazers,6,2,4,4.9,1.7,1.7,1.5,5.3,3.3,1.3,1.0,3.3
2015-16,Pre+Season,UTA,Utah Jazz,5,2,3,4.2,1.0,1.4,0.6,3.6,1.4,1.6,0.8,4.8
2015-16,Pre+Season,WAS,Washington Wizards,4,2,2,3.0,1.3,0.3,1.5,3.5,0.3,0.8,0.0,2.0
2015-16,Pre+Season,BKN,Brooklyn Nets,5,1,4,2.6,1.0,0.8,0.4,0.4,0.6,1.8,0.8,2.8
2015-16,Pre+Season,CHI,Chicago Bulls,3,1,2,2.6,0.0,0.0,1.0,0.7,2.0,2.0,0.0,1.3
2015-16,Pre+Season,CLE,Cleveland Cavaliers,5,1,4,2.0,0.4,0.6,1.0,1.6,1.4,0.4,0.4,3.2
2015-16,Pre+Season,HOU,Houston Rockets,4,1,3,5.2,4.0,3.3,3.0,5.5,0.0,1.0,1.0,2.5
2015-16,Pre+Season,Istanbul Fenerbahce Sports Club,Istanbul Fenerbahce Sports Club,1,1,0,3.6,2.0,7.0,0.0,6.0,2.0,2.0,2.0,0.0
2015-16,Pre+Season,LAL,Los Angeles Lakers,4,1,3,3.2,1.0,0.5,0.5,1.5,1.3,1.3,0.0,4.0
2015-16,Pre+Season,OKC,Oklahoma City Thunder,1,1,0,0.3,0.0,0.0,0.0,2.0,0.0,0.0,0.0,0.0
2015-16,Pre+Season,PHX,Phoenix Suns,2,1,1,5.6,0.0,1.0,2.0,2.0,4.0,3.5,3.0,7.0
2015-16,Pre+Season,SAS,San Antonio Spurs,3,1,2,4.2,0.0,0.0,0.0,1.3,3.3,2.7,2.7,4.0
2015-16,Pre+Season,DAL,Dallas Mavericks,3,0,3,3.0,1.7,0.3,0.0,2.0,1.3,1.7,3.7,4.0
2015-16,Pre+Season,DEN,Denver Nuggets,1,0,1,4.0,0.0,2.0,0.0,2.0,0.0,2.0,2.0,6.0
2015-16,Pre+Season,DET,Detroit Pistons,4,0,4,4.5,0.5,1.3,0.8,4.5,1.3,0.5,0.8,3.0
2015-16,Pre+Season,Haifa Maccabi Haifa,Haifa Maccabi Haifa,1,0,1,2.4,0.0,0.0,0.0,0.0,2.0,0.0,0.0,4.0
2015-16,Pre+Season,MIL,Milwaukee Bucks,2,0,2,3.2,0.0,1.5,0.0,1.0,4.0,2.0,2.5,3.0
2015-16,Regular+Season,TOR,Toronto Raptors,51,32,19,3.3,0.8,1.0,0.5,2.7,0.7,0.7,0.6,2.1
2015-16,Regular+Season,GSW,Golden State Warriors,34,30,4,4.2,1.6,1.6,1.3,3.8,1.1,0.9,0.8,3.1
2015-16,Regular+Season,IND,Indiana Pacers,53,30,23,4.0,1.6,1.1,0.7,2.7,1.3,1.2,0.8,3.3
2015-16,Regular+Season,HOU,Houston Rockets,49,28,21,4.0,1.3,0.9,1.4,2.4,1.2,1.1,0.7,3.1
2015-16,Regular+Season,CHI,Chicago Bulls,46,27,19,4.6,1.0,0.9,0.2,2.8,1.2,1.9,1.1,4.3
2015-16,Regular+Season,MEM,Memphis Grizzlies,44,26,18,3.9,1.6,1.8,0.7,3.4,1.2,1.0,0.5,2.9
2015-16,Regular+Season,BOS,Boston Celtics,46,25,21,3.4,1.3,1.3,1.2,3.2,0.8,1.1,0.6,2.9
2015-16,Regular+Season,DAL,Dallas Mavericks,49,25,24,4.6,1.7,0.8,1.1,3.0,0.7,1.3,0.8,3.4
2015-16,Regular+Season,DEN,Denver Nuggets,52,25,27,3.7,0.8,0.9,0.7,3.0,1.2,1.0,0.6,2.9
2015-16,Regular+Season,DET,Detroit Pistons,42,25,17,4.1,1.2,1.2,0.5,3.6,0.7,0.9,0.4,3.1
2015-16,Regular+Season,LAC,LA Clippers,42,25,17,4.0,1.3,0.9,0.2,2.8,1.0,1.2,0.5,2.7
2015-16,Regular+Season,MIA,Miami Heat,43,25,18,4.1,1.5,1.5,1.2,3.9,0.9,1.1,0.7,2.9
2015-16,Regular+Season,ATL,Atlanta Hawks,44,24,20,3.8,1.2,1.1,0.8,3.3,0.9,1.4,0.8,2.8
2015-16,Regular+Season,POR,Portland Trail Blazers,42,23,19,3.3,1.1,0.8,0.7,2.5,0.6,1.3,0.6,2.2
2015-16,Regular+Season,CHA,Charlotte Hornets,42,22,20,3.7,1.2,1.2,0.5,2.2,0.6,1.0,0.9,3.0
2015-16,Regular+Season,OKC,Oklahoma City Thunder,44,22,22,3.9,0.9,1.4,1.0,3.0,1.4,1.4,0.6,2.8
2015-16,Regular+Season,SAS,San Antonio Spurs,30,21,9,3.5,1.1,1.2,0.2,2.4,0.8,1.3,0.4,1.9
2015-16,Regular+Season,MIL,Milwaukee Bucks,40,20,20,4.0,1.6,1.1,0.6,3.7,1.4,0.9,0.9,2.9
2015-16,Regular+Season,MIN,Minnesota Timberwolves,50,20,30,4.1,1.2,1.7,0.7,3.0,1.4,1.1,0.6,3.4
2015-16,Regular+Season,CLE,Cleveland Cavaliers,33,19,14,4.3,1.4,1.4,1.0,3.7,1.2,1.3,0.8,3.2
2015-16,Regular+Season,ORL,Orlando Magic,44,19,25,4.5,0.9,1.0,0.7,3.7,1.6,1.3,0.8,3.0
2015-16,Regular+Season,NOP,New Orleans Pelicans,46,18,28,3.7,1.0,0.8,0.7,2.7,1.3,1.1,0.6,2.7
2015-16,Regular+Season,SAC,Sacramento Kings,43,18,25,3.5,0.9,1.1,0.7,2.8,1.4,1.1,0.8,2.4
2015-16,Regular+Season,WAS,Washington Wizards,34,16,18,3.8,1.1,1.1,1.2,2.5,1.2,0.9,1.2,2.9
2015-16,Regular+Season,BKN,Brooklyn Nets,41,15,26,3.4,1.0,1.0,0.7,2.8,1.5,0.7,0.6,3.0
2015-16,Regular+Season,NYK,New York Knicks,41,15,26,4.0,0.6,1.2,0.4,2.7,1.3,1.1,0.9,3.4
2015-16,Regular+Season,UTA,Utah Jazz,42,14,28,4.9,1.1,1.6,0.7,4.0,1.5,1.6,0.9,4.2
2015-16,Regular+Season,PHX,Phoenix Suns,39,12,27,3.2,0.9,1.2,0.5,2.2,1.9,0.9,0.8,2.7
2015-16,Regular+Season,LAL,Los Angeles Lakers,33,11,22,3.5,1.2,1.1,0.5,2.4,1.2,1.2,0.8,2.8
2015-16,Regular+Season,PHI,Philadelphia 76ers,35,5,30,3.8,0.9,0.9,0.7,2.5,1.8,1.1,1.3,3.1
2015-16,Playoffs,CLE,Cleveland Cavaliers,8,7,1,3.7,1.0,1.0,0.3,2.0,0.8,0.5,0.4,2.8
2015-16,Playoffs,GSW,Golden State Warriors,9,6,3,4.0,1.9,0.3,2.0,3.6,1.3,1.3,0.8,1.8
2015-16,Playoffs,TOR,Toronto Raptors,9,6,3,5.1,1.6,1.3,0.1,3.3,1.0,1.0,0.9,3.8
2015-16,Playoffs,OKC,Oklahoma City Thunder,10,5,5,3.2,0.4,1.5,1.0,2.6,2.0,0.5,1.3,3.0
2015-16,Playoffs,MIA,Miami Heat,8,3,5,5.5,1.8,1.0,0.8,4.0,1.4,1.6,0.3,3.5
2015-16,Playoffs,BOS,Boston Celtics,3,2,1,5.9,1.7,1.7,1.0,2.7,2.7,1.7,2.7,3.3
2015-16,Playoffs,CHA,Charlotte Hornets,3,2,1,3.7,1.0,1.7,0.7,1.3,1.7,0.7,0.0,1.3
2015-16,Playoffs,POR,Portland Trail Blazers,5,2,3,5.0,1.4,2.8,1.2,2.8,1.6,0.8,2.6,3.2
2015-16,Playoffs,SAS,San Antonio Spurs,5,2,3,3.6,1.8,0.8,1.2,2.4,0.4,1.8,1.6,4.4
2015-16,Playoffs,ATL,Atlanta Hawks,6,1,5,4.4,1.7,0.8,1.3,3.7,1.2,1.5,0.5,2.7
2015-16,Playoffs,DAL,Dallas Mavericks,2,1,1,2.8,1.0,0.0,2.0,3.0,1.0,2.0,0.0,2.0
2015-16,Playoffs,HOU,Houston Rockets,1,1,0,3.8,3.0,0.0,0.0,4.0,2.0,0.0,2.0,4.0
2015-16,Playoffs,IND,Indiana Pacers,3,1,2,2.6,0.0,1.0,0.7,1.3,1.7,0.0,0.0,0.7
2015-16,Playoffs,DET,Detroit Pistons,3,0,3,3.6,1.0,0.0,0.7,1.3,1.0,1.0,0.7,2.0
2015-16,Playoffs,LAC,LA Clippers,2,0,2,4.2,1.0,1.0,0.0,1.0,0.5,3.5,0.5,2.0
2015-16,Playoffs,MEM,Memphis Grizzlies,1,0,1,1.9,0.0,2.0,0.0,2.0,0.0,0.0,0.0,0.0
2016-17,Regular+Season,BOS,Boston Celtics,49,32,17,3.8,1.2,1.3,0.8,3.5,1.1,1.1,0.7,2.9
2016-17,Regular+Season,WAS,Washington Wizards,55,32,23,3.8,1.2,1.5,0.9,3.4,0.7,1.2,0.4,2.4
2016-17,Regular+Season,SAS,San Antonio Spurs,43,29,14,3.8,1.9,1.2,1.2,2.4,1.1,0.9,0.8,2.5
2016-17,Regular+Season,UTA,Utah Jazz,45,27,18,3.2,1.1,0.6,0.7,2.5,1.0,0.8,0.5,2.8
2016-17,Regular+Season,ATL,Atlanta Hawks,44,26,18,4.0,1.1,1.0,1.0,3.0,1.1,1.0,0.7,2.6
2016-17,Regular+Season,OKC,Oklahoma City Thunder,42,26,16,3.7,1.5,1.4,1.5,3.2,0.8,1.0,0.6,2.7
2016-17,Regular+Season,TOR,Toronto Raptors,49,25,24,3.6,1.1,1.1,0.6,3.1,0.7,1.2,0.6,2.4
2016-17,Regular+Season,MEM,Memphis Grizzlies,46,24,22,4.1,1.2,1.4,0.6,3.0,1.0,0.7,0.7,2.2
2016-17,Regular+Season,SAC,Sacramento Kings,49,24,25,4.3,1.1,0.8,0.8,3.5,1.6,1.2,0.8,2.9
2016-17,Regular+Season,CHI,Chicago Bulls,42,23,19,3.8,1.4,1.5,0.6,2.4,0.5,0.8,0.7,3.2
2016-17,Regular+Season,CLE,Cleveland Cavaliers,36,23,13,3.9,0.9,0.9,0.4,2.9,1.1,0.9,0.7,3.2
2016-17,Regular+Season,HOU,Houston Rockets,41,23,18,3.3,0.9,0.6,0.8,2.1,1.3,1.3,0.8,2.8
2016-17,Regular+Season,POR,Portland Trail Blazers,47,23,24,4.9,1.1,1.3,0.9,4.3,1.7,1.5,1.1,3.8
2016-17,Regular+Season,CHA,Charlotte Hornets,51,22,29,3.6,0.7,1.6,0.4,3.0,1.1,1.3,0.8,3.2
2016-17,Regular+Season,IND,Indiana Pacers,38,22,16,4.3,1.3,0.9,0.5,2.3,0.9,1.5,0.4,3.3
2016-17,Regular+Season,MIA,Miami Heat,44,21,23,3.7,1.1,1.1,0.7,3.0,1.4,1.0,0.7,2.9
2016-17,Regular+Season,MIL,Milwaukee Bucks,39,21,18,3.8,1.0,1.0,0.7,3.6,1.3,1.2,1.0,3.2
2016-17,Regular+Season,PHI,Philadelphia 76ers,44,21,23,3.9,1.0,1.3,0.4,2.7,1.6,1.1,0.8,2.9
2016-17,Regular+Season,LAC,LA Clippers,34,20,14,3.4,0.9,1.3,0.6,2.7,0.9,0.7,0.7,1.9
2016-17,Regular+Season,DAL,Dallas Mavericks,41,19,22,3.6,1.5,0.4,0.5,2.3,1.0,0.9,0.6,2.9
2016-17,Regular+Season,NYK,New York Knicks,43,19,24,4.1,0.9,1.5,0.7,3.0,1.2,2.0,0.7,3.4
2016-17,Regular+Season,ORL,Orlando Magic,39,18,21,3.9,0.8,1.3,0.3,2.9,1.3,1.2,0.8,3.2
2016-17,Regular+Season,NOP,New Orleans Pelicans,44,17,27,4.2,1.3,1.0,0.6,2.9,1.3,1.0,0.6,2.8
2016-17,Regular+Season,PHX,Phoenix Suns,50,17,33,3.6,1.2,1.0,0.9,3.2,1.3,1.5,0.9,3.5
2016-17,Regular+Season,DEN,Denver Nuggets,40,16,24,3.2,0.6,1.1,0.6,2.5,0.9,0.7,0.8,2.5
2016-17,Regular+Season,GSW,Golden State Warriors,25,16,9,4.0,1.6,1.5,0.7,3.1,1.0,0.8,0.6,2.6
2016-17,Regular+Season,DET,Detroit Pistons,37,15,22,3.9,0.8,1.8,0.4,2.3,1.1,1.5,0.8,3.5
2016-17,Regular+Season,MIN,Minnesota Timberwolves,45,15,30,3.8,1.1,1.2,0.6,2.6,1.4,1.1,0.7,3.4
2016-17,Regular+Season,LAL,Los Angeles Lakers,43,14,29,3.0,1.0,1.0,0.9,2.6,0.8,1.3,0.6,2.8
2016-17,Regular+Season,BKN,Brooklyn Nets,41,13,28,3.4,0.8,0.9,0.7,2.6,1.1,1.7,0.5,2.9
2016-17,Playoffs,CLE,Cleveland Cavaliers,7,5,2,3.8,0.7,1.3,0.0,2.0,1.3,0.7,0.4,1.7
2016-17,Playoffs,WAS,Washington Wizards,7,5,2,3.3,1.6,0.9,1.1,1.7,0.3,1.3,0.6,2.9
2016-17,Playoffs,GSW,Golden State Warriors,4,4,0,3.4,1.0,2.0,1.8,4.0,1.0,0.8,0.0,1.5
2016-17,Playoffs,HOU,Houston Rockets,5,3,2,4.6,1.2,1.2,0.4,3.2,3.0,2.6,1.2,4.0
2016-17,Playoffs,SAS,San Antonio Spurs,5,3,2,6.0,4.2,2.2,1.0,5.6,0.8,1.0,1.4,5.2
2016-17,Playoffs,TOR,Toronto Raptors,4,3,1,2.7,0.5,0.0,0.3,1.5,1.0,0.8,0.0,2.0
2016-17,Playoffs,UTA,Utah Jazz,6,3,3,3.4,0.8,1.5,0.2,3.0,1.0,1.0,1.2,2.3
2016-17,Playoffs,BOS,Boston Celtics,4,2,2,5.6,1.5,2.5,1.0,4.0,2.3,2.5,1.5,2.0
2016-17,Playoffs,LAC,LA Clippers,5,2,3,3.6,1.2,1.2,1.4,2.8,1.0,1.8,0.2,3.6
2016-17,Playoffs,ATL,Atlanta Hawks,5,1,4,1.9,0.0,0.4,0.4,2.0,1.2,0.0,0.4,2.0
2016-17,Playoffs,CHI,Chicago Bulls,1,1,0,3.6,4.0,1.0,0.0,0.0,2.0,0.0,2.0,2.0
2016-17,Playoffs,MEM,Memphis Grizzlies,3,1,2,4.8,0.3,0.0,1.7,4.0,3.3,2.0,1.0,4.7
2016-17,Playoffs,OKC,Oklahoma City Thunder,4,1,3,3.2,2.0,2.8,1.0,3.0,0.8,1.5,0.5,3.5
2016-17,Playoffs,IND,Indiana Pacers,4,0,4,4.2,1.3,0.5,0.0,2.0,1.3,1.5,0.0,2.0
2016-17,Playoffs,MIL,Milwaukee Bucks,3,0,3,3.3,1.3,1.0,0.0,2.7,0.7,0.0,0.3,2.0
2016-17,Playoffs,POR,Portland Trail Blazers,1,0,1,1.9,0.0,0.0,0.0,0.0,2.0,3.0,2.0,4.0
2017-18,Pre+Season,BOS,Boston Celtics,2,2,0,2.6,2.0,0.0,1.0,4.0,1.0,0.0,0.0,2.0
2017-18,Pre+Season,DAL,Dallas Mavericks,2,2,0,3.4,0.0,1.0,1.0,3.0,2.0,0.0,1.0,3.0
2017-18,Pre+Season,DEN,Denver Nuggets,2,2,0,0.5,0.0,1.0,0.0,1.0,0.0,0.0,0.0,0.0
2017-18,Pre+Season,LAL,Los Angeles Lakers,4,2,2,3.6,1.0,0.0,0.5,2.0,1.5,0.5,0.0,2.5
2017-18,Pre+Season,MIA,Miami Heat,3,2,1,4.8,3.7,0.0,3.0,3.3,2.7,0.0,0.0,4.0
2017-18,Pre+Season,ORL,Orlando Magic,4,2,2,2.9,1.5,0.0,0.5,4.0,1.0,0.5,0.5,1.0
2017-18,Pre+Season,UTA,Utah Jazz,2,2,0,2.6,3.0,0.0,0.0,5.0,0.0,0.0,1.0,1.0
2017-18,Pre+Season,WAS,Washington Wizards,3,2,1,2.7,1.3,0.0,0.0,2.7,1.0,0.0,1.7,0.7
2017-18,Pre+Season,BKN,Brooklyn Nets,1,1,0,2.2,0.0,0.0,0.0,0.0,0.0,0.0,0.0,0.0
2017-18,Pre+Season,CHA,Charlotte Hornets,3,1,2,5.0,1.7,0.0,0.0,4.0,2.7,0.0,1.3,5.3
2017-18,Pre+Season,CHI,Chicago Bulls,1,1,0,5.2,0.0,0.0,0.0,6.0,0.0,0.0,0.0,4.0
2017-18,Pre+Season,DET,Detroit Pistons,3,1,2,3.9,1.3,0.0,0.0,6.0,0.3,0.0,0.0,2.0
2017-18,Pre+Season,GSW,Golden State Warriors,3,1,2,1.2,0.7,0.7,0.0,0.7,0.0,0.0,0.0,0.7
2017-18,Pre+Season,IND,Indiana Pacers,2,1,1,4.1,1.5,0.0,0.0,2.0,1.5,0.0,0.0,5.0
2017-18,Pre+Season,MEM,Memphis Grizzlies,1,1,0,0.8,0.0,2.0,0.0,2.0,0.0,0.0,0.0,0.0
2017-18,Pre+Season,MIL,Milwaukee Bucks,2,1,1,4.2,2.0,0.0,1.0,3.0,1.0,1.0,1.0,5.0
2017-18,Pre+Season,MIN,Minnesota Timberwolves,1,1,0,3.1,0.0,0.0,0.0,2.0,2.0,2.0,0.0,2.0
2017-18,Pre+Season,OKC,Oklahoma City Thunder,1,1,0,4.8,0.0,2.0,0.0,4.0,0.0,2.0,0.0,2.0
2017-18,Pre+Season,PHX,Phoenix Suns,2,1,1,2.3,1.0,1.0,2.5,2.0,0.0,2.0,1.0,1.0
2017-18,Pre+Season,POR,Portland Trail Blazers,2,1,1,2.6,0.0,2.0,1.0,0.0,1.0,1.0,2.5,2.0
2017-18,Pre+Season,SAS,San Antonio Spurs,2,1,1,2.8,1.0,0.0,0.0,1.0,2.0,0.0,1.0,6.0
2017-18,Pre+Season,CLE,Cleveland Cavaliers,1,0,1,5.0,1.0,0.0,0.0,0.0,3.0,0.0,0.0,4.0
2017-18,Pre+Season,HOU,Houston Rockets,1,0,1,0.8,0.0,0.0,0.0,0.0,2.0,0.0,0.0,2.0
2017-18,Pre+Season,LAC,LA Clippers,1,0,1,4.3,0.0,0.0,0.0,0.0,4.0,0.0,0.0,0.0
2017-18,Pre+Season,Melbourne United,Melbourne United,1,0,1,4.8,0.0,2.0,0.0,2.0,0.0,2.0,0.0,4.0
2017-18,Pre+Season,NOP,New Orleans Pelicans,1,0,1,5.2,0.0,0.0,0.0,4.0,0.0,0.0,0.0,6.0
2017-18,Pre+Season,NYK,New York Knicks,3,0,3,1.7,0.0,0.0,0.0,0.0,0.0,0.0,0.0,0.7
2017-18,Pre+Season,PHI,Philadelphia 76ers,1,0,1,0.7,0.0,0.0,0.0,0.0,0.0,0.0,0.0,2.0
2017-18,Pre+Season,SAC,Sacramento Kings,2,0,2,2.6,0.0,0.0,0.0,0.0,0.0,0.0,0.0,3.0
2017-18,Pre+Season,TOR,Toronto Raptors,1,0,1,0.9,0.0,0.0,0.0,0.0,0.0,0.0,0.0,0.0
2017-18,Regular+Season,CLE,Cleveland Cavaliers,45,30,15,3.4,1.0,1.2,0.6,3.1,0.7,0.8,0.5,2.9
2017-18,Regular+Season,NOP,New Orleans Pelicans,50,30,20,4.5,1.5,1.3,0.4,4.7,1.2,1.4,0.7,3.2
2017-18,Regular+Season,BOS,Boston Celtics,46,29,17,3.9,1.0,0.9,0.5,3.4,1.4,1.2,0.8,3.7
2017-18,Regular+Season,MIA,Miami Heat,53,29,24,4.3,1.5,1.1,0.8,4.0,1.2,1.6,0.4,3.8
2017-18,Regular+Season,IND,Indiana Pacers,44,26,18,3.5,1.7,1.4,0.7,2.6,0.9,1.0,0.6,2.4
2017-18,Regular+Season,MIL,Milwaukee Bucks,47,26,21,3.8,0.9,0.7,0.6,3.1,1.1,0.8,0.5,2.7
2017-18,Regular+Season,PHI,Philadelphia 76ers,45,26,19,3.3,1.0,1.1,0.6,3.0,1.4,1.2,0.8,2.0
2017-18,Regular+Season,HOU,Houston Rockets,35,25,10,3.1,1.4,1.2,0.4,2.5,0.5,0.6,0.2,2.7
2017-18,Regular+Season,POR,Portland Trail Blazers,45,25,20,3.9,1.1,1.0,0.4,3.4,0.9,1.2,0.6,3.4
2017-18,Regular+Season,TOR,Toronto Raptors,44,25,19,3.7,1.2,1.2,0.3,3.1,1.1,0.7,0.6,2.6
2017-18,Regular+Season,OKC,Oklahoma City Thunder,46,24,22,4.1,1.2,1.5,1.0,3.2,0.9,1.1,0.4,3.8
2017-18,Regular+Season,DEN,Denver Nuggets,43,22,21,4.2,1.4,1.3,0.6,3.4,1.3,0.9,0.5,3.3
2017-18,Regular+Season,MIN,Minnesota Timberwolves,42,22,20,4.2,1.0,1.2,0.3,3.2,1.2,1.1,0.6,3.0
2017-18,Regular+Season,SAC,Sacramento Kings,42,22,20,3.6,1.3,1.1,0.5,3.2,0.9,1.0,0.2,2.3
2017-18,Regular+Season,CHI,Chicago Bulls,41,21,20,4.4,1.1,0.7,0.7,3.6,1.4,1.5,0.9,4.0
2017-18,Regular+Season,LAC,LA Clippers,41,21,20,3.2,1.0,0.9,0.6,2.5,0.7,0.8,0.5,2.5
2017-18,Regular+Season,WAS,Washington Wizards,45,21,24,4.1,1.3,1.3,0.8,3.4,1.1,1.2,1.0,3.4
2017-18,Regular+Season,LAL,Los Angeles Lakers,42,20,22,4.4,0.8,1.3,0.7,3.5,1.3,1.3,0.9,4.3
2017-18,Regular+Season,SAS,San Antonio Spurs,37,20,17,3.7,1.0,1.3,0.6,3.0,1.5,0.9,1.0,3.1
2017-18,Regular+Season,BKN,Brooklyn Nets,50,19,31,3.9,0.7,1.6,0.3,3.1,1.5,1.1,0.5,3.6
2017-18,Regular+Season,DET,Detroit Pistons,41,19,22,3.6,0.6,1.3,0.3,3.3,1.0,1.2,0.3,2.8
2017-18,Regular+Season,GSW,Golden State Warriors,29,19,10,3.8,0.8,0.3,1.8,2.8,1.5,1.1,0.7,2.8
2017-18,Regular+Season,ATL,Atlanta Hawks,44,17,27,3.4,1.3,1.1,0.9,3.0,1.0,1.3,0.7,3.1
2017-18,Regular+Season,CHA,Charlotte Hornets,41,16,25,3.7,1.3,0.9,0.4,3.0,1.1,0.5,0.5,3.3
2017-18,Regular+Season,PHX,Phoenix Suns,38,16,22,3.0,0.8,0.7,0.4,1.9,1.2,1.0,0.7,2.9
2017-18,Regular+Season,UTA,Utah Jazz,29,16,13,3.7,1.4,0.9,1.2,3.9,1.6,1.7,0.7,3.2
2017-18,Regular+Season,ORL,Orlando Magic,41,14,27,3.1,0.6,0.7,0.4,2.1,1.1,1.0,0.8,2.9
2017-18,Regular+Season,DAL,Dallas Mavericks,50,12,38,3.4,0.8,0.8,0.5,2.3,1.1,1.0,0.6,3.8
2017-18,Regular+Season,MEM,Memphis Grizzlies,41,12,29,3.6,1.3,1.1,0.7,2.3,0.6,0.8,0.5,2.5
2017-18,Regular+Season,NYK,New York Knicks,35,12,23,4.0,1.1,1.1,0.6,2.9,1.1,1.8,0.5,2.9
2017-18,Playoffs,CLE,Cleveland Cavaliers,10,7,3,4.1,1.4,1.9,0.5,2.6,0.8,0.4,0.9,2.8
2017-18,Playoffs,BOS,Boston Celtics,8,5,3,4.9,1.5,1.5,0.3,4.8,0.6,1.3,1.5,4.8
2017-18,Playoffs,GSW,Golden State Warriors,7,4,3,3.1,1.6,0.7,1.1,2.3,0.9,2.0,0.0,1.4
2017-18,Playoffs,HOU,Houston Rockets,4,4,0,3.2,1.0,0.5,0.8,1.5,0.8,1.3,1.0,1.0
2017-18,Playoffs,NOP,New Orleans Pelicans,4,3,1,2.8,1.0,2.3,0.0,2.0,0.5,2.0,1.8,2.0
2017-18,Playoffs,MIL,Milwaukee Bucks,4,2,2,4.1,0.8,1.0,1.8,5.0,0.8,1.8,0.0,2.5
2017-18,Playoffs,TOR,Toronto Raptors,5,2,3,4.1,0.4,1.2,1.0,2.8,1.0,0.4,1.4,3.2
2017-18,Playoffs,UTA,Utah Jazz,4,2,2,2.9,0.0,0.3,0.0,2.0,0.5,0.5,0.5,2.0
2017-18,Playoffs,IND,Indiana Pacers,5,1,4,2.6,0.0,0.4,0.0,1.6,1.4,1.0,0.6,2.0
2017-18,Playoffs,MIA,Miami Heat,2,1,1,2.5,2.0,0.0,1.0,3.0,0.0,2.5,0.0,3.0
2017-18,Playoffs,OKC,Oklahoma City Thunder,3,1,2,3.3,0.0,0.7,0.7,2.7,0.0,0.3,0.0,2.7
2017-18,Playoffs,PHI,Philadelphia 76ers,5,1,4,4.9,0.4,1.8,0.6,4.4,2.6,1.0,0.8,6.8
2017-18,Playoffs,SAS,San Antonio Spurs,2,1,1,1.2,0.0,1.0,0.0,0.0,1.0,1.0,0.0,1.0
2017-18,Playoffs,WAS,Washington Wizards,3,1,2,2.1,0.7,0.0,2.3,2.7,0.0,1.3,0.7,2.0
2017-18,Playoffs,MIN,Minnesota Timberwolves,1,0,1,2.1,0.0,2.0,2.0,2.0,0.0,0.0,3.0,2.0
2017-18,Playoffs,POR,Portland Trail Blazers,3,0,3,3.7,0.7,2.7,2.3,2.7,1.3,3.0,0.0,2.7
2017-18,All+Star,Team LeBron,Team LeBron,1,1,0,4.8,4.0,2.0,2.0,10.0,0.0,2.0,0.0,8.0
2017-18,All+Star,Team Stephen,Team Stephen,1,0,1,4.8,0.0,2.0,0.0,8.0,4.0,2.0,2.0,10.0
2018-19,Pre+Season,CHA,Charlotte Hornets,4,3,1,3.6,1.8,2.0,1.5,3.5,2.0,1.0,1.5,6.0
2018-19,Pre+Season,NYK,New York Knicks,4,3,1,4.2,2.5,1.0,1.8,2.5,1.8,2.0,0.8,5.0
2018-19,Pre+Season,BKN,Brooklyn Nets,3,2,1,5.1,1.3,2.0,0.7,5.3,3.3,1.7,1.3,3.3
2018-19,Pre+Season,DEN,Denver Nuggets,3,2,1,3.8,1.3,1.7,1.7,1.3,1.0,2.3,2.0,4.0
2018-19,Pre+Season,LAL,Los Angeles Lakers,3,2,1,3.6,3.0,2.3,1.3,6.0,2.0,1.7,1.0,2.7
2018-19,Pre+Season,MIA,Miami Heat,4,2,2,3.4,0.3,2.0,0.3,2.5,2.3,0.5,0.5,4.5
2018-19,Pre+Season,WAS,Washington Wizards,3,2,1,6.3,3.0,0.7,1.7,10.0,3.0,3.7,1.0,2.7
2018-19,Pre+Season,ATL,Atlanta Hawks,2,1,1,4.3,1.0,1.0,0.0,5.0,1.0,2.0,1.0,6.0
2018-19,Pre+Season,BOS,Boston Celtics,3,1,2,2.6,1.3,0.7,0.7,5.3,0.7,1.3,1.0,3.3
2018-19,Pre+Season,CLE,Cleveland Cavaliers,1,1,0,0.4,0.0,0.0,0.0,2.0,0.0,0.0,0.0,0.0
2018-19,Pre+Season,DAL,Dallas Mavericks,3,1,2,3.7,3.0,0.7,1.3,4.0,1.7,2.0,1.0,5.3
2018-19,Pre+Season,DET,Detroit Pistons,3,1,2,6.5,2.7,3.7,0.0,4.7,1.3,0.0,1.3,5.3
2018-19,Pre+Season,LAC,LA Clippers,1,1,0,2.3,0.0,2.0,2.0,4.0,0.0,0.0,2.0,0.0
2018-19,Pre+Season,MEM,Memphis Grizzlies,1,1,0,9.9,5.0,0.0,0.0,8.0,2.0,2.0,2.0,6.0
2018-19,Pre+Season,MIN,Minnesota Timberwolves,1,1,0,5.0,0.0,4.0,0.0,6.0,0.0,0.0,0.0,4.0
2018-19,Pre+Season,OKC,Oklahoma City Thunder,2,1,1,6.7,4.0,1.0,2.0,2.0,1.0,0.0,0.0,4.0
2018-19,Pre+Season,PHI,Philadelphia 76ers,2,1,1,3.0,0.0,1.0,0.0,5.0,2.5,0.0,0.0,2.0
2018-19,Pre+Season,PHX,Phoenix Suns,2,1,1,2.8,1.0,1.0,1.0,4.0,2.0,0.0,0.0,3.0
2018-19,Pre+Season,POR,Portland Trail Blazers,2,1,1,3.4,0.5,3.0,0.5,5.0,4.5,2.0,1.0,1.0
2018-19,Pre+Season,SAC,Sacramento Kings,3,1,2,4.9,4.0,0.7,0.0,4.0,2.7,3.3,1.3,8.7
2018-19,Pre+Season,SAS,San Antonio Spurs,2,1,1,2.9,2.0,0.0,2.0,5.0,0.0,1.5,0.5,3.0
2018-19,Pre+Season,UTA,Utah Jazz,1,1,0,1.8,4.0,2.0,2.0,2.0,1.0,0.0,1.0,2.0
2018-19,Pre+Season,CHI,Chicago Bulls,2,0,2,2.9,0.0,0.0,1.0,1.0,0.5,0.0,0.0,1.0
2018-19,Pre+Season,GSW,Golden State Warriors,2,0,2,2.7,0.0,0.0,0.0,2.0,0.0,2.0,0.0,4.0
2018-19,Pre+Season,IND,Indiana Pacers,1,0,1,9.9,2.0,2.0,2.0,6.0,5.0,0.0,0.0,8.0
2018-19,Pre+Season,MIL,Milwaukee Bucks,1,0,1,8.7,2.0,0.0,0.0,2.0,8.0,2.0,4.0,4.0
2018-19,Pre+Season,NOP,New Orleans Pelicans,1,0,1,1.3,0.0,0.0,0.0,0.0,0.0,0.0,0.0,2.0
2018-19,Pre+Season,New Zealand Breakers,New Zealand Breakers,1,0,1,1.2,0.0,0.0,0.0,0.0,0.0,0.0,0.0,0.0
2018-19,Pre+Season,ORL,Orlando Magic,1,0,1,5.2,3.0,0.0,0.0,2.0,0.0,0.0,0.0,4.0
2018-19,Regular+Season,DEN,Denver Nuggets,46,31,15,3.3,1.2,1.5,0.3,3.6,1.3,0.7,0.7,3.1
2018-19,Regular+Season,PHI,Philadelphia 76ers,45,30,15,3.7,0.8,1.0,0.5,2.8,1.4,1.3,0.7,3.1
2018-19,Regular+Season,LAC,LA Clippers,43,27,16,3.6,1.5,1.0,0.7,3.2,1.4,1.0,0.6,3.1
2018-19,Regular+Season,POR,Portland Trail Blazers,42,25,17,3.4,0.8,1.8,0.5,3.3,0.8,1.2,0.9,3.1
2018-19,Regular+Season,BKN,Brooklyn Nets,44,24,20,4.2,1.2,1.4,0.4,3.6,1.5,1.9,0.7,3.6
2018-19,Regular+Season,HOU,Houston Rockets,41,24,17,3.6,0.8,1.0,0.6,2.4,1.0,0.7,0.8,3.1
2018-19,Regular+Season,SAC,Sacramento Kings,49,24,25,3.3,1.4,1.2,0.9,3.0,0.8,1.1,0.5,3.2
2018-19,Regular+Season,SAS,San Antonio Spurs,40,24,16,4.0,0.9,0.9,0.8,3.3,1.1,1.1,0.7,3.6
2018-19,Regular+Season,BOS,Boston Celtics,42,23,19,3.5,1.3,0.9,0.8,3.3,0.7,1.2,0.6,2.9
2018-19,Regular+Season,IND,Indiana Pacers,41,23,18,3.0,0.9,1.0,0.5,2.5,0.9,0.8,0.6,2.3
2018-19,Regular+Season,TOR,Toronto Raptors,38,23,15,4.6,1.9,1.6,0.9,3.4,1.1,1.0,0.6,3.6
2018-19,Regular+Season,MIL,Milwaukee Bucks,36,22,14,3.8,1.6,1.4,1.0,4.4,1.1,1.0,0.6,2.9
2018-19,Regular+Season,OKC,Oklahoma City Thunder,46,22,24,3.8,1.4,1.2,0.7,3.0,0.9,1.4,0.6,3.7
2018-19,Regular+Season,ORL,Orlando Magic,47,22,25,3.5,0.9,1.0,0.4,3.2,1.5,0.6,0.7,2.6
2018-19,Regular+Season,LAL,Los Angeles Lakers,43,21,22,3.3,1.1,1.0,1.2,3.6,1.0,1.0,0.5,2.2
2018-19,Regular+Season,MIA,Miami Heat,45,21,24,3.5,1.1,0.9,0.7,3.2,1.1,1.0,0.6,2.9
2018-19,Regular+Season,ATL,Atlanta Hawks,41,20,21,4.0,1.2,0.9,0.6,4.3,1.1,1.2,0.7,4.1
2018-19,Regular+Season,DAL,Dallas Mavericks,46,20,26,3.7,1.0,1.1,0.6,3.1,1.0,0.7,0.7,3.5
2018-19,Regular+Season,DET,Detroit Pistons,42,20,22,4.1,1.0,1.3,0.4,3.7,1.5,0.7,0.6,3.5
2018-19,Regular+Season,GSW,Golden State Warriors,35,20,15,3.9,1.4,0.8,0.7,2.5,1.1,1.2,0.9,3.0
2018-19,Regular+Season,MEM,Memphis Grizzlies,47,19,28,4.1,1.3,0.7,0.4,3.0,1.3,1.3,1.0,3.9
2018-19,Regular+Season,MIN,Minnesota Timberwolves,45,19,26,3.8,1.0,1.5,0.5,3.2,1.2,1.3,0.6,3.4
2018-19,Regular+Season,CHA,Charlotte Hornets,39,18,21,4.1,1.0,1.2,0.5,2.7,0.8,0.9,0.7,3.6
2018-19,Regular+Season,NOP,New Orleans Pelicans,45,17,28,3.2,1.2,0.9,0.3,3.3,0.8,0.9,0.6,3.5
2018-19,Regular+Season,CHI,Chicago Bulls,39,15,24,4.2,1.2,0.6,0.5,3.4,1.3,1.2,0.6,3.7
2018-19,Regular+Season,UTA,Utah Jazz,33,15,18,3.3,1.0,1.3,0.9,3.7,1.5,1.4,0.3,3.2
2018-19,Regular+Season,WAS,Washington Wizards,39,15,24,4.6,1.4,1.6,1.1,4.7,1.8,2.1,0.8,4.6
2018-19,Regular+Season,CLE,Cleveland Cavaliers,34,13,21,3.0,0.8,1.0,0.6,2.4,0.7,1.1,0.5,2.1
2018-19,Regular+Season,PHX,Phoenix Suns,33,12,21,4.5,1.2,1.3,1.0,4.5,2.0,1.8,0.5,4.6
2018-19,Regular+Season,NYK,New York Knicks,34,11,23,3.8,1.1,0.6,0.8,2.8,1.1,1.4,0.4,3.1
2018-19,Playoffs,GSW,Golden State Warriors,13,8,5,4.5,1.5,2.5,0.5,3.1,1.5,1.5,0.8,3.2
2018-19,Playoffs,TOR,Toronto Raptors,12,7,5,4.8,2.6,2.9,0.8,3.0,1.3,1.8,1.0,3.5
2018-19,Playoffs,POR,Portland Trail Blazers,9,5,4,5.9,2.7,2.2,0.7,4.0,0.6,2.6,0.6,5.8
2018-19,Playoffs,HOU,Houston Rockets,8,4,4,4.3,0.3,1.3,0.8,2.8,1.9,1.9,0.9,2.5
2018-19,Playoffs,BOS,Boston Celtics,4,3,1,1.9,1.3,0.0,0.0,2.0,0.0,0.0,0.0,0.0
2018-19,Playoffs,DEN,Denver Nuggets,7,3,4,6.3,1.0,1.4,0.6,4.9,3.1,2.1,0.6,4.0
2018-19,Playoffs,LAC,LA Clippers,2,2,0,4.3,4.5,0.0,2.0,5.0,1.0,2.0,0.0,4.0
2018-19,Playoffs,MIL,Milwaukee Bucks,5,2,3,5.8,0.8,3.2,0.8,5.2,2.8,4.0,1.2,3.2
2018-19,Playoffs,PHI,Philadelphia 76ers,4,2,2,4.4,2.0,1.3,1.0,3.5,2.8,1.8,0.5,2.0
2018-19,Playoffs,OKC,Oklahoma City Thunder,3,1,2,1.7,0.3,1.0,0.3,2.0,1.3,0.7,0.0,1.3
2018-19,Playoffs,ORL,Orlando Magic,2,1,1,3.1,2.0,1.0,2.0,3.0,0.0,2.0,0.0,4.0
2018-19,Playoffs,SAS,San Antonio Spurs,3,1,2,3.5,0.7,0.0,0.0,0.7,1.0,0.7,0.0,1.3
2018-19,Playoffs,BKN,Brooklyn Nets,1,0,1,5.1,5.0,3.0,0.0,4.0,4.0,3.0,0.0,8.0
2018-19,Playoffs,IND,Indiana Pacers,3,0,3,2.6,0.0,0.0,0.0,0.0,1.7,0.0,0.0,2.7
2018-19,Playoffs,UTA,Utah Jazz,2,0,2,4.7,0.0,0.0,0.0,4.0,1.0,0.5,1.5,2.0
2018-19,All+Star,-,-,1,1,0,0.9,3.0,0.0,0.0,2.0,0.0,0.0,0.0,0.0
2018-19,All+Star,-,-,1,0,1,0.9,0.0,0.0,0.0,0.0,3.0,0.0,0.0,2.0
2019-20,Pre+Season,DEN,Denver Nuggets,5,4,1,1.8,1.0,1.0,1.0,1.2,1.0,0.0,0.0,1.2
2019-20,Pre+Season,IND,Indiana Pacers,5,3,2,2.5,0.0,0.8,0.0,3.2,2.0,0.4,0.4,2.4
2019-20,Pre+Season,LAL,Los Angeles Lakers,5,3,2,2.0,1.0,0.0,0.4,1.6,0.4,0.8,0.0,0.8
2019-20,Pre+Season,MIL,Milwaukee Bucks,3,3,0,2.6,0.3,0.3,0.7,3.3,1.0,1.3,0.3,0.7
2019-20,Pre+Season,NOP,New Orleans Pelicans,3,3,0,4.1,1.7,0.0,3.0,2.7,1.3,0.7,1.0,4.7
2019-20,Pre+Season,BKN,Brooklyn Nets,3,2,1,4.4,2.3,2.3,2.0,3.3,1.3,1.3,1.3,3.3
2019-20,Pre+Season,DAL,Dallas Mavericks,4,2,2,4.0,1.5,1.0,0.5,5.5,1.3,1.8,0.5,6.5
2019-20,Pre+Season,DET,Detroit Pistons,2,2,0,1.6,1.0,2.0,1.0,3.0,0.0,0.0,0.0,0.0
2019-20,Pre+Season,HOU,Houston Rockets,3,2,1,3.7,2.0,1.7,0.0,4.0,2.7,1.7,3.3,4.0
2019-20,Pre+Season,LAC,LA Clippers,3,2,1,3.3,0.7,1.0,0.7,3.3,1.0,1.0,1.0,1.3
2019-20,Pre+Season,TOR,Toronto Raptors,3,2,1,3.4,2.7,1.7,3.3,5.3,2.3,1.7,0.0,4.0
2019-20,Pre+Season,UTA,Utah Jazz,4,2,2,3.7,2.0,1.0,1.5,5.5,2.0,0.5,1.8,4.0
2019-20,Pre+Season,ATL,Atlanta Hawks,1,1,0,5.2,1.0,0.0,0.0,0.0,3.0,2.0,0.0,4.0
2019-20,Pre+Season,BOS,Boston Celtics,1,1,0,1.9,2.0,1.0,0.0,0.0,3.0,3.0,0.0,0.0
2019-20,Pre+Season,MEM,Memphis Grizzlies,3,1,2,1.1,0.0,0.7,0.0,0.7,0.3,0.3,0.0,0.7
2019-20,Pre+Season,MIA,Miami Heat,2,1,1,4.5,4.0,3.0,0.0,8.0,2.0,0.5,1.0,3.0
2019-20,Pre+Season,MIN,Minnesota Timberwolves,2,1,1,0.6,0.0,0.0,1.0,1.0,0.5,0.0,0.0,1.0
2019-20,Pre+Season,NYK,New York Knicks,3,1,2,2.9,1.0,0.7,0.0,2.0,1.0,0.0,0.0,0.7
2019-20,Pre+Season,OKC,Oklahoma City Thunder,2,1,1,2.5,1.5,1.0,0.0,1.0,0.0,1.0,0.0,1.0
2019-20,Pre+Season,ORL,Orlando Magic,3,1,2,1.7,0.0,0.0,0.0,0.0,0.7,0.7,0.0,1.3
2019-20,Pre+Season,PHI,Philadelphia 76ers,3,1,2,5.2,1.0,2.7,0.7,6.7,1.7,0.7,0.7,6.0
2019-20,Pre+Season,PHX,Phoenix Suns,2,1,1,1.1,2.0,0.0,0.0,2.0,0.0,0.0,0.0,0.0
2019-20,Pre+Season,POR,Portland Trail Blazers,5,1,4,0.6,0.6,0.0,0.0,0.4,0.0,0.0,0.0,1.6
2019-20,Pre+Season,SAC,Sacramento Kings,3,1,2,5.5,4.0,1.0,1.0,3.3,1.3,3.7,0.0,8.7
2019-20,Pre+Season,SAS,San Antonio Spurs,2,1,1,2.8,0.0,1.0,0.0,1.0,2.5,2.0,1.5,2.0
2019-20,Pre+Season,CHA,Charlotte Hornets,2,0,2,1.1,1.5,1.5,0.0,0.0,2.0,0.5,0.0,0.0
2019-20,Pre+Season,CHI,Chicago Bulls,2,0,2,2.7,0.0,0.0,0.5,1.0,1.0,0.0,2.5,1.0
2019-20,Pre+Season,CLE,Cleveland Cavaliers,1,0,1,2.7,0.0,0.0,0.0,0.0,0.0,4.0,2.0,6.0
2019-20,Pre+Season,GSW,Golden State Warriors,1,0,1,0.3,0.0,0.0,0.0,0.0,0.0,0.0,0.0,0.0
2019-20,Pre+Season,WAS,Washington Wizards,5,0,5,3.3,1.0,0.8,0.2,1.6,1.2,0.8,1.8,3.6
2019-20,Regular+Season,OKC,Oklahoma City Thunder,45,30,15,4.3,1.8,1.0,0.4,3.5,1.0,1.1,0.8,3.7
2019-20,Regular+Season,DEN,Denver Nuggets,45,29,16,3.9,1.0,1.5,0.4,3.5,0.9,0.9,0.4,3.2
2019-20,Regular+Season,UTA,Utah Jazz,41,28,13,3.5,1.0,1.1,0.7,3.2,0.6,1.0,0.3,2.8
2019-20,Regular+Season,PHI,Philadelphia 76ers,44,26,18,3.1,0.8,0.7,0.4,2.2,1.0,0.5,0.4,2.5
2019-20,Regular+Season,TOR,Toronto Raptors,37,25,12,3.5,1.2,0.5,0.8,3.1,0.9,0.6,0.6,2.4
2019-20,Regular+Season,BOS,Boston Celtics,42,23,19,3.4,0.8,0.8,0.5,3.0,1.1,1.2,0.4,2.4
2019-20,Regular+Season,IND,Indiana Pacers,36,22,14,4.2,1.3,1.1,0.3,2.9,1.3,1.4,0.4,3.4
2019-20,Regular+Season,POR,Portland Trail Blazers,37,22,15,3.6,1.4,0.8,0.7,3.5,0.5,1.5,0.7,3.6
2019-20,Regular+Season,BKN,Brooklyn Nets,40,20,20,4.4,1.1,1.8,0.4,4.8,1.6,1.3,1.1,3.6
2019-20,Regular+Season,LAL,Los Angeles Lakers,30,20,10,3.8,1.4,1.5,0.6,3.0,0.9,0.7,0.6,2.8
2019-20,Regular+Season,HOU,Houston Rockets,32,19,13,3.5,1.3,1.1,0.8,3.1,0.8,1.1,0.5,2.4
2019-20,Regular+Season,LAC,LA Clippers,32,19,13,4.0,1.0,1.5,1.0,3.4,1.3,1.4,0.6,3.4
2019-20,Regular+Season,SAC,Sacramento Kings,39,19,20,3.6,1.1,1.0,0.5,3.1,0.6,0.9,0.3,3.3
2019-20,Regular+Season,MIA,Miami Heat,36,18,18,4.3,1.3,1.3,0.5,3.1,1.1,1.5,0.7,4.2
2019-20,Regular+Season,SAS,San Antonio Spurs,45,18,27,3.9,1.2,0.8,0.6,3.2,0.8,1.4,0.7,3.3
2019-20,Regular+Season,CHA,Charlotte Hornets,34,17,17,4.4,1.4,1.1,0.8,3.8,1.1,1.0,0.5,3.6
2019-20,Regular+Season,DAL,Dallas Mavericks,41,17,24,4.0,0.6,1.3,0.3,3.1,1.3,1.3,0.7,3.2
2019-20,Regular+Season,MIL,Milwaukee Bucks,24,17,7,3.1,0.8,1.5,0.8,3.4,1.6,0.7,0.5,1.8
2019-20,Regular+Season,PHX,Phoenix Suns,37,16,21,3.5,1.0,0.9,0.9,3.1,1.3,0.8,0.5,3.3
2019-20,Regular+Season,NYK,New York Knicks,34,14,20,4.0,1.4,1.6,0.4,3.7,1.0,0.8,0.8,2.6
2019-20,Regular+Season,ORL,Orlando Magic,34,14,20,3.6,0.8,0.5,0.6,2.9,1.3,0.9,0.7,3.1
2019-20,Regular+Season,WAS,Washington Wizards,35,14,21,3.0,1.2,0.7,0.5,2.2,0.9,1.0,0.4,2.4
2019-20,Regular+Season,ATL,Atlanta Hawks,34,13,21,3.8,1.1,1.6,0.7,3.4,1.2,0.9,0.6,3.7
2019-20,Regular+Season,CHI,Chicago Bulls,38,13,25,3.1,1.1,1.0,0.4,2.0,1.2,1.5,0.2,3.1
2019-20,Regular+Season,CLE,Cleveland Cavaliers,29,13,16,4.6,0.7,2.2,0.4,3.7,2.0,1.8,1.2,4.2
2019-20,Regular+Season,MEM,Memphis Grizzlies,30,13,17,3.2,0.6,1.1,0.5,4.0,1.3,0.8,0.6,2.9
2019-20,Regular+Season,NOP,New Orleans Pelicans,41,13,28,3.5,0.8,0.5,0.5,2.3,0.9,1.3,0.7,3.4
2019-20,Regular+Season,MIN,Minnesota Timberwolves,33,11,22,3.4,1.0,1.4,0.6,2.9,0.8,1.0,0.4,2.6
2019-20,Regular+Season,DET,Detroit Pistons,30,10,20,4.0,0.8,1.2,0.7,3.1,1.4,1.6,0.5,3.6
2019-20,Regular+Season,GSW,Golden State Warriors,27,8,19,3.7,0.9,0.9,1.2,2.5,1.3,1.3,0.9,3.6
2019-20,Playoffs,MIA,Miami Heat,14,11,3,3.6,1.3,1.3,0.4,2.7,1.1,1.4,0.4,2.1
2019-20,Playoffs,BOS,Boston Celtics,13,6,7,4.0,1.0,1.2,0.6,2.9,1.8,0.8,0.8,2.6
2019-20,Playoffs,DEN,Denver Nuggets,11,6,5,3.5,1.8,1.4,0.2,2.0,0.7,1.0,0.2,2.2
2019-20,Playoffs,LAL,Los Angeles Lakers,10,6,4,2.6,0.7,1.4,0.7,1.8,0.9,0.3,0.2,1.0
2019-20,Playoffs,TOR,Toronto Raptors,6,4,2,4.8,1.7,0.8,1.7,3.0,1.7,0.8,0.3,4.7
2019-20,Playoffs,OKC,Oklahoma City Thunder,4,3,1,5.5,2.8,2.3,0.5,3.0,2.0,1.3,0.5,4.5
2019-20,Playoffs,LAC,LA Clippers,5,2,3,4.0,0.8,0.4,0.0,2.8,0.4,1.8,0.0,2.0
2019-20,Playoffs,DAL,Dallas Mavericks,2,1,1,6.4,1.0,3.5,0.0,4.0,1.0,1.0,0.0,5.0
2019-20,Playoffs,HOU,Houston Rockets,5,1,4,4.5,1.6,1.0,0.4,3.6,2.2,1.8,0.4,2.4
2019-20,Playoffs,MIL,Milwaukee Bucks,5,1,4,3.7,1.4,0.8,0.4,1.6,0.0,2.4,0.0,2.8
2019-20,Playoffs,POR,Portland Trail Blazers,2,1,1,2.7,0.0,0.0,0.0,1.0,2.5,0.0,1.0,3.0
2019-20,Playoffs,UTA,Utah Jazz,4,1,3,5.1,1.5,1.3,0.0,4.5,4.0,2.5,0.0,4.0
2019-20,Playoffs,BKN,Brooklyn Nets,1,0,1,2.4,2.0,0.0,0.0,2.0,2.0,0.0,5.0,4.0
2019-20,Playoffs,IND,Indiana Pacers,1,0,1,4.2,4.0,0.0,1.0,2.0,2.0,2.0,0.0,2.0
2019-20,Playoffs,PHI,Philadelphia 76ers,3,0,3,2.2,1.3,0.7,0.0,0.7,1.0,0.7,2.0,0.7
2019-20,All+Star,Team LeBron,Team LeBron,1,1,0,0.0,0.0,0.0,0.0,6.0,0.0,0.0,0.0,0.0
2019-20,All+Star,Team Giannis,Team Giannis,1,0,1,0.0,0.0,0.0,0.0,0.0,0.0,0.0,0.0,6.0
2019-20,PlayIn,POR,Portland Trail Blazers,1,1,0,4.8,6.0,8.0,0.0,2.0,0.0,3.0,0.0,4.0
2019-20,PlayIn,MEM,Memphis Grizzlies,1,0,1,4.8,0.0,3.0,0.0,4.0,6.0,8.0,0.0,2.0
2019-20,IST,TOR,Toronto Raptors,1,1,0,8.4,5.0,0.0,5.0,8.0,3.0,0.0,0.0,4.0
2019-20,IST,NOP,New Orleans Pelicans,1,0,1,8.4,3.0,0.0,0.0,4.0,5.0,0.0,5.0,8.0
2020-21,Pre+Season,LAL,Los Angeles Lakers,3,3,0,4.6,3.7,0.0,0.7,6.0,1.0,1.3,0.3,3.3
2020-21,Pre+Season,ATL,Atlanta Hawks,3,2,1,3.4,3.0,2.0,1.3,4.7,2.7,3.0,1.0,2.0
2020-21,Pre+Season,CLE,Cleveland Cavaliers,3,2,1,4.5,0.7,0.0,0.0,8.0,2.7,1.7,1.7,6.0
2020-21,Pre+Season,ORL,Orlando Magic,4,2,2,2.9,2.3,1.0,0.8,2.5,1.3,0.5,1.5,3.0
2020-21,Pre+Season,BKN,Brooklyn Nets,1,1,0,5.0,4.0,2.0,2.0,2.0,0.0,0.0,0.0,0.0
2020-21,Pre+Season,CHA,Charlotte Hornets,3,1,2,2.5,0.7,0.7,0.7,3.3,1.0,0.0,0.7,2.7
2020-21,Pre+Season,CHI,Chicago Bulls,1,1,0,4.4,6.0,2.0,0.0,6.0,0.0,0.0,0.0,0.0
2020-21,Pre+Season,DET,Detroit Pistons,2,1,1,2.6,0.0,0.0,0.0,1.0,0.0,0.0,0.0,1.0
2020-21,Pre+Season,GSW,Golden State Warriors,2,1,1,5.1,3.0,2.0,1.0,6.0,1.0,1.0,0.0,4.0
2020-21,Pre+Season,HOU,Houston Rockets,1,1,0,0.2,0.0,0.0,0.0,0.0,0.0,0.0,0.0,0.0
2020-21,Pre+Season,MEM,Memphis Grizzlies,2,1,1,3.2,1.0,2.5,1.0,2.0,4.5,2.0,0.0,6.0
2020-21,Pre+Season,MIN,Minnesota Timberwolves,2,1,1,4.8,2.0,0.0,0.5,7.0,1.0,0.0,2.0,2.0
2020-21,Pre+Season,NYK,New York Knicks,2,1,1,2.7,2.5,1.0,2.0,3.0,0.0,0.0,0.0,2.0
2020-21,Pre+Season,OKC,Oklahoma City Thunder,2,1,1,3.3,0.0,0.0,0.0,0.0,3.0,1.0,0.0,3.0
2020-21,Pre+Season,PHI,Philadelphia 76ers,1,1,0,1.8,2.0,0.0,0.0,4.0,0.0,0.0,0.0,0.0
2020-21,Pre+Season,SAC,Sacramento Kings,1,1,0,5.0,0.0,0.0,0.0,4.0,6.0,2.0,2.0,10.0
2020-21,Pre+Season,TOR,Toronto Raptors,1,1,0,1.0,0.0,0.0,0.0,0.0,0.0,2.0,0.0,2.0
2020-21,Pre+Season,WAS,Washington Wizards,2,1,1,4.6,0.0,0.0,0.0,1.0,2.0,1.0,1.0,1.0
2020-21,Pre+Season,DAL,Dallas Mavericks,1,0,1,8.1,2.0,0.0,4.0,4.0,1.0,0.0,1.0,12.0
2020-21,Pre+Season,DEN,Denver Nuggets,1,0,1,5.1,2.0,2.0,0.0,4.0,0.0,2.0,0.0,2.0
2020-21,Pre+Season,IND,Indiana Pacers,3,0,3,3.6,1.0,1.0,0.3,4.0,1.3,0.0,0.0,8.7
2020-21,Pre+Season,LAC,LA Clippers,1,0,1,4.3,0.0,2.0,0.0,2.0,7.0,0.0,0.0,4.0
2020-21,Pre+Season,PHX,Phoenix Suns,2,0,2,4.8,1.5,1.0,0.5,4.0,2.0,0.0,1.0,7.0
2020-21,Pre+Season,SAS,San Antonio Spurs,2,0,2,1.2,0.0,0.0,0.0,0.0,0.0,0.0,0.0,0.0
2020-21,Regular+Season,BKN,Brooklyn Nets,40,27,13,3.6,1.4,1.0,0.8,3.4,1.2,1.3,0.7,3.5
2020-21,Regular+Season,PHI,Philadelphia 76ers,34,25,9,4.0,1.4,1.2,0.4,2.9,1.4,1.1,0.9,3.2
2020-21,Regular+Season,PHX,Phoenix Suns,37,25,12,4.3,0.9,1.5,1.1,2.7,1.0,1.0,0.5,3.6
2020-21,Regular+Season,POR,Portland Trail Blazers,37,24,13,3.7,1.3,1.5,0.4,3.5,0.9,0.7,0.6,3.2
2020-21,Regular+Season,SAC,Sacramento Kings,42,22,20,3.5,1.3,1.1,0.8,3.7,1.3,1.3,0.6,4.2
2020-21,Regular+Season,LAL,Los Angeles Lakers,35,21,14,4.0,1.6,1.1,0.8,3.9,1.2,0.7,0.4,3.1
2020-21,Regular+Season,IND,Indiana Pacers,40,20,20,4.2,1.4,0.8,0.7,4.0,1.7,1.1,1.0,3.7
2020-21,Regular+Season,NYK,New York Knicks,36,20,16,4.5,1.6,1.2,0.5,3.4,1.2,1.0,0.4,3.1
2020-21,Regular+Season,MEM,Memphis Grizzlies,38,19,19,3.7,1.6,1.2,0.6,3.6,1.4,0.8,0.8,3.9
2020-21,Regular+Season,WAS,Washington Wizards,39,19,20,4.3,1.2,1.2,0.9,4.7,1.2,0.9,0.7,4.0
2020-21,Regular+Season,ATL,Atlanta Hawks,36,18,18,3.6,0.8,0.5,0.6,3.4,1.3,0.9,0.7,3.8
2020-21,Regular+Season,CHA,Charlotte Hornets,31,18,13,3.4,1.3,1.0,1.3,2.8,0.9,0.8,0.5,2.4
2020-21,Regular+Season,DAL,Dallas Mavericks,33,18,15,3.1,0.6,0.8,0.1,2.5,0.8,1.1,0.9,2.7
2020-21,Regular+Season,DEN,Denver Nuggets,31,18,13,4.7,1.6,1.1,0.6,4.8,1.4,0.9,0.9,4.1
2020-21,Regular+Season,MIA,Miami Heat,34,18,16,3.6,1.0,0.9,0.8,2.6,1.1,1.5,0.2,3.2
2020-21,Regular+Season,MIN,Minnesota Timberwolves,39,18,21,3.6,1.1,0.9,0.2,3.2,1.4,1.3,0.6,3.9
2020-21,Regular+Season,BOS,Boston Celtics,43,17,26,3.5,1.3,0.9,0.9,3.3,1.0,0.8,0.8,2.6
2020-21,Regular+Season,NOP,New Orleans Pelicans,39,17,22,4.1,1.3,1.2,0.9,3.7,1.4,0.9,0.6,3.9
2020-21,Regular+Season,UTA,Utah Jazz,30,17,13,3.0,1.0,1.2,0.9,2.8,0.8,0.9,0.2,2.1
2020-21,Regular+Season,GSW,Golden State Warriors,32,16,16,3.5,1.1,1.3,0.2,3.6,1.2,1.3,0.6,3.1
2020-21,Regular+Season,LAC,LA Clippers,34,16,18,2.5,0.8,0.6,0.2,1.6,1.0,1.2,0.4,2.4
2020-21,Regular+Season,OKC,Oklahoma City Thunder,30,16,14,3.5,1.2,1.1,0.2,2.8,1.6,0.9,0.6,2.9
2020-21,Regular+Season,SAS,San Antonio Spurs,38,16,22,4.4,1.1,0.7,0.6,4.3,1.3,1.3,0.3,4.1
2020-21,Regular+Season,CHI,Chicago Bulls,35,14,21,3.6,1.2,1.2,0.7,3.3,1.4,0.8,0.7,3.0
2020-21,Regular+Season,MIL,Milwaukee Bucks,28,13,15,3.5,1.0,1.0,0.4,3.0,1.1,0.8,0.6,2.8
2020-21,Regular+Season,ORL,Orlando Magic,30,13,17,3.2,1.0,0.7,0.4,2.7,1.3,1.1,0.5,3.1
2020-21,Regular+Season,CLE,Cleveland Cavaliers,26,11,15,4.1,1.6,0.7,0.3,3.7,1.4,1.2,1.1,4.1
2020-21,Regular+Season,TOR,Toronto Raptors,39,11,28,3.0,1.1,0.6,0.5,2.2,0.9,0.6,0.3,1.8
2020-21,Regular+Season,DET,Detroit Pistons,32,7,25,3.8,1.0,1.3,0.5,3.7,1.4,1.3,0.7,3.4
2020-21,Regular+Season,HOU,Houston Rockets,24,7,17,3.3,1.1,1.0,0.9,2.3,1.0,0.9,0.3,3.2
2020-21,Playoffs,MIL,Milwaukee Bucks,9,7,2,4.9,1.8,2.3,1.0,4.7,0.6,1.8,0.0,2.4
2020-21,Playoffs,ATL,Atlanta Hawks,9,6,3,3.5,0.4,1.6,0.2,3.1,1.4,1.6,0.2,3.3
2020-21,Playoffs,PHX,Phoenix Suns,8,4,4,2.7,0.4,0.3,0.0,2.5,1.4,0.9,0.9,2.0
2020-21,Playoffs,UTA,Utah Jazz,7,4,3,1.5,0.3,0.4,0.0,1.4,0.0,0.3,0.3,2.0
2020-21,Playoffs,DAL,Dallas Mavericks,4,3,1,3.0,1.5,0.8,0.0,1.5,0.5,0.0,0.0,0.5
2020-21,Playoffs,DEN,Denver Nuggets,4,3,1,3.8,1.3,1.3,0.0,2.0,1.3,0.5,0.8,2.0
2020-21,Playoffs,LAC,LA Clippers,11,3,8,2.6,0.5,0.4,0.2,1.3,0.7,0.5,0.0,2.2
2020-21,Playoffs,PHI,Philadelphia 76ers,7,2,5,3.2,1.4,1.0,0.0,2.3,0.9,0.9,0.6,3.1
2020-21,Playoffs,BOS,Boston Celtics,1,1,0,0.4,0.0,0.0,0.0,2.0,0.0,0.0,0.0,0.0
2020-21,Playoffs,BKN,Brooklyn Nets,4,1,3,5.2,1.0,1.0,0.0,2.5,1.5,1.3,0.0,5.5
2020-21,Playoffs,LAL,Los Angeles Lakers,1,1,0,2.8,0.0,0.0,0.0,2.0,0.0,0.0,0.0,2.0
2020-21,Playoffs,MEM,Memphis Grizzlies,3,1,2,1.9,0.0,0.7,0.7,3.3,0.7,1.0,0.0,2.0
2020-21,Playoffs,NYK,New York Knicks,2,1,1,4.2,1.0,1.0,0.0,4.0,0.0,0.0,0.0,3.0
2020-21,Playoffs,WAS,Washington Wizards,2,1,1,2.8,1.0,0.5,1.0,3.0,0.5,1.0,0.0,2.0
2020-21,Playoffs,MIA,Miami Heat,1,0,1,10.1,0.0,3.0,0.0,2.0,1.0,6.0,2.0,6.0
2020-21,Playoffs,POR,Portland Trail Blazers,3,0,3,5.1,1.7,0.7,1.0,2.7,1.7,1.7,0.0,2.7
2020-21,PlayIn,MEM,Memphis Grizzlies,2,2,0,5.0,3.5,2.0,0.0,6.0,0.0,1.5,0.0,2.0
2020-21,PlayIn,LAL,Los Angeles Lakers,1,1,0,5.1,4.0,0.0,0.0,4.0,0.0,0.0,0.0,2.0
2020-21,PlayIn,GSW,Golden State Warriors,2,0,2,6.1,0.0,1.5,0.0,3.0,4.5,1.0,0.0,6.0
2020-21,PlayIn,SAS,San Antonio Spurs,1,0,1,2.8,0.0,0.0,0.0,0.0,2.0,2.0,0.0,4.0
2021-22,Pre+Season,GSW,Golden State Warriors,3,3,0,3.2,1.0,1.0,1.7,2.0,0.7,0.7,0.0,4.0
2021-22,Pre+Season,MIA,Miami Heat,3,3,0,2.5,1.7,4.0,0.0,4.0,0.0,0.0,0.7,2.0
2021-22,Pre+Season,BOS,Boston Celtics,3,2,1,4.3,1.0,1.7,1.3,2.7,2.7,1.3,1.7,2.7
2021-22,Pre+Season,BKN,Brooklyn Nets,2,2,0,4.5,1.0,2.0,0.0,4.0,0.0,0.5,0.5,4.0
2021-22,Pre+Season,CHI,Chicago Bulls,2,2,0,3.8,3.0,3.5,2.0,5.0,0.5,1.5,0.0,3.0
2021-22,Pre+Season,MIN,Minnesota Timberwolves,3,2,1,4.9,2.7,0.0,0.7,5.3,0.0,0.0,1.0,3.3
2021-22,Pre+Season,NYK,New York Knicks,2,2,0,1.2,0.0,0.0,0.0,0.0,0.0,0.0,0.0,1.0
2021-22,Pre+Season,ATL,Atlanta Hawks,2,1,1,4.2,3.5,0.0,0.0,5.0,0.0,1.0,0.0,0.0
2021-22,Pre+Season,CLE,Cleveland Cavaliers,2,1,1,4.2,0.5,2.5,0.0,2.0,2.5,3.5,0.0,5.0
2021-22,Pre+Season,DAL,Dallas Mavericks,1,1,0,0.7,0.0,3.0,0.0,2.0,0.0,0.0,0.0,0.0
2021-22,Pre+Season,DEN,Denver Nuggets,5,1,4,5.8,0.6,1.4,0.6,3.2,2.2,0.6,1.4,5.2
2021-22,Pre+Season,DET,Detroit Pistons,2,1,1,2.1,1.5,2.0,0.0,1.0,0.0,0.0,0.0,1.0
2021-22,Pre+Season,HOU,Houston Rockets,2,1,1,2.8,2.0,2.0,2.0,3.0,1.5,0.0,0.0,1.0
2021-22,Pre+Season,IND,Indiana Pacers,1,1,0,5.0,0.0,0.0,0.0,10.0,2.0,0.0,0.0,4.0
2021-22,Pre+Season,LAC,LA Clippers,2,1,1,2.6,1.0,0.0,1.0,3.0,0.0,3.5,0.0,2.0
2021-22,Pre+Season,OKC,Oklahoma City Thunder,2,1,1,5.0,0.0,0.0,0.0,4.0,1.5,1.5,0.0,0.0
2021-22,Pre+Season,ORL,Orlando Magic,3,1,2,4.4,1.7,1.3,1.7,4.0,1.7,2.7,1.3,2.0
2021-22,Pre+Season,SAC,Sacramento Kings,1,1,0,1.3,0.0,0.0,0.0,2.0,0.0,0.0,0.0,0.0
2021-22,Pre+Season,SAS,San Antonio Spurs,2,1,1,4.3,1.0,1.5,1.0,4.0,3.0,3.5,1.0,7.0
2021-22,Pre+Season,TOR,Toronto Raptors,2,1,1,4.2,3.5,0.0,1.0,3.0,0.0,0.0,0.0,3.0
2021-22,Pre+Season,UTA,Utah Jazz,1,1,0,4.7,3.0,0.0,0.0,4.0,0.0,0.0,0.0,0.0
2021-22,Pre+Season,CHA,Charlotte Hornets,1,0,1,2.0,0.0,0.0,0.0,0.0,0.0,5.0,0.0,4.0
2021-22,Pre+Season,LAL,Los Angeles Lakers,3,0,3,2.0,0.7,0.7,0.0,0.7,0.0,0.0,0.7,2.7
2021-22,Pre+Season,MEM,Memphis Grizzlies,3,0,3,4.2,0.7,0.0,0.0,2.0,2.7,0.0,1.3,6.7
2021-22,Pre+Season,MIL,Milwaukee Bucks,2,0,2,4.8,0.0,0.5,0.5,2.0,2.5,2.0,0.0,5.0
2021-22,Pre+Season,NOP,New Orleans Pelicans,1,0,1,1.2,0.0,0.0,0.0,4.0,2.0,0.0,0.0,0.0
2021-22,Pre+Season,PHI,Philadelphia 76ers,1,0,1,3.8,0.0,0.0,0.0,2.0,3.0,4.0,0.0,2.0
2021-22,Pre+Season,WAS,Washington Wizards,3,0,3,4.1,0.7,0.0,0.0,2.0,2.0,1.3,1.3,3.3
2021-22,Regular+Season,PHX,Phoenix Suns,42,33,9,3.1,1.3,1.0,0.5,3.4,0.9,0.9,0.2,2.4
2021-22,Regular+Season,TOR,Toronto Raptors,45,26,19,4.0,1.4,1.6,0.9,3.7,1.0,1.3,0.4,2.9
2021-22,Regular+Season,CHI,Chicago Bulls,41,25,16,3.4,0.9,1.0,0.5,3.2,0.9,1.0,0.4,3.0
2021-22,Regular+Season,WAS,Washington Wizards,40,25,15,4.0,1.0,1.0,0.3,3.0,1.3,1.1,0.4,3.3
2021-22,Regular+Season,LAC,LA Clippers,42,24,18,3.5,1.2,1.2,0.5,3.0,0.7,1.2,0.5,3.8
2021-22,Regular+Season,MIL,Milwaukee Bucks,41,24,17,3.0,1.0,1.0,0.6,2.5,0.9,0.8,0.1,2.1
2021-22,Regular+Season,PHI,Philadelphia 76ers,45,24,21,4.0,0.9,1.0,0.4,3.0,1.0,1.1,0.8,2.9
2021-22,Regular+Season,DEN,Denver Nuggets,40,23,17,4.0,1.2,1.4,0.5,3.7,1.2,0.9,1.0,3.8
2021-22,Regular+Season,GSW,Golden State Warriors,42,23,19,3.5,1.4,1.2,0.5,3.2,0.9,1.2,0.6,3.0
2021-22,Regular+Season,MIA,Miami Heat,38,23,15,3.5,1.2,0.7,0.3,1.9,1.2,0.7,0.6,2.1
2021-22,Regular+Season,BKN,Brooklyn Nets,42,22,20,3.9,1.0,1.5,0.4,3.2,0.7,0.9,0.4,3.0
2021-22,Regular+Season,CLE,Cleveland Cavaliers,46,22,24,3.4,1.2,1.4,0.3,2.9,1.3,0.9,0.5,3.0
2021-22,Regular+Season,DAL,Dallas Mavericks,38,22,16,3.4,0.8,0.8,0.2,3.1,1.0,1.0,0.4,3.0
2021-22,Regular+Season,LAL,Los Angeles Lakers,47,21,26,4.5,1.2,1.3,0.9,4.0,1.4,1.2,1.0,3.9
2021-22,Regular+Season,MEM,Memphis Grizzlies,32,21,11,3.9,1.5,1.6,1.0,3.9,1.0,1.3,0.7,3.6
2021-22,Regular+Season,MIN,Minnesota Timberwolves,38,20,18,3.3,1.1,0.9,0.8,2.4,0.9,1.4,0.8,2.8
2021-22,Regular+Season,CHA,Charlotte Hornets,37,19,18,4.4,1.5,0.9,0.7,3.7,0.8,1.5,0.6,3.6
2021-22,Regular+Season,ATL,Atlanta Hawks,38,18,20,3.5,0.8,1.0,0.2,2.6,0.9,0.9,0.4,3.4
2021-22,Regular+Season,DET,Detroit Pistons,44,18,26,3.3,0.7,0.9,0.1,2.7,1.3,1.2,0.5,2.8
2021-22,Regular+Season,NYK,New York Knicks,44,18,26,3.5,0.5,1.0,0.4,2.4,1.1,1.2,0.6,2.8
2021-22,Regular+Season,SAC,Sacramento Kings,40,17,23,3.9,1.4,1.1,0.7,3.3,1.4,1.0,0.5,4.1
2021-22,Regular+Season,UTA,Utah Jazz,40,17,23,3.5,1.4,1.1,0.7,3.2,1.0,0.8,0.6,2.9
2021-22,Regular+Season,OKC,Oklahoma City Thunder,38,16,22,3.9,1.2,0.7,0.7,3.9,1.2,1.4,0.3,3.7
2021-22,Regular+Season,SAS,San Antonio Spurs,39,15,24,3.8,0.9,1.2,0.5,3.0,1.0,1.5,0.1,3.7
2021-22,Regular+Season,NOP,New Orleans Pelicans,32,14,18,3.6,0.8,1.1,0.5,3.1,1.5,1.0,0.3,3.1
2021-22,Regular+Season,POR,Portland Trail Blazers,33,14,19,3.2,1.3,1.3,0.6,3.4,1.2,0.8,0.8,2.7
2021-22,Regular+Season,BOS,Boston Celtics,35,13,22,4.7,1.3,0.9,0.7,4.1,1.3,1.5,0.6,3.3
2021-22,Regular+Season,HOU,Houston Rockets,31,13,18,3.8,0.9,0.9,0.8,3.1,2.2,1.5,0.6,3.7
2021-22,Regular+Season,ORL,Orlando Magic,33,13,20,3.8,1.0,0.7,0.4,3.2,1.2,1.2,0.5,2.8
2021-22,Regular+Season,IND,Indiana Pacers,45,11,34,4.1,1.1,1.4,0.4,3.0,1.2,1.2,0.6,3.7
2021-22,Playoffs,BOS,Boston Celtics,12,7,5,2.7,0.5,0.7,0.4,2.0,1.3,0.5,0.3,1.3
2021-22,Playoffs,GSW,Golden State Warriors,9,6,3,3.8,1.4,1.4,0.6,3.6,1.6,0.4,0.6,4.4
2021-22,Playoffs,MEM,Memphis Grizzlies,8,4,4,4.1,1.0,1.9,0.8,5.5,0.6,0.6,0.5,2.5
2021-22,Playoffs,MIA,Miami Heat,7,4,3,2.6,1.3,0.9,0.0,1.1,0.4,0.4,0.0,1.1
2021-22,Playoffs,DAL,Dallas Mavericks,7,3,4,3.0,0.9,0.3,0.0,1.4,0.6,1.4,0.0,2.6
2021-22,Playoffs,MIL,Milwaukee Bucks,5,3,2,3.3,0.8,1.0,0.6,3.6,0.6,1.6,0.4,2.8
2021-22,Playoffs,PHX,Phoenix Suns,4,3,1,2.5,1.0,1.0,0.5,3.0,0.0,0.0,0.0,2.0
2021-22,Playoffs,MIN,Minnesota Timberwolves,5,2,3,3.5,0.4,0.0,0.0,1.6,0.0,2.2,0.8,3.2
2021-22,Playoffs,PHI,Philadelphia 76ers,2,2,0,5.4,0.0,1.0,0.0,4.0,1.0,1.0,0.0,1.0
2021-22,Playoffs,UTA,Utah Jazz,5,2,3,4.1,0.8,2.0,0.0,3.6,1.2,0.4,0.0,2.0
2021-22,Playoffs,ATL,Atlanta Hawks,3,1,2,3.0,1.0,1.0,0.0,2.0,0.0,2.0,0.0,2.0
2021-22,Playoffs,CHI,Chicago Bulls,2,1,1,3.2,1.0,2.0,0.0,3.0,0.5,1.5,0.0,4.0
2021-22,Playoffs,DEN,Denver Nuggets,3,1,2,4.7,1.0,0.0,0.0,4.0,3.0,1.3,0.3,5.3
2021-22,Playoffs,NOP,New Orleans Pelicans,3,1,2,3.4,0.0,0.0,0.0,2.7,1.3,1.3,0.7,4.0
2021-22,Playoffs,BKN,Brooklyn Nets,4,0,4,2.4,0.5,0.0,0.0,0.0,0.5,1.0,0.0,4.0
2021-22,Playoffs,TOR,Toronto Raptors,1,0,1,10.1,2.0,2.0,0.0,2.0,0.0,2.0,0.0,6.0
2021-22,All+Star,Team LeBron,Team LeBron,1,1,0,12.0,0.0,0.0,2.0,6.0,0.0,0.0,0.0,8.0
2021-22,All+Star,Team Durant,Team Durant,1,0,1,12.0,0.0,0.0,0.0,8.0,0.0,0.0,2.0,6.0
2021-22,PlayIn,ATL,Atlanta Hawks,1,1,0,4.5,2.0,0.0,0.0,4.0,0.0,0.0,0.0,2.0
2021-22,PlayIn,BKN,Brooklyn Nets,1,1,0,0.1,0.0,0.0,0.0,0.0,0.0,0.0,0.0,0.0
2021-22,PlayIn,MIN,Minnesota Timberwolves,1,1,0,4.2,2.0,2.0,3.0,2.0,0.0,0.0,0.0,0.0
2021-22,PlayIn,NOP,New Orleans Pelicans,1,1,0,4.8,0.0,5.0,0.0,4.0,0.0,0.0,0.0,2.0
2021-22,PlayIn,CLE,Cleveland Cavaliers,2,0,2,2.3,0.0,0.0,0.0,1.0,1.0,0.0,0.0,2.0
2021-22,PlayIn,LAC,LA Clippers,2,0,2,4.5,0.0,0.0,0.0,1.0,1.0,3.5,1.5,3.0
2022-23,Pre+Season,ORL,Orlando Magic,4,4,0,3.9,2.8,1.3,0.0,3.0,1.8,0.5,1.0,4.0
2022-23,Pre+Season,NOP,New Orleans Pelicans,3,3,0,3.1,3.0,3.0,0.0,5.3,0.7,1.0,1.0,3.3
2022-23,Pre+Season,GSW,Golden State Warriors,3,2,1,3.5,1.7,0.0,0.7,3.3,1.3,0.0,0.7,2.0
2022-23,Pre+Season,MIN,Minnesota Timberwolves,2,2,0,3.2,1.0,0.0,0.5,3.0,2.5,0.0,1.0,1.0
2022-23,Pre+Season,PHI,Philadelphia 76ers,2,2,0,4.2,1.5,2.5,1.0,6.0,2.0,2.0,2.0,5.0
2022-23,Pre+Season,TOR,Toronto Raptors,2,2,0,8.6,2.0,5.0,1.5,11.0,1.0,5.0,1.0,9.0
2022-23,Pre+Season,Adelaide 36ers,Adelaide 36ers,1,1,0,0.1,0.0,0.0,0.0,0.0,0.0,0.0,0.0,0.0
2022-23,Pre+Season,CLE,Cleveland Cavaliers,3,1,2,3.4,1.3,1.3,1.3,4.0,0.7,1.3,0.0,4.7
2022-23,Pre+Season,DAL,Dallas Mavericks,2,1,1,2.7,1.0,0.0,1.0,3.0,1.0,0.0,0.0,0.0
2022-23,Pre+Season,DEN,Denver Nuggets,1,1,0,5.2,4.0,0.0,1.0,4.0,2.0,5.0,2.0,4.0
2022-23,Pre+Season,IND,Indiana Pacers,1,1,0,3.8,5.0,0.0,2.0,2.0,0.0,0.0,0.0,2.0
2022-23,Pre+Season,LAC,LA Clippers,2,1,1,4.4,4.0,3.5,1.0,2.0,1.0,0.0,1.0,4.0
2022-23,Pre+Season,LAL,Los Angeles Lakers,3,1,2,3.9,0.7,1.3,0.7,2.7,2.3,1.3,0.3,2.0
2022-23,Pre+Season,MEM,Memphis Grizzlies,3,1,2,3.7,3.3,0.7,2.0,4.7,1.0,0.7,1.0,2.7
2022-23,Pre+Season,MIA,Miami Heat,1,1,0,2.7,0.0,2.0,3.0,2.0,3.0,0.0,0.0,0.0
2022-23,Pre+Season,OKC,Oklahoma City Thunder,2,1,1,4.7,2.0,0.0,0.0,3.0,1.0,2.5,1.0,5.0
2022-23,Pre+Season,PHX,Phoenix Suns,4,1,3,3.2,2.3,2.3,0.5,2.0,1.5,1.0,0.3,1.5
2022-23,Pre+Season,SAC,Sacramento Kings,1,1,0,2.1,2.0,0.0,0.0,0.0,3.0,0.0,0.0,0.0
2022-23,Pre+Season,WAS,Washington Wizards,3,1,2,3.0,1.3,0.7,0.0,2.7,2.0,0.0,0.7,3.3
2022-23,Pre+Season,ATL,Atlanta Hawks,2,0,2,1.7,0.0,0.0,0.0,0.0,0.0,1.5,0.0,2.0
2022-23,Pre+Season,BOS,Boston Celtics,2,0,2,8.6,1.0,5.0,1.0,9.0,2.0,5.0,1.5,11.0
2022-23,Pre+Season,CHA,Charlotte Hornets,2,0,2,3.5,1.0,1.0,0.0,2.0,2.5,2.5,1.0,5.0
2022-23,Pre+Season,CHI,Chicago Bulls,1,0,1,4.1,2.0,3.0,2.0,10.0,7.0,6.0,0.0,8.0
2022-23,Pre+Season,DET,Detroit Pistons,1,0,1,2.0,0.0,0.0,1.0,0.0,2.0,0.0,0.0,4.0
2022-23,Pre+Season,MIL,Milwaukee Bucks,1,0,1,3.2,0.0,0.0,0.0,2.0,2.0,2.0,4.0,8.0
2022-23,Pre+Season,NYK,New York Knicks,1,0,1,3.8,0.0,0.0,0.0,2.0,5.0,0.0,2.0,2.0
2022-23,Pre+Season,POR,Portland Trail Blazers,1,0,1,3.8,2.0,0.0,2.0,2.0,3.0,7.0,0.0,2.0
2022-23,Pre+Season,SAS,San Antonio Spurs,2,0,2,4.7,1.0,2.5,1.0,5.0,4.0,1.5,0.0,5.0
2022-23,Regular+Season,MIA,Miami Heat,54,32,22,4.0,1.7,1.1,0.6,3.4,0.8,0.9,0.4,3.4
2022-23,Regular+Season,MIN,Minnesota Timberwolves,48,28,20,3.9,1.4,1.1,0.4,3.2,1.0,1.0,0.5,3.1
2022-23,Regular+Season,PHI,Philadelphia 76ers,45,28,17,3.9,1.2,1.0,0.8,2.7,1.0,0.8,0.6,2.7
2022-23,Regular+Season,MIL,Milwaukee Bucks,35,27,8,3.7,0.7,1.2,0.3,3.1,1.4,0.8,0.5,3.0
2022-23,Regular+Season,DAL,Dallas Mavericks,55,26,29,4.2,1.1,0.8,0.4,3.0,1.0,1.4,0.5,3.1
2022-23,Regular+Season,IND,Indiana Pacers,48,25,23,3.4,1.2,1.0,0.6,3.0,0.9,1.2,0.5,2.6
2022-23,Regular+Season,SAC,Sacramento Kings,44,25,19,4.2,1.8,1.6,1.0,4.8,0.9,0.9,0.7,4.4
2022-23,Regular+Season,BOS,Boston Celtics,37,24,13,4.6,0.8,1.4,0.7,3.5,1.2,1.1,0.4,3.3
2022-23,Regular+Season,BKN,Brooklyn Nets,40,24,16,3.4,1.2,0.9,0.6,2.5,1.0,1.4,0.6,3.2
2022-23,Regular+Season,CLE,Cleveland Cavaliers,45,24,21,3.8,1.3,1.4,0.5,3.4,1.6,1.0,0.8,2.9
2022-23,Regular+Season,LAL,Los Angeles Lakers,44,23,21,3.9,0.9,1.2,0.8,4.3,0.5,1.4,0.6,3.9
2022-23,Regular+Season,NYK,New York Knicks,45,23,22,4.4,1.1,1.4,0.7,4.3,1.4,1.8,0.5,3.6
2022-23,Regular+Season,UTA,Utah Jazz,52,23,29,3.8,1.0,1.6,0.6,3.5,1.4,1.2,0.5,3.0
2022-23,Regular+Season,DEN,Denver Nuggets,37,22,15,3.8,1.2,1.0,0.3,3.0,1.1,0.9,0.5,3.1
2022-23,Regular+Season,LAC,LA Clippers,42,22,20,3.3,1.1,0.9,0.5,3.1,1.4,0.6,0.6,2.8
2022-23,Regular+Season,MEM,Memphis Grizzlies,36,21,15,3.0,1.0,1.6,0.5,3.4,0.9,0.6,0.9,2.8
2022-23,Regular+Season,ATL,Atlanta Hawks,43,20,23,4.3,1.1,1.0,0.8,4.2,1.7,1.3,1.0,4.8
2022-23,Regular+Season,CHA,Charlotte Hornets,43,20,23,3.8,0.9,1.3,0.6,3.7,1.4,1.2,0.5,3.8
2022-23,Regular+Season,GSW,Golden State Warriors,41,20,21,4.2,1.1,0.9,0.7,2.8,1.4,1.0,0.8,3.7
2022-23,Regular+Season,ORL,Orlando Magic,44,19,25,3.4,1.3,1.1,0.5,3.2,1.2,1.0,0.5,3.2
2022-23,Regular+Season,TOR,Toronto Raptors,44,19,25,3.7,1.3,1.2,0.4,3.5,1.0,0.8,0.6,3.1
2022-23,Regular+Season,NOP,New Orleans Pelicans,37,17,20,4.1,2.3,0.9,0.7,4.2,1.0,1.4,0.6,3.4
2022-23,Regular+Season,OKC,Oklahoma City Thunder,43,17,26,3.9,1.3,0.7,0.6,4.0,1.0,1.2,0.7,3.5
2022-23,Regular+Season,PHX,Phoenix Suns,36,17,19,4.0,1.3,1.6,0.2,2.9,1.4,1.2,0.5,3.9
2022-23,Regular+Season,HOU,Houston Rockets,40,16,24,3.3,0.9,0.9,0.5,2.7,1.8,0.6,0.7,2.9
2022-23,Regular+Season,CHI,Chicago Bulls,38,15,23,4.7,1.6,1.4,1.1,4.3,1.2,1.2,0.6,3.9
2022-23,Regular+Season,POR,Portland Trail Blazers,36,15,21,4.1,1.2,0.8,0.8,3.3,1.5,1.5,1.1,3.9
2022-23,Regular+Season,WAS,Washington Wizards,41,15,26,3.6,0.6,0.9,0.4,2.9,1.1,1.2,0.3,3.1
2022-23,Regular+Season,DET,Detroit Pistons,37,11,26,3.9,0.9,1.3,0.2,2.1,1.2,1.9,0.5,4.2
2022-23,Regular+Season,SAS,San Antonio Spurs,28,11,17,4.0,1.1,1.0,0.9,3.6,2.4,1.5,0.5,4.0
2022-23,Playoffs,DEN,Denver Nuggets,12,8,4,3.0,0.6,1.0,0.3,3.5,0.8,0.6,0.2,1.8
2022-23,Playoffs,MIA,Miami Heat,11,7,4,3.5,1.5,1.1,0.5,2.5,1.0,1.4,0.0,2.9
2022-23,Playoffs,BOS,Boston Celtics,11,5,6,3.6,0.7,1.1,0.3,3.1,1.4,1.4,0.3,2.0
2022-23,Playoffs,LAL,Los Angeles Lakers,7,4,3,4.5,1.1,1.0,0.9,3.4,1.7,0.1,0.9,2.9
2022-23,Playoffs,PHX,Phoenix Suns,6,4,2,2.6,1.8,0.5,0.8,2.3,0.5,1.2,0.5,1.7
2022-23,Playoffs,NYK,New York Knicks,5,3,2,3.0,1.0,3.0,0.0,2.4,2.0,0.4,0.8,3.2
2022-23,Playoffs,PHI,Philadelphia 76ers,5,3,2,4.8,1.6,2.4,1.4,4.0,1.6,1.8,1.0,3.6
2022-23,Playoffs,ATL,Atlanta Hawks,4,2,2,2.8,1.3,1.0,0.0,0.5,0.0,0.5,0.0,4.0
2022-23,Playoffs,GSW,Golden State Warriors,6,2,4,4.2,2.0,0.0,0.3,2.3,1.5,2.2,1.2,3.3
2022-23,Playoffs,SAC,Sacramento Kings,4,2,2,4.4,2.3,2.8,1.5,4.0,1.8,0.0,0.5,2.5
2022-23,Playoffs,LAC,LA Clippers,3,1,2,3.0,1.0,1.7,1.0,1.3,3.0,0.0,1.7,3.3
2022-23,Playoffs,MIN,Minnesota Timberwolves,4,1,3,3.2,1.5,0.5,0.0,3.0,1.0,1.8,0.5,5.0
2022-23,Playoffs,BKN,Brooklyn Nets,1,0,1,5.1,2.0,2.0,2.0,4.0,4.0,3.0,4.0,6.0
2022-23,Playoffs,CLE,Cleveland Cavaliers,1,0,1,4.3,4.0,2.0,4.0,8.0,0.0,7.0,0.0,2.0
2022-23,Playoffs,MEM,Memphis Grizzlies,2,0,2,6.4,3.0,0.0,2.0,4.0,3.0,2.5,1.5,8.0
2022-23,Playoffs,MIL,Milwaukee Bucks,2,0,2,6.2,1.0,1.0,0.0,5.0,2.0,4.0,3.0,6.0
2022-23,PlayIn,CHI,Chicago Bulls,2,1,1,4.7,0.0,0.0,0.0,3.0,0.0,3.5,0.0,4.0
2022-23,PlayIn,LAL,Los Angeles Lakers,1,1,0,10.1,7.0,2.0,0.0,6.0,2.0,0.0,2.0,4.0
2022-23,PlayIn,MIA,Miami Heat,1,1,0,4.3,0.0,0.0,0.0,2.0,0.0,0.0,0.0,0.0
2022-23,PlayIn,OKC,Oklahoma City Thunder,1,1,0,5.0,4.0,6.0,2.0,6.0,0.0,2.0,0.0,2.0
2022-23,PlayIn,MIN,Minnesota Timberwolves,1,0,1,10.1,2.0,0.0,2.0,4.0,7.0,2.0,0.0,6.0
2022-23,PlayIn,NOP,New Orleans Pelicans,1,0,1,5.0,0.0,2.0,0.0,2.0,4.0,6.0,2.0,6.0
2022-23,PlayIn,TOR,Toronto Raptors,1,0,1,5.1,0.0,7.0,0.0,6.0,0.0,0.0,0.0,6.0
2023-24,Pre+Season,ATL,Atlanta Hawks,5,3,2,1.4,1.2,0.0,0.0,1.2,0.0,0.4,0.0,2.0
2023-24,Pre+Season,GSW,Golden State Warriors,4,3,1,4.5,1.0,1.8,0.0,3.0,1.0,1.0,1.0,4.0
2023-24,Pre+Season,MIL,Milwaukee Bucks,3,3,0,2.2,0.0,0.7,0.0,2.0,1.0,0.7,0.0,2.7
2023-24,Pre+Season,DET,Detroit Pistons,3,2,1,3.3,0.0,0.7,0.0,2.7,2.7,0.7,0.0,3.3
2023-24,Pre+Season,HOU,Houston Rockets,2,2,0,2.4,2.0,1.0,1.0,5.0,0.0,0.5,0.0,0.0
2023-24,Pre+Season,IND,Indiana Pacers,3,2,1,4.0,0.7,1.3,1.3,4.7,2.0,1.3,2.0,4.7
2023-24,Pre+Season,MIA,Miami Heat,5,2,3,2.6,1.8,1.0,0.4,3.6,1.4,1.0,0.4,1.6
2023-24,Pre+Season,MIN,Minnesota Timberwolves,2,2,0,1.4,0.0,2.5,0.0,1.0,0.0,1.0,0.0,2.0
2023-24,Pre+Season,SAS,San Antonio Spurs,4,2,2,1.7,0.5,0.5,0.5,1.0,0.5,0.5,0.0,1.5
2023-24,Pre+Season,UTA,Utah Jazz,4,2,2,3.4,0.5,1.5,0.5,3.5,1.3,0.0,1.8,2.5
2023-24,Pre+Season,BOS,Boston Celtics,2,1,1,2.3,2.5,3.5,1.0,5.0,0.0,1.0,0.5,2.0
2023-24,Pre+Season,BKN,Brooklyn Nets,2,1,1,4.8,2.5,1.0,1.0,3.0,4.0,2.0,2.0,8.0
2023-24,Pre+Season,CHA,Charlotte Hornets,3,1,2,3.4,0.7,1.0,0.0,1.3,4.3,0.7,2.3,3.3
2023-24,Pre+Season,CHI,Chicago Bulls,3,1,2,6.6,2.3,2.0,0.7,8.7,0.0,1.7,2.3,4.0
2023-24,Pre+Season,DEN,Denver Nuggets,2,1,1,7.6,0.0,1.0,2.0,5.0,1.5,1.0,1.0,9.0
2023-24,Pre+Season,LAC,LA Clippers,2,1,1,2.5,0.0,0.0,2.0,3.0,0.0,1.0,0.0,4.0
2023-24,Pre+Season,LAL,Los Angeles Lakers,3,1,2,3.7,2.3,2.0,2.0,4.7,2.0,0.7,0.7,4.0
2023-24,Pre+Season,MEM,Memphis Grizzlies,4,1,3,4.8,1.5,1.0,1.5,4.0,0.5,1.5,1.0,5.5
2023-24,Pre+Season,NOP,New Orleans Pelicans,2,1,1,1.3,2.0,1.0,2.5,1.0,0.0,0.0,1.5,0.0
2023-24,Pre+Season,NYK,New York Knicks,2,1,1,0.5,0.0,0.0,0.0,1.0,0.0,1.5,0.0,0.0
2023-24,Pre+Season,OKC,Oklahoma City Thunder,4,1,3,2.8,1.5,0.5,0.8,2.0,0.0,1.0,0.0,2.5
2023-24,Pre+Season,ORL,Orlando Magic,2,1,1,1.5,0.0,0.0,1.5,0.0,2.0,1.0,2.5,1.0
2023-24,Pre+Season,PHI,Philadelphia 76ers,2,1,1,2.0,0.0,2.0,0.5,2.0,2.5,3.5,1.0,5.0
2023-24,Pre+Season,PHX,Phoenix Suns,2,1,1,3.8,3.0,0.0,0.0,4.0,0.0,1.0,0.5,3.0
2023-24,Pre+Season,Real Madrid,Real Madrid,1,1,0,4.1,0.0,0.0,2.0,6.0,1.0,3.0,0.0,2.0
2023-24,Pre+Season,SAC,Sacramento Kings,3,1,2,5.5,0.0,0.7,0.0,3.3,0.0,2.0,0.0,4.0
2023-24,Pre+Season,TOR,Toronto Raptors,1,1,0,5.1,0.0,3.0,4.0,4.0,2.0,2.0,0.0,4.0
2023-24,Pre+Season,WAS,Washington Wizards,1,1,0,2.6,6.0,0.0,4.0,6.0,0.0,0.0,0.0,0.0
2023-24,Pre+Season,CLE,Cleveland Cavaliers,3,0,3,1.2,0.0,0.0,0.0,2.0,2.7,0.0,0.7,2.7
2023-24,Pre+Season,DAL,Dallas Mavericks,2,0,2,3.4,0.5,2.5,0.0,3.0,0.0,1.0,1.0,4.0
2023-24,Pre+Season,POR,Portland Trail Blazers,1,0,1,3.5,5.0,0.0,3.0,2.0,2.0,3.0,2.0,0.0
2023-24,Regular+Season,CHI,Chicago Bulls,44,27,17,4.8,2.0,1.3,0.8,5.1,1.3,1.4,0.5,3.6
2023-24,Regular+Season,DEN,Denver Nuggets,40,26,14,3.4,1.1,1.2,0.6,4.0,1.1,0.7,0.8,3.0
2023-24,Regular+Season,GSW,Golden State Warriors,48,24,24,3.3,1.6,1.0,0.4,3.0,1.0,1.3,0.9,2.9
2023-24,Regular+Season,LAL,Los Angeles Lakers,33,24,9,4.4,1.2,1.1,0.7,3.8,0.9,1.3,0.6,3.8
2023-24,Regular+Season,OKC,Oklahoma City Thunder,38,24,14,3.4,1.4,1.0,0.6,3.6,1.0,1.3,0.8,2.6
2023-24,Regular+Season,DAL,Dallas Mavericks,32,23,9,3.3,1.2,1.4,0.7,3.1,0.7,0.5,0.7,2.4
2023-24,Regular+Season,MIL,Milwaukee Bucks,40,23,17,3.7,1.5,1.1,0.8,2.9,1.2,0.9,0.7,3.5
2023-24,Regular+Season,LAC,LA Clippers,40,22,18,3.1,1.1,1.3,0.9,2.7,1.3,1.1,0.4,2.7
2023-24,Regular+Season,MIA,Miami Heat,42,22,20,3.6,1.0,1.1,0.5,2.1,0.9,0.8,0.6,2.8
2023-24,Regular+Season,ATL,Atlanta Hawks,47,21,26,3.7,1.1,1.3,0.5,2.9,0.9,1.3,0.6,3.8
2023-24,Regular+Season,BOS,Boston Celtics,33,21,12,3.9,1.3,1.1,0.6,3.3,1.0,1.3,0.3,2.5
2023-24,Regular+Season,MIN,Minnesota Timberwolves,36,21,15,4.1,0.7,1.0,0.3,2.7,1.5,1.3,0.8,3.3
2023-24,Regular+Season,ORL,Orlando Magic,35,21,14,3.8,1.0,1.1,0.6,3.1,0.9,0.9,0.3,3.4
2023-24,Regular+Season,CLE,Cleveland Cavaliers,42,20,22,3.7,1.1,1.1,0.6,2.9,1.3,1.0,0.6,3.0
2023-24,Regular+Season,PHX,Phoenix Suns,41,20,21,3.5,1.0,0.8,0.6,2.6,1.0,1.1,0.3,3.5
2023-24,Regular+Season,SAC,Sacramento Kings,39,20,19,4.4,1.4,1.1,0.6,4.2,1.7,0.8,0.7,3.9
2023-24,Regular+Season,IND,Indiana Pacers,37,18,19,3.5,1.2,1.1,0.5,3.8,1.2,1.2,0.5,3.9
2023-24,Regular+Season,PHI,Philadelphia 76ers,36,18,18,3.7,1.5,1.4,0.7,3.3,1.1,1.5,0.3,3.4
2023-24,Regular+Season,HOU,Houston Rockets,40,17,23,3.7,1.3,1.3,0.6,3.3,0.8,1.7,0.4,4.0
2023-24,Regular+Season,NYK,New York Knicks,33,17,16,3.3,1.4,1.7,0.6,3.6,0.5,1.0,0.3,2.5
2023-24,Regular+Season,POR,Portland Trail Blazers,37,17,20,4.1,1.0,1.6,0.4,4.1,2.1,1.5,0.9,4.3
2023-24,Regular+Season,TOR,Toronto Raptors,42,17,25,3.6,0.7,1.0,0.7,3.6,1.0,1.2,0.4,3.4
2023-24,Regular+Season,UTA,Utah Jazz,33,16,17,4.0,0.9,1.5,0.6,3.6,1.1,1.3,0.4,2.9
2023-24,Regular+Season,BKN,Brooklyn Nets,35,15,20,4.6,1.3,1.1,0.7,4.1,1.2,1.6,1.2,3.8
2023-24,Regular+Season,CHA,Charlotte Hornets,35,15,20,3.6,1.3,1.3,0.7,3.5,1.0,1.3,0.3,4.3
2023-24,Regular+Season,MEM,Memphis Grizzlies,36,15,21,3.6,1.3,1.2,0.4,3.7,1.4,1.5,0.9,3.1
2023-24,Regular+Season,NOP,New Orleans Pelicans,29,14,15,3.2,0.7,1.3,0.3,3.4,1.5,1.4,0.5,2.3
2023-24,Regular+Season,SAS,San Antonio Spurs,41,13,28,3.8,1.0,1.1,0.8,3.3,1.5,1.0,0.8,3.9
2023-24,Regular+Season,WAS,Washington Wizards,37,9,28,3.1,0.4,0.7,0.5,2.5,1.3,1.2,0.5,3.9
2023-24,Regular+Season,DET,Detroit Pistons,35,8,27,3.3,0.7,1.1,0.5,2.3,1.5,0.9,0.7,3.0
2023-24,Playoffs,BOS,Boston Celtics,6,6,0,4.0,2.5,1.2,0.3,4.0,1.7,0.3,0.8,1.7
2023-24,Playoffs,DAL,Dallas Mavericks,11,6,5,4.1,0.9,1.7,0.6,2.4,1.1,0.7,0.4,3.6
2023-24,Playoffs,NYK,New York Knicks,8,6,2,4.8,1.6,2.0,0.5,3.3,1.3,2.0,1.0,4.0
2023-24,Playoffs,MIN,Minnesota Timberwolves,7,4,3,3.5,1.1,1.4,0.1,3.1,1.7,1.9,0.4,2.6
2023-24,Playoffs,DEN,Denver Nuggets,5,3,2,2.5,0.2,1.0,0.0,3.2,0.6,1.6,1.0,5.2
2023-24,Playoffs,OKC,Oklahoma City Thunder,5,3,2,4.2,1.2,0.8,0.8,2.8,1.4,2.0,1.2,2.4
2023-24,Playoffs,IND,Indiana Pacers,7,2,5,5.7,2.1,1.7,1.3,3.7,3.1,1.0,0.9,4.3
2023-24,Playoffs,CLE,Cleveland Cavaliers,3,1,2,3.7,0.7,0.0,0.7,2.7,1.3,3.0,0.0,2.7
2023-24,Playoffs,LAC,LA Clippers,2,1,1,3.5,1.0,0.0,0.0,7.0,0.0,1.0,0.0,1.0
2023-24,Playoffs,ORL,Orlando Magic,2,1,1,4.9,2.0,3.5,0.0,3.0,1.0,0.0,1.0,4.0
2023-24,Playoffs,PHI,Philadelphia 76ers,5,1,4,5.3,1.2,2.2,0.8,4.0,1.2,2.4,0.4,3.6
2023-24,Playoffs,LAL,Los Angeles Lakers,3,0,3,3.0,0.7,0.0,1.3,5.3,0.0,1.7,0.0,4.0
2023-24,Playoffs,MIL,Milwaukee Bucks,1,0,1,10.2,3.0,0.0,2.0,6.0,1.0,5.0,0.0,6.0
2023-24,Playoffs,NOP,New Orleans Pelicans,2,0,2,2.9,2.5,0.0,1.0,1.0,1.0,0.0,0.0,1.0
2023-24,Playoffs,PHX,Phoenix Suns,1,0,1,3.5,3.0,6.0,0.0,2.0,4.0,0.0,0.0,4.0
2023-24,PlayIn,LAL,Los Angeles Lakers,1,1,0,5.2,2.0,4.0,0.0,4.0,0.0,0.0,2.0,14.0
2023-24,PlayIn,PHI,Philadelphia 76ers,1,1,0,5.0,6.0,5.0,3.0,6.0,0.0,5.0,0.0,8.0
2023-24,PlayIn,MIA,Miami Heat,1,0,1,5.0,0.0,5.0,0.0,8.0,6.0,5.0,3.0,6.0
2023-24,PlayIn,NOP,New Orleans Pelicans,1,0,1,5.2,0.0,0.0,2.0,14.0,2.0,4.0,0.0,4.0
2023-24,IST,IND,Indiana Pacers,6,6,0,3.5,1.2,1.8,0.0,5.0,1.0,0.2,0.0,2.7
2023-24,IST,MIL,Milwaukee Bucks,4,3,1,4.5,0.5,1.3,0.0,4.5,2.0,1.8,1.3,5.5
2023-24,IST,MIN,Minnesota Timberwolves,3,3,0,3.5,0.7,2.0,0.7,1.3,0.7,0.0,0.0,2.7
2023-24,IST,SAC,Sacramento Kings,3,3,0,2.4,1.7,1.0,0.0,1.3,0.0,0.7,0.0,0.7
2023-24,IST,BKN,Brooklyn Nets,2,2,0,3.9,0.0,0.0,1.5,3.0,0.0,0.0,0.0,3.0
2023-24,IST,GSW,Golden State Warriors,4,2,2,3.9,1.0,0.5,0.8,2.5,2.5,1.3,0.5,2.0
2023-24,IST,LAL,Los Angeles Lakers,2,2,0,5.2,0.5,1.5,0.5,3.0,0.0,0.0,0.0,7.0
2023-24,IST,NOP,New Orleans Pelicans,3,2,1,3.0,0.7,1.0,0.7,3.3,3.3,3.3,0.0,2.0
2023-24,IST,ATL,Atlanta Hawks,2,1,1,4.9,2.0,0.5,1.5,5.0,0.0,1.0,1.0,6.0
2023-24,IST,BOS,Boston Celtics,2,1,1,4.8,0.0,0.0,0.0,5.0,1.0,2.0,0.5,4.0
2023-24,IST,CHA,Charlotte Hornets,2,1,1,4.0,1.5,3.0,1.5,4.0,0.0,1.0,0.0,2.0
2023-24,IST,CLE,Cleveland Cavaliers,2,1,1,7.3,1.0,3.5,0.0,5.0,3.5,2.5,2.0,8.0
2023-24,IST,DAL,Dallas Mavericks,1,1,0,2.9,2.0,3.0,0.0,6.0,0.0,0.0,0.0,2.0
2023-24,IST,DEN,Denver Nuggets,2,1,1,4.7,2.5,4.0,0.0,8.0,2.0,1.0,1.0,4.0
2023-24,IST,HOU,Houston Rockets,3,1,2,4.1,2.7,2.7,0.0,2.0,1.3,1.3,0.7,4.7
2023-24,IST,LAC,LA Clippers,3,1,2,3.5,1.3,0.7,0.7,2.7,1.0,2.7,0.0,5.3
2023-24,IST,MIA,Miami Heat,3,1,2,3.8,1.0,0.7,0.0,2.0,0.7,2.0,0.7,2.7
2023-24,IST,NYK,New York Knicks,2,1,1,3.7,1.5,0.0,1.0,5.0,0.0,0.0,0.0,2.0
2023-24,IST,ORL,Orlando Magic,1,1,0,5.0,2.0,2.0,0.0,4.0,2.0,0.0,0.0,6.0
2023-24,IST,PHX,Phoenix Suns,3,1,2,4.4,0.0,0.7,0.0,4.7,0.3,1.7,0.3,2.0
2023-24,IST,POR,Portland Trail Blazers,1,1,0,6.4,7.0,4.0,2.0,6.0,3.0,2.0,3.0,6.0
2023-24,IST,UTA,Utah Jazz,2,1,1,3.5,1.0,2.0,2.0,2.0,0.0,1.5,0.0,0.0
2023-24,IST,CHI,Chicago Bulls,2,0,2,5.0,1.0,0.0,0.0,6.0,1.0,1.0,1.5,4.0
2023-24,IST,DET,Detroit Pistons,2,0,2,2.5,0.0,1.0,1.0,2.0,0.0,1.0,1.5,2.0
2023-24,IST,MEM,Memphis Grizzlies,2,0,2,5.3,1.5,1.5,1.5,3.0,4.5,3.0,3.0,5.0
2023-24,IST,OKC,Oklahoma City Thunder,3,0,3,3.5,1.3,0.0,0.0,4.0,1.3,2.0,1.0,2.7
2023-24,IST,PHI,Philadelphia 76ers,2,0,2,6.3,3.5,2.5,2.0,6.0,2.0,3.5,0.0,7.0
2023-24,IST,SAS,San Antonio Spurs,3,0,3,0.9,0.3,0.7,0.0,0.0,0.0,0.0,0.0,1.3
2023-24,IST,TOR,Toronto Raptors,2,0,2,4.0,0.5,1.0,0.5,2.0,0.0,0.0,0.0,4.0
2023-24,IST,WAS,Washington Wizards,2,0,2,4.4,0.0,0.0,2.5,4.0,1.5,2.5,1.5,8.0
2024-25,Pre+Season,CHI,Chicago Bulls,5,3,2,5.7,2.4,3.2,1.2,5.6,2.0,1.2,3.0,6.0
2024-25,Pre+Season,MEM,Memphis Grizzlies,4,3,1,3.2,1.5,2.5,0.8,3.0,1.3,0.5,1.0,2.0
2024-25,Pre+Season,MIA,Miami Heat,4,3,1,3.9,3.5,1.0,1.8,3.0,2.8,0.8,0.5,2.0
2024-25,Pre+Season,NYK,New York Knicks,4,3,1,3.4,0.8,1.3,0.0,3.0,1.8,0.5,0.5,3.0
2024-25,Pre+Season,UTA,Utah Jazz,4,3,1,2.2,0.3,0.5,0.3,0.5,1.3,1.5,1.0,4.5
2024-25,Pre+Season,BOS,Boston Celtics,3,2,1,2.7,1.7,0.0,0.0,1.3,0.7,1.0,1.7,2.7
2024-25,Pre+Season,GSW,Golden State Warriors,2,2,0,4.6,0.5,2.5,1.5,4.0,1.5,1.5,0.0,3.0
2024-25,Pre+Season,LAL,Los Angeles Lakers,3,2,1,4.7,2.3,1.0,2.0,3.3,2.0,1.7,0.0,6.0
2024-25,Pre+Season,OKC,Oklahoma City Thunder,3,2,1,3.9,1.3,0.0,0.0,3.3,2.0,1.7,0.0,4.0
2024-25,Pre+Season,PHX,Phoenix Suns,3,2,1,4.7,2.0,1.7,0.0,6.0,1.3,1.0,1.3,2.0
2024-25,Pre+Season,SAS,San Antonio Spurs,4,2,2,2.3,0.3,1.3,0.5,4.0,1.3,0.5,0.8,1.0
2024-25,Pre+Season,TOR,Toronto Raptors,3,2,1,1.6,0.0,0.7,1.0,1.3,1.3,0.0,0.0,2.0
2024-25,Pre+Season,ATL,Atlanta Hawks,2,1,1,5.0,1.5,2.5,0.5,4.0,3.5,0.0,2.0,4.0
2024-25,Pre+Season,CHA,Charlotte Hornets,4,1,3,4.5,2.5,0.5,0.5,2.0,3.5,2.0,0.8,4.0
2024-25,Pre+Season,DEN,Denver Nuggets,3,1,2,2.5,0.7,0.3,0.7,2.0,1.0,0.0,0.0,0.7
2024-25,Pre+Season,HOU,Houston Rockets,2,1,1,3.2,1.5,2.5,0.0,4.0,0.0,0.0,0.0,3.0
2024-25,Pre+Season,IND,Indiana Pacers,3,1,2,3.6,4.0,1.7,1.7,4.7,0.0,1.7,0.3,2.0
2024-25,Pre+Season,LAC,LA Clippers,2,1,1,4.8,2.0,1.0,0.0,6.0,0.5,2.5,0.5,2.0
2024-25,Pre+Season,MIL,Milwaukee Bucks,2,1,1,3.6,1.0,1.0,1.0,3.0,1.5,0.0,1.5,3.0
2024-25,Pre+Season,MIN,Minnesota Timberwolves,4,1,3,2.6,0.5,0.8,1.5,2.5,1.0,1.0,0.5,2.0
2024-25,Pre+Season,NOP,New Orleans Pelicans,2,1,1,4.4,2.5,1.0,2.5,5.0,3.0,0.5,1.0,5.0
2024-25,Pre+Season,WAS,Washington Wizards,1,1,0,5.1,2.0,0.0,2.0,8.0,0.0,3.0,0.0,8.0
2024-25,Pre+Season,BKN,Brooklyn Nets,1,0,1,1.1,2.0,0.0,0.0,4.0,0.0,0.0,0.0,2.0
2024-25,Pre+Season,CLE,Cleveland Cavaliers,2,0,2,6.6,2.5,1.0,3.0,6.0,4.0,6.0,1.5,9.0
2024-25,Pre+Season,DAL,Dallas Mavericks,2,0,2,2.7,0.0,1.0,2.0,2.0,0.0,4.0,1.0,3.0
2024-25,Pre+Season,ORL,Orlando Magic,2,0,2,3.1,2.0,0.0,0.0,4.0,1.5,1.0,2.5,4.0
2024-25,Pre+Season,PHI,Philadelphia 76ers,1,0,1,3.6,0.0,0.0,0.0,0.0,2.0,3.0,0.0,4.0
2024-25,Pre+Season,POR,Portland Trail Blazers,1,0,1,4.4,1.0,0.0,1.0,2.0,3.0,2.0,0.0,8.0
2024-25,Pre+Season,SAC,Sacramento Kings,2,0,2,4.5,3.5,3.5,1.0,4.0,1.0,1.0,2.0,4.0
2024-25,Regular+Season,CLE,Cleveland Cavaliers,38,26,12,3.6,1.1,1.0,0.7,3.2,1.1,0.9,0.7,2.7
2024-25,Regular+Season,HOU,Houston Rockets,44,26,18,3.6,1.5,1.3,0.5,3.0,1.2,1.2,0.5,3.0
2024-25,Regular+Season,GSW,Golden State Warriors,45,25,20,3.2,0.9,1.4,0.4,2.7,1.1,0.5,0.9,2.6
2024-25,Regular+Season,BOS,Boston Celtics,35,24,11,4.0,1.1,1.4,0.6,3.2,0.9,1.3,0.6,3.7
2024-25,Regular+Season,IND,Indiana Pacers,38,24,14,4.4,1.6,1.0,1.3,4.2,1.4,0.9,0.7,3.8
2024-25,Regular+Season,MIL,Milwaukee Bucks,41,24,17,3.9,1.8,0.7,0.9,3.0,1.4,0.9,0.8,2.5
2024-25,Regular+Season,LAL,Los Angeles Lakers,39,23,16,3.0,0.8,0.6,0.5,2.8,0.9,0.7,0.6,2.9
2024-25,Regular+Season,ATL,Atlanta Hawks,41,21,20,3.9,1.4,1.4,0.9,3.9,1.3,0.8,0.7,3.1
2024-25,Regular+Season,DEN,Denver Nuggets,37,21,16,4.0,1.4,1.3,1.2,4.7,1.2,1.0,0.8,3.9
2024-25,Regular+Season,DET,Detroit Pistons,44,21,23,3.4,1.2,0.8,1.0,3.0,1.7,1.1,0.6,3.3
2024-25,Regular+Season,PHX,Phoenix Suns,40,21,19,3.5,1.1,1.0,0.5,2.1,1.0,1.3,0.7,3.6
2024-25,Regular+Season,DAL,Dallas Mavericks,40,20,20,3.5,1.3,1.5,0.6,3.4,1.1,1.9,0.4,3.9
2024-25,Regular+Season,MIN,Minnesota Timberwolves,46,20,26,3.8,1.3,1.3,0.6,3.0,1.5,1.1,1.1,3.5
2024-25,Regular+Season,LAC,LA Clippers,37,19,18,3.7,1.2,1.0,0.6,3.1,1.4,0.6,0.9,2.6
2024-25,Regular+Season,MEM,Memphis Grizzlies,37,19,18,3.6,1.4,1.0,0.7,3.6,1.2,1.1,0.5,3.1
2024-25,Regular+Season,NYK,New York Knicks,31,19,12,5.2,2.3,1.2,1.4,5.8,1.9,1.6,0.9,3.5
2024-25,Regular+Season,SAC,Sacramento Kings,42,19,23,4.3,1.5,1.4,1.0,4.0,1.0,1.2,0.8,3.2
2024-25,Regular+Season,ORL,Orlando Magic,35,18,17,3.4,1.4,1.2,0.7,2.7,0.8,1.0,0.6,2.6
2024-25,Regular+Season,BKN,Brooklyn Nets,38,17,21,3.8,0.8,1.0,0.4,2.7,1.9,1.4,0.8,3.7
2024-25,Regular+Season,CHI,Chicago Bulls,34,17,17,3.5,1.2,1.1,0.9,3.1,1.2,0.8,0.9,3.8
2024-25,Regular+Season,SAS,San Antonio Spurs,37,17,20,3.7,1.5,0.9,1.0,3.0,1.6,1.4,0.9,3.6
2024-25,Regular+Season,OKC,Oklahoma City Thunder,24,16,8,2.8,1.2,0.9,0.5,2.3,0.8,1.2,0.4,1.9
2024-25,Regular+Season,PHI,Philadelphia 76ers,36,15,21,3.7,1.3,0.8,0.9,2.6,1.3,1.2,0.6,3.3
2024-25,Regular+Season,POR,Portland Trail Blazers,33,15,18,3.7,0.9,1.3,0.7,3.9,1.6,0.7,1.1,3.0
2024-25,Regular+Season,CHA,Charlotte Hornets,38,14,24,4.0,1.1,2.1,0.4,3.3,1.8,1.6,1.0,3.8
2024-25,Regular+Season,MIA,Miami Heat,42,14,28,4.7,1.4,1.2,0.5,3.4,1.5,1.6,0.8,4.2
2024-25,Regular+Season,NOP,New Orleans Pelicans,34,14,20,3.8,1.5,1.2,0.9,3.8,1.1,1.6,0.9,3.1
2024-25,Regular+Season,WAS,Washington Wizards,29,13,16,2.9,1.2,0.4,0.9,2.7,0.8,1.0,0.6,3.7
2024-25,Regular+Season,TOR,Toronto Raptors,32,10,22,4.0,1.3,0.9,1.1,4.1,1.3,1.3,1.0,3.4
2024-25,Regular+Season,UTA,Utah Jazz,33,8,25,4.1,1.2,1.8,0.7,3.8,1.5,1.6,1.2,4.2
2024-25,Playoffs,IND,Indiana Pacers,11,9,2,3.5,2.6,2.7,0.8,3.6,0.3,0.9,0.2,2.4
2024-25,Playoffs,NYK,New York Knicks,11,7,4,4.5,1.3,1.2,0.5,3.6,1.7,0.5,0.6,2.9
2024-25,Playoffs,OKC,Oklahoma City Thunder,10,6,4,3.6,0.7,0.9,0.4,3.0,0.8,1.5,0.5,2.0
2024-25,Playoffs,DEN,Denver Nuggets,8,4,4,4.4,1.4,1.3,0.9,3.0,1.8,1.4,0.6,4.3
2024-25,Playoffs,MIN,Minnesota Timberwolves,5,4,1,3.5,1.8,2.2,0.8,3.2,0.0,0.0,0.0,0.8
2024-25,Playoffs,GSW,Golden State Warriors,4,3,1,2.5,0.0,0.5,0.0,2.0,0.5,1.0,0.5,1.0
2024-25,Playoffs,DET,Detroit Pistons,5,2,3,4.3,1.0,0.4,0.4,3.6,2.2,0.8,0.8,3.6
2024-25,Playoffs,LAC,LA Clippers,4,2,2,4.7,2.5,1.0,1.3,4.0,2.3,2.0,0.5,3.5
2024-25,Playoffs,BOS,Boston Celtics,5,1,4,4.1,0.6,0.8,0.8,2.0,0.6,1.8,0.4,3.6
2024-25,Playoffs,CLE,Cleveland Cavaliers,4,1,3,2.1,1.3,0.5,0.0,2.0,1.5,2.5,1.0,3.0
2024-25,Playoffs,ORL,Orlando Magic,2,1,1,3.2,0.0,1.0,0.0,3.0,0.0,2.0,1.0,3.0
2024-25,Playoffs,HOU,Houston Rockets,3,0,3,2.3,0.0,0.0,0.0,0.7,0.0,0.7,0.0,2.7
2024-25,Playoffs,LAL,Los Angeles Lakers,3,0,3,3.5,0.0,0.0,0.0,0.7,1.3,0.7,0.7,4.0
2024-25,Playoffs,MEM,Memphis Grizzlies,2,0,2,3.5,0.0,0.0,0.0,1.0,1.0,0.0,1.0,2.0
2024-25,Playoffs,MIA,Miami Heat,1,0,1,4.2,0.0,0.0,2.0,4.0,3.0,0.0,0.0,2.0
2024-25,Playoffs,MIL,Milwaukee Bucks,2,0,2,6.1,0.0,2.0,0.0,2.0,4.5,4.0,2.0,8.0
2024-25,PlayIn,GSW,Golden State Warriors,1,1,0,5.0,5.0,0.0,0.0,0.0,4.0,5.0,1.0,2.0
2024-25,PlayIn,MIA,Miami Heat,1,1,0,7.0,6.0,2.0,0.0,6.0,0.0,0.0,0.0,10.0
2024-25,PlayIn,ATL,Atlanta Hawks,1,0,1,7.0,0.0,0.0,0.0,10.0,6.0,2.0,0.0,6.0
2024-25,PlayIn,MEM,Memphis Grizzlies,1,0,1,5.0,4.0,5.0,1.0,2.0,5.0,0.0,0.0,0.0
2024-25,IST,BOS,Boston Celtics,4,3,1,2.4,0.0,0.5,1.0,3.5,0.0,2.3,0.0,2.0
2024-25,IST,GSW,Golden State Warriors,5,3,2,2.5,1.6,0.4,0.0,1.2,1.2,0.4,0.4,1.2
2024-25,IST,MIL,Milwaukee Bucks,3,3,0,4.9,0.0,0.0,0.3,3.3,2.3,1.3,1.7,2.7
2024-25,IST,DAL,Dallas Mavericks,3,2,1,4.1,0.0,2.3,2.0,3.3,2.3,2.3,0.0,3.3
2024-25,IST,DEN,Denver Nuggets,4,2,2,2.7,1.0,1.3,0.5,1.5,0.8,0.5,0.8,2.5
2024-25,IST,DET,Detroit Pistons,2,2,0,4.0,0.5,0.0,0.0,2.0,5.5,1.5,1.5,4.0
2024-25,IST,HOU,Houston Rockets,2,2,0,6.1,3.0,1.0,2.0,5.0,2.0,4.0,0.0,3.0
2024-25,IST,MIN,Minnesota Timberwolves,3,2,1,8.0,1.7,3.0,0.0,6.0,2.0,1.7,2.0,6.7
2024-25,IST,NYK,New York Knicks,2,2,0,3.5,2.0,1.0,1.0,6.0,0.0,4.5,0.0,1.0
2024-25,IST,ATL,Atlanta Hawks,2,1,1,4.8,0.0,3.5,0.0,5.0,0.0,0.0,1.0,3.0
2024-25,IST,BKN,Brooklyn Nets,2,1,1,3.9,0.0,2.5,0.0,4.0,0.0,4.5,0.0,4.0
2024-25,IST,CLE,Cleveland Cavaliers,2,1,1,1.1,0.0,2.0,0.0,0.0,0.0,0.0,0.0,3.0
2024-25,IST,LAL,Los Angeles Lakers,2,1,1,5.1,1.0,0.0,0.0,4.0,3.0,1.0,2.5,6.0
2024-25,IST,NOP,New Orleans Pelicans,2,1,1,1.8,1.5,0.0,0.0,1.0,0.0,0.5,0.0,1.0
2024-25,IST,OKC,Oklahoma City Thunder,1,1,0,4.9,3.0,2.0,3.0,6.0,0.0,0.0,0.0,4.0
2024-25,IST,ORL,Orlando Magic,2,1,1,3.1,3.0,1.0,2.0,2.0,0.0,0.0,0.0,2.0
2024-25,IST,PHI,Philadelphia 76ers,2,1,1,3.0,2.5,0.0,2.0,4.0,3.5,2.0,2.5,3.0
2024-25,IST,TOR,Toronto Raptors,2,1,1,1.8,2.0,0.0,0.0,1.0,1.0,0.0,0.0,1.0
2024-25,IST,CHA,Charlotte Hornets,3,0,3,4.6,1.7,5.7,1.0,3.3,3.0,0.7,2.0,8.0
2024-25,IST,CHI,Chicago Bulls,2,0,2,1.2,0.0,0.0,0.0,0.0,0.0,2.0,1.5,2.0
2024-25,IST,IND,Indiana Pacers,1,0,1,1.4,2.0,0.0,0.0,0.0,2.0,0.0,0.0,2.0
2024-25,IST,LAC,LA Clippers,1,0,1,5.0,2.0,2.0,0.0,4.0,2.0,0.0,0.0,2.0
2024-25,IST,MEM,Memphis Grizzlies,3,0,3,1.5,0.0,0.7,0.0,0.7,0.0,1.7,1.0,0.0
2024-25,IST,MIA,Miami Heat,2,0,2,5.5,6.0,2.5,3.0,6.0,0.5,0.0,0.0,1.0
2024-25,IST,SAC,Sacramento Kings,1,0,1,10.0,2.0,3.0,2.0,8.0,2.0,2.0,0.0,10.0
2024-25,IST,SAS,San Antonio Spurs,1,0,1,5.4,3.0,0.0,2.0,6.0,2.0,0.0,0.0,4.0
2024-25,IST,WAS,Washington Wizards,1,0,1,1.0,0.0,0.0,0.0,0.0,0.0,0.0,0.0,4.0
2025-26,Pre+Season,CHI,Chicago Bulls,4,3,1,4.0,2.5,3.0,2.3,5.0,1.3,1.0,0.5,3.5
2025-26,Pre+Season,MIL,Milwaukee Bucks,4,3,1,4.5,1.0,0.8,0.5,4.5,2.5,1.3,1.0,2.0
2025-26,Pre+Season,OKC,Oklahoma City Thunder,3,3,0,4.6,2.3,1.0,0.7,2.0,0.7,2.0,1.3,3.3
2025-26,Pre+Season,TOR,Toronto Raptors,5,3,2,3.4,1.6,0.4,0.6,3.6,1.6,0.0,0.8,1.6
2025-26,Pre+Season,ATL,Atlanta Hawks,3,2,1,4.1,2.0,4.0,0.0,2.7,0.0,2.7,0.0,6.0
2025-26,Pre+Season,DEN,Denver Nuggets,3,2,1,4.7,2.7,1.3,2.0,2.7,0.7,1.3,0.7,2.0
2025-26,Pre+Season,GSW,Golden State Warriors,3,2,1,2.9,2.3,1.3,0.7,4.7,1.7,2.0,0.0,3.3
2025-26,Pre+Season,HOU,Houston Rockets,2,2,0,2.1,1.0,1.0,0.0,3.0,0.0,1.0,1.0,1.0
2025-26,Pre+Season,NYK,New York Knicks,2,2,0,4.4,1.5,2.5,1.5,2.0,0.0,0.0,0.0,1.0
2025-26,Pre+Season,PHX,Phoenix Suns,3,2,1,4.6,2.7,0.7,0.7,5.3,0.7,2.0,1.3,4.7
2025-26,Pre+Season,SAS,San Antonio Spurs,2,2,0,7.3,2.5,1.0,0.0,7.0,3.0,1.0,2.0,8.0
2025-26,Pre+Season,BOS,Boston Celtics,2,1,1,2.6,1.5,0.0,0.0,2.0,2.5,0.0,0.0,4.0
2025-26,Pre+Season,BKN,Brooklyn Nets,3,1,2,6.0,0.7,2.0,1.3,4.7,3.7,0.7,1.7,6.0
2025-26,Pre+Season,CHA,Charlotte Hornets,3,1,2,1.4,0.0,0.7,0.0,0.7,0.7,1.0,0.0,1.3
2025-26,Pre+Season,IND,Indiana Pacers,1,1,0,6.3,0.0,4.0,0.0,2.0,4.0,0.0,3.0,10.0
2025-26,Pre+Season,LAC,LA Clippers,2,1,1,4.0,1.0,2.0,0.0,4.0,2.5,3.5,1.0,4.0
2025-26,Pre+Season,NOP,New Orleans Pelicans,2,1,1,2.1,0.0,2.0,1.0,1.0,1.0,0.0,0.0,2.0
2025-26,Pre+Season,ORL,Orlando Magic,1,1,0,3.7,0.0,5.0,0.0,10.0,2.0,2.0,0.0,2.0
2025-26,Pre+Season,POR,Portland Trail Blazers,4,1,3,3.8,2.3,1.5,1.0,4.0,2.8,1.8,1.5,5.5
2025-26,Pre+Season,SAC,Sacramento Kings,2,1,1,4.9,3.0,6.5,1.0,11.0,1.0,2.0,1.0,5.0
2025-26,Pre+Season,UTA,Utah Jazz,2,1,1,7.2,3.0,2.5,3.0,7.0,3.0,1.0,1.0,10.0
2025-26,Pre+Season,CLE,Cleveland Cavaliers,2,0,2,4.6,2.5,1.0,1.0,3.0,2.0,4.5,2.0,8.0
2025-26,Pre+Season,DAL,Dallas Mavericks,1,0,1,0.1,0.0,0.0,0.0,0.0,0.0,0.0,0.0,0.0
2025-26,Pre+Season,DET,Detroit Pistons,1,0,1,5.0,5.0,3.0,0.0,2.0,2.0,0.0,0.0,8.0
2025-26,Pre+Season,LAL,Los Angeles Lakers,2,0,2,2.9,0.0,1.0,0.0,3.0,2.0,4.5,0.0,8.0
2025-26,Pre+Season,Melbourne United,Melbourne United,1,0,1,1.2,0.0,0.0,0.0,0.0,0.0,2.0,0.0,0.0
2025-26,Pre+Season,MEM,Memphis Grizzlies,1,0,1,2.3,0.0,0.0,0.0,2.0,0.0,5.0,0.0,4.0
2025-26,Pre+Season,MIA,Miami Heat,4,0,4,5.1,1.5,2.3,0.5,6.0,2.3,3.0,0.0,4.0
2025-26,Pre+Season,MIN,Minnesota Timberwolves,3,0,3,5.6,1.3,0.7,1.0,5.3,3.0,3.7,2.0,2.7
2025-26,Pre+Season,WAS,Washington Wizards,1,0,1,2.0,2.0,0.0,2.0,2.0,0.0,0.0,0.0,2.0
2025-26,Regular+Season,DET,Detroit Pistons,23,16,7,3.7,1.1,1.7,1.0,4.7,1.4,1.1,1.0,2.9
2025-26,Regular+Season,CHI,Chicago Bulls,22,13,9,4.2,0.8,1.2,0.6,4.4,1.0,1.6,1.0,5.0
2025-26,Regular+Season,LAL,Los Angeles Lakers,13,13,0,2.3,1.0,1.2,0.4,2.6,1.0,0.6,0.2,1.5
2025-26,Regular+Season,ORL,Orlando Magic,21,13,8,4.4,1.3,2.0,0.9,5.0,0.7,1.1,0.8,4.0
2025-26,Regular+Season,PHI,Philadelphia 76ers,23,13,10,4.8,1.9,1.6,0.7,4.2,1.3,1.1,0.6,3.9
2025-26,Regular+Season,POR,Portland Trail Blazers,24,13,11,4.1,1.5,1.3,0.8,4.2,1.8,1.0,0.8,4.3
2025-26,Regular+Season,SAS,San Antonio Spurs,19,13,6,3.7,0.8,1.9,0.9,3.6,1.2,1.2,0.6,2.3
2025-26,Regular+Season,TOR,Toronto Raptors,19,13,6,3.5,0.9,1.1,0.4,2.8,0.2,0.9,0.6,2.9
2025-26,Regular+Season,DAL,Dallas Mavericks,28,12,16,4.3,0.8,1.4,1.0,4.0,1.1,1.1,0.8,4.4
2025-26,Regular+Season,OKC,Oklahoma City Thunder,15,11,4,5.3,2.9,2.0,0.5,4.7,0.5,1.5,0.5,4.5
2025-26,Regular+Season,MIL,Milwaukee Bucks,20,10,10,3.8,1.4,0.9,0.4,3.7,1.4,1.6,1.0,2.7
2025-26,Regular+Season,ATL,Atlanta Hawks,20,9,11,3.8,2.3,1.3,0.7,3.7,1.4,1.0,0.8,4.4
2025-26,Regular+Season,MEM,Memphis Grizzlies,22,9,13,3.6,1.2,1.1,0.8,3.1,1.4,1.1,0.8,3.1
2025-26,Regular+Season,MIA,Miami Heat,16,9,7,2.8,1.4,0.4,0.4,2.9,0.4,1.8,0.6,3.0
2025-26,Regular+Season,MIN,Minnesota Timberwolves,16,9,7,4.2,1.8,1.6,1.1,4.3,2.3,0.3,0.4,2.5
2025-26,Regular+Season,PHX,Phoenix Suns,16,9,7,3.8,1.7,1.1,0.9,4.1,1.4,1.3,0.4,3.5
2025-26,Regular+Season,UTA,Utah Jazz,16,9,7,4.6,1.8,1.8,1.3,4.0,1.4,1.8,0.9,4.5
2025-26,Regular+Season,BOS,Boston Celtics,18,8,10,2.5,0.5,0.4,0.4,2.2,0.7,1.6,0.2,2.0
2025-26,Regular+Season,CLE,Cleveland Cavaliers,21,8,13,3.3,1.0,1.6,0.6,3.0,1.2,1.3,0.7,3.3
2025-26,Regular+Season,DEN,Denver Nuggets,17,8,9,4.8,0.5,0.5,0.5,3.4,2.1,1.4,1.2,4.2
2025-26,Regular+Season,GSW,Golden State Warriors,20,8,12,3.5,1.4,0.9,0.3,3.1,1.4,1.8,0.5,3.5
2025-26,Regular+Season,NYK,New York Knicks,15,8,7,3.1,0.6,1.3,0.3,2.0,1.2,0.9,0.8,3.1
2025-26,Regular+Season,HOU,Houston Rockets,17,7,10,5.6,1.3,1.2,0.6,5.4,1.9,1.4,0.8,4.8
2025-26,Regular+Season,SAC,Sacramento Kings,15,7,8,4.3,2.3,1.0,0.9,3.2,1.4,1.9,0.5,5.1
2025-26,Regular+Season,WAS,Washington Wizards,12,6,6,4.2,0.7,1.6,0.6,3.0,2.1,1.5,0.8,3.2
2025-26,Regular+Season,NOP,New Orleans Pelicans,19,5,14,4.2,1.8,1.6,0.8,4.1,1.5,0.8,0.8,5.4
2025-26,Regular+Season,CHA,Charlotte Hornets,15,4,11,4.5,0.8,1.5,0.6,4.7,1.4,1.3,0.1,4.9
2025-26,Regular+Season,BKN,Brooklyn Nets,13,3,10,2.4,0.8,0.7,0.2,1.4,0.6,1.2,0.2,1.8
2025-26,Regular+Season,IND,Indiana Pacers,16,3,13,4.0,1.1,1.0,0.4,3.5,1.0,1.3,0.1,3.6
2025-26,Regular+Season,LAC,LA Clippers,13,3,10,4.0,0.8,0.6,0.7,3.1,2.1,1.6,0.9,4.0
2025-26,IST,ORL,Orlando Magic,3,3,0,3.5,0.7,2.3,1.0,2.7,0.7,0.0,1.7,3.3
2025-26,IST,SAS,San Antonio Spurs,5,3,2,3.8,1.4,3.2,0.4,3.2,1.0,0.4,0.2,2.4
2025-26,IST,TOR,Toronto Raptors,3,3,0,3.1,1.3,0.7,1.3,2.7,0.0,0.3,0.0,2.0
2025-26,IST,BOS,Boston Celtics,4,2,2,2.1,0.5,0.0,0.0,1.0,0.5,1.8,0.0,1.5
2025-26,IST,LAC,LA Clippers,3,2,1,5.6,1.7,0.7,0.7,4.7,2.7,1.7,1.3,6.7
2025-26,IST,MEM,Memphis Grizzlies,3,2,1,3.4,1.7,0.7,0.7,3.3,1.3,1.0,0.0,1.3
2025-26,IST,NYK,New York Knicks,3,2,1,3.1,0.7,0.3,0.0,1.3,0.7,0.3,0.0,2.0
2025-26,IST,OKC,Oklahoma City Thunder,3,2,1,4.8,2.0,0.0,1.7,2.7,0.0,2.3,0.7,2.7
2025-26,IST,POR,Portland Trail Blazers,2,2,0,4.8,4.5,1.0,2.0,5.0,1.0,1.0,0.0,2.0
2025-26,IST,ATL,Atlanta Hawks,2,1,1,2.6,2.0,2.5,3.5,4.0,0.0,0.0,2.0,3.0
2025-26,IST,BKN,Brooklyn Nets,2,1,1,2.9,1.0,0.0,1.0,4.0,0.0,2.5,1.5,1.0
2025-26,IST,CHA,Charlotte Hornets,2,1,1,4.3,0.5,1.5,1.0,6.0,1.5,0.0,0.0,5.0
2025-26,IST,CHI,Chicago Bulls,2,1,1,1.7,0.0,0.5,0.0,2.0,0.0,0.0,1.0,3.0
2025-26,IST,DAL,Dallas Mavericks,2,1,1,8.6,3.0,1.5,3.0,11.0,4.5,3.0,2.0,9.0
2025-26,IST,DEN,Denver Nuggets,3,1,2,4.8,0.7,0.3,0.0,2.0,4.0,2.0,0.7,4.7
2025-26,IST,DET,Detroit Pistons,3,1,2,3.5,0.7,2.3,1.0,2.0,1.3,0.7,0.0,3.3
2025-26,IST,GSW,Golden State Warriors,3,1,2,4.6,2.0,0.7,0.0,3.3,2.3,2.0,2.3,4.7
2025-26,IST,HOU,Houston Rockets,3,1,2,3.9,1.7,1.3,1.0,3.3,0.7,1.7,0.0,3.3
2025-26,IST,LAL,Los Angeles Lakers,1,1,0,0.1,0.0,0.0,0.0,0.0,0.0,0.0,0.0,0.0
2025-26,IST,MIA,Miami Heat,1,1,0,1.1,0.0,0.0,0.0,0.0,0.0,0.0,0.0,2.0
2025-26,IST,MIL,Milwaukee Bucks,3,1,2,4.2,1.0,0.0,0.0,4.7,1.0,1.3,0.0,2.7
2025-26,IST,PHX,Phoenix Suns,2,1,1,4.4,2.0,1.5,1.0,6.0,1.5,2.5,1.5,3.0
2025-26,IST,CLE,Cleveland Cavaliers,2,0,2,3.7,0.0,0.0,1.0,2.0,3.0,2.5,4.5,6.0
2025-26,IST,IND,Indiana Pacers,1,0,1,5.2,0.0,1.0,0.0,6.0,2.0,2.0,0.0,2.0
2025-26,IST,MIN,Minnesota Timberwolves,2,0,2,4.5,0.5,2.5,1.5,2.0,3.5,0.0,2.0,5.0
2025-26,IST,NOP,New Orleans Pelicans,3,0,3,6.0,3.3,3.0,0.7,4.7,1.7,0.7,1.3,6.0
2025-26,IST,PHI,Philadelphia 76ers,2,0,2,1.1,0.0,0.0,0.0,1.0,0.0,0.0,0.0,0.0
