SEASON,SEASON_TYPE,TEAM_ABB,TEAM_NAME,GP,MIN,W,L,STL,BLK,DREB,DEF_RIM_FGM,DEF_RIM_FGA,DEF_RIM_FG_PCT
2015-16,Regular+Season,ATL,Atlanta Hawks,82,241.8,48,34,9.1,5.9,33.8,14.1,24.0,59.0
2015-16,Regular+Season,BOS,Boston Celtics,81,241.2,47,34,9.1,4.2,33.3,14.2,22.7,62.3
2015-16,Regular+Season,BKN,Brooklyn Nets,82,240.9,21,61,7.6,4.0,31.9,17.5,27.0,64.7
2015-16,Regular+Season,CHA,Charlotte Hornets,82,242.1,48,34,7.3,5.3,35.0,13.4,21.7,61.8
2015-16,Regular+Season,CHI,Chicago Bulls,82,242.7,42,40,6.0,5.7,35.2,15.3,25.6,59.9
2015-16,Regular+Season,CLE,Cleveland Cavaliers,82,242.1,57,25,6.7,3.9,33.9,13.6,22.1,61.7
2015-16,Regular+Season,DAL,Dallas Mavericks,82,244.0,42,40,6.8,3.7,33.9,14.1,22.5,62.8
2015-16,Regular+Season,DEN,Denver Nuggets,82,241.8,33,49,7.4,4.8,33.1,14.9,23.7,62.6
2015-16,Regular+Season,DET,Detroit Pistons,82,242.4,44,38,7.0,3.7,33.9,14.5,23.0,63.1
2015-16,Regular+Season,GSW,Golden State Warriors,82,242.4,73,9,8.4,6.1,36.2,15.1,25.0,60.5
2015-16,Regular+Season,HOU,Houston Rockets,82,241.8,41,41,10.0,5.2,31.7,16.2,25.1,64.4
2015-16,Regular+Season,IND,Indiana Pacers,82,242.4,45,37,9.0,4.8,33.9,14.7,24.0,61.3
2015-16,Regular+Season,LAC,LA Clippers,82,241.8,53,29,8.6,5.6,33.3,13.6,22.5,60.7
2015-16,Regular+Season,LAL,Los Angeles Lakers,82,240.6,17,65,7.2,4.1,32.3,16.8,24.8,67.8
2015-16,Regular+Season,MEM,Memphis Grizzlies,82,241.8,42,40,8.8,4.3,30.5,13.3,21.2,62.5
2015-16,Regular+Season,MIA,Miami Heat,82,241.8,48,34,6.7,6.5,34.3,14.0,23.2,60.2
2015-16,Regular+Season,MIL,Milwaukee Bucks,82,241.8,33,49,8.2,5.8,31.2,16.0,26.1,61.4
2015-16,Regular+Season,MIN,Minnesota Timberwolves,82,242.4,29,53,8.0,4.6,31.5,16.8,25.7,65.4
2015-16,Regular+Season,NOP,New Orleans Pelicans,82,241.2,30,52,7.7,4.2,33.1,14.7,22.6,65.2
2015-16,Regular+Season,NYK,New York Knicks,82,241.5,32,50,5.7,5.7,34.0,15.0,25.1,59.9
2015-16,Regular+Season,OKC,Oklahoma City Thunder,82,241.8,55,27,7.4,5.9,35.6,16.3,26.8,60.7
2015-16,Regular+Season,ORL,Orlando Magic,81,242.5,35,46,8.3,5.0,33.0,15.6,24.6,63.5
2015-16,Regular+Season,PHI,Philadelphia 76ers,82,241.5,10,72,8.3,6.0,31.8,15.8,25.6,61.8
2015-16,Regular+Season,PHX,Phoenix Suns,82,240.3,23,59,7.7,3.8,33.3,15.3,23.9,64.2
2015-16,Regular+Season,POR,Portland Trail Blazers,82,241.5,44,38,6.9,4.6,33.9,13.3,23.0,58.0
2015-16,Regular+Season,SAC,Sacramento Kings,81,241.5,33,48,9.0,4.5,33.6,15.1,23.7,63.6
2015-16,Regular+Season,SAS,San Antonio Spurs,82,240.3,67,15,8.3,5.9,34.5,13.0,21.9,59.3
2015-16,Regular+Season,TOR,Toronto Raptors,81,240.9,55,26,7.7,5.4,33.2,13.4,22.4,59.9
2015-16,Regular+Season,UTA,Utah Jazz,82,243.4,40,42,7.7,5.2,32.5,13.5,22.6,59.7
2015-16,Regular+Season,WAS,Washington Wizards,82,240.9,41,41,8.6,3.9,32.8,14.1,22.3,63.2
2015-16,Playoffs,ATL,Atlanta Hawks,10,242.5,4,6,7.5,7.6,35.4,14.0,26.8,52.2
2015-16,Playoffs,BOS,Boston Celtics,6,244.2,2,4,6.3,6.5,35.3,15.3,24.3,63.0
2015-16,Playoffs,CHA,Charlotte Hornets,7,240.0,3,4,5.7,3.3,29.7,13.4,19.9,67.6
2015-16,Playoffs,CLE,Cleveland Cavaliers,21,240.0,16,5,7.8,4.2,32.6,12.6,20.5,61.3
2015-16,Playoffs,DAL,Dallas Mavericks,5,240.0,1,4,6.0,2.4,25.8,15.0,22.8,65.8
2015-16,Playoffs,DET,Detroit Pistons,4,240.0,0,4,5.3,3.3,30.8,10.5,17.8,59.2
2015-16,Playoffs,GSW,Golden State Warriors,24,241.0,15,9,8.0,5.5,32.7,14.3,24.6,58.3
2015-16,Playoffs,HOU,Houston Rockets,5,240.0,1,4,8.4,4.2,33.0,15.6,21.6,72.2
2015-16,Playoffs,IND,Indiana Pacers,7,240.0,3,4,7.6,5.6,30.1,13.0,24.1,53.8
2015-16,Playoffs,LAC,LA Clippers,6,240.0,2,4,8.5,4.7,34.8,13.3,22.5,59.3
2015-16,Playoffs,MEM,Memphis Grizzlies,4,240.0,0,4,7.8,4.0,27.3,12.8,19.8,64.6
2015-16,Playoffs,MIA,Miami Heat,14,245.4,7,7,5.4,5.9,35.1,12.8,22.4,57.2
2015-16,Playoffs,OKC,Oklahoma City Thunder,18,240.0,11,7,7.7,5.4,34.4,14.3,24.8,57.6
2015-16,Playoffs,POR,Portland Trail Blazers,11,242.3,5,6,6.2,3.9,34.7,14.2,21.5,66.1
2015-16,Playoffs,SAS,San Antonio Spurs,10,240.0,6,4,9.1,7.0,31.6,14.7,25.5,57.6
2015-16,Playoffs,TOR,Toronto Raptors,20,243.8,10,10,7.5,3.7,29.6,13.5,21.3,63.3
2016-17,Regular+Season,ATL,Atlanta Hawks,82,242.4,43,39,8.2,4.8,34.1,12.8,21.1,60.8
2016-17,Regular+Season,BOS,Boston Celtics,82,240.9,53,29,7.5,4.1,32.9,14.3,23.0,62.2
2016-17,Regular+Season,BKN,Brooklyn Nets,81,240.9,20,61,7.2,4.7,35.1,15.3,23.9,63.9
2016-17,Regular+Season,CHA,Charlotte Hornets,82,241.8,36,46,7.0,4.8,34.8,13.9,21.9,63.6
2016-17,Regular+Season,CHI,Chicago Bulls,82,241.2,41,41,7.8,4.8,34.1,16.0,26.0,61.7
2016-17,Regular+Season,CLE,Cleveland Cavaliers,82,242.4,51,31,6.6,4.0,34.4,15.7,24.9,63.1
2016-17,Regular+Season,DAL,Dallas Mavericks,81,241.2,32,49,7.4,3.7,30.8,13.9,20.7,67.0
2016-17,Regular+Season,DEN,Denver Nuggets,81,240.9,39,42,6.9,3.9,34.6,15.5,24.0,64.5
2016-17,Regular+Season,DET,Detroit Pistons,82,241.5,37,45,7.0,3.8,34.6,12.8,20.6,62.2
2016-17,Regular+Season,GSW,Golden State Warriors,82,241.2,67,15,9.6,6.8,35.0,16.2,26.7,60.7
2016-17,Regular+Season,HOU,Houston Rockets,82,241.2,55,27,8.2,4.3,33.5,18.0,26.6,67.8
2016-17,Regular+Season,IND,Indiana Pacers,81,242.2,42,39,8.1,5.0,33.1,13.6,22.0,61.7
2016-17,Regular+Season,LAC,LA Clippers,82,240.9,51,31,7.5,4.2,34.0,14.3,21.4,66.7
2016-17,Regular+Season,LAL,Los Angeles Lakers,82,240.3,26,56,8.2,3.9,32.1,16.7,24.7,67.7
2016-17,Regular+Season,MEM,Memphis Grizzlies,82,242.7,43,39,8.0,4.2,32.0,12.8,20.7,61.9
2016-17,Regular+Season,MIA,Miami Heat,82,241.2,41,41,7.2,5.7,33.0,14.4,24.3,59.0
2016-17,Regular+Season,MIL,Milwaukee Bucks,82,241.2,42,40,8.1,5.3,31.6,15.4,24.6,62.8
2016-17,Regular+Season,MIN,Minnesota Timberwolves,82,241.5,31,51,8.0,4.5,31.0,16.6,25.4,65.5
2016-17,Regular+Season,NOP,New Orleans Pelicans,82,242.7,34,48,7.8,5.5,35.1,16.0,24.5,65.3
2016-17,Regular+Season,NYK,New York Knicks,82,242.1,31,51,7.1,5.5,33.2,16.5,26.7,61.7
2016-17,Regular+Season,OKC,Oklahoma City Thunder,82,241.5,47,35,7.9,5.0,34.4,16.0,26.2,61.2
2016-17,Regular+Season,ORL,Orlando Magic,82,241.5,29,53,7.1,4.8,33.3,16.0,25.0,64.1
2016-17,Regular+Season,PHI,Philadelphia 76ers,82,241.8,28,54,8.4,5.1,33.0,15.9,25.5,62.1
2016-17,Regular+Season,PHX,Phoenix Suns,80,241.9,23,57,8.3,4.9,33.1,15.3,24.6,62.2
2016-17,Regular+Season,POR,Portland Trail Blazers,82,243.1,41,41,7.0,5.0,33.5,13.2,22.7,58.1
2016-17,Regular+Season,SAC,Sacramento Kings,82,242.4,32,50,7.6,4.0,32.3,14.4,22.3,64.5
2016-17,Regular+Season,SAS,San Antonio Spurs,81,241.5,61,20,8.0,6.0,34.0,13.6,23.1,59.0
2016-17,Regular+Season,TOR,Toronto Raptors,81,241.2,50,31,8.2,4.8,32.6,14.5,23.3,62.2
2016-17,Regular+Season,UTA,Utah Jazz,82,240.9,51,31,6.7,5.0,33.8,13.4,23.1,58.1
2016-17,Regular+Season,WAS,Washington Wizards,82,242.1,49,33,8.5,4.1,32.6,15.5,24.3,63.6
2016-17,Playoffs,ATL,Atlanta Hawks,6,240.0,2,4,6.0,3.3,33.0,12.7,20.7,61.3
2016-17,Playoffs,BOS,Boston Celtics,18,241.4,9,9,7.7,4.1,28.5,16.2,24.5,66.0
2016-17,Playoffs,CHI,Chicago Bulls,6,240.0,2,4,7.2,5.2,34.2,17.8,26.3,67.7
2016-17,Playoffs,CLE,Cleveland Cavaliers,18,240.0,13,5,7.4,4.7,32.9,14.6,23.1,63.2
2016-17,Playoffs,GSW,Golden State Warriors,17,240.0,16,1,8.7,6.1,36.5,15.8,27.1,58.3
2016-17,Playoffs,HOU,Houston Rockets,11,242.3,6,5,7.7,4.6,33.0,17.9,27.8,64.4
2016-17,Playoffs,IND,Indiana Pacers,4,240.0,0,4,8.0,3.8,30.3,12.0,18.8,64.0
2016-17,Playoffs,LAC,LA Clippers,7,240.0,3,4,6.3,2.4,30.0,10.9,14.7,73.8
2016-17,Playoffs,MEM,Memphis Grizzlies,6,244.2,2,4,5.2,2.5,27.8,11.0,16.3,67.3
2016-17,Playoffs,MIL,Milwaukee Bucks,6,240.0,2,4,8.2,5.0,29.8,13.2,23.8,55.2
2016-17,Playoffs,OKC,Oklahoma City Thunder,5,240.0,1,4,8.4,8.0,31.4,19.4,29.8,65.1
2016-17,Playoffs,POR,Portland Trail Blazers,4,240.0,0,4,7.3,4.8,34.0,16.0,23.3,68.8
2016-17,Playoffs,SAS,San Antonio Spurs,16,243.1,8,8,7.8,4.7,31.7,13.7,22.6,60.5
2016-17,Playoffs,TOR,Toronto Raptors,10,240.0,4,6,7.4,4.4,32.5,11.6,19.4,59.8
2016-17,Playoffs,UTA,Utah Jazz,11,240.0,4,7,7.4,3.2,32.4,14.5,20.0,72.7
2016-17,Playoffs,WAS,Washington Wizards,13,241.9,7,6,7.9,6.6,31.8,15.7,24.5,63.9
2017-18,Regular+Season,ATL,Atlanta Hawks,81,240.3,24,57,7.8,4.3,32.9,15.5,23.9,64.8
2017-18,Regular+Season,BOS,Boston Celtics,79,241.6,52,27,7.3,4.6,35.1,15.3,23.7,64.6
2017-18,Regular+Season,BKN,Brooklyn Nets,80,242.2,27,53,6.3,4.8,34.7,15.4,25.0,61.5
2017-18,Regular+Season,CHA,Charlotte Hornets,82,241.2,36,46,6.8,4.5,35.4,14.7,22.2,66.5
2017-18,Regular+Season,CHI,Chicago Bulls,82,242.1,27,55,7.6,3.5,35.0,16.3,24.5,66.6
2017-18,Regular+Season,CLE,Cleveland Cavaliers,82,240.6,50,32,7.1,3.8,33.7,17.2,25.7,66.8
2017-18,Regular+Season,DAL,Dallas Mavericks,82,241.5,24,58,7.0,3.8,33.1,14.4,21.4,67.3
2017-18,Regular+Season,DEN,Denver Nuggets,82,242.4,46,36,7.6,4.9,33.5,16.6,25.6,64.7
2017-18,Regular+Season,DET,Detroit Pistons,82,241.5,39,43,7.7,3.9,33.6,15.1,23.3,64.8
2017-18,Regular+Season,GSW,Golden State Warriors,82,240.6,58,24,8.0,7.5,35.1,16.9,27.1,62.4
2017-18,Regular+Season,HOU,Houston Rockets,82,240.9,65,17,8.5,4.8,34.5,17.5,26.4,66.3
2017-18,Regular+Season,IND,Indiana Pacers,82,240.9,48,34,8.8,4.1,32.7,16.0,24.1,66.3
2017-18,Regular+Season,LAC,LA Clippers,82,240.3,42,40,7.7,4.5,33.7,16.0,24.4,65.6
2017-18,Regular+Season,LAL,Los Angeles Lakers,82,242.7,35,47,7.7,4.7,35.7,17.3,26.7,64.7
2017-18,Regular+Season,MEM,Memphis Grizzlies,82,240.3,22,60,7.5,4.8,31.0,15.6,23.2,67.3
2017-18,Regular+Season,MIA,Miami Heat,81,243.1,43,38,7.6,5.3,34.1,15.3,24.2,63.2
2017-18,Regular+Season,MIL,Milwaukee Bucks,81,241.9,44,37,8.8,5.4,31.4,17.4,27.5,63.5
2017-18,Regular+Season,MIN,Minnesota Timberwolves,82,241.5,47,35,8.4,4.2,31.6,17.2,25.5,67.5
2017-18,Regular+Season,NOP,New Orleans Pelicans,82,243.4,48,34,8.0,5.9,35.6,17.0,26.4,64.3
2017-18,Regular+Season,NYK,New York Knicks,81,241.9,28,53,6.7,5.2,33.6,15.3,24.3,62.9
2017-18,Regular+Season,OKC,Oklahoma City Thunder,80,241.9,48,32,9.1,5.0,32.6,16.0,24.5,65.4
2017-18,Regular+Season,ORL,Orlando Magic,82,240.6,25,57,7.6,4.9,32.8,17.4,27.0,64.3
2017-18,Regular+Season,PHI,Philadelphia 76ers,81,241.2,52,29,8.3,5.1,36.6,14.6,23.9,60.9
2017-18,Regular+Season,PHX,Phoenix Suns,82,240.3,21,61,6.9,4.5,33.9,17.0,26.4,64.2
2017-18,Regular+Season,POR,Portland Trail Blazers,82,240.9,49,33,7.0,5.2,35.3,13.5,22.9,58.8
2017-18,Regular+Season,SAC,Sacramento Kings,82,240.9,27,55,7.8,4.1,31.4,15.6,23.7,65.9
2017-18,Regular+Season,SAS,San Antonio Spurs,82,240.6,47,35,7.7,5.6,33.9,14.9,24.0,61.9
2017-18,Regular+Season,TOR,Toronto Raptors,82,241.8,59,23,7.6,6.1,34.2,15.7,26.0,60.5
2017-18,Regular+Season,UTA,Utah Jazz,82,240.9,48,34,8.6,5.1,34.2,14.2,23.0,61.8
2017-18,Regular+Season,WAS,Washington Wizards,82,242.1,43,39,7.9,4.3,33.1,16.8,25.3,66.6
2017-18,Playoffs,BOS,Boston Celtics,19,242.6,11,8,6.8,4.1,32.8,14.5,21.5,67.2
2017-18,Playoffs,CLE,Cleveland Cavaliers,22,242.3,12,10,6.0,4.4,31.6,17.3,26.7,64.9
2017-18,Playoffs,GSW,Golden State Warriors,21,241.2,16,5,7.9,5.8,35.9,15.4,25.4,60.5
2017-18,Playoffs,HOU,Houston Rockets,17,240.0,11,6,8.1,5.5,34.2,17.4,26.6,65.3
2017-18,Playoffs,IND,Indiana Pacers,7,240.0,3,4,8.1,2.7,31.9,13.6,18.1,74.8
2017-18,Playoffs,MIA,Miami Heat,5,240.0,1,4,8.8,6.4,31.4,17.4,29.8,58.4
2017-18,Playoffs,MIL,Milwaukee Bucks,7,243.6,3,4,6.6,6.7,33.0,15.3,25.6,59.8
2017-18,Playoffs,MIN,Minnesota Timberwolves,5,240.0,1,4,5.0,3.2,36.6,16.4,25.2,65.1
2017-18,Playoffs,NOP,New Orleans Pelicans,9,240.0,5,4,8.1,5.0,37.7,17.6,25.6,68.7
2017-18,Playoffs,OKC,Oklahoma City Thunder,6,240.0,2,4,8.8,4.2,34.7,17.0,27.7,61.4
2017-18,Playoffs,PHI,Philadelphia 76ers,10,242.5,5,5,7.8,4.1,36.1,14.0,23.5,59.6
2017-18,Playoffs,POR,Portland Trail Blazers,4,240.0,0,4,8.3,3.8,32.3,21.0,27.5,76.4
2017-18,Playoffs,SAS,San Antonio Spurs,5,240.0,1,4,7.6,3.0,29.2,12.6,19.8,63.6
2017-18,Playoffs,TOR,Toronto Raptors,10,242.5,4,6,5.7,6.1,30.7,16.8,25.4,66.1
2017-18,Playoffs,UTA,Utah Jazz,11,240.0,5,6,7.5,5.0,35.6,14.0,24.1,58.1
2017-18,Playoffs,WAS,Washington Wizards,6,240.0,2,4,7.8,5.2,31.5,16.7,25.8,64.5
2018-19,Regular+Season,ATL,Atlanta Hawks,82,242.1,29,53,8.2,5.1,34.5,16.6,25.4,65.4
2018-19,Regular+Season,BOS,Boston Celtics,82,241.2,49,33,8.6,5.3,34.7,15.7,24.5,63.8
2018-19,Regular+Season,BKN,Brooklyn Nets,82,243.7,42,40,6.6,4.1,35.6,15.8,25.5,62.0
2018-19,Regular+Season,CHA,Charlotte Hornets,82,241.8,39,43,7.2,4.9,33.9,17.3,26.2,66.2
2018-19,Regular+Season,CHI,Chicago Bulls,81,242.8,22,59,7.3,4.3,34.2,16.8,25.5,65.7
2018-19,Regular+Season,CLE,Cleveland Cavaliers,82,240.9,19,63,6.5,2.4,31.9,17.8,25.7,69.4
2018-19,Regular+Season,DAL,Dallas Mavericks,82,241.2,33,49,6.5,4.3,35.2,16.2,24.6,65.9
2018-19,Regular+Season,DEN,Denver Nuggets,82,240.6,54,28,7.7,4.4,34.5,16.4,25.5,64.3
2018-19,Regular+Season,DET,Detroit Pistons,82,242.1,41,41,6.9,4.0,33.6,16.6,25.3,65.6
2018-19,Regular+Season,GSW,Golden State Warriors,82,241.5,57,25,7.6,6.4,36.5,15.7,24.8,63.3
2018-19,Regular+Season,HOU,Houston Rockets,82,241.8,53,29,8.5,4.9,31.9,17.4,26.3,66.3
2018-19,Regular+Season,IND,Indiana Pacers,82,240.3,48,34,8.7,4.9,33.7,15.9,25.2,63.2
2018-19,Regular+Season,LAC,LA Clippers,82,241.8,48,34,6.8,4.7,35.8,17.4,26.9,64.7
2018-19,Regular+Season,LAL,Los Angeles Lakers,82,241.2,37,45,7.5,5.4,36.4,17.2,27.6,62.3
2018-19,Regular+Season,MEM,Memphis Grizzlies,82,242.4,33,49,8.3,5.5,33.0,14.8,23.5,62.9
2018-19,Regular+Season,MIA,Miami Heat,82,240.6,39,43,7.6,5.5,35.1,13.7,22.7,60.1
2018-19,Regular+Season,MIL,Milwaukee Bucks,82,241.2,60,22,7.5,5.9,40.4,12.5,21.1,59.2
2018-19,Regular+Season,MIN,Minnesota Timberwolves,82,241.8,36,46,8.3,5.0,33.5,17.4,26.9,64.6
2018-19,Regular+Season,NOP,New Orleans Pelicans,82,240.9,33,49,7.4,5.4,36.2,17.7,27.0,65.6
2018-19,Regular+Season,NYK,New York Knicks,81,241.2,17,64,6.8,5.2,34.3,17.3,26.9,64.4
2018-19,Regular+Season,OKC,Oklahoma City Thunder,81,242.2,48,33,9.3,5.2,35.5,16.7,26.6,62.9
2018-19,Regular+Season,ORL,Orlando Magic,80,241.3,40,40,6.6,5.4,35.3,15.4,24.4,63.0
2018-19,Regular+Season,PHI,Philadelphia 76ers,81,241.5,51,30,7.4,5.2,36.9,16.9,27.2,62.0
2018-19,Regular+Season,PHX,Phoenix Suns,82,242.4,19,63,9.0,5.1,31.3,18.7,28.6,65.6
2018-19,Regular+Season,POR,Portland Trail Blazers,82,242.1,53,29,6.7,5.0,36.2,15.4,24.1,63.9
2018-19,Regular+Season,SAC,Sacramento Kings,82,240.6,39,43,8.3,4.4,34.4,18.0,26.9,66.9
2018-19,Regular+Season,SAS,San Antonio Spurs,82,241.5,48,34,6.1,4.7,35.5,14.4,22.0,65.4
2018-19,Regular+Season,TOR,Toronto Raptors,82,242.4,58,24,8.3,5.3,35.6,15.4,24.6,62.8
2018-19,Regular+Season,UTA,Utah Jazz,81,240.9,50,31,8.0,5.9,36.4,15.0,24.9,60.1
2018-19,Regular+Season,WAS,Washington Wizards,81,243.1,31,50,8.3,4.7,32.6,19.2,29.0,66.3
2018-19,Playoffs,BOS,Boston Celtics,9,240.0,5,4,5.9,3.8,40.3,15.4,25.6,60.4
2018-19,Playoffs,BKN,Brooklyn Nets,5,240.0,1,4,7.6,2.8,29.2,18.6,27.6,67.4
2018-19,Playoffs,DEN,Denver Nuggets,14,247.1,7,7,5.7,4.6,34.6,14.9,24.1,62.0
2018-19,Playoffs,DET,Detroit Pistons,4,240.0,0,4,7.3,4.0,31.5,20.5,25.8,79.6
2018-19,Playoffs,GSW,Golden State Warriors,22,242.3,14,8,7.4,5.7,33.2,14.0,22.9,60.9
2018-19,Playoffs,HOU,Houston Rockets,11,242.3,6,5,8.5,5.1,33.3,17.3,25.0,69.1
2018-19,Playoffs,IND,Indiana Pacers,4,240.0,0,4,8.3,3.5,32.3,9.8,17.3,56.5
2018-19,Playoffs,LAC,LA Clippers,6,240.0,2,4,8.0,3.3,30.2,16.7,23.2,71.9
2018-19,Playoffs,MIL,Milwaukee Bucks,15,243.3,10,5,6.7,6.4,41.8,11.7,20.8,56.4
2018-19,Playoffs,OKC,Oklahoma City Thunder,5,240.0,1,4,6.6,5.4,33.0,15.4,27.6,55.8
2018-19,Playoffs,ORL,Orlando Magic,5,240.0,1,4,6.6,4.0,33.8,16.0,23.2,69.0
2018-19,Playoffs,PHI,Philadelphia 76ers,12,240.0,7,5,6.3,5.4,37.1,14.2,23.7,59.9
2018-19,Playoffs,POR,Portland Trail Blazers,16,247.8,8,8,6.9,5.1,33.8,16.4,26.0,63.0
2018-19,Playoffs,SAS,San Antonio Spurs,7,240.0,3,4,4.6,4.0,34.4,15.0,25.6,58.7
2018-19,Playoffs,TOR,Toronto Raptors,24,242.1,16,8,8.0,4.6,34.0,13.4,21.7,61.7
2018-19,Playoffs,UTA,Utah Jazz,5,240.0,1,4,9.2,5.4,35.4,13.6,23.4,58.1
2019-20,Regular+Season,ATL,Atlanta Hawks,67,243.0,20,47,7.8,5.1,33.4,19.9,31.0,64.2
2019-20,Regular+Season,BOS,Boston Celtics,72,242.1,48,24,8.3,5.6,35.4,16.1,25.8,62.3
2019-20,Regular+Season,BKN,Brooklyn Nets,72,242.8,35,37,6.4,4.5,37.3,15.7,25.5,61.7
2019-20,Regular+Season,CHA,Charlotte Hornets,64,242.3,23,41,6.6,4.1,31.8,19.2,29.4,65.1
2019-20,Regular+Season,CHI,Chicago Bulls,65,241.2,22,43,10.0,4.1,31.4,19.2,28.6,67.0
2019-20,Regular+Season,CLE,Cleveland Cavaliers,65,241.9,19,46,6.9,3.2,33.4,20.9,31.1,67.3
2019-20,Regular+Season,DAL,Dallas Mavericks,73,242.1,41,32,6.2,4.7,36.2,18.0,29.0,62.1
2019-20,Regular+Season,DEN,Denver Nuggets,73,243.1,46,27,8.0,4.6,33.4,17.6,27.5,64.1
2019-20,Regular+Season,DET,Detroit Pistons,65,241.9,20,45,7.4,4.6,32.0,18.8,29.1,64.6
2019-20,Regular+Season,GSW,Golden State Warriors,65,241.9,15,50,8.2,4.6,32.9,18.4,29.2,63.0
2019-20,Regular+Season,HOU,Houston Rockets,72,241.4,44,28,8.7,5.2,34.5,19.5,29.2,67.0
2019-20,Regular+Season,IND,Indiana Pacers,73,241.4,45,28,7.4,5.2,34.1,17.5,28.5,61.6
2019-20,Regular+Season,LAC,LA Clippers,72,241.4,49,23,7.1,4.7,37.0,15.6,25.2,61.9
2019-20,Regular+Season,LAL,Los Angeles Lakers,71,240.7,52,19,8.6,6.6,35.1,16.5,26.7,61.7
2019-20,Regular+Season,MEM,Memphis Grizzlies,73,240.7,34,39,7.9,5.5,36.2,16.3,26.7,61.0
2019-20,Regular+Season,MIA,Miami Heat,72,243.1,44,28,7.5,4.5,35.9,16.3,24.3,67.1
2019-20,Regular+Season,MIL,Milwaukee Bucks,72,241.0,55,17,7.2,5.8,42.3,12.4,23.2,53.6
2019-20,Regular+Season,MIN,Minnesota Timberwolves,64,243.1,19,45,8.7,5.7,34.3,19.0,29.7,63.9
2019-20,Regular+Season,NOP,New Orleans Pelicans,71,241.8,30,41,7.5,5.0,35.4,19.6,30.8,63.7
2019-20,Regular+Season,NYK,New York Knicks,66,241.9,21,45,7.6,4.7,34.5,16.2,24.7,65.5
2019-20,Regular+Season,OKC,Oklahoma City Thunder,72,242.1,44,28,7.6,4.9,34.7,17.6,28.5,61.7
2019-20,Regular+Season,ORL,Orlando Magic,73,240.7,33,40,8.2,5.4,34.2,16.4,26.4,62.1
2019-20,Regular+Season,PHI,Philadelphia 76ers,73,241.0,43,30,8.0,5.3,35.0,17.3,26.8,64.3
2019-20,Regular+Season,PHX,Phoenix Suns,72,240.7,34,38,7.7,4.0,33.5,18.3,28.5,64.1
2019-20,Regular+Season,POR,Portland Trail Blazers,73,241.0,34,39,6.2,6.1,35.1,17.1,28.1,60.9
2019-20,Regular+Season,SAC,Sacramento Kings,71,242.5,31,40,7.8,4.0,32.8,17.6,26.5,66.5
2019-20,Regular+Season,SAS,San Antonio Spurs,70,242.1,31,39,7.3,5.4,35.4,17.5,27.8,62.8
2019-20,Regular+Season,TOR,Toronto Raptors,71,241.4,52,19,8.8,5.0,35.9,15.0,25.4,58.9
2019-20,Regular+Season,UTA,Utah Jazz,72,241.0,44,28,6.1,4.1,35.8,16.4,26.4,62.1
2019-20,Regular+Season,WAS,Washington Wizards,72,241.0,25,47,8.0,4.3,31.9,19.0,29.1,65.3
2019-20,Playoffs,BOS,Boston Celtics,17,244.4,10,7,6.7,4.8,36.5,13.8,23.5,58.5
2019-20,Playoffs,BKN,Brooklyn Nets,4,240.0,0,4,5.0,4.5,35.0,17.8,28.0,63.4
2019-20,Playoffs,DAL,Dallas Mavericks,6,244.2,2,4,6.5,3.7,35.5,15.7,24.0,65.3
2019-20,Playoffs,DEN,Denver Nuggets,19,241.3,9,10,6.2,4.0,31.4,15.9,24.9,63.9
2019-20,Playoffs,HOU,Houston Rockets,12,242.1,5,7,9.1,3.5,32.2,16.5,24.8,66.4
2019-20,Playoffs,IND,Indiana Pacers,4,240.0,0,4,9.3,5.5,30.8,15.3,26.5,57.5
2019-20,Playoffs,LAC,LA Clippers,13,241.9,7,6,7.5,3.7,34.5,14.5,21.6,66.9
2019-20,Playoffs,LAL,Los Angeles Lakers,21,240.0,16,5,8.0,5.3,33.5,15.3,24.8,61.9
2019-20,Playoffs,MIA,Miami Heat,21,242.4,14,7,6.9,3.9,33.6,15.9,24.5,64.9
2019-20,Playoffs,MIL,Milwaukee Bucks,10,242.5,5,5,7.2,4.2,37.3,10.0,16.2,61.7
2019-20,Playoffs,OKC,Oklahoma City Thunder,7,243.6,3,4,5.3,4.0,40.9,15.7,27.4,57.3
2019-20,Playoffs,ORL,Orlando Magic,5,240.0,1,4,6.8,3.2,36.4,16.8,24.4,68.9
2019-20,Playoffs,PHI,Philadelphia 76ers,4,240.0,0,4,5.0,4.5,33.8,13.5,22.3,60.7
2019-20,Playoffs,POR,Portland Trail Blazers,5,240.0,1,4,7.4,3.6,33.0,21.6,32.2,67.1
2019-20,Playoffs,TOR,Toronto Raptors,11,244.5,7,4,7.1,5.5,36.5,13.5,21.5,62.4
2019-20,Playoffs,UTA,Utah Jazz,7,243.6,3,4,6.1,3.1,31.9,12.3,22.9,53.8
2019-20,PlayIn,MEM,Memphis Grizzlies,1,240.0,0,1,5.0,6.0,37.0,6.0,13.0,46.2
2019-20,PlayIn,POR,Portland Trail Blazers,1,240.0,1,0,12.0,7.0,30.0,18.0,30.0,60.0
2019-20,IST,NOP,New Orleans Pelicans,1,265.0,0,1,4.0,9.0,37.0,22.0,42.0,52.4
2019-20,IST,TOR,Toronto Raptors,1,265.0,1,0,7.0,3.0,41.0,14.0,26.0,53.8
2020-21,Regular+Season,ATL,Atlanta Hawks,72,241.7,41,31,7.0,4.8,35.1,17.5,27.3,64.2
2020-21,Regular+Season,BOS,Boston Celtics,72,241.4,36,36,7.7,5.3,33.6,15.8,24.9,63.6
2020-21,Regular+Season,BKN,Brooklyn Nets,72,241.7,48,24,6.7,5.3,35.5,15.8,24.4,64.7
2020-21,Regular+Season,CHA,Charlotte Hornets,72,241.0,33,39,7.8,4.8,33.2,17.6,26.9,65.4
2020-21,Regular+Season,CHI,Chicago Bulls,72,241.4,31,41,6.7,4.2,35.3,16.9,26.7,63.4
2020-21,Regular+Season,CLE,Cleveland Cavaliers,72,242.1,22,50,7.8,4.5,32.3,18.3,29.0,63.0
2020-21,Regular+Season,DAL,Dallas Mavericks,72,240.3,42,30,6.3,4.3,34.2,15.5,24.3,64.0
2020-21,Regular+Season,DEN,Denver Nuggets,72,242.8,47,25,8.1,4.5,33.9,17.0,25.4,66.9
2020-21,Regular+Season,DET,Detroit Pistons,72,242.1,20,52,7.4,5.2,33.1,17.8,27.8,63.7
2020-21,Regular+Season,GSW,Golden State Warriors,72,240.3,39,33,8.2,4.8,35.1,16.4,26.7,61.6
2020-21,Regular+Season,HOU,Houston Rockets,72,240.3,17,55,7.6,5.0,33.3,17.5,27.1,64.7
2020-21,Regular+Season,IND,Indiana Pacers,72,242.4,34,38,8.5,6.4,33.7,19.8,32.4,61.1
2020-21,Regular+Season,LAC,LA Clippers,72,240.0,47,25,7.1,4.1,34.7,15.5,24.1,64.2
2020-21,Regular+Season,LAL,Los Angeles Lakers,72,242.4,42,30,7.8,5.4,34.6,17.0,26.2,65.0
2020-21,Regular+Season,MEM,Memphis Grizzlies,72,241.7,38,34,9.1,5.1,35.3,16.0,25.4,62.7
2020-21,Regular+Season,MIA,Miami Heat,72,241.4,40,32,7.9,4.0,33.5,15.1,23.5,64.2
2020-21,Regular+Season,MIL,Milwaukee Bucks,72,240.7,46,26,8.1,4.6,37.8,14.2,23.9,59.4
2020-21,Regular+Season,MIN,Minnesota Timberwolves,72,241.7,23,49,8.8,5.5,33.0,18.5,29.1,63.7
2020-21,Regular+Season,NOP,New Orleans Pelicans,72,242.1,31,41,7.6,4.4,35.7,16.3,24.4,66.9
2020-21,Regular+Season,NYK,New York Knicks,72,242.1,41,31,7.0,5.1,35.5,15.6,25.6,60.8
2020-21,Regular+Season,OKC,Oklahoma City Thunder,72,241.0,22,50,7.0,4.4,35.7,17.9,27.2,65.6
2020-21,Regular+Season,ORL,Orlando Magic,72,240.7,21,51,6.9,4.4,35.1,17.3,26.7,64.9
2020-21,Regular+Season,PHI,Philadelphia 76ers,72,242.1,49,23,9.1,6.2,35.0,16.5,25.8,63.9
2020-21,Regular+Season,PHX,Phoenix Suns,72,242.8,51,21,7.2,4.3,34.2,16.4,24.9,65.8
2020-21,Regular+Season,POR,Portland Trail Blazers,72,240.3,42,30,6.9,5.0,33.9,17.0,25.6,66.2
2020-21,Regular+Season,SAC,Sacramento Kings,72,240.3,31,41,7.5,5.0,32.0,19.1,29.3,65.1
2020-21,Regular+Season,SAS,San Antonio Spurs,72,242.8,33,39,7.0,5.1,34.6,17.9,29.7,60.3
2020-21,Regular+Season,TOR,Toronto Raptors,72,240.3,27,45,8.6,5.4,32.1,15.9,24.8,64.0
2020-21,Regular+Season,UTA,Utah Jazz,72,241.0,52,20,6.6,5.2,37.6,15.8,25.8,61.4
2020-21,Regular+Season,WAS,Washington Wizards,72,241.7,34,38,7.3,4.1,35.5,16.1,26.2,61.5
2020-21,Playoffs,ATL,Atlanta Hawks,18,240.0,10,8,6.7,4.4,33.3,15.8,23.8,66.6
2020-21,Playoffs,BOS,Boston Celtics,5,240.0,1,4,6.4,7.0,28.8,15.2,24.6,61.8
2020-21,Playoffs,BKN,Brooklyn Nets,12,242.1,7,5,7.1,4.8,34.3,15.4,24.3,63.6
2020-21,Playoffs,DAL,Dallas Mavericks,7,240.0,3,4,5.6,2.1,30.3,14.3,21.6,66.2
2020-21,Playoffs,DEN,Denver Nuggets,10,245.0,4,6,6.1,4.3,31.9,14.2,21.3,66.7
2020-21,Playoffs,LAC,LA Clippers,19,240.0,10,9,6.8,4.3,32.4,12.9,19.4,66.8
2020-21,Playoffs,LAL,Los Angeles Lakers,6,240.0,2,4,6.7,4.0,32.7,13.3,19.0,70.2
2020-21,Playoffs,MEM,Memphis Grizzlies,5,240.0,1,4,8.0,4.0,30.0,15.4,21.8,70.6
2020-21,Playoffs,MIA,Miami Heat,4,246.2,0,4,7.3,3.5,33.3,17.3,24.5,70.4
2020-21,Playoffs,MIL,Milwaukee Bucks,23,242.2,16,7,7.8,4.2,36.1,11.5,18.9,60.9
2020-21,Playoffs,NYK,New York Knicks,5,240.0,1,4,5.8,2.8,34.6,10.6,17.0,62.4
2020-21,Playoffs,PHI,Philadelphia 76ers,12,240.0,7,5,8.0,6.2,35.7,15.4,24.0,64.2
2020-21,Playoffs,PHX,Phoenix Suns,22,240.0,14,8,6.5,4.2,34.7,15.7,24.2,65.0
2020-21,Playoffs,POR,Portland Trail Blazers,6,248.3,2,4,5.2,5.5,32.3,18.3,28.2,65.1
2020-21,Playoffs,UTA,Utah Jazz,11,240.0,6,5,5.2,4.1,33.0,14.7,22.7,64.8
2020-21,Playoffs,WAS,Washington Wizards,5,240.0,1,4,4.8,4.8,32.8,17.8,26.6,66.9
2020-21,PlayIn,BOS,Boston Celtics,1,240.0,1,0,8.0,5.0,35.0,18.0,29.0,62.1
2020-21,PlayIn,CHA,Charlotte Hornets,1,240.0,0,1,8.0,6.0,29.0,31.0,48.0,64.6
2020-21,PlayIn,GSW,Golden State Warriors,2,252.5,0,2,7.5,7.5,37.0,17.0,28.5,59.6
2020-21,PlayIn,IND,Indiana Pacers,2,240.0,1,1,8.0,4.5,36.5,27.0,39.0,69.2
2020-21,PlayIn,LAL,Los Angeles Lakers,1,240.0,1,0,15.0,7.0,36.0,14.0,24.0,58.3
2020-21,PlayIn,MEM,Memphis Grizzlies,2,252.5,2,0,9.0,8.5,38.0,15.0,28.0,53.6
2020-21,PlayIn,SAS,San Antonio Spurs,1,240.0,0,1,5.0,7.0,40.0,18.0,28.0,64.3
2020-21,PlayIn,WAS,Washington Wizards,2,240.0,1,1,6.0,9.0,40.5,15.0,29.5,50.8
2021-22,Regular+Season,ATL,Atlanta Hawks,82,240.3,43,39,7.2,4.2,33.9,17.1,25.3,67.5
2021-22,Regular+Season,BOS,Boston Celtics,81,242.8,51,30,7.2,5.8,35.6,14.6,23.8,61.5
2021-22,Regular+Season,BKN,Brooklyn Nets,82,240.9,44,38,7.1,5.5,34.1,16.8,26.1,64.4
2021-22,Regular+Season,CHA,Charlotte Hornets,81,242.5,43,38,8.6,4.9,33.9,17.6,26.7,65.8
2021-22,Regular+Season,CHI,Chicago Bulls,82,240.6,46,36,7.1,4.1,33.7,17.7,26.8,66.1
2021-22,Regular+Season,CLE,Cleveland Cavaliers,82,240.6,44,38,7.1,4.2,34.0,16.9,27.1,62.1
2021-22,Regular+Season,DAL,Dallas Mavericks,82,240.9,52,30,6.7,4.0,33.8,16.3,25.0,65.4
2021-22,Regular+Season,DEN,Denver Nuggets,82,241.5,48,34,7.2,3.7,34.9,17.2,25.7,66.7
2021-22,Regular+Season,DET,Detroit Pistons,81,241.2,23,58,7.7,4.8,32.0,17.9,27.6,64.8
2021-22,Regular+Season,GSW,Golden State Warriors,81,240.6,53,28,8.7,4.5,35.7,15.5,24.3,63.9
2021-22,Regular+Season,HOU,Houston Rockets,82,240.9,20,62,7.3,4.7,32.4,19.4,28.8,67.4
2021-22,Regular+Season,IND,Indiana Pacers,82,242.4,25,57,7.1,5.6,32.6,19.0,28.9,65.8
2021-22,Regular+Season,LAC,LA Clippers,81,241.2,42,39,7.4,4.9,34.8,17.0,27.5,61.8
2021-22,Regular+Season,LAL,Los Angeles Lakers,82,243.7,33,49,7.6,5.2,34.5,18.5,27.3,67.8
2021-22,Regular+Season,MEM,Memphis Grizzlies,81,241.2,55,26,9.8,6.5,34.9,17.2,27.5,62.7
2021-22,Regular+Season,MIA,Miami Heat,82,242.1,53,29,7.4,3.2,33.9,14.3,21.7,66.1
2021-22,Regular+Season,MIL,Milwaukee Bucks,82,240.9,51,31,7.6,4.0,36.5,15.1,23.5,64.5
2021-22,Regular+Season,MIN,Minnesota Timberwolves,82,241.2,46,36,8.8,5.6,32.9,17.3,25.8,66.9
2021-22,Regular+Season,NOP,New Orleans Pelicans,81,240.9,35,46,8.3,4.0,33.2,15.1,22.1,68.3
2021-22,Regular+Season,NYK,New York Knicks,81,241.2,36,45,6.9,4.9,34.7,15.4,23.6,65.4
2021-22,Regular+Season,OKC,Oklahoma City Thunder,82,241.5,24,58,7.6,4.6,35.2,16.5,26.0,63.2
2021-22,Regular+Season,ORL,Orlando Magic,82,241.2,22,60,6.8,4.5,35.2,15.9,24.9,63.9
2021-22,Regular+Season,PHI,Philadelphia 76ers,82,241.5,51,31,7.7,5.3,33.8,16.4,25.0,65.5
2021-22,Regular+Season,PHX,Phoenix Suns,81,240.6,63,18,8.6,4.3,35.4,15.8,25.0,63.2
2021-22,Regular+Season,POR,Portland Trail Blazers,82,240.6,27,55,8.0,4.5,32.5,17.5,25.4,68.7
2021-22,Regular+Season,SAC,Sacramento Kings,81,241.5,29,52,7.2,4.5,33.3,18.6,28.1,66.1
2021-22,Regular+Season,SAS,San Antonio Spurs,82,241.5,34,48,7.6,4.9,34.3,18.2,30.0,60.7
2021-22,Regular+Season,TOR,Toronto Raptors,82,242.1,48,34,9.0,4.6,32.0,16.6,26.1,63.8
2021-22,Regular+Season,UTA,Utah Jazz,82,240.6,49,33,7.2,4.9,35.6,15.4,23.9,64.4
2021-22,Regular+Season,WAS,Washington Wizards,82,241.8,35,47,6.4,5.0,34.1,16.9,26.1,64.8
2021-22,Playoffs,ATL,Atlanta Hawks,5,240.0,1,4,5.8,2.4,30.8,15.6,22.8,68.4
2021-22,Playoffs,BOS,Boston Celtics,24,240.0,14,10,6.4,6.3,33.9,14.0,22.9,61.4
2021-22,Playoffs,BKN,Brooklyn Nets,4,240.0,0,4,8.0,6.5,25.5,19.3,30.0,64.2
2021-22,Playoffs,CHI,Chicago Bulls,5,240.0,1,4,7.8,3.2,35.8,14.8,21.0,70.5
2021-22,Playoffs,DAL,Dallas Mavericks,18,240.0,9,9,7.2,2.8,30.0,15.6,23.8,65.3
2021-22,Playoffs,DEN,Denver Nuggets,5,240.0,1,4,7.0,3.4,30.6,17.2,24.0,71.7
2021-22,Playoffs,GSW,Golden State Warriors,22,240.0,16,6,7.7,5.0,34.1,13.5,21.1,63.7
2021-22,Playoffs,MEM,Memphis Grizzlies,12,240.0,6,6,9.2,6.1,33.4,17.8,28.3,62.9
2021-22,Playoffs,MIA,Miami Heat,18,240.0,11,7,8.3,3.7,31.2,13.6,19.8,68.6
2021-22,Playoffs,MIL,Milwaukee Bucks,12,240.0,7,5,6.3,4.5,40.7,10.2,17.6,57.8
2021-22,Playoffs,MIN,Minnesota Timberwolves,6,240.0,2,4,8.2,7.8,33.0,19.7,30.5,64.5
2021-22,Playoffs,NOP,New Orleans Pelicans,6,240.0,2,4,6.3,3.5,30.5,16.0,21.8,73.3
2021-22,Playoffs,PHI,Philadelphia 76ers,12,242.1,6,6,6.1,4.3,31.3,16.2,22.2,72.9
2021-22,Playoffs,PHX,Phoenix Suns,13,240.0,7,6,6.6,3.8,30.7,13.0,21.1,61.7
2021-22,Playoffs,TOR,Toronto Raptors,6,244.2,2,4,6.7,4.8,27.5,14.7,21.5,68.2
2021-22,Playoffs,UTA,Utah Jazz,6,240.0,2,4,4.0,3.7,35.5,9.7,15.2,63.7
2021-22,PlayIn,ATL,Atlanta Hawks,2,240.0,2,0,5.0,4.5,37.0,15.5,25.0,62.0
2021-22,PlayIn,BKN,Brooklyn Nets,1,240.0,1,0,9.0,9.0,33.0,23.0,40.0,57.5
2021-22,PlayIn,CHA,Charlotte Hornets,1,240.0,0,1,4.0,4.0,30.0,17.0,24.0,70.8
2021-22,PlayIn,CLE,Cleveland Cavaliers,2,240.0,0,2,8.5,3.0,29.0,18.5,25.5,72.5
2021-22,PlayIn,LAC,LA Clippers,2,240.0,0,2,6.0,4.0,32.5,15.0,25.0,60.0
2021-22,PlayIn,MIN,Minnesota Timberwolves,1,240.0,1,0,10.0,2.0,37.0,9.0,16.0,56.3
2021-22,PlayIn,NOP,New Orleans Pelicans,2,240.0,2,0,3.0,5.0,41.0,12.5,19.5,64.1
2021-22,PlayIn,SAS,San Antonio Spurs,1,240.0,0,1,4.0,3.0,26.0,20.0,29.0,69.0
2022-23,Regular+Season,ATL,Atlanta Hawks,82,242.1,41,41,7.1,4.9,33.2,19.9,30.0,66.4
2022-23,Regular+Season,BOS,Boston Celtics,82,243.7,57,25,6.4,5.2,35.6,16.6,25.5,65.2
2022-23,Regular+Season,BKN,Brooklyn Nets,82,240.6,45,37,7.1,6.2,32.3,17.7,28.3,62.8
2022-23,Regular+Season,CHA,Charlotte Hornets,82,241.8,27,55,7.7,5.2,33.5,18.1,28.6,63.2
2022-23,Regular+Season,CHI,Chicago Bulls,81,242.8,39,42,7.8,4.5,33.9,17.0,25.0,68.1
2022-23,Regular+Season,CLE,Cleveland Cavaliers,82,242.4,51,31,7.1,4.7,31.4,16.5,25.9,63.6
2022-23,Regular+Season,DAL,Dallas Mavericks,82,243.1,38,44,6.3,3.7,31.2,18.0,26.6,67.6
2022-23,Regular+Season,DEN,Denver Nuggets,82,240.9,53,29,7.5,4.5,32.9,18.8,27.2,68.9
2022-23,Regular+Season,DET,Detroit Pistons,81,241.5,17,64,7.0,3.8,31.3,19.4,28.4,68.2
2022-23,Regular+Season,GSW,Golden State Warriors,81,241.9,43,38,7.1,3.9,34.0,17.1,26.3,64.9
2022-23,Regular+Season,HOU,Houston Rockets,82,240.9,22,60,7.3,4.6,32.9,18.0,26.6,67.7
2022-23,Regular+Season,IND,Indiana Pacers,82,240.9,35,47,7.7,5.8,31.4,19.8,31.0,63.9
2022-23,Regular+Season,LAC,LA Clippers,82,241.8,44,38,7.1,4.4,33.4,17.1,26.4,64.8
2022-23,Regular+Season,LAL,Los Angeles Lakers,82,242.4,43,39,6.4,4.6,35.7,18.0,27.4,65.8
2022-23,Regular+Season,MEM,Memphis Grizzlies,82,241.2,51,31,8.3,5.8,34.6,17.3,28.1,61.6
2022-23,Regular+Season,MIA,Miami Heat,82,241.5,44,38,8.0,3.0,30.9,15.4,22.0,69.9
2022-23,Regular+Season,MIL,Milwaukee Bucks,82,241.8,58,24,6.4,4.9,37.5,16.1,25.8,62.4
2022-23,Regular+Season,MIN,Minnesota Timberwolves,81,241.9,41,40,8.0,5.4,32.7,17.9,27.9,64.2
2022-23,Regular+Season,NOP,New Orleans Pelicans,82,242.1,42,40,8.3,4.1,33.1,17.7,25.1,70.6
2022-23,Regular+Season,NYK,New York Knicks,82,243.4,47,35,6.4,4.1,34.0,16.0,24.5,65.2
2022-23,Regular+Season,OKC,Oklahoma City Thunder,82,242.1,40,42,8.2,4.2,32.3,18.1,28.1,64.5
2022-23,Regular+Season,ORL,Orlando Magic,82,241.2,34,48,7.4,4.7,33.1,17.2,25.1,68.4
2022-23,Regular+Season,PHI,Philadelphia 76ers,82,242.4,54,28,7.7,4.7,32.2,16.8,24.6,68.0
2022-23,Regular+Season,PHX,Phoenix Suns,82,241.2,45,37,7.1,5.3,32.4,16.8,26.1,64.4
2022-23,Regular+Season,POR,Portland Trail Blazers,81,240.6,33,48,6.7,4.5,31.1,19.9,29.8,66.9
2022-23,Regular+Season,SAC,Sacramento Kings,82,241.8,48,34,7.0,3.4,32.9,18.5,27.8,66.6
2022-23,Regular+Season,SAS,San Antonio Spurs,79,242.2,21,58,7.0,3.9,31.9,20.5,31.3,65.5
2022-23,Regular+Season,TOR,Toronto Raptors,82,241.5,41,41,9.4,5.2,30.3,18.0,27.3,66.1
2022-23,Regular+Season,UTA,Utah Jazz,82,241.5,37,45,6.1,5.2,34.1,19.2,30.6,62.7
2022-23,Regular+Season,WAS,Washington Wizards,82,240.9,35,47,6.8,5.2,34.2,18.5,29.4,63.1
2022-23,Playoffs,ATL,Atlanta Hawks,6,240.0,2,4,7.7,4.8,31.7,21.3,32.2,66.3
2022-23,Playoffs,BOS,Boston Celtics,20,241.3,11,9,6.0,6.4,33.6,14.1,23.2,60.8
2022-23,Playoffs,BKN,Brooklyn Nets,4,240.0,0,4,5.3,3.8,29.3,14.5,27.5,52.7
2022-23,Playoffs,CLE,Cleveland Cavaliers,5,240.0,1,4,6.8,4.0,28.0,16.6,24.6,67.5
2022-23,Playoffs,DEN,Denver Nuggets,20,241.3,16,4,6.9,4.2,34.7,14.3,22.6,63.1
2022-23,Playoffs,GSW,Golden State Warriors,13,240.0,6,7,7.2,4.6,34.5,16.0,25.0,64.0
2022-23,Playoffs,LAC,LA Clippers,5,240.0,1,4,6.6,4.2,28.2,15.4,20.8,74.0
2022-23,Playoffs,LAL,Los Angeles Lakers,16,241.6,8,8,6.8,6.4,35.6,16.5,27.8,59.3
2022-23,Playoffs,MEM,Memphis Grizzlies,6,244.2,2,4,6.7,3.5,33.3,17.7,27.3,64.6
2022-23,Playoffs,MIA,Miami Heat,23,241.1,13,10,7.0,3.6,31.0,14.7,21.4,68.7
2022-23,Playoffs,MIL,Milwaukee Bucks,5,245.0,1,4,6.6,3.6,34.2,15.4,22.0,70.0
2022-23,Playoffs,MIN,Minnesota Timberwolves,5,245.0,1,4,6.6,4.8,30.8,19.2,29.6,64.9
2022-23,Playoffs,NYK,New York Knicks,11,240.0,6,5,7.0,4.5,32.5,14.5,21.3,67.9
2022-23,Playoffs,PHI,Philadelphia 76ers,11,242.3,7,4,7.6,5.3,33.0,13.7,21.3,64.5
2022-23,Playoffs,PHX,Phoenix Suns,11,240.0,6,5,6.3,5.6,30.8,18.4,29.9,61.4
2022-23,Playoffs,SAC,Sacramento Kings,7,240.0,3,4,7.7,4.3,33.7,18.1,28.9,62.9
2022-23,PlayIn,ATL,Atlanta Hawks,1,240.0,1,0,5.0,8.0,41.0,14.0,28.0,50.0
2022-23,PlayIn,CHI,Chicago Bulls,2,240.0,1,1,7.0,6.5,30.0,12.5,24.0,52.1
2022-23,PlayIn,LAL,Los Angeles Lakers,1,265.0,1,0,8.0,7.0,36.0,6.0,16.0,37.5
2022-23,PlayIn,MIA,Miami Heat,2,240.0,1,1,7.0,3.0,37.0,16.0,21.5,74.4
2022-23,PlayIn,MIN,Minnesota Timberwolves,2,252.5,1,1,12.0,9.5,35.5,15.5,29.0,53.4
2022-23,PlayIn,NOP,New Orleans Pelicans,1,240.0,0,1,5.0,4.0,34.0,21.0,29.0,72.4
2022-23,PlayIn,OKC,Oklahoma City Thunder,2,240.0,1,1,8.0,5.5,27.5,18.0,26.0,69.2
2022-23,PlayIn,TOR,Toronto Raptors,1,240.0,0,1,5.0,5.0,34.0,22.0,31.0,71.0
2023-24,Regular+Season,ATL,Atlanta Hawks,82,242.1,36,46,7.5,4.5,32.2,19.7,29.5,66.9
2023-24,Regular+Season,BOS,Boston Celtics,81,241.9,63,18,6.8,6.6,35.7,16.9,27.9,60.6
2023-24,Regular+Season,BKN,Brooklyn Nets,79,241.6,32,47,6.8,5.2,32.7,17.5,27.0,64.7
2023-24,Regular+Season,CHA,Charlotte Hornets,81,240.6,20,61,6.8,4.5,30.9,19.1,28.2,67.7
2023-24,Regular+Season,CHI,Chicago Bulls,81,243.7,39,42,7.8,4.8,32.7,16.3,24.4,66.9
2023-24,Regular+Season,CLE,Cleveland Cavaliers,82,241.5,48,34,7.4,4.6,33.4,17.0,27.1,62.7
2023-24,Regular+Season,DAL,Dallas Mavericks,81,240.3,49,32,6.8,4.9,33.2,17.6,26.8,65.6
2023-24,Regular+Season,DEN,Denver Nuggets,80,240.3,55,25,7.1,5.5,33.8,17.3,27.4,63.2
2023-24,Regular+Season,DET,Detroit Pistons,81,240.9,14,67,6.5,4.7,32.8,18.8,28.6,65.7
2023-24,Regular+Season,GSW,Golden State Warriors,81,241.9,46,35,7.0,4.6,34.6,16.9,25.8,65.6
2023-24,Regular+Season,HOU,Houston Rockets,82,242.1,41,41,7.8,4.6,34.0,16.5,26.1,63.5
2023-24,Regular+Season,IND,Indiana Pacers,82,240.3,47,35,7.7,5.9,31.4,20.7,32.5,63.7
2023-24,Regular+Season,LAC,LA Clippers,81,240.3,50,31,7.8,5.0,32.9,17.6,27.3,64.6
2023-24,Regular+Season,LAL,Los Angeles Lakers,81,242.2,46,35,7.4,5.5,34.7,17.5,26.9,65.0
2023-24,Regular+Season,MEM,Memphis Grizzlies,82,241.2,27,55,8.2,6.1,31.7,18.0,28.8,62.4
2023-24,Regular+Season,MIA,Miami Heat,82,240.9,46,36,7.5,3.4,33.0,16.3,24.1,67.3
2023-24,Regular+Season,MIL,Milwaukee Bucks,82,241.5,49,33,6.8,5.0,34.8,17.0,26.9,63.2
2023-24,Regular+Season,MIN,Minnesota Timberwolves,82,241.5,56,26,7.9,6.1,34.2,15.7,25.9,60.7
2023-24,Regular+Season,NOP,New Orleans Pelicans,81,240.3,49,32,8.4,4.6,33.6,17.2,25.9,66.6
2023-24,Regular+Season,NYK,New York Knicks,82,240.6,50,32,7.5,4.1,32.5,17.0,26.8,63.5
2023-24,Regular+Season,OKC,Oklahoma City Thunder,82,241.5,57,25,8.5,6.6,33.2,17.0,27.8,61.2
2023-24,Regular+Season,ORL,Orlando Magic,82,241.2,47,35,8.2,5.2,31.8,16.8,26.2,64.1
2023-24,Regular+Season,PHI,Philadelphia 76ers,81,241.2,46,35,8.5,6.0,31.8,18.7,28.8,64.8
2023-24,Regular+Season,PHX,Phoenix Suns,81,241.2,49,32,7.5,6.1,34.0,17.5,27.2,64.2
2023-24,Regular+Season,POR,Portland Trail Blazers,81,242.2,20,61,7.6,4.3,30.1,19.5,28.3,69.0
2023-24,Regular+Season,SAC,Sacramento Kings,82,242.1,46,36,7.6,4.2,33.2,17.3,26.6,64.9
2023-24,Regular+Season,SAS,San Antonio Spurs,81,241.9,21,60,7.1,6.3,33.8,20.1,31.3,64.2
2023-24,Regular+Season,TOR,Toronto Raptors,81,241.2,25,56,7.7,4.7,31.8,20.3,30.2,67.3
2023-24,Regular+Season,UTA,Utah Jazz,81,241.5,31,50,6.5,5.6,33.4,19.0,29.8,63.7
2023-24,Regular+Season,WAS,Washington Wizards,82,240.6,15,67,7.6,5.1,31.9,21.8,32.5,67.1
2023-24,Playoffs,BOS,Boston Celtics,19,241.3,16,3,6.3,5.4,33.4,16.0,24.8,64.4
2023-24,Playoffs,CLE,Cleveland Cavaliers,12,240.0,5,7,6.7,4.6,31.1,14.8,23.0,64.5
2023-24,Playoffs,DAL,Dallas Mavericks,22,240.0,13,9,6.3,5.3,32.2,14.5,24.5,59.1
2023-24,Playoffs,DEN,Denver Nuggets,12,240.0,7,5,6.4,4.3,32.6,16.8,25.2,66.6
2023-24,Playoffs,IND,Indiana Pacers,17,242.9,8,9,5.5,4.8,31.1,15.6,24.1,65.0
2023-24,Playoffs,LAC,LA Clippers,6,240.0,2,4,6.2,3.2,30.8,13.8,20.3,68.0
2023-24,Playoffs,LAL,Los Angeles Lakers,5,240.0,1,4,6.0,4.0,33.2,18.6,27.8,66.9
2023-24,Playoffs,MIA,Miami Heat,5,240.0,1,4,4.6,1.4,30.6,15.4,21.6,71.3
2023-24,Playoffs,MIL,Milwaukee Bucks,6,244.2,2,4,5.3,3.2,33.2,15.3,20.7,74.2
2023-24,Playoffs,MIN,Minnesota Timberwolves,16,240.0,9,7,7.3,4.6,31.8,14.6,23.4,62.1
2023-24,Playoffs,NOP,New Orleans Pelicans,4,240.0,0,4,8.8,4.5,33.3,13.8,22.5,61.1
2023-24,Playoffs,NYK,New York Knicks,13,241.9,7,6,5.7,5.4,29.4,16.5,26.8,61.3
2023-24,Playoffs,OKC,Oklahoma City Thunder,10,240.0,6,4,7.8,6.2,32.8,13.6,23.9,56.9
2023-24,Playoffs,ORL,Orlando Magic,7,240.0,3,4,8.0,5.1,33.0,17.1,27.3,62.8
2023-24,Playoffs,PHI,Philadelphia 76ers,6,244.2,2,4,5.5,6.3,30.5,13.3,21.7,61.5
2023-24,Playoffs,PHX,Phoenix Suns,4,240.0,0,4,7.5,4.3,25.3,15.5,25.0,62.0
2023-24,PlayIn,ATL,Atlanta Hawks,1,240.0,0,1,4.0,2.0,26.0,26.0,33.0,78.8
2023-24,PlayIn,CHI,Chicago Bulls,2,240.0,1,1,9.0,7.0,34.0,11.5,18.5,62.2
2023-24,PlayIn,GSW,Golden State Warriors,1,240.0,0,1,5.0,3.0,34.0,14.0,26.0,53.8
2023-24,PlayIn,LAL,Los Angeles Lakers,1,240.0,1,0,8.0,7.0,35.0,24.0,33.0,72.7
2023-24,PlayIn,MIA,Miami Heat,2,240.0,1,1,9.0,5.0,33.5,15.0,27.0,55.6
2023-24,PlayIn,NOP,New Orleans Pelicans,2,240.0,1,1,6.5,5.0,37.0,15.5,23.5,66.0
2023-24,PlayIn,PHI,Philadelphia 76ers,1,240.0,1,0,4.0,3.0,34.0,14.0,24.0,58.3
2023-24,PlayIn,SAC,Sacramento Kings,2,240.0,1,1,9.5,4.5,30.0,20.0,30.0,66.7
2023-24,IST,ATL,Atlanta Hawks,4,240.0,1,3,8.5,4.5,28.3,25.0,35.3,70.9
2023-24,IST,BOS,Boston Celtics,5,240.0,3,2,6.2,5.8,36.4,18.6,30.4,61.2
2023-24,IST,BKN,Brooklyn Nets,4,240.0,3,1,6.0,4.5,36.3,14.3,24.5,58.2
2023-24,IST,CHA,Charlotte Hornets,4,240.0,1,3,7.3,2.0,33.3,17.0,25.5,66.7
2023-24,IST,CHI,Chicago Bulls,4,240.0,0,4,7.5,4.0,29.5,21.5,27.8,77.5
2023-24,IST,CLE,Cleveland Cavaliers,4,246.3,3,1,9.0,7.8,36.8,17.5,31.5,55.6
2023-24,IST,DAL,Dallas Mavericks,4,240.0,2,2,7.0,3.5,27.0,20.5,30.3,67.8
2023-24,IST,DEN,Denver Nuggets,4,240.0,2,2,6.8,3.8,33.0,15.8,25.8,61.2
2023-24,IST,DET,Detroit Pistons,4,240.0,0,4,6.5,7.0,31.8,20.0,33.5,59.7
2023-24,IST,GSW,Golden State Warriors,4,240.0,2,2,8.3,3.0,33.8,17.5,28.3,61.9
2023-24,IST,HOU,Houston Rockets,4,240.0,2,2,6.5,6.3,35.3,13.8,25.0,55.0
2023-24,IST,IND,Indiana Pacers,6,240.0,6,0,7.5,6.8,30.2,23.3,37.7,61.9
2023-24,IST,LAC,LA Clippers,4,240.0,1,3,9.5,4.5,31.5,19.0,30.5,62.3
2023-24,IST,LAL,Los Angeles Lakers,5,240.0,5,0,8.2,6.0,35.6,14.4,25.2,57.1
2023-24,IST,MEM,Memphis Grizzlies,4,246.2,0,4,6.8,6.5,28.3,16.0,27.3,58.7
2023-24,IST,MIA,Miami Heat,4,240.0,2,2,8.8,2.8,30.0,19.0,26.5,71.7
2023-24,IST,MIL,Milwaukee Bucks,6,240.0,5,1,5.7,7.2,35.8,19.2,29.7,64.6
2023-24,IST,MIN,Minnesota Timberwolves,4,240.0,3,1,6.0,6.8,36.5,14.3,24.0,59.4
2023-24,IST,NOP,New Orleans Pelicans,5,240.0,4,1,9.8,5.8,34.6,18.0,29.6,60.8
2023-24,IST,NYK,New York Knicks,5,240.0,3,2,7.2,4.0,35.4,15.2,24.0,63.3
2023-24,IST,OKC,Oklahoma City Thunder,4,240.0,1,3,9.8,4.0,30.3,16.8,26.0,64.4
2023-24,IST,ORL,Orlando Magic,4,240.0,3,1,8.3,5.5,31.0,17.3,25.8,67.0
2023-24,IST,PHI,Philadelphia 76ers,4,246.3,2,2,9.8,5.0,32.0,21.0,33.0,63.6
2023-24,IST,PHX,Phoenix Suns,5,240.0,3,2,8.0,4.8,32.6,18.0,29.8,60.4
2023-24,IST,POR,Portland Trail Blazers,4,246.3,1,3,9.0,4.5,28.0,19.3,27.0,71.3
2023-24,IST,SAC,Sacramento Kings,5,240.0,4,1,8.6,4.8,33.4,15.2,23.4,65.0
2023-24,IST,SAS,San Antonio Spurs,4,240.0,0,4,8.3,5.0,32.0,18.5,28.0,66.1
2023-24,IST,TOR,Toronto Raptors,4,240.0,1,3,7.3,4.0,31.8,19.0,28.8,66.1
2023-24,IST,UTA,Utah Jazz,4,240.0,2,2,7.5,7.8,31.0,19.0,28.8,66.1
2023-24,IST,WAS,Washington Wizards,4,240.0,0,4,4.5,4.5,28.5,25.0,34.3,73.0
2024-25,Regular+Season,ATL,Atlanta Hawks,82,241.2,40,42,9.7,5.1,32.6,17.7,26.9,65.9
2024-25,Regular+Season,BOS,Boston Celtics,82,241.8,61,21,7.2,5.5,33.9,15.8,25.8,61.2
2024-25,Regular+Season,BKN,Brooklyn Nets,82,241.2,26,56,7.8,4.3,30.4,18.0,26.9,66.9
2024-25,Regular+Season,CHA,Charlotte Hornets,82,240.9,19,63,7.4,4.5,33.0,16.5,24.9,66.3
2024-25,Regular+Season,CHI,Chicago Bulls,82,240.9,39,43,7.6,4.7,35.8,19.5,29.1,66.9
2024-25,Regular+Season,CLE,Cleveland Cavaliers,82,240.9,64,18,8.2,4.3,34.2,16.0,25.9,62.0
2024-25,Regular+Season,DAL,Dallas Mavericks,82,240.6,39,43,7.8,5.4,33.0,18.2,29.0,62.9
2024-25,Regular+Season,DEN,Denver Nuggets,82,242.1,50,32,8.0,4.9,34.5,17.5,26.4,66.2
2024-25,Regular+Season,DET,Detroit Pistons,82,241.5,44,38,8.0,5.3,33.4,15.3,24.1,63.4
2024-25,Regular+Season,GSW,Golden State Warriors,82,240.6,48,34,9.4,4.8,32.8,15.8,24.6,64.2
2024-25,Regular+Season,HOU,Houston Rockets,82,241.2,52,30,8.4,5.0,33.8,17.8,27.8,63.9
2024-25,Regular+Season,IND,Indiana Pacers,82,242.1,50,32,8.5,5.5,32.7,18.6,29.0,64.2
2024-25,Regular+Season,LAC,LA Clippers,82,241.5,50,32,9.4,4.5,33.5,16.4,24.6,66.7
2024-25,Regular+Season,LAL,Los Angeles Lakers,82,240.6,50,32,7.7,4.5,32.8,17.4,26.2,66.6
2024-25,Regular+Season,MEM,Memphis Grizzlies,82,240.3,48,34,8.9,5.6,34.4,16.9,26.5,63.8
2024-25,Regular+Season,MIA,Miami Heat,82,243.1,37,45,8.1,3.8,33.7,16.5,24.5,67.4
2024-25,Regular+Season,MIL,Milwaukee Bucks,82,240.9,48,34,7.3,4.7,35.1,16.4,25.2,65.2
2024-25,Regular+Season,MIN,Minnesota Timberwolves,82,241.8,49,33,8.0,5.0,33.2,16.1,25.4,63.6
2024-25,Regular+Season,NOP,New Orleans Pelicans,82,240.9,21,61,8.5,5.2,31.5,19.4,28.6,67.8
2024-25,Regular+Season,NYK,New York Knicks,82,242.4,51,31,8.2,4.0,31.8,17.2,25.7,66.9
2024-25,Regular+Season,OKC,Oklahoma City Thunder,82,240.3,68,14,10.3,5.7,34.2,14.6,23.9,61.1
2024-25,Regular+Season,ORL,Orlando Magic,82,240.6,41,41,8.9,6.0,30.7,15.9,24.6,64.5
2024-25,Regular+Season,PHI,Philadelphia 76ers,82,241.5,24,58,9.2,4.5,29.4,18.5,27.1,68.4
2024-25,Regular+Season,PHX,Phoenix Suns,82,241.8,36,46,7.2,4.8,32.9,17.6,26.4,66.5
2024-25,Regular+Season,POR,Portland Trail Blazers,82,241.2,36,46,8.3,5.3,31.4,17.2,26.5,64.8
2024-25,Regular+Season,SAC,Sacramento Kings,82,242.4,40,42,7.6,4.4,33.2,16.6,25.2,65.9
2024-25,Regular+Season,SAS,San Antonio Spurs,82,240.6,34,48,8.2,5.5,32.7,18.4,28.3,64.8
2024-25,Regular+Season,TOR,Toronto Raptors,82,241.5,30,52,8.1,4.2,32.5,18.5,28.4,65.1
2024-25,Regular+Season,UTA,Utah Jazz,82,241.5,17,65,6.8,4.4,33.4,19.5,29.0,67.1
2024-25,Regular+Season,WAS,Washington Wizards,82,240.6,18,64,7.6,5.1,33.1,18.7,28.4,66.1
2024-25,Playoffs,BOS,Boston Celtics,11,242.3,6,5,6.7,5.4,32.3,14.1,23.1,61.0
2024-25,Playoffs,CLE,Cleveland Cavaliers,9,240.0,5,4,8.9,3.6,32.3,14.1,19.9,70.9
2024-25,Playoffs,DEN,Denver Nuggets,14,243.6,7,7,7.6,4.2,34.1,17.7,26.8,66.1
2024-25,Playoffs,DET,Detroit Pistons,6,240.0,2,4,7.2,6.3,32.8,14.3,24.8,57.7
2024-25,Playoffs,GSW,Golden State Warriors,12,240.0,5,7,8.9,3.9,28.3,15.9,26.1,61.0
2024-25,Playoffs,HOU,Houston Rockets,7,240.0,3,4,7.9,5.1,33.4,15.0,24.9,60.3
2024-25,Playoffs,IND,Indiana Pacers,23,242.2,15,8,8.0,5.7,32.5,16.3,25.9,63.0
2024-25,Playoffs,LAC,LA Clippers,7,243.6,3,4,8.0,7.1,29.4,18.9,30.9,61.1
2024-25,Playoffs,LAL,Los Angeles Lakers,5,240.0,1,4,5.0,5.0,29.4,16.4,27.6,59.4
2024-25,Playoffs,MEM,Memphis Grizzlies,4,240.0,0,4,5.8,6.5,34.0,16.5,24.8,66.7
2024-25,Playoffs,MIA,Miami Heat,4,240.0,0,4,4.5,3.0,27.3,17.0,24.5,69.4
2024-25,Playoffs,MIL,Milwaukee Bucks,5,245.0,1,4,6.0,3.6,33.2,14.6,21.2,68.9
2024-25,Playoffs,MIN,Minnesota Timberwolves,15,240.0,9,6,7.3,4.7,30.5,15.3,23.5,64.9
2024-25,Playoffs,NYK,New York Knicks,18,242.8,10,8,7.9,4.7,30.8,15.2,23.8,63.6
2024-25,Playoffs,OKC,Oklahoma City Thunder,23,241.1,16,7,10.7,5.7,32.1,13.4,22.1,60.7
2024-25,Playoffs,ORL,Orlando Magic,5,240.0,1,4,6.4,3.8,28.4,16.6,24.6,67.5
2024-25,PlayIn,ATL,Atlanta Hawks,2,252.5,0,2,8.5,4.0,33.0,19.5,25.5,76.5
2024-25,PlayIn,CHI,Chicago Bulls,1,240.0,0,1,9.0,4.0,31.0,18.0,25.0,72.0
2024-25,PlayIn,DAL,Dallas Mavericks,2,240.0,1,1,9.0,8.0,30.0,18.5,32.5,56.9
2024-25,PlayIn,GSW,Golden State Warriors,1,240.0,1,0,13.0,3.0,26.0,16.0,26.0,61.5
2024-25,PlayIn,MEM,Memphis Grizzlies,2,240.0,1,1,6.0,2.5,34.0,16.0,23.0,69.6
2024-25,PlayIn,MIA,Miami Heat,2,252.5,2,0,7.0,7.5,38.5,16.5,25.0,66.0
2024-25,PlayIn,ORL,Orlando Magic,1,240.0,1,0,6.0,9.0,42.0,15.0,31.0,48.4
2024-25,PlayIn,SAC,Sacramento Kings,1,240.0,0,1,6.0,4.0,29.0,13.0,24.0,54.2
2024-25,IST,ATL,Atlanta Hawks,6,240.0,4,2,9.0,5.7,34.8,16.5,24.5,67.3
2024-25,IST,BOS,Boston Celtics,4,240.0,3,1,7.0,4.5,33.5,20.0,29.5,67.8
2024-25,IST,BKN,Brooklyn Nets,4,240.0,1,3,5.5,4.8,27.5,15.0,26.0,57.7
2024-25,IST,CHA,Charlotte Hornets,4,240.0,0,4,6.5,5.0,32.0,15.5,25.8,60.2
2024-25,IST,CHI,Chicago Bulls,4,240.0,2,2,7.0,5.0,37.3,20.3,31.3,64.8
2024-25,IST,CLE,Cleveland Cavaliers,4,240.0,2,2,8.8,3.3,33.0,13.5,23.5,57.4
2024-25,IST,DAL,Dallas Mavericks,5,240.0,3,2,9.4,4.6,34.0,14.4,24.6,58.5
2024-25,IST,DEN,Denver Nuggets,4,240.0,2,2,9.5,4.8,33.5,19.8,31.8,62.2
2024-25,IST,DET,Detroit Pistons,4,246.2,3,1,8.0,6.0,37.0,12.5,24.3,51.5
2024-25,IST,GSW,Golden State Warriors,5,240.0,3,2,10.4,5.6,35.4,17.6,26.0,67.7
2024-25,IST,HOU,Houston Rockets,6,244.2,4,2,10.0,4.3,34.7,16.5,26.0,63.5
2024-25,IST,IND,Indiana Pacers,4,240.0,0,4,9.0,5.0,28.3,18.8,26.8,70.1
2024-25,IST,LAC,LA Clippers,4,240.0,2,2,11.0,5.0,34.0,16.0,24.3,66.0
2024-25,IST,LAL,Los Angeles Lakers,4,240.0,2,2,7.5,5.0,33.3,18.0,26.8,67.3
2024-25,IST,MEM,Memphis Grizzlies,4,240.0,1,3,10.3,7.3,33.8,18.0,29.0,62.1
2024-25,IST,MIA,Miami Heat,4,246.3,2,2,11.5,1.5,29.0,17.8,25.0,71.0
2024-25,IST,MIL,Milwaukee Bucks,6,240.0,6,0,9.7,6.7,34.3,16.7,28.7,58.1
2024-25,IST,MIN,Minnesota Timberwolves,4,252.5,2,2,9.0,4.3,33.8,15.8,28.0,56.3
2024-25,IST,NOP,New Orleans Pelicans,4,240.0,1,3,8.0,6.3,32.8,21.5,32.8,65.6
2024-25,IST,NYK,New York Knicks,5,240.0,4,1,7.2,6.2,35.8,15.6,24.4,63.9
2024-25,IST,OKC,Oklahoma City Thunder,6,240.0,5,1,13.0,5.0,33.2,12.5,20.0,62.5
2024-25,IST,ORL,Orlando Magic,5,240.0,3,2,11.2,6.8,31.2,15.2,23.0,66.1
2024-25,IST,PHI,Philadelphia 76ers,4,240.0,2,2,10.5,5.3,26.8,16.0,22.8,70.3
2024-25,IST,PHX,Phoenix Suns,4,240.0,3,1,7.8,5.8,37.8,17.5,27.3,64.2
2024-25,IST,POR,Portland Trail Blazers,4,240.0,2,2,9.8,5.5,27.5,15.8,23.0,68.5
2024-25,IST,SAC,Sacramento Kings,4,246.3,1,3,6.3,6.8,33.5,17.5,28.0,62.5
2024-25,IST,SAS,San Antonio Spurs,4,240.0,2,2,8.0,4.3,32.0,16.5,23.8,69.5
2024-25,IST,TOR,Toronto Raptors,4,240.0,1,3,7.8,4.8,36.3,16.0,25.5,62.7
2024-25,IST,UTA,Utah Jazz,4,240.0,0,4,6.3,3.3,28.5,18.0,26.0,69.2
2024-25,IST,WAS,Washington Wizards,4,240.0,0,4,7.0,5.0,38.5,17.3,27.8,62.2
2025-26,Regular+Season,ATL,Atlanta Hawks,39,241.3,18,21,9.3,4.8,32.1,19.2,28.3,67.7
2025-26,Regular+Season,BOS,Boston Celtics,36,240.0,23,13,8.1,5.4,31.5,14.7,23.8,61.8
2025-26,Regular+Season,BKN,Brooklyn Nets,34,240.7,11,23,7.9,4.4,29.1,19.1,28.9,66.3
2025-26,Regular+Season,CHA,Charlotte Hornets,37,242.0,13,24,6.8,4.8,32.9,17.5,27.2,64.3
2025-26,Regular+Season,CHI,Chicago Bulls,37,241.4,17,20,7.4,4.9,35.1,19.7,28.9,68.1
2025-26,Regular+Season,CLE,Cleveland Cavaliers,38,241.3,21,17,8.8,5.3,32.8,16.4,26.2,62.8
2025-26,Regular+Season,DAL,Dallas Mavericks,37,243.4,14,23,7.7,6.0,34.8,19.1,30.4,62.9
2025-26,Regular+Season,DEN,Denver Nuggets,37,242.7,25,12,7.0,4.0,33.1,17.0,25.2,67.5
2025-26,Regular+Season,DET,Detroit Pistons,36,241.4,27,9,10.1,6.6,32.5,13.6,23.3,58.4
2025-26,Regular+Season,GSW,Golden State Warriors,38,241.3,20,18,9.7,4.4,31.9,17.8,27.2,65.5
2025-26,Regular+Season,HOU,Houston Rockets,34,244.4,22,12,8.8,5.6,32.8,16.5,25.1,65.8
2025-26,Regular+Season,IND,Indiana Pacers,37,241.4,6,31,7.2,5.0,31.5,19.1,28.0,68.2
2025-26,Regular+Season,LAC,LA Clippers,36,241.4,13,23,8.4,4.9,30.9,16.3,24.6,66.2
2025-26,Regular+Season,LAL,Los Angeles Lakers,35,240.0,23,12,8.3,4.1,31.4,17.9,25.3,70.7
2025-26,Regular+Season,MEM,Memphis Grizzlies,37,241.4,16,21,7.9,4.9,34.5,16.2,25.0,64.9
2025-26,Regular+Season,MIA,Miami Heat,35,240.7,19,16,9.3,4.5,34.7,17.6,25.8,68.2
2025-26,Regular+Season,MIL,Milwaukee Bucks,36,241.4,16,20,7.8,4.2,31.8,16.1,24.6,65.4
2025-26,Regular+Season,MIN,Minnesota Timberwolves,37,242.0,24,13,8.6,5.4,33.4,16.4,26.5,61.8
2025-26,Regular+Season,NOP,New Orleans Pelicans,39,242.6,8,31,9.0,4.3,30.8,19.9,29.1,68.4
2025-26,Regular+Season,NYK,New York Knicks,37,240.0,24,13,8.1,4.2,32.4,15.2,23.2,65.5
2025-26,Regular+Season,OKC,Oklahoma City Thunder,38,243.3,31,7,10.4,5.6,34.8,12.9,22.0,58.6
2025-26,Regular+Season,ORL,Orlando Magic,38,242.0,21,17,8.3,5.1,33.0,16.9,26.6,63.3
2025-26,Regular+Season,PHI,Philadelphia 76ers,35,244.3,20,15,8.6,6.1,32.1,18.0,27.6,65.2
2025-26,Regular+Season,PHX,Phoenix Suns,37,240.7,22,15,10.6,4.1,30.5,17.0,26.2,64.8
2025-26,Regular+Season,POR,Portland Trail Blazers,38,241.3,18,20,7.9,4.8,31.3,18.0,27.7,64.9
2025-26,Regular+Season,SAC,Sacramento Kings,37,242.0,8,29,9.1,4.4,30.5,19.8,28.5,69.5
2025-26,Regular+Season,SAS,San Antonio Spurs,37,240.7,26,11,8.1,4.7,34.8,15.2,23.5,64.8
2025-26,Regular+Season,TOR,Toronto Raptors,38,241.3,23,15,8.6,4.5,32.1,17.3,26.2,66.1
2025-26,Regular+Season,UTA,Utah Jazz,36,244.2,12,24,7.7,3.4,32.7,18.5,26.4,70.0
2025-26,Regular+Season,WAS,Washington Wizards,36,241.4,10,26,7.1,6.2,32.8,19.5,31.3,62.2
2025-26,IST,ATL,Atlanta Hawks,4,240.0,2,2,8.3,5.8,35.0,16.0,24.8,64.6
2025-26,IST,BOS,Boston Celtics,4,240.0,2,2,8.3,5.8,30.8,15.3,24.8,61.6
2025-26,IST,BKN,Brooklyn Nets,4,240.0,1,3,6.0,4.0,27.5,23.8,32.0,74.2
2025-26,IST,CHA,Charlotte Hornets,4,246.3,1,3,6.5,5.8,32.3,21.3,30.5,69.7
2025-26,IST,CHI,Chicago Bulls,4,240.0,1,3,7.5,5.8,34.3,19.3,29.5,65.3
2025-26,IST,CLE,Cleveland Cavaliers,4,240.0,2,2,9.8,7.0,32.8,17.8,27.8,64.0
2025-26,IST,DAL,Dallas Mavericks,4,252.5,1,3,8.8,6.5,34.0,17.0,27.0,63.0
2025-26,IST,DEN,Denver Nuggets,4,240.0,2,2,6.8,5.8,31.8,16.8,26.8,62.6
2025-26,IST,DET,Detroit Pistons,4,240.0,2,2,8.8,5.8,34.5,12.8,22.3,57.3
2025-26,IST,GSW,Golden State Warriors,4,240.0,1,3,8.8,5.5,27.5,17.3,27.3,63.3
2025-26,IST,HOU,Houston Rockets,4,240.0,2,2,10.8,3.8,26.0,18.3,27.5,66.4
2025-26,IST,IND,Indiana Pacers,4,240.0,1,3,8.0,6.0,36.0,20.5,29.5,69.5
2025-26,IST,LAC,LA Clippers,4,252.5,2,2,12.0,4.8,29.5,16.3,26.0,62.5
2025-26,IST,LAL,Los Angeles Lakers,5,240.0,4,1,7.6,4.6,32.2,16.6,25.8,64.3
2025-26,IST,MEM,Memphis Grizzlies,4,246.3,3,1,7.8,3.8,35.0,16.0,21.5,74.4
2025-26,IST,MIA,Miami Heat,4,240.0,2,2,8.8,6.3,33.0,17.3,28.5,60.5
2025-26,IST,MIL,Milwaukee Bucks,3,248.3,2,1,9.7,4.3,34.3,19.0,29.3,64.8
2025-26,IST,MIN,Minnesota Timberwolves,4,240.0,2,2,10.3,5.5,33.0,16.8,27.8,60.4
2025-26,IST,NOP,New Orleans Pelicans,4,246.3,0,4,11.0,5.0,31.0,19.3,27.3,70.6
2025-26,IST,NYK,New York Knicks,6,240.0,5,1,8.7,4.5,31.3,15.7,23.7,66.2
2025-26,IST,OKC,Oklahoma City Thunder,6,240.0,5,1,11.3,4.8,34.8,12.2,21.2,57.5
2025-26,IST,ORL,Orlando Magic,6,240.0,5,1,8.3,5.3,33.8,18.3,27.0,67.9
2025-26,IST,PHI,Philadelphia 76ers,4,240.0,1,3,8.5,5.5,31.5,19.5,30.3,64.5
2025-26,IST,PHX,Phoenix Suns,5,240.0,3,2,11.2,3.8,32.8,15.4,23.8,64.7
2025-26,IST,POR,Portland Trail Blazers,4,240.0,2,2,6.5,5.3,30.5,16.0,28.3,56.6
2025-26,IST,SAC,Sacramento Kings,4,240.0,0,4,9.0,4.5,31.3,18.8,27.0,69.4
2025-26,IST,SAS,San Antonio Spurs,6,240.0,5,1,10.5,5.0,33.2,14.8,24.2,61.4
2025-26,IST,TOR,Toronto Raptors,5,240.0,4,1,10.2,4.4,33.8,15.4,25.4,60.6
2025-26,IST,UTA,Utah Jazz,4,240.0,1,3,8.0,3.5,30.8,16.5,24.3,68.0
2025-26,IST,WAS,Washington Wizards,4,240.0,1,3,8.3,6.5,27.8,20.8,33.8,61.5
