SEASON,SEASON_TYPE,TEAM_ABB,TEAM_NAME,GP,W,L,MIN,DRIVES,DRIVE_FGM,DRIVE_FGA,DRIVE_FG_PCT,DRIVE_FTM,DRIVE_FTA,DRIVE_FT_PCT,DRIVE_PTS,DRIVE_PTS_PCT,DRIVE_PASSES,DRIVE_PASSES_PCT,DRIVE_AST,DRIVE_AST_PCT,DRIVE_TOV,DRIVE_TOV_PCT,DRIVE_PF,DRIVE_PF_PCT
2015-16,Regular+Season,ATL,Atlanta Hawks,82,48,34,241.8,42.9,7.2,16.4,43.9,4.5,5.7,78.0,19.4,45.2,15.5,36.2,4.1,9.5,3.2,7.4,2.9,6.8
2015-16,Regular+Season,BOS,Boston Celtics,81,47,34,241.2,37.7,7.3,16.9,43.1,4.8,5.9,81.0,19.9,52.7,11.0,29.2,3.5,9.2,2.4,6.4,3.0,8.0
2015-16,Regular+Season,BKN,Brooklyn Nets,82,21,61,240.9,35.9,6.2,14.0,44.1,3.3,4.4,75.8,16.0,44.6,12.6,35.1,4.1,11.3,2.4,6.6,2.2,6.1
2015-16,Regular+Season,CHA,Charlotte Hornets,82,48,34,242.1,37.7,6.7,15.5,43.3,4.7,5.9,79.5,18.6,49.3,12.4,32.9,3.3,8.8,2.7,7.2,3.0,7.9
2015-16,Regular+Season,CHI,Chicago Bulls,82,42,40,242.7,39.0,7.9,18.3,43.2,3.8,4.8,79.7,20.2,51.7,11.5,29.5,3.2,8.3,2.7,7.0,2.4,6.3
2015-16,Regular+Season,CLE,Cleveland Cavaliers,82,57,25,242.1,35.3,6.9,15.5,44.2,3.5,4.6,76.2,17.6,49.9,11.1,31.4,3.4,9.5,2.2,6.2,2.3,6.6
2015-16,Regular+Season,DAL,Dallas Mavericks,82,42,40,244.0,39.7,7.5,16.3,46.3,3.4,4.4,76.9,18.8,47.4,13.9,34.9,4.1,10.4,2.5,6.3,2.3,5.7
2015-16,Regular+Season,DEN,Denver Nuggets,82,33,49,241.8,40.1,5.9,15.1,39.0,4.4,5.6,77.9,16.5,41.1,14.1,35.0,4.4,10.9,2.8,7.1,2.9,7.1
2015-16,Regular+Season,DET,Detroit Pistons,82,44,38,242.4,38.3,7.6,17.3,44.2,3.8,4.9,76.5,19.6,51.4,11.7,30.6,3.3,8.7,2.9,7.6,2.5,6.6
2015-16,Regular+Season,GSW,Golden State Warriors,82,73,9,242.4,26.3,5.9,12.1,48.6,3.2,4.1,78.4,15.6,59.2,7.5,28.3,2.4,9.3,1.8,6.8,2.1,8.0
2015-16,Regular+Season,HOU,Houston Rockets,82,41,41,241.8,41.5,6.8,15.7,43.4,5.1,6.2,81.3,19.1,46.1,14.7,35.4,4.1,9.9,3.1,7.4,3.1,7.6
2015-16,Regular+Season,IND,Indiana Pacers,82,45,37,242.4,29.9,5.2,12.2,42.7,3.9,4.8,80.1,14.7,49.2,9.4,31.5,2.9,9.7,2.1,7.1,2.5,8.3
2015-16,Regular+Season,LAC,LA Clippers,82,53,29,241.8,31.6,6.4,13.8,46.2,3.5,4.4,79.6,16.5,52.3,9.8,30.9,3.3,10.4,2.0,6.3,2.3,7.1
2015-16,Regular+Season,LAL,Los Angeles Lakers,82,17,65,240.6,32.5,6.8,15.9,42.9,3.8,5.0,75.6,18.0,55.3,8.9,27.2,2.5,7.8,2.1,6.3,2.5,7.8
2015-16,Regular+Season,MEM,Memphis Grizzlies,82,42,40,241.8,31.8,6.3,14.9,42.3,4.4,5.4,80.3,17.5,54.9,9.5,29.9,2.4,7.5,1.8,5.6,2.8,8.7
2015-16,Regular+Season,MIA,Miami Heat,82,48,34,241.8,44.6,8.2,17.2,47.9,4.5,5.8,77.5,21.4,48.0,16.0,35.8,4.9,11.0,2.8,6.2,2.9,6.6
2015-16,Regular+Season,MIL,Milwaukee Bucks,82,33,49,241.8,39.6,7.0,16.1,43.9,3.6,5.0,72.3,18.2,46.0,13.8,34.7,3.9,9.9,2.6,6.6,2.6,6.5
2015-16,Regular+Season,MIN,Minnesota Timberwolves,82,29,53,242.4,32.1,5.8,13.0,44.7,4.7,5.9,79.3,16.8,52.2,10.0,31.3,3.1,9.7,2.4,7.5,3.0,9.3
2015-16,Regular+Season,NOP,New Orleans Pelicans,82,30,52,241.2,44.0,8.1,18.2,44.5,4.3,5.4,79.4,21.1,48.1,15.2,34.6,4.4,10.0,2.6,5.9,2.7,6.2
2015-16,Regular+Season,NYK,New York Knicks,82,32,50,241.5,22.7,4.1,9.7,42.3,3.2,4.0,80.5,11.9,52.4,6.9,30.5,2.2,9.7,1.5,6.7,2.0,8.9
2015-16,Regular+Season,OKC,Oklahoma City Thunder,82,55,27,241.8,38.0,6.5,14.3,45.8,4.4,5.5,80.8,18.0,47.3,13.1,34.4,4.4,11.6,2.9,7.6,2.8,7.3
2015-16,Regular+Season,ORL,Orlando Magic,81,35,46,242.5,39.1,7.1,16.5,43.0,4.1,5.4,76.0,18.8,48.0,12.4,31.7,4.0,10.3,2.8,7.3,2.7,6.9
2015-16,Regular+Season,PHI,Philadelphia 76ers,82,10,72,241.5,50.7,7.5,17.9,42.0,4.1,6.0,69.3,19.6,38.6,19.5,38.4,5.4,10.6,4.1,8.0,3.0,6.0
2015-16,Regular+Season,PHX,Phoenix Suns,82,23,59,240.3,34.7,6.3,14.7,43.0,3.8,4.9,76.8,16.9,48.6,11.2,32.2,2.8,8.0,2.7,7.7,2.5,7.2
2015-16,Regular+Season,POR,Portland Trail Blazers,82,44,38,241.5,37.7,7.3,16.8,43.5,4.6,5.6,81.5,19.7,52.2,11.2,29.7,3.2,8.6,2.6,7.0,2.9,7.6
2015-16,Regular+Season,SAC,Sacramento Kings,81,33,48,241.5,40.4,7.0,16.3,43.0,4.2,5.8,73.2,18.7,46.3,13.1,32.3,4.0,10.0,3.1,7.6,2.9,7.2
2015-16,Regular+Season,SAS,San Antonio Spurs,82,67,15,240.3,37.1,6.5,13.9,46.5,3.3,4.1,82.3,16.6,44.8,13.9,37.3,4.2,11.4,2.3,6.2,2.0,5.5
2015-16,Regular+Season,TOR,Toronto Raptors,81,55,26,240.9,49.5,9.4,20.8,45.3,6.1,7.5,81.1,25.6,51.7,16.0,32.4,4.6,9.2,3.1,6.3,3.8,7.7
2015-16,Regular+Season,UTA,Utah Jazz,82,40,42,243.4,45.5,7.6,17.9,42.4,5.1,6.5,79.0,20.8,45.7,15.7,34.6,4.2,9.2,3.3,7.2,3.3,7.2
2015-16,Regular+Season,WAS,Washington Wizards,82,41,41,240.9,35.3,6.0,13.3,44.8,3.9,5.2,75.4,16.4,46.4,11.9,33.8,4.1,11.6,2.6,7.3,2.6,7.5
2015-16,Playoffs,ATL,Atlanta Hawks,10,4,6,242.5,42.3,7.5,17.4,43.1,4.5,5.2,86.5,19.9,47.0,14.4,34.0,3.7,8.7,2.6,6.1,2.6,6.1
2015-16,Playoffs,BOS,Boston Celtics,6,2,4,244.2,51.8,8.0,18.3,43.6,5.0,6.3,78.9,22.7,43.7,20.0,38.6,5.8,11.3,3.5,6.8,3.2,6.1
2015-16,Playoffs,CHA,Charlotte Hornets,7,3,4,240.0,44.6,9.0,20.6,43.8,6.3,7.1,88.0,25.3,56.7,13.3,29.8,3.0,6.7,3.4,7.7,3.6,8.0
2015-16,Playoffs,CLE,Cleveland Cavaliers,21,16,5,240.0,33.8,6.9,14.6,47.4,3.1,4.4,70.7,17.7,52.3,10.1,30.0,3.9,11.4,2.4,7.1,2.2,6.6
2015-16,Playoffs,DAL,Dallas Mavericks,5,1,4,240.0,37.2,9.0,18.8,47.9,2.8,4.4,63.6,20.8,55.9,11.0,29.6,2.4,6.5,2.6,7.0,2.2,5.9
2015-16,Playoffs,DET,Detroit Pistons,4,0,4,240.0,33.3,10.3,17.5,58.6,4.0,4.5,88.9,25.8,77.4,9.0,27.1,2.3,6.8,1.5,4.5,2.5,7.5
2015-16,Playoffs,GSW,Golden State Warriors,24,15,9,241.0,29.7,6.8,14.4,47.4,3.3,4.2,77.2,17.7,59.6,8.1,27.2,2.3,7.7,2.3,7.6,2.1,7.2
2015-16,Playoffs,HOU,Houston Rockets,5,1,4,240.0,38.8,8.0,19.2,41.7,4.2,5.2,80.8,20.2,52.1,9.8,25.3,2.8,7.2,3.8,9.8,2.6,6.7
2015-16,Playoffs,IND,Indiana Pacers,7,3,4,240.0,38.0,5.3,15.3,34.6,5.7,6.9,83.3,16.4,43.2,12.0,31.6,3.4,9.0,3.0,7.9,3.6,9.4
2015-16,Playoffs,LAC,LA Clippers,6,2,4,240.0,40.0,9.8,20.8,47.2,5.0,7.0,71.4,25.0,62.5,8.5,21.3,3.7,9.2,2.7,6.7,3.5,8.8
2015-16,Playoffs,MEM,Memphis Grizzlies,4,0,4,240.0,31.8,5.8,16.3,35.4,2.0,3.5,57.1,13.5,42.5,8.0,25.2,2.3,7.1,3.0,9.4,1.8,5.5
2015-16,Playoffs,MIA,Miami Heat,14,7,7,245.4,47.6,11.2,22.6,49.7,3.8,4.9,77.9,26.7,56.2,15.4,32.3,3.7,7.8,2.9,6.2,2.4,5.1
2015-16,Playoffs,OKC,Oklahoma City Thunder,18,11,7,240.0,38.3,5.9,16.4,36.1,5.2,6.6,79.7,17.5,45.7,10.7,27.9,4.3,11.2,2.7,7.0,3.4,8.9
2015-16,Playoffs,POR,Portland Trail Blazers,11,5,6,242.3,41.1,6.4,17.9,35.5,6.4,7.8,81.4,19.6,47.8,12.3,29.9,3.6,8.8,1.9,4.6,3.9,9.5
2015-16,Playoffs,SAS,San Antonio Spurs,10,6,4,240.0,35.7,6.2,14.5,42.8,2.6,3.8,68.4,15.6,43.7,12.5,35.0,3.7,10.4,1.6,4.5,2.0,5.6
2015-16,Playoffs,TOR,Toronto Raptors,20,10,10,243.8,48.8,9.4,21.6,43.3,5.5,6.9,79.0,24.5,50.3,15.9,32.6,3.3,6.7,3.5,7.2,3.5,7.2
2016-17,Regular+Season,ATL,Atlanta Hawks,82,43,39,242.4,40.6,7.6,17.5,43.8,4.2,5.5,77.0,20.0,49.2,13.0,32.0,3.4,8.3,3.3,8.2,2.8,6.8
2016-17,Regular+Season,BOS,Boston Celtics,82,53,29,240.9,37.4,7.3,15.6,46.9,4.9,5.8,84.4,20.3,54.2,11.9,31.9,3.7,9.8,2.5,6.6,2.9,7.9
2016-17,Regular+Season,BKN,Brooklyn Nets,81,20,61,240.9,46.3,8.5,18.5,46.1,5.9,7.6,77.3,23.5,50.8,15.5,33.6,3.6,7.8,3.8,8.2,3.9,8.3
2016-17,Regular+Season,CHA,Charlotte Hornets,82,36,46,241.8,36.7,7.8,17.7,44.2,4.2,5.2,80.4,20.5,55.8,10.9,29.7,3.1,8.4,1.7,4.7,2.6,7.2
2016-17,Regular+Season,CHI,Chicago Bulls,82,41,41,241.2,41.2,7.3,16.3,44.4,4.7,5.7,82.9,19.9,48.3,14.3,34.7,4.5,11.0,2.6,6.4,2.9,7.1
2016-17,Regular+Season,CLE,Cleveland Cavaliers,82,51,31,242.4,34.1,7.3,15.3,47.5,4.4,5.7,77.0,19.6,57.3,9.9,28.9,2.9,8.6,2.4,7.1,2.9,8.4
2016-17,Regular+Season,DAL,Dallas Mavericks,81,32,49,241.2,37.9,7.2,15.3,47.0,4.1,4.9,83.5,19.0,50.2,13.2,34.8,3.3,8.8,2.8,7.3,2.5,6.5
2016-17,Regular+Season,DEN,Denver Nuggets,81,39,42,240.9,41.0,7.7,16.9,45.4,4.4,5.7,77.3,20.3,49.5,13.6,33.3,4.2,10.2,3.0,7.2,2.9,7.0
2016-17,Regular+Season,DET,Detroit Pistons,82,37,45,241.5,36.6,7.9,17.2,45.8,3.4,4.1,82.4,19.5,53.2,11.0,30.1,3.5,9.5,2.2,6.1,2.1,5.7
2016-17,Regular+Season,GSW,Golden State Warriors,82,67,15,241.2,26.9,5.3,11.1,47.8,3.2,4.0,80.1,14.3,53.3,8.7,32.4,2.8,10.4,1.8,6.7,2.1,7.7
2016-17,Regular+Season,HOU,Houston Rockets,82,55,27,241.2,43.2,7.5,16.3,45.9,4.9,6.1,79.6,20.3,47.0,14.7,34.0,5.3,12.2,3.1,7.1,3.1,7.2
2016-17,Regular+Season,IND,Indiana Pacers,81,42,39,242.2,36.7,6.6,14.6,45.0,4.4,5.3,81.9,18.1,49.3,12.0,32.7,4.1,11.1,2.6,7.0,2.7,7.3
2016-17,Regular+Season,LAC,LA Clippers,82,51,31,240.9,32.1,7.0,14.6,47.8,3.6,4.6,77.9,18.1,56.6,9.3,28.9,3.1,9.6,2.1,6.7,2.4,7.3
2016-17,Regular+Season,LAL,Los Angeles Lakers,82,26,56,240.3,36.8,8.1,18.3,44.4,3.9,5.5,72.0,20.8,56.4,9.5,25.9,2.8,7.6,2.8,7.7,2.7,7.5
2016-17,Regular+Season,MEM,Memphis Grizzlies,82,43,39,242.7,31.6,5.8,13.3,43.2,4.1,5.2,79.9,16.2,51.1,10.2,32.4,2.8,8.8,2.2,6.9,2.6,8.2
2016-17,Regular+Season,MIA,Miami Heat,82,41,41,241.2,49.4,8.3,18.9,44.0,3.7,5.1,72.7,21.0,42.6,18.4,37.3,5.1,10.3,3.5,7.0,2.6,5.3
2016-17,Regular+Season,MIL,Milwaukee Bucks,82,42,40,241.2,41.8,7.8,17.0,46.0,3.9,5.1,77.4,20.0,47.9,14.0,33.6,4.8,11.6,2.5,6.0,2.6,6.1
2016-17,Regular+Season,MIN,Minnesota Timberwolves,82,31,51,241.5,34.7,6.4,14.2,45.0,4.7,6.0,78.2,18.0,51.8,11.1,32.0,3.0,8.8,2.5,7.3,3.0,8.7
2016-17,Regular+Season,NOP,New Orleans Pelicans,82,34,48,242.7,39.8,8.1,17.8,45.7,4.2,5.5,77.3,21.0,52.7,12.0,30.2,3.8,9.6,2.7,6.7,2.8,7.1
2016-17,Regular+Season,NYK,New York Knicks,82,31,51,242.1,32.2,6.3,14.8,42.6,3.5,4.4,79.9,16.6,51.5,9.5,29.5,3.1,9.7,2.0,6.2,2.2,6.9
2016-17,Regular+Season,OKC,Oklahoma City Thunder,82,47,35,241.5,37.3,6.3,14.6,43.2,3.9,5.0,77.6,17.0,45.5,12.9,34.6,3.9,10.4,2.8,7.5,2.5,6.8
2016-17,Regular+Season,ORL,Orlando Magic,82,29,53,241.5,37.2,6.8,15.6,43.6,4.1,5.2,78.8,18.3,49.2,12.2,32.7,3.4,9.2,2.7,7.3,2.6,7.0
2016-17,Regular+Season,PHI,Philadelphia 76ers,82,28,54,241.8,47.4,7.7,17.2,45.1,4.8,5.9,80.7,20.7,43.7,17.3,36.6,4.7,10.0,4.1,8.6,3.0,6.4
2016-17,Regular+Season,PHX,Phoenix Suns,80,23,57,241.9,41.9,8.2,18.6,44.2,4.8,5.9,82.2,22.1,52.7,13.1,31.1,3.5,8.3,3.0,7.2,3.0,7.2
2016-17,Regular+Season,POR,Portland Trail Blazers,82,41,41,243.1,38.3,8.1,18.1,44.9,5.3,6.2,85.0,22.2,58.0,10.5,27.6,3.1,8.1,2.5,6.5,3.2,8.3
2016-17,Regular+Season,SAC,Sacramento Kings,82,32,50,242.4,36.7,6.4,14.3,44.8,4.5,5.7,78.6,17.9,48.9,12.4,33.9,3.7,10.2,2.5,6.8,3.0,8.0
2016-17,Regular+Season,SAS,San Antonio Spurs,81,61,20,241.5,39.6,6.4,14.5,44.0,3.8,4.7,82.0,16.9,42.7,14.6,37.0,4.4,11.2,2.6,6.6,2.4,6.0
2016-17,Regular+Season,TOR,Toronto Raptors,81,50,31,241.2,46.5,9.9,20.3,48.8,6.1,7.5,81.3,26.4,56.9,14.8,31.9,4.2,9.1,2.6,5.6,3.8,8.2
2016-17,Regular+Season,UTA,Utah Jazz,82,51,31,240.9,44.9,8.4,18.0,46.6,4.3,5.5,78.5,21.8,48.6,15.5,34.6,4.4,9.7,3.3,7.3,2.8,6.2
2016-17,Regular+Season,WAS,Washington Wizards,82,49,33,242.1,37.1,7.5,15.6,48.5,4.5,5.8,77.2,20.2,54.6,11.0,29.6,3.9,10.6,2.9,7.9,2.9,7.9
2016-17,Playoffs,ATL,Atlanta Hawks,6,2,4,240.0,40.0,9.8,20.8,47.2,6.5,8.3,78.0,26.8,67.1,10.2,25.4,1.8,4.6,2.0,5.0,4.2,10.4
2016-17,Playoffs,BOS,Boston Celtics,18,9,9,241.4,35.5,6.8,15.0,45.6,4.3,5.4,80.4,18.7,52.6,10.4,29.4,3.7,10.5,2.8,8.0,2.8,7.8
2016-17,Playoffs,CHI,Chicago Bulls,6,2,4,240.0,37.3,7.8,17.5,44.8,5.2,5.7,91.2,21.3,57.1,8.5,22.8,3.5,9.4,3.7,9.8,2.8,7.6
2016-17,Playoffs,CLE,Cleveland Cavaliers,18,13,5,240.0,32.8,7.8,15.9,49.3,4.0,5.6,72.0,20.2,61.7,9.1,27.8,1.9,5.9,2.1,6.4,2.9,8.8
2016-17,Playoffs,GSW,Golden State Warriors,17,16,1,240.0,27.0,5.9,11.1,53.2,3.9,4.4,88.0,15.9,59.0,8.0,29.6,3.1,11.3,2.2,8.3,2.2,8.3
2016-17,Playoffs,HOU,Houston Rockets,11,6,5,242.3,52.5,10.2,21.5,47.5,6.5,7.8,83.7,27.8,52.9,17.5,33.2,5.5,10.4,3.8,7.3,3.9,7.4
2016-17,Playoffs,IND,Indiana Pacers,4,0,4,240.0,36.5,8.3,16.5,50.0,3.8,4.5,83.3,21.3,58.2,9.5,26.0,4.3,11.6,3.3,8.9,2.5,6.8
2016-17,Playoffs,LAC,LA Clippers,7,3,4,240.0,40.0,10.0,19.0,52.6,3.7,4.9,76.5,24.1,60.4,10.1,25.4,4.3,10.7,2.6,6.4,2.4,6.1
2016-17,Playoffs,MEM,Memphis Grizzlies,6,2,4,244.2,32.3,6.8,15.0,45.6,3.3,3.7,90.9,17.8,55.2,10.3,32.0,2.7,8.2,1.7,5.2,1.8,5.7
2016-17,Playoffs,MIL,Milwaukee Bucks,6,2,4,240.0,45.3,7.0,17.7,39.6,2.3,3.7,63.6,16.5,36.4,16.0,35.3,4.8,10.7,3.5,7.7,1.8,4.0
2016-17,Playoffs,OKC,Oklahoma City Thunder,5,1,4,240.0,33.2,5.2,13.8,37.7,6.0,7.2,83.3,16.8,50.6,10.4,31.3,3.6,10.8,1.6,4.8,3.6,10.8
2016-17,Playoffs,POR,Portland Trail Blazers,4,0,4,240.0,43.0,9.0,22.0,40.9,5.8,6.5,88.5,24.0,55.8,11.8,27.3,3.0,7.0,2.0,4.7,3.3,7.6
2016-17,Playoffs,SAS,San Antonio Spurs,16,8,8,243.1,44.6,9.9,19.9,50.0,4.4,5.5,79.5,24.9,55.9,13.8,31.0,4.8,10.8,2.5,5.6,2.8,6.2
2016-17,Playoffs,TOR,Toronto Raptors,10,4,6,240.0,45.9,9.8,18.6,52.7,4.4,5.0,88.0,24.4,53.2,16.9,36.8,4.1,8.9,3.0,6.5,2.7,5.9
2016-17,Playoffs,UTA,Utah Jazz,11,4,7,240.0,46.0,9.6,20.6,46.7,5.2,6.5,79.2,24.7,53.8,13.9,30.2,4.1,8.9,2.6,5.7,3.4,7.3
2016-17,Playoffs,WAS,Washington Wizards,13,7,6,241.9,35.8,7.2,15.5,46.0,3.1,3.9,78.4,18.1,50.4,11.9,33.3,3.1,8.6,2.5,7.1,2.0,5.6
2017-18,Regular+Season,ATL,Atlanta Hawks,81,24,57,240.3,47.9,9.0,20.9,42.9,4.6,5.6,80.9,23.0,48.1,14.0,29.3,4.7,9.8,3.5,7.3,2.9,6.1
2017-18,Regular+Season,BOS,Boston Celtics,79,52,27,241.6,38.0,8.1,17.7,45.9,4.0,4.9,81.3,20.7,54.5,11.0,29.0,3.3,8.7,2.4,6.4,2.5,6.7
2017-18,Regular+Season,BKN,Brooklyn Nets,80,27,53,242.2,49.9,9.2,20.2,45.6,4.6,5.8,80.0,23.9,47.9,16.5,33.1,5.2,10.3,3.3,6.5,2.9,5.8
2017-18,Regular+Season,CHA,Charlotte Hornets,82,36,46,241.2,37.2,8.5,18.6,46.0,4.0,5.1,77.6,21.8,58.7,9.8,26.4,3.1,8.3,2.0,5.4,2.6,7.0
2017-18,Regular+Season,CHI,Chicago Bulls,82,27,55,242.1,41.9,7.5,18.3,41.0,3.3,4.6,71.7,18.8,45.0,13.2,31.5,4.2,10.0,2.7,6.5,2.3,5.5
2017-18,Regular+Season,CLE,Cleveland Cavaliers,82,50,32,240.6,33.7,7.8,15.3,51.2,3.8,5.0,77.3,20.1,59.5,9.4,27.8,3.0,8.8,2.3,6.9,2.5,7.4
2017-18,Regular+Season,DAL,Dallas Mavericks,82,24,58,241.5,42.0,8.1,18.4,43.9,3.4,4.3,79.0,20.0,47.6,12.6,29.9,4.7,11.1,2.6,6.2,2.2,5.3
2017-18,Regular+Season,DEN,Denver Nuggets,82,46,36,242.4,41.8,9.1,19.4,47.1,3.8,5.0,75.8,22.8,54.5,12.3,29.5,3.5,8.3,2.8,6.7,2.5,6.1
2017-18,Regular+Season,DET,Detroit Pistons,82,39,43,241.5,43.7,8.4,19.7,42.6,3.6,4.9,72.5,20.9,47.9,13.6,31.1,4.0,9.1,2.6,6.0,2.5,5.8
2017-18,Regular+Season,GSW,Golden State Warriors,82,58,24,240.6,23.9,5.0,10.4,47.9,3.0,3.5,84.4,13.3,55.7,6.9,28.8,2.4,10.1,1.6,6.6,1.8,7.7
2017-18,Regular+Season,HOU,Houston Rockets,82,65,17,240.9,41.9,8.6,17.4,49.6,5.4,6.6,82.4,23.5,56.0,12.5,29.8,4.7,11.1,2.7,6.4,3.3,7.9
2017-18,Regular+Season,IND,Indiana Pacers,82,48,34,240.9,38.5,8.3,16.8,49.4,3.3,4.2,79.2,20.4,53.1,12.5,32.4,3.6,9.3,2.1,5.5,2.2,5.6
2017-18,Regular+Season,LAC,LA Clippers,82,42,40,240.3,43.9,9.4,20.5,45.8,4.8,6.0,81.0,24.1,54.9,12.2,27.7,4.1,9.3,2.6,6.0,3.0,6.9
2017-18,Regular+Season,LAL,Los Angeles Lakers,82,35,47,242.7,40.7,8.4,18.3,45.9,3.5,5.0,69.9,20.7,50.8,11.3,27.7,3.9,9.5,3.1,7.7,2.5,6.2
2017-18,Regular+Season,MEM,Memphis Grizzlies,82,22,60,240.3,41.1,8.2,17.7,46.0,4.4,5.5,80.2,21.2,51.7,12.4,30.1,3.7,8.9,2.9,7.1,2.8,6.8
2017-18,Regular+Season,MIA,Miami Heat,81,43,38,243.1,47.5,9.4,19.8,47.7,3.1,4.3,72.2,22.7,47.8,16.0,33.8,4.5,9.5,3.4,7.2,2.2,4.6
2017-18,Regular+Season,MIL,Milwaukee Bucks,81,44,37,241.9,44.2,8.5,17.0,50.0,4.2,5.3,79.1,21.9,49.5,16.0,36.1,4.3,9.7,2.8,6.4,2.7,6.1
2017-18,Regular+Season,MIN,Minnesota Timberwolves,82,47,35,241.5,41.2,9.3,19.0,48.9,4.5,5.7,79.5,23.8,57.8,11.6,28.1,4.1,10.0,2.4,5.7,2.9,7.0
2017-18,Regular+Season,NOP,New Orleans Pelicans,82,48,34,243.4,42.6,9.6,18.8,50.9,3.2,4.0,80.1,22.9,53.8,12.9,30.1,4.6,10.8,2.8,6.5,2.1,4.9
2017-18,Regular+Season,NYK,New York Knicks,81,28,53,241.9,34.0,7.2,16.2,44.4,2.9,3.7,78.5,17.6,51.9,9.7,28.5,3.0,8.9,2.1,6.3,1.9,5.5
2017-18,Regular+Season,OKC,Oklahoma City Thunder,80,48,32,241.9,39.3,7.0,14.9,47.2,4.4,5.6,78.3,19.1,48.6,12.6,32.0,4.4,11.2,3.2,8.1,2.8,7.2
2017-18,Regular+Season,ORL,Orlando Magic,82,25,57,240.6,47.1,8.6,19.1,45.0,4.0,5.3,75.6,22.0,46.6,16.3,34.5,4.5,9.6,3.1,6.6,2.7,5.8
2017-18,Regular+Season,PHI,Philadelphia 76ers,81,52,29,241.2,39.7,7.4,16.2,45.4,2.4,3.3,72.0,17.3,43.6,14.0,35.3,3.8,9.6,2.6,6.6,1.7,4.3
2017-18,Regular+Season,PHX,Phoenix Suns,82,21,61,240.3,41.5,8.4,19.9,42.4,4.0,5.3,74.9,21.5,51.7,11.0,26.5,3.5,8.5,2.7,6.6,2.7,6.6
2017-18,Regular+Season,POR,Portland Trail Blazers,82,49,33,240.9,36.4,7.8,18.1,43.2,4.2,4.9,86.3,20.3,55.9,9.6,26.3,2.7,7.4,2.2,6.0,2.5,7.0
2017-18,Regular+Season,SAC,Sacramento Kings,82,27,55,240.9,36.5,7.0,16.7,41.8,2.9,3.8,75.2,17.4,47.8,10.9,29.8,3.5,9.5,2.3,6.3,2.0,5.4
2017-18,Regular+Season,SAS,San Antonio Spurs,82,47,35,240.6,44.6,8.3,18.1,46.0,3.1,4.0,77.4,20.1,45.2,16.4,36.7,4.1,9.2,2.5,5.6,2.1,4.7
2017-18,Regular+Season,TOR,Toronto Raptors,82,59,23,241.8,52.6,9.7,20.2,48.1,4.7,5.7,82.2,24.9,47.4,18.7,35.6,5.5,10.5,3.4,6.5,2.9,5.6
2017-18,Regular+Season,UTA,Utah Jazz,82,48,34,240.9,52.9,9.2,20.4,45.2,4.3,5.3,80.8,23.3,44.1,18.0,34.1,6.0,11.3,4.0,7.5,2.7,5.0
2017-18,Regular+Season,WAS,Washington Wizards,82,43,39,242.1,36.8,7.4,16.0,46.2,3.8,4.7,80.5,19.2,52.2,10.8,29.3,3.6,9.8,2.6,7.1,2.4,6.5
2017-18,Playoffs,BOS,Boston Celtics,19,11,8,242.6,41.3,8.3,19.8,41.6,2.8,3.4,82.8,19.7,47.8,10.6,25.8,4.2,10.1,1.7,4.1,1.7,4.1
2017-18,Playoffs,CLE,Cleveland Cavaliers,22,12,10,242.3,35.3,9.2,18.0,51.1,3.0,3.7,80.5,21.9,62.0,8.9,25.1,2.2,6.3,1.8,5.1,2.0,5.8
2017-18,Playoffs,GSW,Golden State Warriors,21,16,5,241.2,24.9,5.7,12.6,45.3,1.2,1.6,73.5,13.1,52.8,6.9,27.5,1.9,7.5,1.1,4.6,0.9,3.4
2017-18,Playoffs,HOU,Houston Rockets,17,11,6,240.0,49.8,11.4,24.2,47.0,3.0,3.4,87.9,26.9,54.1,12.7,25.5,5.1,10.3,2.2,4.5,1.8,3.5
2017-18,Playoffs,IND,Indiana Pacers,7,3,4,240.0,34.3,8.9,16.4,53.9,1.7,2.3,75.0,19.7,57.5,7.9,22.9,3.4,10.0,2.3,6.7,1.1,3.3
2017-18,Playoffs,MIA,Miami Heat,5,1,4,240.0,41.2,6.6,17.6,37.5,3.4,4.4,77.3,17.0,41.3,11.6,28.2,3.4,8.3,2.8,6.8,2.2,5.3
2017-18,Playoffs,MIL,Milwaukee Bucks,7,3,4,243.6,47.3,11.1,20.1,55.3,2.4,2.9,85.0,25.6,54.1,13.0,27.5,4.1,8.8,3.7,7.9,1.4,3.0
2017-18,Playoffs,MIN,Minnesota Timberwolves,5,1,4,240.0,39.6,9.2,20.6,44.7,4.6,5.6,82.1,24.0,60.6,7.8,19.7,4.8,12.1,0.8,2.0,2.8,7.1
2017-18,Playoffs,NOP,New Orleans Pelicans,9,5,4,240.0,44.8,10.3,21.8,47.4,2.4,3.6,68.8,23.6,52.6,9.3,20.8,5.3,11.9,3.4,7.7,1.8,4.0
2017-18,Playoffs,OKC,Oklahoma City Thunder,6,2,4,240.0,41.0,7.2,17.7,40.6,2.2,3.0,72.2,16.8,41.1,11.8,28.9,4.3,10.6,2.8,6.9,1.5,3.7
2017-18,Playoffs,PHI,Philadelphia 76ers,10,5,5,242.5,32.3,8.5,16.0,53.1,2.3,3.0,76.7,20.1,62.2,9.2,28.5,1.9,5.9,1.2,3.7,1.6,5.0
2017-18,Playoffs,POR,Portland Trail Blazers,4,0,4,240.0,33.3,11.3,19.5,57.7,1.8,2.5,70.0,25.3,75.9,4.8,14.3,2.0,6.0,2.0,6.0,1.3,3.8
2017-18,Playoffs,SAS,San Antonio Spurs,5,1,4,240.0,40.4,8.8,17.8,49.4,0.8,1.2,66.7,18.8,46.5,13.8,34.2,2.8,6.9,1.8,4.5,0.6,1.5
2017-18,Playoffs,TOR,Toronto Raptors,10,4,6,242.5,47.8,11.1,22.3,49.8,2.8,3.2,87.5,25.7,53.8,13.4,28.0,4.4,9.2,2.4,5.0,1.6,3.3
2017-18,Playoffs,UTA,Utah Jazz,11,5,6,240.0,47.5,10.2,22.8,44.6,3.7,4.4,85.4,24.8,52.2,10.9,22.9,4.3,9.0,3.3,6.9,2.2,4.6
2017-18,Playoffs,WAS,Washington Wizards,6,2,4,240.0,48.0,8.5,19.7,43.2,2.7,3.3,80.0,20.2,42.0,13.2,27.4,5.5,11.5,1.8,3.8,1.7,3.5
2018-19,Regular+Season,ATL,Atlanta Hawks,82,29,53,242.1,53.3,10.1,21.9,46.0,5.1,6.5,78.2,25.7,48.2,21.8,41.0,5.5,10.4,4.5,8.4,3.2,6.0
2018-19,Regular+Season,BOS,Boston Celtics,82,49,33,241.2,38.4,8.9,17.9,49.6,3.9,4.9,80.1,22.0,57.3,14.5,37.8,3.5,9.1,2.5,6.5,2.3,5.9
2018-19,Regular+Season,BKN,Brooklyn Nets,82,42,40,243.7,53.1,11.8,24.5,48.0,6.8,8.6,79.5,30.9,58.1,19.1,36.0,4.4,8.3,3.8,7.2,4.2,8.0
2018-19,Regular+Season,CHA,Charlotte Hornets,82,39,43,241.8,51.4,11.3,24.1,46.9,6.5,7.8,83.4,29.7,57.8,18.3,35.6,4.8,9.3,3.4,6.7,3.8,7.4
2018-19,Regular+Season,CHI,Chicago Bulls,81,22,59,242.8,52.1,11.4,24.6,46.3,5.9,7.3,80.2,29.1,55.8,19.3,36.9,4.4,8.5,3.6,6.9,3.5,6.7
2018-19,Regular+Season,CLE,Cleveland Cavaliers,82,19,63,240.9,45.4,9.8,21.8,45.1,5.4,6.6,82.0,25.4,56.0,16.0,35.2,3.5,7.8,3.1,6.9,3.2,7.2
2018-19,Regular+Season,DAL,Dallas Mavericks,82,33,49,241.2,46.9,9.6,19.9,48.2,5.2,7.1,74.0,24.9,53.1,18.9,40.2,4.8,10.3,3.2,6.9,3.5,7.4
2018-19,Regular+Season,DEN,Denver Nuggets,82,54,28,240.6,38.6,9.0,19.4,46.3,3.8,4.9,77.9,22.1,57.2,13.5,35.0,3.3,8.6,2.1,5.5,2.4,6.1
2018-19,Regular+Season,DET,Detroit Pistons,82,41,41,242.1,40.6,8.1,17.6,46.2,4.1,5.1,79.1,20.8,51.2,16.5,40.7,3.4,8.4,2.8,6.8,2.5,6.2
2018-19,Regular+Season,GSW,Golden State Warriors,82,57,25,241.5,27.1,6.0,12.1,49.6,3.4,4.2,79.5,15.7,58.1,10.2,37.7,2.4,9.0,1.9,7.2,2.0,7.4
2018-19,Regular+Season,HOU,Houston Rockets,82,53,29,241.8,44.5,9.8,19.9,49.0,5.4,7.0,78.2,25.7,57.7,16.5,37.1,4.6,10.4,3.1,7.1,3.4,7.6
2018-19,Regular+Season,IND,Indiana Pacers,82,48,34,240.3,39.5,7.5,16.5,45.7,4.1,5.4,74.9,19.4,49.2,16.8,42.6,4.5,11.4,2.5,6.2,2.6,6.6
2018-19,Regular+Season,LAC,LA Clippers,82,48,34,241.8,47.0,10.2,21.8,46.6,6.1,7.3,83.2,26.9,57.2,17.2,36.7,4.6,9.7,3.1,6.7,3.5,7.5
2018-19,Regular+Season,LAL,Los Angeles Lakers,82,37,45,241.2,40.8,9.1,19.3,47.3,4.2,6.2,68.7,22.9,56.1,14.1,34.5,4.1,10.0,3.2,7.9,3.0,7.3
2018-19,Regular+Season,MEM,Memphis Grizzlies,82,33,49,242.4,41.0,8.2,18.1,45.1,4.6,5.6,81.1,21.2,51.7,16.4,40.0,3.5,8.4,2.8,6.8,2.7,6.5
2018-19,Regular+Season,MIA,Miami Heat,82,39,43,240.6,49.3,9.1,21.1,43.3,4.0,5.7,70.3,22.5,45.7,20.4,41.4,5.1,10.3,3.7,7.5,2.8,5.6
2018-19,Regular+Season,MIL,Milwaukee Bucks,82,60,22,241.2,48.5,11.6,21.0,55.0,5.9,7.4,79.4,29.7,61.3,18.6,38.4,4.6,9.5,3.6,7.4,3.6,7.5
2018-19,Regular+Season,MIN,Minnesota Timberwolves,82,36,46,241.8,41.0,8.8,19.8,44.5,5.3,6.8,78.9,23.3,56.8,14.1,34.5,3.8,9.2,2.7,6.5,3.2,7.8
2018-19,Regular+Season,NOP,New Orleans Pelicans,82,33,49,240.9,44.5,10.5,20.8,50.3,4.2,5.8,72.1,25.7,57.8,16.6,37.3,4.5,10.1,2.8,6.3,2.8,6.3
2018-19,Regular+Season,NYK,New York Knicks,81,17,64,241.2,45.4,9.3,21.9,42.6,5.7,7.6,74.3,24.7,54.3,15.1,33.3,3.6,7.8,3.5,7.7,3.7,8.2
2018-19,Regular+Season,OKC,Oklahoma City Thunder,81,48,33,242.2,46.3,9.1,19.8,46.3,5.2,7.1,73.6,24.0,51.9,18.4,39.7,5.1,11.0,3.4,7.3,3.5,7.5
2018-19,Regular+Season,ORL,Orlando Magic,80,40,40,241.3,41.5,7.7,17.1,45.0,3.7,4.9,75.4,19.5,47.0,18.1,43.5,4.4,10.6,2.8,6.8,2.4,5.7
2018-19,Regular+Season,PHI,Philadelphia 76ers,81,51,30,241.5,37.4,8.4,16.7,50.3,4.4,5.9,75.4,21.5,57.5,14.3,38.2,3.2,8.7,2.6,6.8,2.9,7.8
2018-19,Regular+Season,PHX,Phoenix Suns,82,19,63,242.4,41.8,9.2,20.6,44.8,5.3,6.5,82.6,24.2,57.8,13.5,32.4,3.8,9.0,3.4,8.0,3.1,7.5
2018-19,Regular+Season,POR,Portland Trail Blazers,82,53,29,242.1,36.9,9.0,18.7,48.1,4.1,4.8,84.8,22.5,60.9,12.7,34.3,3.3,9.0,2.2,6.0,2.3,6.2
2018-19,Regular+Season,SAC,Sacramento Kings,82,39,43,240.6,38.9,8.3,18.7,44.3,4.3,5.7,75.9,21.3,54.7,13.6,35.0,3.9,10.1,2.6,6.7,2.8,7.1
2018-19,Regular+Season,SAS,San Antonio Spurs,82,48,34,241.5,42.1,9.1,17.9,51.0,4.7,5.7,82.5,23.4,55.6,17.9,42.4,4.6,10.9,2.4,5.7,2.7,6.5
2018-19,Regular+Season,TOR,Toronto Raptors,82,58,24,242.4,48.1,9.6,19.4,49.5,5.2,6.2,83.8,25.0,51.9,20.9,43.4,4.7,9.7,3.3,6.8,3.0,6.3
2018-19,Regular+Season,UTA,Utah Jazz,81,50,31,240.9,55.1,10.5,22.0,47.8,5.1,6.5,77.5,26.5,48.0,23.9,43.3,6.3,11.4,4.4,8.0,3.2,5.8
2018-19,Regular+Season,WAS,Washington Wizards,81,31,50,243.1,45.9,9.8,19.7,49.6,5.9,7.6,77.4,25.8,56.3,17.7,38.6,4.5,9.7,3.3,7.1,3.7,8.0
2018-19,Playoffs,BOS,Boston Celtics,9,5,4,240.0,48.6,9.3,21.6,43.3,5.1,6.6,78.0,23.8,49.0,18.0,37.1,3.4,7.1,4.8,9.8,3.1,6.4
2018-19,Playoffs,BKN,Brooklyn Nets,5,1,4,240.0,60.8,12.2,30.2,40.4,8.4,10.4,80.8,33.2,54.6,19.6,32.2,5.0,8.2,5.6,9.2,4.6,7.6
2018-19,Playoffs,DEN,Denver Nuggets,14,7,7,247.1,44.8,9.1,22.1,41.0,5.4,6.6,82.6,23.6,52.6,16.1,35.9,3.6,8.0,1.5,3.3,3.1,7.0
2018-19,Playoffs,DET,Detroit Pistons,4,0,4,240.0,56.8,8.5,24.3,35.1,4.3,5.3,81.0,21.3,37.4,27.0,47.6,5.3,9.3,2.5,4.4,2.3,4.0
2018-19,Playoffs,GSW,Golden State Warriors,22,14,8,242.3,27.5,5.8,11.8,49.2,4.2,4.8,86.8,15.8,57.5,11.0,39.8,2.5,9.3,1.9,6.9,2.1,7.8
2018-19,Playoffs,HOU,Houston Rockets,11,6,5,242.3,53.6,9.5,21.5,43.9,5.8,7.7,75.3,24.7,46.1,23.4,43.6,6.2,11.5,3.6,6.8,3.5,6.6
2018-19,Playoffs,IND,Indiana Pacers,4,0,4,240.0,37.5,7.8,16.8,46.3,4.0,6.3,64.0,19.5,52.0,14.5,38.7,2.5,6.7,2.3,6.0,2.8,7.3
2018-19,Playoffs,LAC,LA Clippers,6,2,4,240.0,52.5,9.3,21.7,43.1,10.0,11.7,85.7,28.5,54.3,20.0,38.1,6.7,12.7,3.2,6.0,5.2,9.8
2018-19,Playoffs,MIL,Milwaukee Bucks,15,10,5,243.3,49.1,10.0,19.8,50.5,7.6,9.9,77.0,27.6,56.3,19.7,40.1,4.9,10.1,3.5,7.2,4.1,8.4
2018-19,Playoffs,OKC,Oklahoma City Thunder,5,1,4,240.0,45.8,7.8,17.6,44.3,9.0,11.4,78.9,24.4,53.3,18.4,40.2,6.0,13.1,3.6,7.9,5.0,10.9
2018-19,Playoffs,ORL,Orlando Magic,5,1,4,240.0,45.6,7.2,16.2,44.4,5.2,7.0,74.3,19.6,43.0,20.4,44.7,3.6,7.9,3.6,7.9,3.2,7.0
2018-19,Playoffs,PHI,Philadelphia 76ers,12,7,5,240.0,43.4,9.4,18.7,50.4,5.7,7.3,77.3,24.5,56.4,16.9,39.0,3.9,9.0,3.4,7.9,3.2,7.3
2018-19,Playoffs,POR,Portland Trail Blazers,16,8,8,247.8,39.9,9.9,21.9,45.0,5.5,6.9,80.0,25.3,63.3,11.0,27.6,3.1,7.7,2.7,6.7,3.1,7.7
2018-19,Playoffs,SAS,San Antonio Spurs,7,3,4,240.0,46.9,10.9,21.4,50.7,6.1,8.0,76.8,27.9,59.5,18.4,39.3,5.0,10.7,1.6,3.4,3.7,7.9
2018-19,Playoffs,TOR,Toronto Raptors,24,16,8,242.1,51.0,9.0,18.4,49.2,7.1,8.3,85.4,25.2,49.4,24.1,47.2,4.7,9.1,3.1,6.0,3.7,7.2
2018-19,Playoffs,UTA,Utah Jazz,5,1,4,240.0,57.4,8.6,23.0,37.4,8.0,10.0,80.0,25.2,43.9,23.8,41.5,5.2,9.1,3.8,6.6,5.0,8.7
2019-20,Regular+Season,ATL,Atlanta Hawks,67,20,47,243.0,49.4,10.3,22.5,45.9,4.8,5.8,82.4,26.2,53.1,18.3,37.1,4.5,9.0,3.9,8.0,2.9,6.0
2019-20,Regular+Season,BOS,Boston Celtics,72,48,24,242.1,45.6,10.1,22.2,45.7,6.0,7.3,81.3,26.9,59.1,15.1,33.2,4.2,9.1,3.1,6.7,3.7,8.1
2019-20,Regular+Season,BKN,Brooklyn Nets,72,35,37,242.8,53.7,11.4,25.4,45.1,5.8,7.4,77.4,29.4,54.9,19.7,36.7,4.9,9.1,3.6,6.7,3.7,7.0
2019-20,Regular+Season,CHA,Charlotte Hornets,64,23,41,242.3,46.5,8.7,21.0,41.2,4.3,5.4,78.7,22.3,47.8,17.8,38.2,4.0,8.5,3.6,7.7,2.7,5.8
2019-20,Regular+Season,CHI,Chicago Bulls,65,22,43,241.2,52.1,10.1,23.0,43.8,4.9,6.4,76.5,25.8,49.5,20.9,40.2,4.3,8.2,3.4,6.6,3.2,6.2
2019-20,Regular+Season,CLE,Cleveland Cavaliers,65,19,46,241.9,48.0,9.7,21.1,46.1,4.2,5.0,83.3,24.2,50.5,18.9,39.4,4.5,9.4,3.9,8.2,2.5,5.2
2019-20,Regular+Season,DAL,Dallas Mavericks,73,41,32,242.1,49.9,11.0,22.3,49.3,5.2,6.5,79.2,28.1,56.3,19.5,39.1,5.3,10.7,3.0,6.1,3.3,6.7
2019-20,Regular+Season,DEN,Denver Nuggets,73,46,27,243.1,38.7,7.9,18.2,43.4,3.8,4.8,79.3,20.1,52.1,14.7,38.0,4.1,10.6,2.4,6.3,2.4,6.2
2019-20,Regular+Season,DET,Detroit Pistons,65,20,45,241.9,49.6,9.9,21.0,47.2,4.2,5.4,76.7,24.6,49.5,21.0,42.3,5.0,10.2,3.6,7.2,2.7,5.5
2019-20,Regular+Season,GSW,Golden State Warriors,65,15,50,241.9,40.3,8.0,18.2,44.1,6.2,7.5,82.3,22.9,57.0,14.1,35.0,3.2,7.9,2.9,7.3,3.8,9.3
2019-20,Regular+Season,HOU,Houston Rockets,72,44,28,241.4,48.9,10.8,20.7,52.3,6.8,8.3,81.6,29.6,60.4,19.3,39.4,4.4,9.1,3.4,6.9,4.2,8.5
2019-20,Regular+Season,IND,Indiana Pacers,73,45,28,241.4,46.8,10.2,20.8,48.8,3.9,4.8,82.8,24.8,52.9,19.6,41.8,4.8,10.3,2.8,6.0,2.4,5.1
2019-20,Regular+Season,LAC,LA Clippers,72,49,23,241.4,41.5,9.5,19.7,48.3,5.5,6.9,79.8,25.3,61.0,14.1,34.0,3.5,8.5,2.8,6.9,3.4,8.3
2019-20,Regular+Season,LAL,Los Angeles Lakers,71,52,19,240.7,36.6,8.1,16.4,49.6,3.8,5.1,74.8,20.7,56.6,13.8,37.7,4.0,11.0,2.6,7.1,2.6,7.1
2019-20,Regular+Season,MEM,Memphis Grizzlies,73,34,39,240.7,48.6,10.6,23.1,45.8,5.2,6.6,77.5,26.9,55.4,17.2,35.3,4.8,9.9,3.5,7.2,3.4,6.9
2019-20,Regular+Season,MIA,Miami Heat,72,44,28,243.1,43.7,8.5,17.9,47.6,5.2,6.4,80.1,22.8,52.2,18.0,41.2,4.6,10.5,3.2,7.3,3.2,7.4
2019-20,Regular+Season,MIL,Milwaukee Bucks,72,55,17,241.0,38.9,8.7,16.2,53.4,4.5,6.3,71.4,22.6,58.0,14.9,38.4,3.9,10.1,3.3,8.4,3.2,8.1
2019-20,Regular+Season,MIN,Minnesota Timberwolves,64,19,45,243.1,50.7,11.4,24.0,47.5,6.1,8.0,77.1,29.7,58.5,17.6,34.7,4.0,8.0,3.4,6.7,4.1,8.0
2019-20,Regular+Season,NOP,New Orleans Pelicans,71,30,41,241.8,46.4,9.5,21.1,44.9,4.3,5.8,74.1,24.0,51.7,17.5,37.8,4.5,9.8,3.6,7.8,2.8,6.1
2019-20,Regular+Season,NYK,New York Knicks,66,21,45,241.9,44.9,8.8,20.9,42.3,4.5,6.6,67.7,22.7,50.5,15.9,35.4,4.4,9.9,3.5,7.7,3.3,7.4
2019-20,Regular+Season,OKC,Oklahoma City Thunder,72,44,28,242.1,53.8,11.8,24.0,49.0,6.0,7.4,82.1,30.3,56.4,20.6,38.4,4.5,8.4,3.8,7.1,3.7,6.9
2019-20,Regular+Season,ORL,Orlando Magic,73,33,40,240.7,42.4,8.5,18.2,46.8,4.0,5.1,79.0,21.7,51.2,17.4,41.0,3.8,9.0,3.0,7.2,2.5,6.0
2019-20,Regular+Season,PHI,Philadelphia 76ers,73,43,30,241.0,40.2,8.8,18.2,48.2,3.8,5.1,73.7,21.7,54.1,16.0,39.7,3.4,8.5,2.4,6.0,2.5,6.3
2019-20,Regular+Season,PHX,Phoenix Suns,72,34,38,240.7,44.7,8.4,17.9,46.7,5.0,6.2,80.6,22.2,49.8,18.8,42.2,5.1,11.4,3.2,7.2,3.1,6.9
2019-20,Regular+Season,POR,Portland Trail Blazers,73,34,39,241.0,36.7,9.7,20.0,48.5,4.8,5.8,82.9,24.8,67.5,10.6,28.8,3.2,8.8,2.2,5.9,2.9,7.9
2019-20,Regular+Season,SAC,Sacramento Kings,71,31,40,242.5,45.2,9.2,19.8,46.4,4.7,6.2,76.1,23.8,52.7,17.1,37.9,4.4,9.6,3.4,7.5,3.2,7.0
2019-20,Regular+Season,SAS,San Antonio Spurs,70,31,39,242.1,51.4,10.8,21.4,50.7,6.2,7.5,82.6,28.9,56.2,21.9,42.5,5.2,10.1,3.1,5.9,3.8,7.4
2019-20,Regular+Season,TOR,Toronto Raptors,71,52,19,241.4,44.0,7.7,16.9,45.6,4.6,5.6,82.7,20.7,47.1,19.7,44.8,4.2,9.6,3.0,6.9,2.8,6.4
2019-20,Regular+Season,UTA,Utah Jazz,72,44,28,241.0,57.4,12.1,25.3,47.7,5.5,6.8,81.0,30.5,53.0,22.2,38.6,5.5,9.5,4.4,7.7,3.4,5.9
2019-20,Regular+Season,WAS,Washington Wizards,72,25,47,241.0,46.5,9.8,20.9,46.8,5.5,6.9,80.0,25.7,55.3,17.7,38.0,3.9,8.4,3.0,6.4,3.5,7.5
2019-20,Playoffs,BOS,Boston Celtics,17,10,7,244.4,44.9,8.8,18.1,48.4,7.1,8.6,82.9,25.6,57.1,18.0,40.1,4.7,10.5,3.2,7.1,4.3,9.6
2019-20,Playoffs,BKN,Brooklyn Nets,4,0,4,240.0,57.3,8.0,20.3,39.5,5.0,7.8,64.5,21.5,37.6,29.0,50.7,6.3,10.9,2.0,3.5,4.0,7.0
2019-20,Playoffs,DAL,Dallas Mavericks,6,2,4,244.2,55.7,13.5,26.0,51.9,7.0,9.0,77.8,34.7,62.3,20.7,37.1,5.2,9.3,3.5,6.3,4.2,7.5
2019-20,Playoffs,DEN,Denver Nuggets,19,9,10,241.3,35.7,8.1,16.6,48.9,5.4,6.3,85.8,22.2,62.2,12.2,34.2,2.6,7.4,2.5,7.1,3.2,8.8
2019-20,Playoffs,HOU,Houston Rockets,12,5,7,242.1,52.8,11.8,22.6,52.0,6.7,8.1,82.5,31.3,59.2,21.8,41.2,4.0,7.6,3.0,5.7,4.0,7.6
2019-20,Playoffs,IND,Indiana Pacers,4,0,4,240.0,52.5,9.0,20.3,44.4,8.8,11.0,79.5,27.3,51.9,20.5,39.0,6.0,11.4,5.0,9.5,5.5,10.5
2019-20,Playoffs,LAC,LA Clippers,13,7,6,241.9,49.2,12.3,22.2,55.6,5.8,6.6,88.4,31.8,64.5,18.7,38.0,4.6,9.4,3.0,6.1,3.2,6.6
2019-20,Playoffs,LAL,Los Angeles Lakers,21,16,5,240.0,33.1,7.4,14.0,53.1,3.6,4.8,76.0,19.3,58.3,13.5,40.7,3.6,10.8,2.1,6.3,2.4,7.3
2019-20,Playoffs,MIA,Miami Heat,21,14,7,242.4,45.7,8.9,18.1,49.2,5.9,6.6,89.2,24.3,53.2,19.8,43.3,5.0,10.9,3.1,6.8,3.3,7.2
2019-20,Playoffs,MIL,Milwaukee Bucks,10,5,5,242.5,40.6,9.2,18.5,49.7,3.8,4.8,79.2,22.7,55.9,14.4,35.5,3.0,7.4,4.0,9.9,2.4,5.9
2019-20,Playoffs,OKC,Oklahoma City Thunder,7,3,4,243.6,54.7,9.3,18.9,49.2,7.3,8.9,82.3,26.3,48.0,23.4,42.8,4.3,7.8,6.0,11.0,4.4,8.1
2019-20,Playoffs,ORL,Orlando Magic,5,1,4,240.0,42.2,6.2,16.0,38.8,4.2,5.2,80.8,16.6,39.3,20.0,47.4,5.6,13.3,3.4,8.1,2.6,6.2
2019-20,Playoffs,PHI,Philadelphia 76ers,4,0,4,240.0,35.5,8.0,18.5,43.2,7.0,8.5,82.4,23.3,65.5,10.3,28.9,3.8,10.6,2.0,5.6,4.3,12.0
2019-20,Playoffs,POR,Portland Trail Blazers,5,1,4,240.0,34.0,7.8,17.4,44.8,3.0,4.0,75.0,18.8,55.3,10.6,31.2,2.8,8.2,2.8,8.2,2.0,5.9
2019-20,Playoffs,TOR,Toronto Raptors,11,7,4,244.5,43.9,7.7,17.7,43.6,5.2,5.8,89.1,21.5,49.1,18.0,41.0,4.5,10.1,3.8,8.7,2.9,6.6
2019-20,Playoffs,UTA,Utah Jazz,7,3,4,243.6,58.0,13.1,25.1,52.3,6.1,7.0,87.8,33.1,57.1,24.4,42.1,7.3,12.6,3.7,6.4,3.6,6.2
2019-20,PlayIn,MEM,Memphis Grizzlies,1,0,1,240.0,57.0,12.0,31.0,38.7,7.0,10.0,70.0,33.0,57.9,16.0,28.1,7.0,12.3,4.0,7.0,5.0,8.8
2019-20,PlayIn,POR,Portland Trail Blazers,1,1,0,240.0,20.0,5.0,7.0,71.4,4.0,4.0,100,14.0,70.0,11.0,55.0,3.0,15.0,0.0,0.0,2.0,10.0
2019-20,IST,NOP,New Orleans Pelicans,1,0,1,265.0,52.0,8.0,19.0,42.1,2.0,2.0,100,20.0,38.5,28.0,53.8,6.0,11.5,2.0,3.8,1.0,1.9
2019-20,IST,TOR,Toronto Raptors,1,1,0,265.0,59.0,13.0,25.0,52.0,3.0,4.0,75.0,32.0,54.2,28.0,47.5,6.0,10.2,2.0,3.4,2.0,3.4
2020-21,Regular+Season,ATL,Atlanta Hawks,72,41,31,241.7,46.4,9.3,20.4,45.5,4.9,5.7,85.7,23.9,51.6,18.7,40.2,5.2,11.1,3.1,6.7,2.9,6.2
2020-21,Regular+Season,BOS,Boston Celtics,72,36,36,241.4,45.9,9.7,20.4,47.6,5.2,6.5,80.9,25.3,55.1,17.5,38.2,4.7,10.3,3.3,7.2,3.2,7.1
2020-21,Regular+Season,BKN,Brooklyn Nets,72,48,24,241.7,41.6,10.0,20.0,50.2,5.2,6.3,83.4,26.0,62.5,14.6,35.2,4.6,11.0,2.7,6.4,3.2,7.6
2020-21,Regular+Season,CHA,Charlotte Hornets,72,33,39,241.0,51.3,9.9,21.0,47.2,5.3,6.8,77.5,25.8,50.3,21.3,41.6,4.8,9.4,3.8,7.4,3.4,6.7
2020-21,Regular+Season,CHI,Chicago Bulls,72,31,41,241.4,40.8,8.6,18.2,47.4,3.6,4.3,83.5,21.4,52.6,15.9,39.0,4.0,9.7,3.3,8.1,2.2,5.3
2020-21,Regular+Season,CLE,Cleveland Cavaliers,72,22,50,242.1,48.3,9.7,22.1,43.9,4.1,5.5,75.4,24.1,49.9,18.4,38.2,4.3,8.9,3.4,7.1,2.8,5.7
2020-21,Regular+Season,DAL,Dallas Mavericks,72,42,30,240.3,47.2,11.6,21.0,55.2,4.7,5.9,78.7,28.7,60.7,19.1,40.5,4.6,9.8,2.8,5.9,3.0,6.3
2020-21,Regular+Season,DEN,Denver Nuggets,72,47,25,242.8,34.2,7.7,15.8,48.3,3.1,3.8,81.6,18.9,55.1,12.9,37.6,2.8,8.1,2.4,7.1,1.9,5.7
2020-21,Regular+Season,DET,Detroit Pistons,72,20,52,242.1,52.5,9.5,21.1,45.0,5.5,7.1,77.9,25.1,47.8,22.0,42.0,5.6,10.7,4.1,7.8,3.5,6.7
2020-21,Regular+Season,GSW,Golden State Warriors,72,39,33,240.3,40.8,9.0,18.1,49.8,4.9,6.2,79.6,23.8,58.4,15.3,37.5,3.3,8.0,2.9,7.0,3.1,7.6
2020-21,Regular+Season,HOU,Houston Rockets,72,17,55,240.3,46.3,9.8,20.1,48.5,5.3,7.1,74.0,25.5,55.1,17.4,37.7,4.0,8.6,3.7,8.0,3.6,7.7
2020-21,Regular+Season,IND,Indiana Pacers,72,34,38,242.4,54.7,12.0,25.1,48.0,4.7,5.8,81.1,29.4,53.7,22.1,40.4,5.1,9.2,3.1,5.7,2.9,5.3
2020-21,Regular+Season,LAC,LA Clippers,72,47,25,240.0,41.9,9.0,18.5,48.7,4.4,5.3,83.1,23.1,55.2,16.9,40.4,4.4,10.5,2.8,6.7,2.6,6.3
2020-21,Regular+Season,LAL,Los Angeles Lakers,72,42,30,242.4,40.4,8.4,17.2,48.8,4.2,5.4,77.5,21.6,53.4,16.1,39.7,4.0,10.0,3.3,8.2,2.7,6.6
2020-21,Regular+Season,MEM,Memphis Grizzlies,72,38,34,241.7,52.1,11.3,24.4,46.2,5.3,6.9,77.4,28.4,54.5,19.5,37.4,4.8,9.1,3.5,6.7,3.4,6.6
2020-21,Regular+Season,MIA,Miami Heat,72,40,32,241.4,42.6,7.8,16.4,47.7,4.0,4.8,83.3,20.1,47.2,19.8,46.4,4.8,11.2,2.9,6.8,2.4,5.6
2020-21,Regular+Season,MIL,Milwaukee Bucks,72,46,26,240.7,40.6,9.2,17.3,52.9,4.6,6.0,77.0,23.4,57.5,16.0,39.5,4.5,11.1,3.0,7.3,3.0,7.4
2020-21,Regular+Season,MIN,Minnesota Timberwolves,72,23,49,241.7,45.7,9.6,21.0,45.9,5.5,6.9,79.6,25.4,55.5,16.2,35.4,4.1,8.9,3.3,7.2,3.5,7.6
2020-21,Regular+Season,NOP,New Orleans Pelicans,72,31,41,242.1,51.6,10.5,21.8,48.3,5.6,7.7,73.5,27.4,53.1,20.9,40.5,5.1,9.9,3.5,6.8,3.8,7.5
2020-21,Regular+Season,NYK,New York Knicks,72,41,31,242.1,50.7,10.9,24.2,45.0,4.8,6.0,80.0,27.4,54.1,19.0,37.6,4.6,9.1,3.1,6.0,3.0,5.9
2020-21,Regular+Season,OKC,Oklahoma City Thunder,72,22,50,241.0,61.7,11.5,25.1,45.7,6.1,8.2,74.0,29.8,48.4,26.1,42.3,5.0,8.1,4.6,7.5,4.1,6.6
2020-21,Regular+Season,ORL,Orlando Magic,72,21,51,240.7,43.5,9.4,21.4,43.7,4.9,6.3,77.0,24.3,55.9,14.8,34.1,3.1,7.1,2.9,6.6,3.2,7.4
2020-21,Regular+Season,PHI,Philadelphia 76ers,72,49,23,242.1,44.8,10.4,21.3,48.7,4.7,5.9,78.3,26.0,58.0,16.4,36.7,3.7,8.2,2.9,6.5,3.0,6.6
2020-21,Regular+Season,PHX,Phoenix Suns,72,51,21,242.8,43.5,10.0,18.8,53.4,3.7,4.4,84.4,24.2,55.6,18.8,43.1,4.4,10.1,2.7,6.2,2.2,5.0
2020-21,Regular+Season,POR,Portland Trail Blazers,72,42,30,240.3,30.7,7.4,15.6,47.6,4.8,5.7,85.1,20.4,66.5,9.2,30.1,2.6,8.5,1.9,6.2,2.8,9.3
2020-21,Regular+Season,SAC,Sacramento Kings,72,31,41,240.3,50.5,11.4,21.8,52.2,5.8,7.7,75.9,29.3,58.0,19.8,39.1,5.3,10.5,3.4,6.8,3.8,7.6
2020-21,Regular+Season,SAS,San Antonio Spurs,72,33,39,242.8,55.5,12.1,25.0,48.3,6.0,7.4,81.1,30.9,55.7,22.1,39.7,5.6,10.1,3.5,6.2,3.8,6.8
2020-21,Regular+Season,TOR,Toronto Raptors,72,27,45,240.3,51.2,8.9,19.1,46.4,5.8,6.9,84.0,24.2,47.3,23.8,46.4,5.8,11.3,3.1,6.0,3.4,6.7
2020-21,Regular+Season,UTA,Utah Jazz,72,52,20,241.0,53.2,11.1,22.3,49.9,5.6,6.4,87.0,28.5,53.6,21.9,41.3,5.8,10.9,4.0,7.4,3.2,6.0
2020-21,Regular+Season,WAS,Washington Wizards,72,34,38,241.7,47.2,9.7,20.5,47.4,4.8,6.5,73.9,25.2,53.3,18.8,39.8,4.7,10.0,3.4,7.2,3.3,6.9
2020-21,Playoffs,ATL,Atlanta Hawks,18,10,8,240.0,41.0,9.8,20.2,48.4,4.8,5.7,85.3,24.8,60.6,14.3,34.8,4.6,11.1,2.7,6.6,2.8,6.9
2020-21,Playoffs,BOS,Boston Celtics,5,1,4,240.0,41.4,9.0,20.6,43.7,7.6,8.2,92.7,26.6,64.3,13.8,33.3,4.6,11.1,2.0,4.8,4.2,10.1
2020-21,Playoffs,BKN,Brooklyn Nets,12,7,5,242.1,37.8,8.9,19.2,46.5,5.3,5.8,90.0,23.7,62.6,13.1,34.6,3.9,10.4,1.7,4.4,2.9,7.7
2020-21,Playoffs,DAL,Dallas Mavericks,7,3,4,240.0,44.0,11.6,22.9,50.6,3.7,5.7,65.0,27.9,63.3,14.7,33.4,3.3,7.5,2.4,5.5,2.9,6.5
2020-21,Playoffs,DEN,Denver Nuggets,10,4,6,245.0,35.9,8.5,17.5,48.6,4.3,5.3,81.1,21.5,59.9,12.9,35.9,3.6,10.0,2.2,6.1,2.7,7.5
2020-21,Playoffs,LAC,LA Clippers,19,10,9,240.0,48.6,10.9,20.7,52.9,5.6,6.9,81.1,28.5,58.7,20.2,41.5,3.9,8.1,2.7,5.5,3.5,7.2
2020-21,Playoffs,LAL,Los Angeles Lakers,6,2,4,240.0,43.7,9.0,18.5,48.6,5.7,6.7,85.0,24.7,56.5,17.2,39.3,3.0,6.9,3.2,7.3,3.3,7.6
2020-21,Playoffs,MEM,Memphis Grizzlies,5,1,4,240.0,54.2,14.4,30.6,47.1,4.4,5.2,84.6,33.4,61.6,17.2,31.7,5.2,9.6,3.0,5.5,2.8,5.2
2020-21,Playoffs,MIA,Miami Heat,4,0,4,246.2,45.8,7.3,17.5,41.4,4.5,5.8,78.3,18.5,40.4,21.0,45.9,5.5,12.0,3.3,7.1,3.0,6.6
2020-21,Playoffs,MIL,Milwaukee Bucks,23,16,7,242.2,44.0,9.4,19.4,48.7,3.5,5.3,66.1,23.1,52.5,17.2,39.1,4.3,9.8,3.2,7.3,2.7,6.0
2020-21,Playoffs,NYK,New York Knicks,5,1,4,240.0,55.6,11.0,25.6,43.0,8.2,9.2,89.1,30.6,55.0,21.6,38.8,5.6,10.1,2.6,4.7,4.6,8.3
2020-21,Playoffs,PHI,Philadelphia 76ers,12,7,5,240.0,39.2,10.2,20.3,50.2,3.5,5.6,62.7,24.3,61.9,12.1,30.9,3.4,8.7,2.8,7.0,2.8,7.0
2020-21,Playoffs,PHX,Phoenix Suns,22,14,8,240.0,44.9,11.0,22.8,48.5,3.8,4.3,88.3,26.5,59.0,15.9,35.4,4.4,9.7,2.9,6.5,2.1,4.8
2020-21,Playoffs,POR,Portland Trail Blazers,6,2,4,248.3,33.5,10.0,18.3,54.5,4.7,5.7,82.4,25.5,76.1,9.7,28.9,2.3,7.0,2.0,6.0,2.8,8.5
2020-21,Playoffs,UTA,Utah Jazz,11,6,5,240.0,48.2,10.5,22.5,46.4,5.5,6.1,89.6,27.2,56.4,18.0,37.4,4.6,9.6,3.7,7.7,3.1,6.4
2020-21,Playoffs,WAS,Washington Wizards,5,1,4,240.0,55.0,11.2,24.2,46.3,7.0,8.4,83.3,29.6,53.8,21.8,39.6,6.0,10.9,3.6,6.5,4.2,7.6
2020-21,PlayIn,BOS,Boston Celtics,1,1,0,240.0,53.0,11.0,23.0,47.8,10.0,10.0,100,34.0,64.2,19.0,35.8,6.0,11.3,5.0,9.4,5.0,9.4
2020-21,PlayIn,CHA,Charlotte Hornets,1,0,1,240.0,53.0,11.0,22.0,50.0,8.0,12.0,66.7,31.0,58.5,21.0,39.6,4.0,7.5,3.0,5.7,6.0,11.3
2020-21,PlayIn,GSW,Golden State Warriors,2,0,2,252.5,34.5,8.0,18.5,43.2,4.0,6.0,66.7,21.5,62.3,10.0,29.0,3.5,10.1,1.5,4.3,3.0,8.7
2020-21,PlayIn,IND,Indiana Pacers,2,1,1,240.0,49.5,9.5,25.0,38.0,3.0,3.0,100,22.5,45.5,17.0,34.3,4.5,9.1,5.0,10.1,1.5,3.0
2020-21,PlayIn,LAL,Los Angeles Lakers,1,1,0,240.0,48.0,5.0,14.0,35.7,4.0,4.0,100,14.0,29.2,27.0,56.3,6.0,12.5,5.0,10.4,2.0,4.2
2020-21,PlayIn,MEM,Memphis Grizzlies,2,2,0,252.5,56.5,12.0,31.5,38.1,5.0,6.0,83.3,29.5,52.2,16.5,29.2,4.5,8.0,3.5,6.2,3.0,5.3
2020-21,PlayIn,SAS,San Antonio Spurs,1,0,1,240.0,65.0,10.0,31.0,32.3,6.0,8.0,75.0,26.0,40.0,27.0,41.5,8.0,12.3,2.0,3.1,4.0,6.2
2020-21,PlayIn,WAS,Washington Wizards,2,1,1,240.0,50.5,13.5,24.5,55.1,6.0,7.0,85.7,33.0,65.3,18.5,36.6,8.0,15.8,3.5,6.9,3.5,6.9
2021-22,Regular+Season,ATL,Atlanta Hawks,82,43,39,240.3,43.7,9.6,20.4,47.1,4.9,5.8,85.1,24.7,56.6,16.3,37.3,4.6,10.5,2.8,6.5,2.9,6.6
2021-22,Regular+Season,BOS,Boston Celtics,81,51,30,242.8,45.8,9.5,19.4,49.1,6.0,7.1,84.3,25.7,56.2,18.1,39.5,4.5,9.8,3.2,7.0,3.5,7.6
2021-22,Regular+Season,BKN,Brooklyn Nets,82,44,38,240.9,37.8,8.8,17.7,49.7,4.4,5.2,84.5,22.6,59.8,14.0,36.9,3.4,8.9,2.4,6.4,2.6,6.9
2021-22,Regular+Season,CHA,Charlotte Hornets,81,43,38,242.5,54.3,11.2,23.7,47.3,5.4,6.7,80.2,28.6,52.7,21.9,40.4,5.2,9.7,3.6,6.6,3.4,6.2
2021-22,Regular+Season,CHI,Chicago Bulls,82,46,36,240.6,41.1,9.6,18.7,51.3,5.3,6.2,85.0,25.2,61.4,15.4,37.4,3.5,8.6,2.8,6.8,3.1,7.6
2021-22,Regular+Season,CLE,Cleveland Cavaliers,82,44,38,240.6,43.9,8.5,18.1,47.1,3.4,4.4,78.4,21.0,47.8,18.9,43.1,4.7,10.7,3.2,7.2,2.2,5.0
2021-22,Regular+Season,DAL,Dallas Mavericks,82,52,30,240.9,48.2,10.5,19.9,53.0,5.2,6.6,79.2,27.1,56.3,20.6,42.6,5.3,10.9,3.1,6.3,3.3,6.8
2021-22,Regular+Season,DEN,Denver Nuggets,82,48,34,241.5,31.0,6.7,13.2,50.6,3.6,4.5,80.2,17.5,56.5,12.2,39.3,3.2,10.4,2.2,7.0,2.3,7.3
2021-22,Regular+Season,DET,Detroit Pistons,81,23,58,241.2,49.9,9.8,21.1,46.7,5.7,7.1,80.1,26.0,52.2,20.1,40.3,4.3,8.6,3.4,6.9,3.5,7.0
2021-22,Regular+Season,GSW,Golden State Warriors,81,53,28,240.6,38.4,8.1,15.9,50.7,4.6,5.8,79.1,21.2,55.3,15.9,41.5,3.5,9.1,2.7,7.0,2.9,7.5
2021-22,Regular+Season,HOU,Houston Rockets,82,20,62,240.9,45.4,9.6,19.8,48.3,5.4,7.5,71.7,25.2,55.5,16.4,36.1,3.7,8.1,3.9,8.6,3.7,8.2
2021-22,Regular+Season,IND,Indiana Pacers,82,25,57,242.4,50.7,10.4,21.5,48.4,5.1,6.5,78.8,26.8,52.9,21.1,41.7,5.0,9.9,3.5,6.8,3.3,6.4
2021-22,Regular+Season,LAC,LA Clippers,81,42,39,241.2,39.8,8.5,17.9,47.4,3.9,4.8,81.3,21.4,53.7,15.3,38.6,3.9,9.8,2.6,6.6,2.4,6.1
2021-22,Regular+Season,LAL,Los Angeles Lakers,82,33,49,243.7,43.6,8.6,17.2,50.3,4.3,5.7,74.3,22.2,50.8,19.2,43.9,4.5,10.3,3.1,7.1,2.9,6.6
2021-22,Regular+Season,MEM,Memphis Grizzlies,81,55,26,241.2,46.6,12.1,26.1,46.4,5.3,6.9,77.9,30.3,64.9,13.3,28.5,3.3,7.0,2.9,6.2,3.4,7.4
2021-22,Regular+Season,MIA,Miami Heat,82,53,29,242.1,39.8,7.7,15.6,49.4,4.8,5.7,83.5,20.5,51.6,17.7,44.5,4.2,10.6,2.5,6.3,2.8,7.1
2021-22,Regular+Season,MIL,Milwaukee Bucks,82,51,31,240.9,42.5,9.1,17.6,51.6,4.5,6.0,75.8,23.2,54.6,17.4,40.9,4.4,10.3,3.1,7.3,3.0,7.1
2021-22,Regular+Season,MIN,Minnesota Timberwolves,82,46,36,241.2,40.7,9.7,19.3,50.4,5.4,6.7,80.4,25.8,63.3,14.2,34.8,3.1,7.7,2.7,6.7,3.3,8.2
2021-22,Regular+Season,NOP,New Orleans Pelicans,81,35,46,240.9,42.0,8.4,17.8,47.2,4.6,5.9,78.0,22.0,52.5,17.2,41.0,4.6,11.0,2.8,6.6,3.0,7.0
2021-22,Regular+Season,NYK,New York Knicks,81,36,45,241.2,46.9,9.2,20.7,44.3,5.6,7.2,76.8,24.7,52.8,18.3,39.0,4.6,9.8,3.0,6.3,3.6,7.7
2021-22,Regular+Season,OKC,Oklahoma City Thunder,82,24,58,241.5,61.7,11.4,25.2,45.2,6.4,8.3,77.2,29.9,48.5,26.3,42.7,5.1,8.3,4.1,6.7,4.2,6.8
2021-22,Regular+Season,ORL,Orlando Magic,82,22,60,241.2,46.9,9.9,21.8,45.2,5.1,6.4,79.2,25.5,54.4,17.0,36.2,4.0,8.5,3.5,7.5,3.2,6.8
2021-22,Regular+Season,PHI,Philadelphia 76ers,82,51,31,241.5,41.1,10.3,20.8,49.4,5.2,6.2,83.4,26.6,64.6,13.7,33.4,3.3,8.0,2.5,6.2,3.1,7.6
2021-22,Regular+Season,PHX,Phoenix Suns,81,63,18,240.6,42.0,9.7,19.9,48.5,3.5,4.3,82.9,23.4,55.8,16.1,38.3,4.3,10.3,2.8,6.6,2.1,5.1
2021-22,Regular+Season,POR,Portland Trail Blazers,82,27,55,240.6,41.6,8.5,18.4,46.2,4.7,6.1,78.1,22.3,53.7,15.7,37.9,3.8,9.1,3.1,7.4,3.0,7.3
2021-22,Regular+Season,SAC,Sacramento Kings,81,29,52,241.5,51.1,10.6,22.3,47.7,5.7,7.5,76.4,27.9,54.5,20.4,40.0,5.4,10.5,3.3,6.5,3.8,7.4
2021-22,Regular+Season,SAS,San Antonio Spurs,82,34,48,241.5,52.7,11.2,23.6,47.6,5.3,6.8,78.0,28.5,54.0,21.1,40.1,5.6,10.6,3.1,6.0,3.4,6.4
2021-22,Regular+Season,TOR,Toronto Raptors,82,48,34,242.1,44.1,8.5,18.9,44.9,4.2,5.5,76.5,21.6,49.0,17.9,40.5,3.9,8.9,3.2,7.2,2.7,6.2
2021-22,Regular+Season,UTA,Utah Jazz,82,49,33,240.6,51.9,11.7,22.8,51.3,5.3,6.4,83.9,29.7,57.2,20.4,39.3,4.9,9.3,3.8,7.4,3.2,6.2
2021-22,Regular+Season,WAS,Washington Wizards,82,35,47,241.8,47.7,10.3,21.6,47.8,5.0,6.1,81.2,26.2,55.0,18.7,39.1,4.9,10.2,3.1,6.5,3.1,6.4
2021-22,Playoffs,ATL,Atlanta Hawks,5,1,4,240.0,33.2,6.4,11.6,55.2,6.8,8.0,85.0,19.8,59.6,13.0,39.2,2.4,7.2,2.4,7.2,4.0,12.0
2021-22,Playoffs,BOS,Boston Celtics,24,14,10,240.0,47.9,8.1,18.6,43.5,6.0,7.5,79.4,22.5,47.1,20.0,41.9,5.0,10.4,3.8,7.9,3.7,7.7
2021-22,Playoffs,BKN,Brooklyn Nets,4,0,4,240.0,31.8,6.0,13.0,46.2,4.8,5.0,95.0,16.8,52.8,13.0,40.9,2.8,8.7,2.5,7.9,2.5,7.9
2021-22,Playoffs,CHI,Chicago Bulls,5,1,4,240.0,37.6,6.4,15.4,41.6,4.4,5.2,84.6,17.8,47.3,16.6,44.1,4.4,11.7,2.2,5.9,2.6,6.9
2021-22,Playoffs,DAL,Dallas Mavericks,18,9,9,240.0,52.0,11.5,23.1,49.8,7.1,8.8,81.0,31.0,59.6,19.7,37.9,4.1,7.9,3.1,5.9,4.4,8.4
2021-22,Playoffs,DEN,Denver Nuggets,5,1,4,240.0,29.4,6.2,12.4,50.0,5.6,7.2,77.8,18.6,63.3,9.8,33.3,4.2,14.3,2.2,7.5,3.6,12.2
2021-22,Playoffs,GSW,Golden State Warriors,22,16,6,240.0,41.2,8.6,17.5,49.4,3.5,4.6,76.2,21.5,52.3,17.5,42.6,3.8,9.3,2.9,7.1,2.3,5.5
2021-22,Playoffs,MEM,Memphis Grizzlies,12,6,6,240.0,48.2,11.1,26.8,41.4,5.9,8.0,74.0,28.8,59.7,13.1,27.2,2.5,5.2,3.1,6.4,4.0,8.3
2021-22,Playoffs,MIA,Miami Heat,18,11,7,240.0,42.9,8.8,18.4,47.6,4.4,5.1,87.0,23.1,53.7,17.7,41.3,3.6,8.3,2.7,6.2,2.6,6.0
2021-22,Playoffs,MIL,Milwaukee Bucks,12,7,5,240.0,45.1,10.0,20.4,49.0,4.5,6.1,74.0,25.0,55.5,16.0,35.5,4.1,9.1,3.9,8.7,3.0,6.7
2021-22,Playoffs,MIN,Minnesota Timberwolves,6,2,4,240.0,46.7,8.3,18.0,46.3,9.7,12.0,80.6,26.8,57.5,17.0,36.4,3.2,6.8,4.3,9.3,6.0,12.9
2021-22,Playoffs,NOP,New Orleans Pelicans,6,2,4,240.0,40.7,8.3,18.5,45.0,7.5,9.2,81.8,24.5,60.2,12.2,29.9,3.3,8.2,4.0,9.8,4.5,11.1
2021-22,Playoffs,PHI,Philadelphia 76ers,12,6,6,242.1,40.0,9.8,18.8,52.0,6.4,7.0,91.7,26.4,66.0,14.0,35.0,3.7,9.2,2.6,6.5,3.6,9.0
2021-22,Playoffs,PHX,Phoenix Suns,13,7,6,240.0,38.6,9.6,19.4,49.6,3.7,4.5,82.8,23.3,60.4,13.6,35.3,5.1,13.1,2.0,5.2,2.2,5.8
2021-22,Playoffs,TOR,Toronto Raptors,6,2,4,244.2,50.7,10.3,20.7,50.0,6.2,7.7,80.4,27.8,54.9,21.3,42.1,6.0,11.8,2.5,4.9,3.8,7.6
2021-22,Playoffs,UTA,Utah Jazz,6,2,4,240.0,57.2,15.8,29.2,54.3,5.5,7.3,75.0,37.8,66.2,18.0,31.5,4.3,7.6,4.5,7.9,3.7,6.4
2021-22,PlayIn,ATL,Atlanta Hawks,2,2,0,240.0,40.0,10.5,21.0,50.0,3.5,4.0,87.5,24.5,61.3,12.5,31.3,5.5,13.8,3.0,7.5,2.0,5.0
2021-22,PlayIn,BKN,Brooklyn Nets,1,1,0,240.0,35.0,11.0,14.0,78.6,0.0,0.0,0.0,22.0,62.9,18.0,51.4,3.0,8.6,1.0,2.9,0.0,0.0
2021-22,PlayIn,CHA,Charlotte Hornets,1,0,1,240.0,50.0,9.0,24.0,37.5,8.0,10.0,80.0,28.0,56.0,16.0,32.0,5.0,10.0,3.0,6.0,5.0,10.0
2021-22,PlayIn,CLE,Cleveland Cavaliers,2,0,2,240.0,50.5,9.5,22.0,43.2,4.5,5.0,90.0,24.5,48.5,22.0,43.6,7.5,14.9,2.0,4.0,2.5,5.0
2021-22,PlayIn,LAC,LA Clippers,2,0,2,240.0,47.0,7.5,19.0,39.5,5.5,9.0,61.1,22.0,46.8,18.5,39.4,4.0,8.5,4.0,8.5,4.5,9.6
2021-22,PlayIn,MIN,Minnesota Timberwolves,1,1,0,240.0,47.0,11.0,23.0,47.8,12.0,16.0,75.0,35.0,74.5,11.0,23.4,1.0,2.1,3.0,6.4,8.0,17.0
2021-22,PlayIn,NOP,New Orleans Pelicans,2,2,0,240.0,41.0,10.0,21.0,47.6,7.0,11.0,63.6,27.0,65.9,9.0,22.0,3.0,7.3,3.0,7.3,5.5,13.4
2021-22,PlayIn,SAS,San Antonio Spurs,1,0,1,240.0,49.0,8.0,24.0,33.3,4.0,4.0,100,21.0,42.9,21.0,42.9,7.0,14.3,1.0,2.0,2.0,4.1
2022-23,Regular+Season,ATL,Atlanta Hawks,82,41,41,242.1,47.7,11.3,23.6,48.0,5.5,6.5,84.7,28.9,60.5,16.7,35.0,4.5,9.4,2.8,6.0,3.3,6.9
2022-23,Regular+Season,BOS,Boston Celtics,82,57,25,243.7,46.8,10.8,20.5,52.6,5.7,7.1,79.9,28.2,60.2,18.3,39.0,4.3,9.2,3.1,6.6,3.6,7.6
2022-23,Regular+Season,BKN,Brooklyn Nets,82,45,37,240.6,44.7,10.4,20.6,50.4,5.5,6.5,83.8,27.1,60.7,17.0,38.0,4.1,9.3,2.9,6.5,3.3,7.3
2022-23,Regular+Season,CHA,Charlotte Hornets,82,27,55,241.8,51.8,10.8,23.9,45.3,5.0,6.6,76.2,27.6,53.3,19.7,38.1,4.9,9.5,3.5,6.8,3.3,6.4
2022-23,Regular+Season,CHI,Chicago Bulls,81,39,42,242.8,42.8,10.0,18.6,53.6,5.7,6.8,83.9,26.5,61.9,17.0,39.8,4.0,9.4,2.7,6.4,3.4,7.9
2022-23,Regular+Season,CLE,Cleveland Cavaliers,82,51,31,242.4,48.1,10.6,21.2,49.9,5.0,6.1,81.0,26.9,55.9,19.3,40.1,5.9,12.2,3.0,6.1,3.1,6.4
2022-23,Regular+Season,DAL,Dallas Mavericks,82,38,44,243.1,44.9,11.1,20.3,54.7,6.5,8.4,77.1,29.7,66.3,16.4,36.7,4.1,9.1,2.7,6.1,4.2,9.3
2022-23,Regular+Season,DEN,Denver Nuggets,82,53,29,240.9,36.0,7.8,15.8,49.2,3.9,5.2,75.6,19.9,55.3,14.0,38.8,4.1,11.3,2.6,7.3,2.6,7.2
2022-23,Regular+Season,DET,Detroit Pistons,81,17,64,241.5,47.7,9.7,21.3,45.7,6.3,8.0,79.0,26.4,55.4,17.5,36.6,4.8,10.1,3.4,7.1,4.0,8.4
2022-23,Regular+Season,GSW,Golden State Warriors,81,43,38,241.9,36.7,7.7,15.3,50.5,4.1,5.0,81.7,20.1,54.8,15.3,41.7,3.9,10.7,2.7,7.2,2.5,6.8
2022-23,Regular+Season,HOU,Houston Rockets,82,22,60,240.9,50.2,10.9,23.3,46.8,6.8,8.7,78.1,29.5,58.9,17.6,35.1,3.8,7.5,3.4,6.8,4.3,8.6
2022-23,Regular+Season,IND,Indiana Pacers,82,35,47,240.9,55.7,11.6,23.8,48.8,5.6,7.0,80.1,29.7,53.4,23.5,42.2,5.4,9.7,3.5,6.2,3.5,6.3
2022-23,Regular+Season,LAC,LA Clippers,82,44,38,241.8,45.1,10.0,19.7,50.6,5.6,7.0,79.5,26.3,58.3,17.6,39.0,4.3,9.6,2.9,6.5,3.5,7.8
2022-23,Regular+Season,LAL,Los Angeles Lakers,82,43,39,242.4,44.2,9.2,18.3,50.2,5.6,7.2,77.6,25.0,56.5,18.0,40.8,5.0,11.4,3.1,6.9,3.6,8.2
2022-23,Regular+Season,MEM,Memphis Grizzlies,82,51,31,241.2,45.9,12.2,25.3,48.1,6.0,8.0,75.5,31.3,68.3,12.6,27.5,3.9,8.4,2.9,6.4,4.0,8.7
2022-23,Regular+Season,MIA,Miami Heat,82,44,38,241.5,45.4,9.5,19.1,49.7,5.3,6.4,83.9,25.1,55.2,19.3,42.4,4.2,9.2,2.7,5.9,3.2,7.0
2022-23,Regular+Season,MIL,Milwaukee Bucks,82,58,24,241.8,42.7,9.4,17.9,52.6,5.1,7.1,72.5,24.6,57.5,16.8,39.4,4.3,10.2,3.2,7.6,3.5,8.3
2022-23,Regular+Season,MIN,Minnesota Timberwolves,81,41,40,241.9,48.7,12.3,23.7,51.8,6.1,7.8,77.8,31.6,64.9,16.3,33.5,4.4,9.0,3.4,6.9,3.9,8.0
2022-23,Regular+Season,NOP,New Orleans Pelicans,82,42,40,242.1,47.5,10.7,21.8,49.2,6.2,7.7,80.6,28.5,60.1,17.3,36.5,4.5,9.4,3.2,6.8,3.9,8.2
2022-23,Regular+Season,NYK,New York Knicks,82,47,35,243.4,55.1,12.3,24.7,49.8,6.8,8.5,80.3,32.7,59.3,21.6,39.2,5.6,10.1,3.1,5.6,4.3,7.7
2022-23,Regular+Season,OKC,Oklahoma City Thunder,82,40,42,242.1,64.0,13.5,28.1,48.1,7.8,9.4,82.5,35.7,55.8,25.6,40.0,5.7,8.9,3.8,6.0,4.7,7.4
2022-23,Regular+Season,ORL,Orlando Magic,82,34,48,241.2,48.3,11.7,23.6,49.6,6.2,7.8,79.3,30.5,63.0,16.0,33.2,4.0,8.3,3.4,7.0,3.9,8.1
2022-23,Regular+Season,PHI,Philadelphia 76ers,82,54,28,242.4,43.6,9.9,20.4,48.6,6.0,7.0,84.6,26.7,61.3,16.0,36.6,4.1,9.5,2.6,5.9,3.6,8.2
2022-23,Regular+Season,PHX,Phoenix Suns,82,45,37,241.2,42.4,9.1,19.5,46.7,4.5,5.8,78.6,23.3,55.1,16.2,38.3,4.3,10.1,2.6,6.2,2.9,6.8
2022-23,Regular+Season,POR,Portland Trail Blazers,81,33,48,240.6,41.9,10.1,19.5,52.2,6.1,7.4,82.4,27.2,64.9,14.8,35.2,3.5,8.4,3.0,7.1,3.7,8.9
2022-23,Regular+Season,SAC,Sacramento Kings,82,48,34,241.8,49.4,10.8,20.0,54.0,7.2,8.9,81.2,29.7,60.1,20.3,41.0,5.3,10.6,3.3,6.7,4.5,9.1
2022-23,Regular+Season,SAS,San Antonio Spurs,79,21,58,242.2,51.3,11.6,25.3,46.0,5.0,6.7,74.2,29.1,56.7,18.3,35.7,4.6,8.9,3.1,6.0,3.4,6.6
2022-23,Regular+Season,TOR,Toronto Raptors,82,41,41,241.5,45.9,9.0,19.9,45.3,5.5,6.8,81.8,24.2,52.8,18.7,40.8,4.4,9.6,2.7,6.0,3.4,7.4
2022-23,Regular+Season,UTA,Utah Jazz,82,37,45,241.5,52.6,12.1,23.7,50.8,6.2,7.8,80.0,31.4,59.6,19.2,36.5,5.4,10.3,4.0,7.7,3.9,7.4
2022-23,Regular+Season,WAS,Washington Wizards,82,35,47,240.9,45.4,11.3,22.1,51.1,4.8,6.0,79.5,28.2,62.1,16.0,35.3,4.2,9.3,3.0,6.7,3.0,6.6
2022-23,Playoffs,ATL,Atlanta Hawks,6,2,4,240.0,51.5,11.5,26.5,43.4,3.3,3.7,90.9,27.2,52.8,19.2,37.2,6.2,12.0,3.5,6.8,1.8,3.6
2022-23,Playoffs,BOS,Boston Celtics,20,11,9,241.3,43.3,11.1,21.1,52.6,5.9,7.5,78.0,29.0,66.9,14.3,32.9,4.0,9.1,3.1,7.2,3.8,8.8
2022-23,Playoffs,BKN,Brooklyn Nets,4,0,4,240.0,51.0,11.0,22.3,49.4,5.3,8.5,61.8,28.0,54.9,19.8,38.7,4.3,8.3,3.5,6.9,4.3,8.3
2022-23,Playoffs,CLE,Cleveland Cavaliers,5,1,4,240.0,42.2,8.6,18.2,47.3,5.6,6.4,87.5,23.4,55.5,16.6,39.3,5.2,12.3,3.4,8.1,3.2,7.6
2022-23,Playoffs,DEN,Denver Nuggets,20,16,4,241.3,33.7,8.4,17.1,49.3,3.3,4.3,76.7,20.8,61.6,11.0,32.5,3.2,9.3,2.2,6.4,2.1,6.2
2022-23,Playoffs,GSW,Golden State Warriors,13,6,7,240.0,37.0,7.5,15.6,47.8,4.0,5.5,72.2,19.8,53.4,15.8,42.6,3.5,9.6,2.2,6.0,2.8,7.5
2022-23,Playoffs,LAC,LA Clippers,5,1,4,240.0,49.4,11.0,22.6,48.7,6.0,7.2,83.3,28.8,58.3,18.6,37.7,4.6,9.3,3.4,6.9,3.6,7.3
2022-23,Playoffs,LAL,Los Angeles Lakers,16,8,8,241.6,38.4,9.9,18.8,53.0,4.6,5.8,79.3,24.7,64.3,13.8,35.8,3.6,9.4,1.9,5.0,2.9,7.5
2022-23,Playoffs,MEM,Memphis Grizzlies,6,2,4,244.2,43.0,8.2,22.3,36.6,5.3,6.0,88.9,21.8,50.8,13.0,30.2,2.3,5.4,3.3,7.8,3.0,7.0
2022-23,Playoffs,MIA,Miami Heat,23,13,10,241.1,44.6,9.8,21.2,46.2,4.3,5.1,83.9,24.9,55.8,17.5,39.3,4.2,9.4,2.4,5.5,2.7,5.9
2022-23,Playoffs,MIL,Milwaukee Bucks,5,1,4,245.0,44.4,8.6,17.2,50.0,4.4,6.0,73.3,22.6,50.9,20.6,46.4,6.0,13.5,2.6,5.9,3.0,6.8
2022-23,Playoffs,MIN,Minnesota Timberwolves,5,1,4,245.0,51.2,11.0,22.8,48.2,5.2,7.2,72.2,28.4,55.5,19.0,37.1,4.8,9.4,4.4,8.6,3.8,7.4
2022-23,Playoffs,NYK,New York Knicks,11,6,5,240.0,48.7,10.8,22.0,49.2,6.7,8.2,82.2,28.7,59.0,18.2,37.3,4.0,8.2,3.6,7.5,4.2,8.6
2022-23,Playoffs,PHI,Philadelphia 76ers,11,7,4,242.3,44.6,10.8,22.6,47.8,5.9,6.9,85.5,27.9,62.5,14.5,32.4,4.1,9.2,3.3,7.3,3.5,7.7
2022-23,Playoffs,PHX,Phoenix Suns,11,6,5,240.0,41.5,11.8,22.5,52.6,5.5,6.0,90.9,29.8,71.9,12.2,29.4,2.9,7.0,1.7,4.2,3.0,7.2
2022-23,Playoffs,SAC,Sacramento Kings,7,3,4,240.0,49.1,12.3,23.3,52.8,5.6,6.9,81.3,30.6,62.2,17.3,35.2,4.1,8.4,4.0,8.1,3.4,7.0
2022-23,PlayIn,ATL,Atlanta Hawks,1,1,0,240.0,42.0,13.0,24.0,54.2,4.0,6.0,66.7,30.0,71.4,11.0,26.2,3.0,7.1,4.0,9.5,3.0,7.1
2022-23,PlayIn,CHI,Chicago Bulls,2,1,1,240.0,49.0,12.5,20.0,62.5,6.5,9.0,72.2,33.5,68.4,19.5,39.8,4.5,9.2,4.0,8.2,4.5,9.2
2022-23,PlayIn,LAL,Los Angeles Lakers,1,1,0,265.0,45.0,8.0,22.0,36.4,10.0,10.0,100,27.0,60.0,12.0,26.7,1.0,2.2,4.0,8.9,5.0,11.1
2022-23,PlayIn,MIA,Miami Heat,2,1,1,240.0,42.0,8.0,18.5,43.2,6.0,8.0,75.0,22.5,53.6,17.0,40.5,4.0,9.5,1.0,2.4,4.0,9.5
2022-23,PlayIn,MIN,Minnesota Timberwolves,2,1,1,252.5,46.5,9.5,20.0,47.5,2.0,2.0,100,23.0,49.5,20.0,43.0,6.0,12.9,5.0,10.8,1.0,2.2
2022-23,PlayIn,NOP,New Orleans Pelicans,1,0,1,240.0,48.0,7.0,20.0,35.0,15.0,16.0,93.8,27.0,56.3,16.0,33.3,6.0,12.5,3.0,6.3,8.0,16.7
2022-23,PlayIn,OKC,Oklahoma City Thunder,2,1,1,240.0,57.0,12.0,26.5,45.3,7.0,9.0,77.8,32.5,57.0,21.5,37.7,3.5,6.1,3.0,5.3,4.5,7.9
2022-23,PlayIn,TOR,Toronto Raptors,1,0,1,240.0,47.0,5.0,19.0,26.3,6.0,14.0,42.9,16.0,34.0,17.0,36.2,4.0,8.5,2.0,4.3,7.0,14.9
2023-24,Regular+Season,ATL,Atlanta Hawks,82,36,46,242.1,48.1,11.0,23.1,47.6,5.5,6.7,82.6,28.3,58.7,17.4,36.1,5.0,10.3,3.1,6.4,3.3,6.9
2023-24,Regular+Season,BOS,Boston Celtics,81,63,18,241.9,39.1,9.5,17.8,53.4,4.7,5.8,81.5,24.4,62.4,15.2,38.7,4.2,10.7,2.3,6.0,2.9,7.5
2023-24,Regular+Season,BKN,Brooklyn Nets,79,32,47,241.6,55.4,12.4,25.6,48.5,6.0,7.6,78.8,31.6,57.1,21.0,37.9,5.4,9.7,3.4,6.1,3.8,6.9
2023-24,Regular+Season,CHA,Charlotte Hornets,81,20,61,240.6,53.6,11.5,24.7,46.7,5.1,6.4,79.6,28.8,53.8,20.5,38.3,4.9,9.1,3.8,7.1,3.2,6.0
2023-24,Regular+Season,CHI,Chicago Bulls,81,39,42,243.7,53.5,11.8,22.6,52.2,5.6,6.7,83.0,29.9,55.9,23.0,43.1,4.9,9.1,2.9,5.5,3.4,6.4
2023-24,Regular+Season,CLE,Cleveland Cavaliers,82,48,34,241.5,48.9,10.2,21.4,47.4,4.2,5.3,78.9,25.0,51.1,20.3,41.6,6.1,12.5,2.9,5.9,2.7,5.5
2023-24,Regular+Season,DAL,Dallas Mavericks,81,49,32,240.3,44.8,11.5,21.6,53.3,5.2,6.9,76.2,29.4,65.6,15.6,34.8,4.4,9.9,2.8,6.2,3.5,7.8
2023-24,Regular+Season,DEN,Denver Nuggets,80,55,25,240.3,37.4,8.8,17.9,49.1,3.3,4.0,80.7,21.3,56.9,14.1,37.8,3.8,10.3,2.5,6.6,2.0,5.4
2023-24,Regular+Season,DET,Detroit Pistons,81,14,67,240.9,52.6,11.2,23.6,47.3,5.6,7.0,79.9,28.7,54.5,20.3,38.5,5.2,9.9,3.7,7.0,3.5,6.7
2023-24,Regular+Season,GSW,Golden State Warriors,81,46,35,241.9,38.8,8.7,17.8,48.9,4.5,5.6,80.7,22.6,58.4,15.2,39.2,3.4,8.8,2.2,5.6,2.8,7.2
2023-24,Regular+Season,HOU,Houston Rockets,82,41,41,242.1,44.5,9.8,20.4,48.2,5.3,6.8,78.7,25.8,58.1,16.4,36.9,4.0,9.0,3.1,7.0,3.4,7.7
2023-24,Regular+Season,IND,Indiana Pacers,82,47,35,240.3,56.6,13.7,25.9,52.9,4.8,5.7,83.6,33.2,58.6,23.3,41.2,5.5,9.8,3.2,5.6,2.9,5.1
2023-24,Regular+Season,LAC,LA Clippers,81,50,31,240.3,45.2,10.0,20.2,49.5,4.8,5.7,84.3,25.5,56.4,17.9,39.6,4.9,10.9,2.8,6.3,2.8,6.3
2023-24,Regular+Season,LAL,Los Angeles Lakers,81,46,35,242.2,39.4,10.0,19.8,50.6,5.2,7.0,74.2,26.0,66.1,12.5,31.7,3.6,9.2,2.4,6.0,3.5,8.9
2023-24,Regular+Season,MEM,Memphis Grizzlies,82,27,55,241.2,51.3,11.5,24.5,46.8,6.0,7.6,78.5,29.7,58.0,17.7,34.6,4.1,7.9,3.7,7.2,3.8,7.5
2023-24,Regular+Season,MIA,Miami Heat,82,46,36,240.9,49.1,10.0,20.5,49.0,5.5,6.7,82.7,26.3,53.6,21.0,42.9,4.6,9.5,2.7,5.6,3.4,6.9
2023-24,Regular+Season,MIL,Milwaukee Bucks,82,49,33,241.5,42.7,10.4,19.2,54.0,5.6,7.0,80.1,27.2,63.6,15.8,36.9,4.5,10.5,2.8,6.7,3.5,8.3
2023-24,Regular+Season,MIN,Minnesota Timberwolves,82,56,26,241.5,52.5,12.4,24.7,50.1,6.1,7.5,81.3,31.9,60.7,18.7,35.6,4.8,9.1,3.9,7.4,3.7,7.1
2023-24,Regular+Season,NOP,New Orleans Pelicans,81,49,32,240.3,49.6,12.1,24.3,49.9,6.1,7.9,76.6,31.1,62.8,17.3,34.9,4.5,9.1,2.7,5.5,4.0,8.0
2023-24,Regular+Season,NYK,New York Knicks,82,50,32,240.6,52.7,11.8,24.6,48.0,5.8,7.0,82.9,30.4,57.6,20.1,38.1,4.8,9.1,3.1,5.9,3.5,6.7
2023-24,Regular+Season,OKC,Oklahoma City Thunder,82,57,25,241.5,62.1,14.1,26.4,53.6,7.0,8.5,82.1,36.5,58.7,25.8,41.6,5.9,9.5,3.8,6.1,4.3,6.9
2023-24,Regular+Season,ORL,Orlando Magic,82,47,35,241.2,48.5,10.9,22.4,48.9,6.4,8.2,77.6,29.0,59.8,17.4,35.9,4.9,10.1,3.3,6.8,4.1,8.5
2023-24,Regular+Season,PHI,Philadelphia 76ers,81,46,35,241.2,44.0,11.3,23.7,47.8,6.2,7.3,85.4,29.8,67.8,13.2,29.9,3.5,8.1,2.6,5.8,3.7,8.3
2023-24,Regular+Season,PHX,Phoenix Suns,81,49,32,241.2,45.1,10.9,20.7,52.7,5.3,6.4,82.6,27.9,61.9,17.2,38.1,3.9,8.5,2.8,6.3,3.2,7.1
2023-24,Regular+Season,POR,Portland Trail Blazers,81,20,61,242.2,51.6,10.8,24.4,44.3,6.0,7.5,79.8,28.3,54.9,18.0,35.0,4.0,7.8,3.8,7.3,3.8,7.3
2023-24,Regular+Season,SAC,Sacramento Kings,82,46,36,242.1,50.6,11.3,22.2,50.8,5.3,6.8,77.2,28.5,56.3,20.3,40.2,5.1,10.1,3.1,6.2,3.4,6.8
2023-24,Regular+Season,SAS,San Antonio Spurs,81,21,60,241.9,48.0,10.5,21.5,48.5,4.4,5.8,76.3,26.1,54.4,19.5,40.5,4.4,9.1,3.0,6.3,2.9,6.1
2023-24,Regular+Season,TOR,Toronto Raptors,81,25,56,241.2,49.3,10.3,22.3,46.3,5.3,6.7,79.9,26.7,54.2,18.9,38.2,4.5,9.2,3.4,6.9,3.4,6.8
2023-24,Regular+Season,UTA,Utah Jazz,81,31,50,241.5,53.4,11.5,24.3,47.4,6.8,8.1,83.4,30.8,57.6,19.3,36.1,5.5,10.3,4.1,7.7,4.1,7.7
2023-24,Regular+Season,WAS,Washington Wizards,82,15,67,240.6,50.4,12.7,25.7,49.3,4.8,6.2,77.5,31.2,61.9,16.7,33.2,4.3,8.6,3.0,6.0,3.1,6.2
2023-24,Playoffs,BOS,Boston Celtics,19,16,3,241.3,43.8,10.3,19.7,52.4,5.3,6.4,83.5,26.8,61.2,16.8,38.3,4.4,10.0,2.8,6.4,3.2,7.3
2023-24,Playoffs,CLE,Cleveland Cavaliers,12,5,7,240.0,49.6,12.1,24.7,49.0,3.8,4.7,80.4,28.5,57.5,17.8,35.8,4.4,8.9,3.2,6.4,2.3,4.7
2023-24,Playoffs,DAL,Dallas Mavericks,22,13,9,240.0,47.6,11.7,23.6,49.6,4.6,6.4,72.9,28.8,60.6,16.8,35.2,5.2,11.0,3.0,6.2,3.2,6.7
2023-24,Playoffs,DEN,Denver Nuggets,12,7,5,240.0,37.8,8.3,18.0,45.8,4.6,5.3,85.9,21.8,57.5,14.6,38.5,3.7,9.7,1.6,4.2,2.7,7.0
2023-24,Playoffs,IND,Indiana Pacers,17,8,9,242.9,51.3,12.4,22.8,54.5,2.9,3.8,76.6,28.4,55.4,22.2,43.2,5.2,10.1,2.8,5.4,1.9,3.7
2023-24,Playoffs,LAC,LA Clippers,6,2,4,240.0,43.0,8.0,17.3,46.2,3.5,4.3,80.8,20.3,47.3,19.7,45.7,4.0,9.3,3.2,7.4,2.3,5.4
2023-24,Playoffs,LAL,Los Angeles Lakers,5,1,4,240.0,41.0,11.8,23.2,50.9,4.6,5.6,82.1,28.4,69.3,11.8,28.8,3.4,8.3,2.6,6.3,2.8,6.8
2023-24,Playoffs,MIA,Miami Heat,5,1,4,240.0,44.0,8.6,21.4,40.2,3.2,3.6,88.9,21.2,48.2,15.6,35.5,3.4,7.7,3.6,8.2,1.8,4.1
2023-24,Playoffs,MIL,Milwaukee Bucks,6,2,4,244.2,40.0,10.7,23.0,46.4,3.8,4.3,88.5,26.0,65.0,12.0,30.0,3.2,7.9,2.0,5.0,2.2,5.4
2023-24,Playoffs,MIN,Minnesota Timberwolves,16,9,7,240.0,45.7,10.9,22.7,47.9,6.4,8.0,79.7,28.8,62.9,13.9,30.5,3.3,7.3,3.6,7.9,4.0,8.8
2023-24,Playoffs,NOP,New Orleans Pelicans,4,0,4,240.0,46.8,7.5,20.8,36.1,5.0,5.0,100,20.0,42.8,18.8,40.1,5.3,11.2,3.8,8.0,2.5,5.3
2023-24,Playoffs,NYK,New York Knicks,13,7,6,241.9,52.2,11.2,25.6,43.5,5.6,7.4,76.0,29.0,55.6,19.2,36.9,4.7,9.0,2.5,4.7,3.7,7.1
2023-24,Playoffs,OKC,Oklahoma City Thunder,10,6,4,240.0,60.9,12.4,26.6,46.6,5.4,6.7,80.6,30.6,50.2,26.6,43.7,5.8,9.5,2.6,4.3,3.4,5.6
2023-24,Playoffs,ORL,Orlando Magic,7,3,4,240.0,51.3,10.4,24.0,43.5,4.1,5.7,72.5,25.1,49.0,18.6,36.2,3.1,6.1,4.3,8.4,2.9,5.6
2023-24,Playoffs,PHI,Philadelphia 76ers,6,2,4,244.2,33.3,6.5,16.3,39.8,6.0,7.0,85.7,19.3,58.0,10.8,32.5,3.0,9.0,2.0,6.0,3.5,10.5
2023-24,Playoffs,PHX,Phoenix Suns,4,0,4,240.0,44.5,9.5,20.3,46.9,7.8,9.0,86.1,26.8,60.1,14.8,33.1,2.5,5.6,2.5,5.6,4.5,10.1
2023-24,PlayIn,ATL,Atlanta Hawks,1,0,1,240.0,54.0,9.0,22.0,40.9,6.0,6.0,100,25.0,46.3,25.0,46.3,9.0,16.7,4.0,7.4,3.0,5.6
2023-24,PlayIn,CHI,Chicago Bulls,2,1,1,240.0,49.0,11.5,22.5,51.1,5.0,6.0,83.3,28.0,57.1,22.0,44.9,4.0,8.2,0.5,1.0,3.0,6.1
2023-24,PlayIn,GSW,Golden State Warriors,1,0,1,240.0,35.0,8.0,16.0,50.0,2.0,2.0,100,18.0,51.4,13.0,37.1,6.0,17.1,2.0,5.7,1.0,2.9
2023-24,PlayIn,LAL,Los Angeles Lakers,1,1,0,240.0,32.0,3.0,14.0,21.4,10.0,10.0,100,16.0,50.0,11.0,34.4,4.0,12.5,1.0,3.1,5.0,15.6
2023-24,PlayIn,MIA,Miami Heat,2,1,1,240.0,43.0,9.5,20.5,46.3,5.0,5.0,100,24.0,55.8,16.0,37.2,2.0,4.7,3.0,7.0,2.5,5.8
2023-24,PlayIn,NOP,New Orleans Pelicans,2,1,1,240.0,46.0,8.5,19.0,44.7,3.5,4.0,87.5,20.5,44.6,19.5,42.4,6.5,14.1,4.5,9.8,2.0,4.3
2023-24,PlayIn,PHI,Philadelphia 76ers,1,1,0,240.0,35.0,10.0,17.0,58.8,3.0,4.0,75.0,23.0,65.7,11.0,31.4,5.0,14.3,5.0,14.3,2.0,5.7
2023-24,PlayIn,SAC,Sacramento Kings,2,1,1,240.0,45.5,12.0,24.5,49.0,3.5,5.0,70.0,28.0,61.5,14.5,31.9,5.0,11.0,2.0,4.4,2.5,5.5
2023-24,IST,ATL,Atlanta Hawks,4,1,3,240.0,48.5,10.0,21.8,46.0,9.0,10.0,90.0,30.0,61.9,16.8,34.5,4.3,8.8,3.3,6.7,5.0,10.3
2023-24,IST,BOS,Boston Celtics,5,3,2,240.0,39.2,8.0,16.0,50.0,3.4,4.4,77.3,19.8,50.5,17.6,44.9,4.4,11.2,2.6,6.6,2.2,5.6
2023-24,IST,BKN,Brooklyn Nets,4,3,1,240.0,43.8,11.0,21.0,52.4,4.0,4.5,88.9,26.5,60.6,16.8,38.3,3.3,7.4,3.0,6.9,2.5,5.7
2023-24,IST,CHA,Charlotte Hornets,4,1,3,240.0,56.5,10.5,28.0,37.5,5.5,7.5,73.3,27.3,48.2,19.5,34.5,4.8,8.4,4.5,8.0,3.8,6.6
2023-24,IST,CHI,Chicago Bulls,4,0,4,240.0,49.5,11.8,22.0,53.4,4.0,4.5,88.9,28.0,56.6,21.0,42.4,4.8,9.6,2.0,4.0,2.3,4.5
2023-24,IST,CLE,Cleveland Cavaliers,4,3,1,246.3,53.5,14.0,27.3,51.4,9.3,10.8,86.0,37.3,69.6,17.0,31.8,6.3,11.7,3.5,6.5,5.8,10.7
2023-24,IST,DAL,Dallas Mavericks,4,2,2,240.0,48.0,13.3,23.5,56.4,5.5,6.0,91.7,34.8,72.4,17.8,37.0,4.5,9.4,2.3,4.7,3.0,6.3
2023-24,IST,DEN,Denver Nuggets,4,2,2,240.0,35.8,8.3,16.3,50.8,1.8,2.0,87.5,19.3,53.8,13.3,37.1,3.5,9.8,4.3,11.9,1.0,2.8
2023-24,IST,DET,Detroit Pistons,4,0,4,240.0,56.0,11.5,26.5,43.4,5.5,6.0,91.7,29.5,52.7,21.8,38.8,5.0,8.9,3.8,6.7,3.0,5.4
2023-24,IST,GSW,Golden State Warriors,4,2,2,240.0,38.3,7.3,16.0,45.3,3.8,4.5,83.3,19.8,51.6,17.3,45.1,3.3,8.5,2.5,6.5,2.3,5.9
2023-24,IST,HOU,Houston Rockets,4,2,2,240.0,44.8,11.0,21.0,52.4,5.5,6.0,91.7,28.3,63.1,16.8,37.4,3.0,6.7,2.3,5.0,3.0,6.7
2023-24,IST,IND,Indiana Pacers,6,6,0,240.0,54.2,12.8,25.7,50.0,3.7,4.7,78.6,30.3,56.0,22.5,41.5,6.2,11.4,2.3,4.3,2.3,4.3
2023-24,IST,LAC,LA Clippers,4,1,3,240.0,48.3,12.0,24.3,49.5,6.5,8.0,81.3,31.8,65.8,14.8,30.6,3.8,7.8,3.8,7.8,4.0,8.3
2023-24,IST,LAL,Los Angeles Lakers,5,5,0,240.0,39.6,10.2,19.0,53.7,5.8,7.2,80.6,27.0,68.2,13.6,34.3,2.6,6.6,2.8,7.1,3.6,9.1
2023-24,IST,MEM,Memphis Grizzlies,4,0,4,246.2,46.3,10.3,24.0,42.7,1.8,2.5,70.0,22.8,49.2,15.5,33.5,2.8,5.9,3.8,8.1,1.3,2.7
2023-24,IST,MIA,Miami Heat,4,2,2,240.0,46.3,11.0,18.8,58.7,5.0,6.0,83.3,28.0,60.5,21.8,47.0,4.5,9.7,1.8,3.8,3.0,6.5
2023-24,IST,MIL,Milwaukee Bucks,6,5,1,240.0,42.7,14.0,23.7,59.2,5.2,6.3,81.6,34.3,80.5,12.7,29.7,4.7,10.9,1.8,4.3,3.2,7.4
2023-24,IST,MIN,Minnesota Timberwolves,4,3,1,240.0,50.8,10.5,24.0,43.8,8.5,10.5,81.0,30.5,60.1,15.3,30.0,3.5,6.9,4.3,8.4,5.3,10.3
2023-24,IST,NOP,New Orleans Pelicans,5,4,1,240.0,50.4,12.0,25.2,47.6,6.8,10.4,65.4,31.6,62.7,15.2,30.2,3.2,6.3,3.2,6.3,5.2,10.3
2023-24,IST,NYK,New York Knicks,5,3,2,240.0,56.8,13.8,26.6,51.9,6.4,7.6,84.2,35.4,62.3,20.0,35.2,4.6,8.1,5.6,9.9,3.8,6.7
2023-24,IST,OKC,Oklahoma City Thunder,4,1,3,240.0,56.8,14.3,26.0,54.8,5.3,7.8,67.7,34.8,61.2,20.5,36.1,4.5,7.9,5.0,8.8,4.5,7.9
2023-24,IST,ORL,Orlando Magic,4,3,1,240.0,51.3,11.0,24.0,45.8,3.5,5.5,63.6,26.5,51.7,18.5,36.1,4.8,9.3,4.0,7.8,2.8,5.4
2023-24,IST,PHI,Philadelphia 76ers,4,2,2,246.3,46.0,13.0,25.8,50.5,9.0,10.0,90.0,36.0,78.3,11.8,25.5,3.8,8.2,2.3,4.9,5.0,10.9
2023-24,IST,PHX,Phoenix Suns,5,3,2,240.0,45.8,10.8,21.8,49.5,7.2,8.4,85.7,29.6,64.6,16.8,36.7,3.4,7.4,2.4,5.2,4.4,9.6
2023-24,IST,POR,Portland Trail Blazers,4,1,3,246.3,46.0,7.8,21.5,36.0,7.0,8.0,87.5,23.0,50.0,15.3,33.2,2.3,4.9,3.3,7.1,4.0,8.7
2023-24,IST,SAC,Sacramento Kings,5,4,1,240.0,57.4,12.2,22.6,54.0,7.0,8.8,79.5,32.2,56.1,25.4,44.3,5.0,8.7,3.4,5.9,4.4,7.7
2023-24,IST,SAS,San Antonio Spurs,4,0,4,240.0,33.8,5.0,16.0,31.3,2.3,3.0,75.0,13.0,38.5,13.5,40.0,3.3,9.6,2.3,6.7,1.5,4.4
2023-24,IST,TOR,Toronto Raptors,4,1,3,240.0,47.3,7.0,20.0,35.0,4.8,6.0,79.2,19.3,40.7,20.5,43.4,6.8,14.3,2.8,5.8,3.3,6.9
2023-24,IST,UTA,Utah Jazz,4,2,2,240.0,44.8,9.5,20.3,46.9,6.3,7.5,83.3,25.5,57.0,16.0,35.8,5.5,12.3,4.0,8.9,4.0,8.9
2023-24,IST,WAS,Washington Wizards,4,0,4,240.0,53.3,16.0,30.3,52.9,7.0,8.3,84.8,40.3,75.6,13.5,25.4,4.3,8.0,4.0,7.5,4.3,8.0
2024-25,Regular+Season,ATL,Atlanta Hawks,82,40,42,241.2,50.3,10.1,21.3,47.4,4.7,5.8,80.4,25.5,50.7,21.4,42.5,5.6,11.2,3.3,6.6,2.9,5.8
2024-25,Regular+Season,BOS,Boston Celtics,82,61,21,241.8,36.8,8.9,16.1,55.1,4.1,5.0,82.8,22.5,61.2,14.8,40.1,4.0,11.0,2.3,6.3,2.5,6.7
2024-25,Regular+Season,BKN,Brooklyn Nets,82,26,56,241.2,51.0,9.9,21.8,45.3,6.0,7.4,80.8,26.5,51.9,20.3,39.8,4.9,9.6,3.5,6.9,3.8,7.4
2024-25,Regular+Season,CHA,Charlotte Hornets,82,19,63,240.9,49.4,10.4,24.1,43.1,5.3,6.2,84.6,26.7,54.1,17.5,35.5,4.1,8.2,3.5,7.0,3.1,6.4
2024-25,Regular+Season,CHI,Chicago Bulls,82,39,43,240.9,52.4,10.5,20.9,50.2,5.6,6.9,81.3,27.3,52.1,23.2,44.4,5.2,9.9,3.1,5.9,3.5,6.7
2024-25,Regular+Season,CLE,Cleveland Cavaliers,82,64,18,240.9,51.2,11.3,21.9,51.8,5.1,6.5,79.6,28.5,55.7,21.3,41.7,6.3,12.2,3.3,6.4,3.3,6.4
2024-25,Regular+Season,DAL,Dallas Mavericks,82,39,43,240.6,50.6,12.0,24.2,49.8,6.3,7.7,81.7,31.2,61.7,17.6,34.8,4.3,8.5,3.5,7.0,3.8,7.6
2024-25,Regular+Season,DEN,Denver Nuggets,82,50,32,242.1,35.7,8.1,16.0,50.5,3.7,4.8,77.9,20.5,57.4,14.0,39.1,3.7,10.4,2.2,6.1,2.4,6.7
2024-25,Regular+Season,DET,Detroit Pistons,82,44,38,241.5,41.7,10.8,22.2,48.7,5.3,6.8,77.9,27.6,66.3,12.2,29.3,3.6,8.5,2.8,6.7,3.4,8.2
2024-25,Regular+Season,GSW,Golden State Warriors,82,48,34,240.6,40.3,7.6,17.0,44.8,4.8,6.1,79.4,20.6,51.0,16.5,41.0,3.6,8.9,2.5,6.1,3.1,7.7
2024-25,Regular+Season,HOU,Houston Rockets,82,52,30,241.2,44.9,9.8,21.1,46.6,4.6,6.0,75.6,24.8,55.3,16.5,36.7,3.7,8.3,3.1,6.9,3.1,6.8
2024-25,Regular+Season,IND,Indiana Pacers,82,50,32,242.1,50.3,11.3,21.5,52.5,4.9,6.2,78.7,28.3,56.3,21.4,42.5,4.8,9.5,2.8,5.6,3.1,6.2
2024-25,Regular+Season,LAC,LA Clippers,82,50,32,241.5,43.7,10.2,21.1,48.2,5.4,6.4,83.8,26.4,60.3,15.3,35.0,4.5,10.3,3.0,6.9,3.2,7.3
2024-25,Regular+Season,LAL,Los Angeles Lakers,82,50,32,240.6,39.9,9.2,18.3,50.0,6.1,7.6,81.0,25.3,63.2,14.2,35.7,3.8,9.5,2.5,6.3,3.8,9.5
2024-25,Regular+Season,MEM,Memphis Grizzlies,82,48,34,240.3,59.3,12.6,25.4,49.6,6.2,8.0,78.4,32.3,54.5,24.4,41.0,5.8,9.8,4.1,6.9,4.0,6.7
2024-25,Regular+Season,MIA,Miami Heat,82,37,45,243.1,50.1,10.6,21.4,49.4,4.6,5.9,78.7,26.4,52.7,21.4,42.7,5.4,10.7,3.2,6.4,2.9,5.9
2024-25,Regular+Season,MIL,Milwaukee Bucks,82,48,34,240.9,39.5,9.6,18.7,51.3,4.7,6.4,73.1,24.5,62.0,13.8,34.9,3.8,9.6,2.5,6.4,3.2,8.1
2024-25,Regular+Season,MIN,Minnesota Timberwolves,82,49,33,241.8,48.3,10.4,21.8,47.7,6.2,7.5,81.7,27.6,57.1,17.8,36.9,4.6,9.5,3.8,7.8,3.8,7.9
2024-25,Regular+Season,NOP,New Orleans Pelicans,82,21,61,240.9,51.6,11.1,25.0,44.7,5.9,7.6,78.2,28.8,55.9,18.0,35.0,4.7,9.1,3.5,6.7,3.8,7.4
2024-25,Regular+Season,NYK,New York Knicks,82,51,31,242.4,46.8,11.3,22.5,50.5,5.8,7.2,81.1,29.5,62.9,17.0,36.2,4.2,9.0,2.7,5.7,3.6,7.7
2024-25,Regular+Season,OKC,Oklahoma City Thunder,82,68,14,240.3,54.5,12.9,25.3,50.8,6.2,7.4,84.0,32.9,60.3,21.3,39.0,5.7,10.5,2.8,5.2,3.7,6.8
2024-25,Regular+Season,ORL,Orlando Magic,82,41,41,240.6,43.2,9.4,20.1,46.9,6.0,7.4,81.8,25.6,59.3,15.0,34.8,3.5,8.2,3.0,6.8,3.7,8.5
2024-25,Regular+Season,PHI,Philadelphia 76ers,82,24,58,241.5,47.6,11.5,23.1,49.8,5.9,7.4,79.2,29.7,62.3,16.5,34.6,3.8,8.0,2.9,6.1,3.7,7.8
2024-25,Regular+Season,PHX,Phoenix Suns,82,36,46,241.8,45.9,10.5,20.6,51.2,5.3,6.3,84.7,27.0,58.9,18.6,40.5,4.1,9.0,2.4,5.3,3.2,7.0
2024-25,Regular+Season,POR,Portland Trail Blazers,82,36,46,241.2,53.7,11.1,23.6,47.2,6.4,8.1,78.6,29.6,55.2,20.1,37.4,4.6,8.6,4.1,7.6,4.1,7.6
2024-25,Regular+Season,SAC,Sacramento Kings,82,40,42,242.4,46.5,10.5,20.4,51.6,4.5,5.7,78.6,26.2,56.3,19.1,41.2,4.4,9.5,2.8,6.1,2.8,6.1
2024-25,Regular+Season,SAS,San Antonio Spurs,82,34,48,240.6,46.1,9.8,20.1,48.9,5.7,7.2,78.3,26.0,56.5,18.0,39.1,4.7,10.2,3.1,6.7,3.6,7.9
2024-25,Regular+Season,TOR,Toronto Raptors,82,30,52,241.5,46.8,9.1,20.5,44.4,4.8,6.2,76.2,23.6,50.5,18.9,40.3,5.0,10.6,2.8,5.9,3.1,6.7
2024-25,Regular+Season,UTA,Utah Jazz,82,17,65,241.5,47.9,9.9,21.2,46.4,6.0,7.7,78.9,26.7,55.7,17.2,35.8,4.4,9.2,4.2,8.7,3.9,8.1
2024-25,Regular+Season,WAS,Washington Wizards,82,18,64,240.6,45.2,9.5,21.1,45.1,4.8,6.3,76.6,24.6,54.4,16.2,35.9,3.6,8.0,3.4,7.6,3.2,7.1
2024-25,Playoffs,BOS,Boston Celtics,11,6,5,242.3,35.6,8.5,18.6,45.4,5.0,6.2,80.9,22.5,63.3,10.3,28.8,2.4,6.6,2.8,7.9,3.1,8.7
2024-25,Playoffs,CLE,Cleveland Cavaliers,9,5,4,240.0,46.7,11.7,22.2,52.5,7.6,8.9,85.0,31.8,68.1,15.9,34.0,4.6,9.8,2.3,5.0,4.4,9.5
2024-25,Playoffs,DEN,Denver Nuggets,14,7,7,243.6,32.0,6.7,13.8,48.7,4.6,5.6,83.3,18.6,58.3,12.6,39.5,2.9,9.2,2.1,6.7,2.8,8.7
2024-25,Playoffs,DET,Detroit Pistons,6,2,4,240.0,37.7,9.2,19.8,46.2,6.3,7.3,86.4,25.2,66.8,10.0,26.5,2.5,6.6,2.5,6.6,3.7,9.7
2024-25,Playoffs,GSW,Golden State Warriors,12,5,7,240.0,43.6,8.6,19.3,44.6,4.7,6.0,77.8,22.8,52.2,18.9,43.4,3.7,8.4,2.1,4.8,3.0,6.9
2024-25,Playoffs,HOU,Houston Rockets,7,3,4,240.0,46.6,9.6,21.4,44.7,6.0,7.4,80.8,25.6,54.9,15.9,34.0,3.3,7.1,3.9,8.3,3.7,8.0
2024-25,Playoffs,IND,Indiana Pacers,23,15,8,242.2,48.0,11.3,22.2,50.7,5.3,6.8,78.3,28.4,59.2,18.3,38.0,4.0,8.2,2.5,5.2,3.5,7.2
2024-25,Playoffs,LAC,LA Clippers,7,3,4,243.6,43.1,11.6,21.0,55.1,3.6,5.4,65.8,27.9,64.6,14.9,34.4,4.4,10.3,3.3,7.6,2.7,6.3
2024-25,Playoffs,LAL,Los Angeles Lakers,5,1,4,240.0,39.4,8.8,16.8,52.4,6.4,7.6,84.2,24.0,60.9,16.0,40.6,2.8,7.1,1.8,4.6,3.8,9.6
2024-25,Playoffs,MEM,Memphis Grizzlies,4,0,4,240.0,56.5,12.3,26.5,46.2,6.3,7.0,89.3,31.0,54.9,20.3,35.8,5.3,9.3,3.3,5.8,3.5,6.2
2024-25,Playoffs,MIA,Miami Heat,4,0,4,240.0,48.5,10.0,19.0,52.6,4.8,6.5,73.1,24.8,51.0,22.3,45.9,3.8,7.7,2.8,5.7,3.3,6.7
2024-25,Playoffs,MIL,Milwaukee Bucks,5,1,4,245.0,39.6,10.8,20.2,53.5,5.8,8.4,69.0,28.2,71.2,13.0,32.8,4.2,10.6,1.4,3.5,4.2,10.6
2024-25,Playoffs,MIN,Minnesota Timberwolves,15,9,6,240.0,49.8,12.8,24.5,52.2,5.9,7.7,76.7,32.1,64.4,17.6,35.3,3.9,7.9,2.8,5.6,3.9,7.8
2024-25,Playoffs,NYK,New York Knicks,18,10,8,242.8,45.1,12.3,24.2,50.8,5.3,6.3,84.2,30.8,68.3,13.4,29.8,3.5,7.8,2.6,5.8,3.1,6.9
2024-25,Playoffs,OKC,Oklahoma City Thunder,23,16,7,241.1,52.1,11.4,23.9,47.7,7.6,9.0,84.1,31.3,60.0,20.0,38.4,4.4,8.4,2.5,4.8,4.6,8.8
2024-25,Playoffs,ORL,Orlando Magic,5,1,4,240.0,48.0,12.0,23.8,50.4,4.6,7.2,63.9,29.2,60.8,16.4,34.2,3.8,7.9,2.6,5.4,3.6,7.5
2024-25,PlayIn,ATL,Atlanta Hawks,2,0,2,252.5,60.5,12.0,33.5,35.8,9.5,11.0,86.4,33.5,55.4,17.5,28.9,3.5,5.8,2.5,4.1,5.5,9.1
2024-25,PlayIn,CHI,Chicago Bulls,1,0,1,240.0,50.0,11.0,24.0,45.8,3.0,4.0,75.0,26.0,52.0,17.0,34.0,1.0,2.0,6.0,12.0,2.0,4.0
2024-25,PlayIn,DAL,Dallas Mavericks,2,1,1,240.0,53.5,11.0,21.5,51.2,6.5,7.0,92.9,29.5,55.1,23.5,43.9,5.5,10.3,3.0,5.6,3.5,6.5
2024-25,PlayIn,GSW,Golden State Warriors,1,1,0,240.0,58.0,6.0,18.0,33.3,6.0,10.0,60.0,19.0,32.8,28.0,48.3,4.0,6.9,4.0,6.9,5.0,8.6
2024-25,PlayIn,MEM,Memphis Grizzlies,2,1,1,240.0,58.0,12.5,32.5,38.5,1.0,1.0,100,28.0,48.3,17.5,30.2,6.0,10.3,5.5,9.5,0.5,0.9
2024-25,PlayIn,MIA,Miami Heat,2,2,0,252.5,61.5,13.5,21.0,64.3,5.5,11.0,50.0,32.5,52.8,29.0,47.2,5.5,8.9,5.0,8.1,5.5,8.9
2024-25,PlayIn,ORL,Orlando Magic,1,1,0,240.0,42.0,7.0,17.0,41.2,6.0,8.0,75.0,20.0,47.6,18.0,42.9,5.0,11.9,2.0,4.8,4.0,9.5
2024-25,PlayIn,SAC,Sacramento Kings,1,0,1,240.0,57.0,10.0,25.0,40.0,5.0,6.0,83.3,26.0,45.6,21.0,36.8,4.0,7.0,8.0,14.0,3.0,5.3
2024-25,IST,ATL,Atlanta Hawks,6,4,2,240.0,53.8,10.8,24.8,43.6,4.0,5.0,80.0,26.2,48.6,21.5,39.9,6.8,12.7,3.5,6.5,2.5,4.6
2024-25,IST,BOS,Boston Celtics,4,3,1,240.0,43.8,10.5,19.0,55.3,5.3,6.5,80.8,27.3,62.3,16.0,36.6,4.5,10.3,3.5,8.0,3.3,7.4
2024-25,IST,BKN,Brooklyn Nets,4,1,3,240.0,52.0,10.3,22.5,45.6,5.3,6.5,80.8,26.5,51.0,20.3,38.9,6.8,13.0,4.0,7.7,3.3,6.3
2024-25,IST,CHA,Charlotte Hornets,4,0,4,240.0,39.8,7.0,20.0,35.0,4.8,5.0,95.0,19.0,47.8,13.5,34.0,2.8,6.9,2.8,6.9,2.5,6.3
2024-25,IST,CHI,Chicago Bulls,4,2,2,240.0,44.8,11.0,17.5,62.9,5.8,7.0,82.1,28.0,62.6,19.5,43.6,5.5,12.3,2.5,5.6,3.5,7.8
2024-25,IST,CLE,Cleveland Cavaliers,4,2,2,240.0,54.8,12.3,24.0,51.0,6.3,9.0,69.4,31.3,57.1,20.8,37.9,7.5,13.7,3.3,5.9,4.5,8.2
2024-25,IST,DAL,Dallas Mavericks,5,3,2,240.0,47.0,11.4,23.0,49.6,6.4,7.2,88.9,30.2,64.3,15.4,32.8,3.4,7.2,3.6,7.7,3.6,7.7
2024-25,IST,DEN,Denver Nuggets,4,2,2,240.0,39.5,9.0,17.8,50.7,4.0,5.5,72.7,22.5,57.0,15.8,39.9,4.5,11.4,2.3,5.7,2.8,7.0
2024-25,IST,DET,Detroit Pistons,4,3,1,246.2,43.0,10.5,22.3,47.2,5.8,7.0,82.1,27.0,62.8,12.5,29.1,2.8,6.4,3.5,8.1,3.5,8.1
2024-25,IST,GSW,Golden State Warriors,5,3,2,240.0,40.0,8.6,18.0,47.8,3.6,4.4,81.8,21.0,52.5,16.2,40.5,2.8,7.0,3.0,7.5,2.2,5.5
2024-25,IST,HOU,Houston Rockets,6,4,2,244.2,43.7,8.7,18.7,46.4,2.8,3.3,85.0,20.3,46.6,17.5,40.1,3.5,8.0,3.8,8.8,1.7,3.8
2024-25,IST,IND,Indiana Pacers,4,0,4,240.0,52.8,13.3,24.5,54.1,4.0,5.0,80.0,31.8,60.2,20.8,39.3,4.3,8.1,4.0,7.6,2.5,4.7
2024-25,IST,LAC,LA Clippers,4,2,2,240.0,43.5,11.5,23.5,48.9,7.3,8.8,82.9,30.8,70.7,13.8,31.6,4.0,9.2,1.0,2.3,4.3,9.8
2024-25,IST,LAL,Los Angeles Lakers,4,2,2,240.0,33.0,6.3,12.3,51.0,6.5,8.0,81.3,19.8,59.8,13.0,39.4,4.5,13.6,1.8,5.3,4.0,12.1
2024-25,IST,MEM,Memphis Grizzlies,4,1,3,240.0,64.3,13.0,24.8,52.5,4.3,5.5,77.3,31.5,49.0,28.8,44.7,7.5,11.7,4.3,6.6,2.8,4.3
2024-25,IST,MIA,Miami Heat,4,2,2,246.3,49.5,12.3,21.0,58.3,6.3,7.5,83.3,31.5,63.6,21.0,42.4,4.5,9.1,2.5,5.1,3.8,7.6
2024-25,IST,MIL,Milwaukee Bucks,6,6,0,240.0,32.7,7.5,15.5,48.4,1.7,3.0,55.6,17.2,52.6,12.0,36.7,3.7,11.2,2.7,8.2,1.5,4.6
2024-25,IST,MIN,Minnesota Timberwolves,4,2,2,252.5,55.3,11.3,22.8,49.5,5.3,5.5,95.5,29.0,52.5,22.0,39.8,4.8,8.6,6.8,12.2,2.8,5.0
2024-25,IST,NOP,New Orleans Pelicans,4,1,3,240.0,49.3,10.0,23.8,42.1,5.0,6.0,83.3,25.5,51.8,18.5,37.6,4.8,9.6,3.0,6.1,3.0,6.1
2024-25,IST,NYK,New York Knicks,5,4,1,240.0,46.4,11.4,22.2,51.4,5.6,6.4,87.5,29.8,64.2,18.0,38.8,4.8,10.3,1.8,3.9,3.2,6.9
2024-25,IST,OKC,Oklahoma City Thunder,6,5,1,240.0,53.5,10.5,23.8,44.1,3.5,4.0,87.5,24.7,46.1,23.3,43.6,5.5,10.3,3.0,5.6,2.0,3.7
2024-25,IST,ORL,Orlando Magic,5,3,2,240.0,41.4,8.2,18.2,45.1,5.6,7.2,77.8,22.8,55.1,15.6,37.7,4.6,11.1,3.6,8.7,3.6,8.7
2024-25,IST,PHI,Philadelphia 76ers,4,2,2,240.0,42.5,8.3,16.8,49.3,5.3,6.0,87.5,23.0,54.1,19.3,45.3,4.0,9.4,2.3,5.3,3.0,7.1
2024-25,IST,PHX,Phoenix Suns,4,3,1,240.0,46.8,9.3,19.8,46.8,5.5,6.5,84.6,24.0,51.3,19.0,40.6,4.5,9.6,2.5,5.3,3.3,7.0
2024-25,IST,POR,Portland Trail Blazers,4,2,2,240.0,56.5,11.0,22.8,48.4,5.5,6.3,88.0,28.8,50.9,23.0,40.7,6.5,11.5,5.8,10.2,3.3,5.8
2024-25,IST,SAC,Sacramento Kings,4,1,3,246.3,47.3,9.8,19.5,50.0,5.5,6.5,84.6,25.8,54.5,21.5,45.5,5.3,11.1,2.0,4.2,3.3,6.9
2024-25,IST,SAS,San Antonio Spurs,4,2,2,240.0,36.5,7.0,16.0,43.8,4.5,6.0,75.0,19.5,53.4,12.5,34.2,4.0,11.0,4.5,12.3,3.0,8.2
2024-25,IST,TOR,Toronto Raptors,4,1,3,240.0,44.8,8.8,20.8,42.2,3.0,4.5,66.7,20.5,45.8,16.8,37.4,5.0,11.2,3.0,6.7,2.3,5.0
2024-25,IST,UTA,Utah Jazz,4,0,4,240.0,43.5,10.3,19.8,51.9,5.3,6.0,87.5,27.3,62.6,17.0,39.1,4.8,10.9,2.5,5.7,3.0,6.9
2024-25,IST,WAS,Washington Wizards,4,0,4,240.0,48.8,10.3,23.0,44.6,5.3,8.0,65.6,26.3,53.8,16.3,33.3,3.3,6.7,4.0,8.2,4.0,8.2
2025-26,Regular+Season,ATL,Atlanta Hawks,39,18,21,241.3,50.4,10.1,21.2,47.9,4.7,6.1,78.4,25.9,51.4,21.5,42.6,5.7,11.3,3.2,6.4,3.1,6.2
2025-26,Regular+Season,BOS,Boston Celtics,36,23,13,240.0,44.4,11.8,22.0,53.6,4.5,5.6,79.7,28.9,65.1,15.8,35.4,4.1,9.3,2.5,5.6,2.9,6.5
2025-26,Regular+Season,BKN,Brooklyn Nets,34,11,23,240.7,43.0,9.4,19.9,47.3,6.4,8.2,78.8,26.1,60.8,15.2,35.3,3.9,9.0,2.7,6.4,4.1,9.6
2025-26,Regular+Season,CHA,Charlotte Hornets,37,13,24,242.0,56.6,12.0,26.1,46.0,7.1,8.3,85.7,31.8,56.2,20.6,36.5,5.3,9.4,4.2,7.5,4.2,7.5
2025-26,Regular+Season,CHI,Chicago Bulls,37,17,20,241.4,58.7,11.3,23.3,48.4,6.8,8.5,80.1,30.1,51.4,25.5,43.5,5.6,9.6,3.8,6.5,4.4,7.5
2025-26,Regular+Season,CLE,Cleveland Cavaliers,38,21,17,241.3,44.4,9.9,19.1,51.7,3.9,5.1,78.1,24.6,55.3,18.5,41.7,4.3,9.7,2.8,6.3,2.6,5.8
2025-26,Regular+Season,DAL,Dallas Mavericks,37,14,23,243.4,53.9,12.9,25.9,49.6,6.2,7.8,80.1,32.8,60.7,19.1,35.5,4.6,8.5,3.2,6.0,3.9,7.3
2025-26,Regular+Season,DEN,Denver Nuggets,37,25,12,242.7,32.4,7.5,15.4,49.1,3.7,4.4,83.4,19.4,59.9,12.3,37.8,3.7,11.4,2.0,6.1,2.2,6.8
2025-26,Regular+Season,DET,Detroit Pistons,36,27,9,241.4,45.6,10.3,21.6,47.6,5.6,6.8,82.3,27.0,59.2,17.0,37.2,4.4,9.6,2.8,6.0,3.4,7.5
2025-26,Regular+Season,GSW,Golden State Warriors,38,20,18,241.3,42.8,8.0,16.3,49.0,5.6,6.6,84.5,22.2,51.8,18.9,44.3,3.8,9.0,2.9,6.8,3.3,7.8
2025-26,Regular+Season,HOU,Houston Rockets,34,22,12,244.4,44.5,11.0,21.8,50.5,4.9,5.9,83.6,27.8,62.4,15.5,34.9,3.7,8.3,3.3,7.5,3.0,6.8
2025-26,Regular+Season,IND,Indiana Pacers,37,6,31,241.4,54.9,11.8,24.4,48.4,7.1,8.9,79.3,31.6,57.5,21.2,38.6,4.3,7.8,3.2,5.8,4.5,8.2
2025-26,Regular+Season,LAC,LA Clippers,36,13,23,241.4,40.0,8.3,17.3,47.7,6.2,7.6,81.8,23.4,58.4,15.0,37.5,3.9,9.6,2.8,6.9,3.8,9.6
2025-26,Regular+Season,LAL,Los Angeles Lakers,35,23,12,240.0,38.9,10.7,18.8,56.8,5.7,7.4,77.9,28.3,72.6,12.9,33.2,3.5,9.1,2.5,6.3,3.8,9.7
2025-26,Regular+Season,MEM,Memphis Grizzlies,37,16,21,241.4,45.9,10.1,21.8,46.3,5.4,6.8,78.7,26.5,57.8,16.4,35.7,4.3,9.4,2.9,6.4,3.5,7.7
2025-26,Regular+Season,MIA,Miami Heat,35,19,16,240.7,61.3,13.4,27.6,48.5,5.9,7.7,76.3,33.5,54.7,24.5,39.9,5.7,9.3,3.8,6.2,3.9,6.4
2025-26,Regular+Season,MIL,Milwaukee Bucks,36,16,20,241.4,42.9,9.8,18.9,52.0,4.3,5.9,73.2,24.7,57.5,17.3,40.2,4.9,11.5,2.5,5.8,3.0,7.0
2025-26,Regular+Season,MIN,Minnesota Timberwolves,37,24,13,242.0,44.1,11.1,21.1,52.6,6.5,8.3,78.2,29.8,67.6,15.5,35.0,4.4,9.9,2.4,5.4,4.2,9.5
2025-26,Regular+Season,NOP,New Orleans Pelicans,39,8,31,242.6,53.7,12.7,27.2,46.8,7.5,9.6,77.9,34.1,63.4,16.9,31.5,4.0,7.4,3.2,5.9,4.9,9.1
2025-26,Regular+Season,NYK,New York Knicks,37,24,13,240.0,51.1,12.3,25.3,48.6,5.6,6.9,80.8,31.1,60.9,18.3,35.8,4.3,8.5,3.0,5.9,3.5,6.8
2025-26,Regular+Season,OKC,Oklahoma City Thunder,38,31,7,243.3,54.3,12.4,24.6,50.5,7.1,8.3,85.7,33.0,60.8,21.3,39.3,5.5,10.1,2.9,5.3,4.2,7.8
2025-26,Regular+Season,ORL,Orlando Magic,38,21,17,242.0,49.9,12.7,25.6,49.8,7.2,9.1,78.7,33.8,67.6,15.6,31.1,3.9,7.8,2.9,5.9,4.6,9.3
2025-26,Regular+Season,PHI,Philadelphia 76ers,35,20,15,244.3,45.3,10.6,22.7,46.7,6.4,7.7,83.3,28.7,63.4,14.9,33.0,3.6,8.0,2.7,6.0,3.9,8.6
2025-26,Regular+Season,PHX,Phoenix Suns,37,22,15,240.7,47.5,10.1,21.1,48.0,4.4,5.3,83.2,25.5,53.7,19.4,40.7,4.7,9.9,3.2,6.7,2.7,5.6
2025-26,Regular+Season,POR,Portland Trail Blazers,38,18,20,241.3,60.2,10.6,22.8,46.5,7.4,9.3,78.9,29.8,49.5,26.3,43.8,5.9,9.8,4.5,7.5,4.8,8.0
2025-26,Regular+Season,SAC,Sacramento Kings,37,8,29,242.0,48.8,9.1,20.5,44.4,5.5,7.5,72.9,24.2,49.7,19.6,40.3,5.0,10.3,3.6,7.3,3.8,7.8
2025-26,Regular+Season,SAS,San Antonio Spurs,37,26,11,240.7,51.3,12.1,23.2,51.9,5.8,7.5,77.0,30.9,60.1,18.9,36.9,4.7,9.2,3.8,7.4,3.8,7.3
2025-26,Regular+Season,TOR,Toronto Raptors,38,23,15,241.3,46.3,9.8,20.2,48.2,5.1,6.7,76.0,25.4,54.8,18.6,40.1,4.3,9.3,3.2,6.9,3.3,7.2
2025-26,Regular+Season,UTA,Utah Jazz,36,12,24,244.2,43.2,9.6,19.6,48.8,6.4,7.3,86.7,26.5,61.4,15.9,36.8,4.5,10.4,2.9,6.7,3.8,8.7
2025-26,Regular+Season,WAS,Washington Wizards,36,10,26,241.4,45.3,10.1,22.3,45.6,5.2,6.6,78.2,25.9,57.3,15.3,33.7,4.3,9.6,3.3,7.2,3.3,7.4
2025-26,IST,ATL,Atlanta Hawks,4,2,2,240.0,50.5,9.8,20.8,47.0,4.8,6.0,79.2,24.5,48.5,21.5,42.6,6.8,13.4,2.5,5.0,3.0,5.9
2025-26,IST,BOS,Boston Celtics,4,2,2,240.0,47.3,13.3,24.8,53.5,3.3,4.5,72.2,31.0,65.6,16.3,34.4,3.5,7.4,2.5,5.3,2.3,4.8
2025-26,IST,BKN,Brooklyn Nets,4,1,3,240.0,47.3,10.3,21.0,48.8,6.0,7.3,82.8,27.0,57.1,18.0,38.1,4.8,10.1,3.5,7.4,4.0,8.5
2025-26,IST,CHA,Charlotte Hornets,4,1,3,246.3,59.0,14.0,30.3,46.3,6.8,7.5,90.0,36.0,61.0,20.0,33.9,3.8,6.4,3.8,6.4,3.8,6.4
2025-26,IST,CHI,Chicago Bulls,4,1,3,240.0,61.3,13.3,25.5,52.0,9.8,11.5,84.8,36.8,60.0,26.0,42.4,5.3,8.6,3.0,4.9,6.0,9.8
2025-26,IST,CLE,Cleveland Cavaliers,4,2,2,240.0,43.3,8.8,19.0,46.1,4.0,5.5,72.7,21.8,50.3,17.5,40.5,5.8,13.3,2.5,5.8,2.8,6.4
2025-26,IST,DAL,Dallas Mavericks,4,1,3,252.5,55.3,11.8,24.0,49.0,3.0,4.5,66.7,27.8,50.2,22.8,41.2,4.8,8.6,2.8,5.0,2.8,5.0
2025-26,IST,DEN,Denver Nuggets,4,2,2,240.0,29.3,5.8,11.0,52.3,4.0,4.5,88.9,15.8,53.8,13.3,45.3,3.0,10.3,2.3,7.7,2.3,7.7
2025-26,IST,DET,Detroit Pistons,4,2,2,240.0,46.0,9.8,22.8,42.9,3.5,4.5,77.8,23.8,51.6,16.8,36.4,3.5,7.6,2.8,6.0,2.3,4.9
2025-26,IST,GSW,Golden State Warriors,4,1,3,240.0,42.8,7.8,16.3,47.7,4.8,5.5,86.4,20.8,48.5,21.5,50.3,4.3,9.9,2.3,5.3,2.8,6.4
2025-26,IST,HOU,Houston Rockets,4,2,2,240.0,40.3,10.0,19.8,50.6,4.5,5.3,85.7,24.8,61.5,13.0,32.3,2.3,5.6,3.5,8.7,3.0,7.5
2025-26,IST,IND,Indiana Pacers,4,1,3,240.0,52.3,11.0,22.5,48.9,6.3,8.3,75.8,29.3,56.0,20.5,39.2,3.3,6.2,2.8,5.3,4.3,8.1
2025-26,IST,LAC,LA Clippers,4,2,2,252.5,41.8,8.5,17.3,49.3,7.8,9.0,86.1,25.5,61.1,16.0,38.3,3.3,7.8,2.8,6.6,4.5,10.8
2025-26,IST,LAL,Los Angeles Lakers,5,4,1,240.0,36.4,12.0,18.8,63.8,6.6,8.0,82.5,32.2,88.5,10.8,29.7,4.6,12.6,2.2,6.0,4.2,11.5
2025-26,IST,MEM,Memphis Grizzlies,4,3,1,246.3,44.8,11.0,20.5,53.7,6.0,6.5,92.3,28.0,62.6,17.3,38.5,5.3,11.7,2.5,5.6,3.3,7.3
2025-26,IST,MIA,Miami Heat,4,2,2,240.0,63.3,14.8,27.8,53.2,6.0,8.5,70.6,37.3,58.9,27.8,43.9,8.0,12.6,1.8,2.8,4.5,7.1
2025-26,IST,MIL,Milwaukee Bucks,3,2,1,248.3,37.3,10.3,17.3,59.6,2.0,2.7,75.0,24.0,64.3,15.0,40.2,5.3,14.3,2.0,5.4,1.3,3.6
2025-26,IST,MIN,Minnesota Timberwolves,4,2,2,240.0,44.0,11.5,19.3,59.7,6.5,10.5,61.9,30.5,69.3,14.8,33.5,3.0,6.8,2.5,5.7,5.3,11.9
2025-26,IST,NOP,New Orleans Pelicans,4,0,4,246.3,52.5,12.3,24.8,49.5,7.5,9.0,83.3,33.5,63.8,16.8,31.9,3.3,6.2,4.0,7.6,4.5,8.6
2025-26,IST,NYK,New York Knicks,6,5,1,240.0,49.3,12.8,24.8,51.7,6.8,9.3,73.2,33.7,68.2,16.0,32.4,4.5,9.1,2.8,5.7,4.7,9.5
2025-26,IST,OKC,Oklahoma City Thunder,6,5,1,240.0,49.8,11.0,22.0,50.0,4.0,4.3,92.3,27.0,54.2,20.3,40.8,5.5,11.0,4.0,8.0,2.2,4.3
2025-26,IST,ORL,Orlando Magic,6,5,1,240.0,46.0,13.2,26.3,50.0,5.7,6.7,85.0,33.3,72.5,13.2,28.6,2.8,6.2,2.2,4.7,3.3,7.2
2025-26,IST,PHI,Philadelphia 76ers,4,1,3,240.0,51.0,12.3,24.3,50.5,6.0,7.5,80.0,31.3,61.3,16.3,31.9,3.5,6.9,4.5,8.8,4.0,7.8
2025-26,IST,PHX,Phoenix Suns,5,3,2,240.0,44.4,7.6,18.0,42.2,4.6,5.6,82.1,20.8,46.8,18.2,41.0,4.2,9.5,3.6,8.1,2.8,6.3
2025-26,IST,POR,Portland Trail Blazers,4,2,2,240.0,61.8,9.8,20.3,48.1,7.5,10.0,75.0,28.5,46.2,30.0,48.6,7.3,11.7,5.0,8.1,5.0,8.1
2025-26,IST,SAC,Sacramento Kings,4,0,4,240.0,50.0,8.0,20.3,39.5,4.5,6.0,75.0,20.8,41.5,21.3,42.5,5.5,11.0,4.0,8.0,3.0,6.0
2025-26,IST,SAS,San Antonio Spurs,6,5,1,240.0,48.8,9.5,21.0,45.2,5.2,6.7,77.5,24.8,50.9,20.0,41.0,3.7,7.5,3.7,7.5,3.3,6.8
2025-26,IST,TOR,Toronto Raptors,5,4,1,240.0,41.6,9.2,19.2,47.9,5.4,7.6,71.1,24.4,58.7,16.0,38.5,4.2,10.1,2.4,5.8,3.8,9.1
2025-26,IST,UTA,Utah Jazz,4,1,3,240.0,35.3,9.3,17.8,52.1,4.8,5.5,86.4,24.0,68.1,11.3,31.9,2.5,7.1,2.5,7.1,3.0,8.5
2025-26,IST,WAS,Washington Wizards,4,1,3,240.0,43.8,11.0,21.0,52.4,5.3,7.0,75.0,27.5,62.9,15.3,34.9,2.0,4.6,2.5,5.7,3.8,8.6
