SEASON,SEASON_TYPE,TEAM_ABB,TEAM_NAME,GP,POSS,POSS_PCT,PPP,PTS,FGM,FGA,FG_PCT,EFG_PCT,FT_POSS_PCT,TOV_POSS_PCT,SF_POSS_PCT,PLUSONE_POSS_PCT,SCORE_POSS_PCT,PERCENTILE
2015-16,Pre+Season,BOS,Boston Celtics,7,11.0,9.6,1.20,13.1,5.9,9.1,64.1,64.1,9.1,9.1,10.4,2.6,61.0,57.6
2015-16,Pre+Season,CHI,Chicago Bulls,7,8.0,7.0,1.36,10.7,3.9,6.1,62.8,62.8,25.5,1.8,25.5,5.5,69.1,87.9
2015-16,Pre+Season,LAL,Los Angeles Lakers,8,7.0,6.8,1.29,9.4,3.9,5.8,67.4,67.4,19.0,6.9,19.0,5.2,65.5,72.7
2015-16,Pre+Season,DAL,Dallas Mavericks,6,8.0,7.3,1.46,11.7,5.2,6.7,77.5,77.5,12.5,4.2,12.5,0.0,77.1,97.0
2015-16,Pre+Season,GSW,Golden State Warriors,6,10.0,8.8,1.19,11.7,4.2,6.8,61.0,61.0,32.2,3.4,25.4,5.1,62.7,54.5
2015-16,Pre+Season,BKN,Brooklyn Nets,5,9.0,8.6,1.40,13.2,5.4,7.8,69.2,69.2,17.0,6.4,17.0,6.4,68.1,93.9
2015-16,Pre+Season,HOU,Houston Rockets,8,9.0,7.2,0.94,8.3,3.3,6.9,47.3,47.3,18.6,4.3,17.1,1.4,48.6,3.0
2015-16,Pre+Season,CLE,Cleveland Cavaliers,7,8.0,7.2,1.19,9.1,3.9,5.9,65.9,65.9,16.7,9.3,16.7,1.9,63.0,51.5
2015-16,Pre+Season,CHA,Charlotte Hornets,8,7.0,6.7,1.15,7.9,3.0,4.9,61.5,61.5,25.5,7.3,21.8,3.6,60.0,42.4
2015-16,Pre+Season,MIA,Miami Heat,8,8.0,7.0,1.02,7.9,2.6,5.4,48.8,48.8,24.2,6.5,22.6,0.0,56.5,21.2
2015-16,Pre+Season,ORL,Orlando Magic,7,7.0,6.5,1.26,8.9,3.9,6.0,64.3,64.3,16.3,2.0,14.3,4.1,67.3,69.7
2015-16,Pre+Season,WAS,Washington Wizards,6,8.0,6.6,1.22,9.2,3.3,5.5,60.6,60.6,26.7,4.4,17.8,4.4,64.4,63.6
2015-16,Pre+Season,NYK,New York Knicks,6,8.0,7.6,1.10,9.2,3.7,6.7,55.0,55.0,14.0,8.0,12.0,2.0,56.0,37.5
2015-16,Pre+Season,LAC,LA Clippers,6,8.0,6.8,1.20,9.0,4.2,6.2,67.6,67.6,11.1,8.9,11.1,2.2,62.2,60.6
2015-16,Pre+Season,IND,Indiana Pacers,6,6.0,5.8,1.38,8.5,3.0,4.3,69.2,69.2,24.3,8.1,18.9,2.7,67.6,90.9
2015-16,Pre+Season,UTA,Utah Jazz,6,9.0,8.2,0.94,8.5,3.2,6.5,48.7,48.7,18.5,11.1,18.5,1.9,48.1,6.1
2015-16,Pre+Season,SAS,San Antonio Spurs,6,8.0,7.2,1.09,8.3,3.7,6.3,57.9,57.9,13.0,4.3,10.9,0.0,56.5,33.3
2015-16,Pre+Season,PHI,Philadelphia 76ers,6,8.0,6.9,1.02,8.3,3.2,5.7,55.9,55.9,20.4,14.3,20.4,4.1,55.1,24.2
2015-16,Pre+Season,MIN,Minnesota Timberwolves,5,7.0,7.0,1.32,9.8,3.4,5.4,63.0,63.0,27.0,2.7,24.3,2.7,70.3,78.8
2015-16,Pre+Season,POR,Portland Trail Blazers,6,7.0,5.7,1.15,7.7,3.2,5.2,61.3,61.3,15.0,7.5,15.0,0.0,62.5,45.5
2015-16,Pre+Season,OKC,Oklahoma City Thunder,5,7.0,6.6,1.25,9.0,3.6,5.4,66.7,66.7,22.2,11.1,22.2,8.3,63.9,66.7
2015-16,Pre+Season,DEN,Denver Nuggets,5,8.0,6.8,1.16,8.8,4.0,6.2,64.5,64.5,13.2,10.5,13.2,5.3,60.5,48.5
2015-16,Pre+Season,DET,Detroit Pistons,6,5.0,5.0,1.34,7.2,3.3,4.7,71.4,71.4,12.5,6.3,12.5,6.3,65.6,84.8
2015-16,Pre+Season,TOR,Toronto Raptors,5,8.0,7.6,1.07,8.6,3.6,5.8,62.1,62.1,15.0,12.5,15.0,0.0,60.0,30.3
2015-16,Pre+Season,PHX,Phoenix Suns,4,10.0,8.1,1.03,10.0,4.8,9.3,51.4,51.4,5.1,2.6,5.1,2.6,51.3,27.3
2015-16,Pre+Season,MIL,Milwaukee Bucks,4,6.0,5.1,1.61,9.3,3.5,4.0,87.5,87.5,21.7,8.7,13.0,0.0,82.6,100
2015-16,Pre+Season,SAC,Sacramento Kings,4,6.0,5.5,1.32,8.3,4.0,5.5,72.7,72.7,8.0,4.0,8.0,0.0,68.0,75.8
2015-16,Pre+Season,ATL,Atlanta Hawks,4,8.0,7.0,1.10,8.3,3.5,5.5,63.6,63.6,13.3,13.3,10.0,0.0,60.0,37.5
2015-16,Pre+Season,MEM,Memphis Grizzlies,4,9.0,8.3,0.83,7.5,3.5,6.5,53.8,53.8,8.3,19.4,8.3,0.0,44.4,0.0
2015-16,Pre+Season,Bauru Paschoalotto/Bauru,Bauru Paschoalotto/Bauru,2,8.0,7.7,1.00,8.5,3.5,6.5,53.8,53.8,17.6,5.9,17.6,0.0,52.9,10.0
2015-16,Pre+Season,NOP,New Orleans Pelicans,3,6.0,5.0,1.00,5.7,2.3,4.3,53.8,53.8,11.8,11.8,11.8,0.0,52.9,10.0
2015-16,Pre+Season,Istanbul Fenerbahce Sports Club,Istanbul Fenerbahce Sports Club,2,6.0,6.5,1.33,8.0,3.5,5.5,63.6,63.6,8.3,0.0,8.3,0.0,66.7,81.8
2015-16,Pre+Season,Madrid Real Madrid,Madrid Real Madrid,1,9.0,7.3,1.67,15.0,6.0,7.0,85.7,85.7,22.2,0.0,11.1,0.0,88.9,0.0
2015-16,Pre+Season,Flamengo Flamengo,Flamengo Flamengo,1,12.0,11.5,1.00,12.0,5.0,10.0,50.0,50.0,16.7,8.3,16.7,8.3,50.0,10.0
2015-16,Pre+Season,Haifa Maccabi Haifa,Haifa Maccabi Haifa,1,10.0,9.4,1.00,10.0,5.0,9.0,55.6,55.6,10.0,10.0,10.0,10.0,50.0,10.0
2015-16,Pre+Season,Milano Olimpia Milano,Milano Olimpia Milano,1,4.0,3.6,1.50,6.0,3.0,4.0,75.0,75.0,0.0,0.0,0.0,0.0,75.0,0.0
2015-16,Regular+Season,GSW,Golden State Warriors,82,12.0,10.7,1.25,14.9,6.4,9.9,64.5,64.5,14.0,6.6,13.5,3.8,62.9,75.9
2015-16,Regular+Season,MIL,Milwaukee Bucks,82,11.8,11.1,1.16,13.7,5.6,9.4,59.1,59.1,16.8,7.0,15.6,3.4,59.3,10.3
2015-16,Regular+Season,WAS,Washington Wizards,82,9.5,8.8,1.22,11.6,4.9,7.8,62.1,62.1,15.3,6.1,14.3,3.6,61.7,41.4
2015-16,Regular+Season,IND,Indiana Pacers,82,9.1,8.4,1.25,11.5,4.8,7.3,65.8,65.8,15.2,7.9,14.4,3.1,63.7,82.8
2015-16,Regular+Season,DEN,Denver Nuggets,82,9.5,8.7,1.19,11.4,4.8,7.8,61.7,61.7,15.1,6.6,13.8,3.4,60.3,31.0
2015-16,Regular+Season,BKN,Brooklyn Nets,82,9.5,8.9,1.18,11.2,4.7,7.8,60.0,60.0,13.7,7.5,13.0,2.7,59.3,17.2
2015-16,Regular+Season,UTA,Utah Jazz,82,9.8,9.3,1.14,11.1,4.6,7.8,59.2,59.2,16.0,8.1,15.7,4.1,57.9,6.9
2015-16,Regular+Season,ATL,Atlanta Hawks,82,9.0,8.4,1.22,11.0,4.7,7.5,62.5,62.5,12.7,6.9,11.9,2.6,61.0,51.7
2015-16,Regular+Season,DAL,Dallas Mavericks,82,8.8,8.2,1.24,10.9,4.5,6.9,64.1,64.1,17.1,7.4,16.9,3.8,63.0,72.4
2015-16,Regular+Season,OKC,Oklahoma City Thunder,82,8.8,7.9,1.23,10.9,4.7,7.1,65.9,65.9,13.4,8.7,13.2,3.0,62.5,58.6
2015-16,Regular+Season,SAC,Sacramento Kings,82,9.2,8.1,1.17,10.7,4.6,7.6,60.8,60.8,13.4,6.1,12.9,2.3,60.2,13.8
2015-16,Regular+Season,CHI,Chicago Bulls,82,8.6,7.9,1.22,10.5,4.4,7.2,61.0,61.0,14.0,6.2,13.4,4.1,60.8,44.8
2015-16,Regular+Season,POR,Portland Trail Blazers,82,8.5,7.7,1.22,10.3,4.2,6.6,63.2,63.2,18.8,6.9,18.4,4.2,61.7,48.3
2015-16,Regular+Season,MEM,Memphis Grizzlies,82,8.4,7.9,1.21,10.2,4.1,6.8,60.4,60.4,16.2,5.8,15.2,2.6,61.6,37.9
2015-16,Regular+Season,SAS,San Antonio Spurs,82,7.9,7.6,1.27,10.0,4.3,6.8,62.6,62.6,13.8,5.1,13.8,5.6,62.4,93.1
2015-16,Regular+Season,PHI,Philadelphia 76ers,82,9.1,8.4,1.07,9.8,4.0,7.3,54.8,54.8,15.6,6.5,14.7,2.7,55.8,0.0
2015-16,Regular+Season,HOU,Houston Rockets,82,8.3,7.4,1.18,9.8,4.1,6.4,63.1,63.1,19.0,7.4,17.6,4.3,60.9,24.1
2015-16,Regular+Season,MIN,Minnesota Timberwolves,82,7.3,6.8,1.34,9.7,3.9,5.7,67.1,67.1,20.3,5.0,18.8,5.0,67.2,100
2015-16,Regular+Season,BOS,Boston Celtics,82,7.7,6.8,1.26,9.7,4.1,6.6,62.9,62.9,13.8,4.3,13.3,3.3,63.6,86.2
2015-16,Regular+Season,NYK,New York Knicks,82,8.2,7.7,1.18,9.6,3.8,6.6,58.6,58.6,17.0,6.4,16.3,4.3,59.2,20.7
2015-16,Regular+Season,MIA,Miami Heat,82,7.7,7.3,1.24,9.5,3.9,6.2,62.3,62.3,18.1,6.3,17.8,5.2,61.9,69.0
2015-16,Regular+Season,PHX,Phoenix Suns,82,8.3,7.4,1.12,9.3,3.9,6.8,57.3,57.3,15.4,7.3,14.2,4.5,56.7,3.4
2015-16,Regular+Season,CLE,Cleveland Cavaliers,82,7.4,7.0,1.23,9.0,3.8,6.0,63.7,63.7,17.1,7.5,16.4,5.3,61.4,55.2
2015-16,Regular+Season,ORL,Orlando Magic,82,7.5,6.9,1.18,8.9,3.7,6.4,58.4,58.4,16.0,4.4,15.2,4.7,59.6,27.6
2015-16,Regular+Season,CHA,Charlotte Hornets,82,7.3,6.8,1.20,8.7,3.4,5.9,57.8,57.8,18.1,4.9,17.8,4.5,60.4,34.5
2015-16,Regular+Season,LAC,LA Clippers,82,6.4,6.0,1.30,8.3,3.6,5.0,71.4,71.4,19.1,7.6,18.4,5.5,67.9,96.6
2015-16,Regular+Season,LAL,Los Angeles Lakers,82,6.6,6.1,1.24,8.1,3.3,5.2,62.8,62.8,16.3,6.7,15.8,3.0,62.2,65.5
2015-16,Regular+Season,TOR,Toronto Raptors,82,6.4,6.1,1.25,8.0,3.3,5.2,63.8,63.8,16.0,6.5,14.7,4.0,63.4,79.3
2015-16,Regular+Season,NOP,New Orleans Pelicans,82,6.5,6.0,1.24,8.0,3.2,5.1,63.9,63.9,17.2,7.0,15.3,2.6,63.8,62.1
2015-16,Regular+Season,DET,Detroit Pistons,82,5.8,5.2,1.26,7.3,2.9,4.6,64.0,64.0,21.1,4.2,19.9,4.7,64.7,89.7
2015-16,Playoffs,GSW,Golden State Warriors,24,10.6,9.7,1.20,12.7,5.2,8.5,60.5,60.5,15.7,5.1,15.0,2.0,61.8,80.0
2015-16,Playoffs,OKC,Oklahoma City Thunder,18,7.4,6.7,1.35,10.0,4.2,6.2,67.6,67.6,16.5,3.8,16.5,3.8,68.4,93.3
2015-16,Playoffs,CLE,Cleveland Cavaliers,21,6.8,6.6,1.23,8.3,3.5,5.5,64.3,64.3,15.5,5.6,16.2,2.8,63.4,86.7
2015-16,Playoffs,POR,Portland Trail Blazers,11,11.5,10.2,1.02,11.8,5.0,8.5,58.5,58.5,15.0,15.0,15.0,3.9,52.0,6.7
2015-16,Playoffs,TOR,Toronto Raptors,20,4.3,4.2,1.20,5.2,2.3,3.7,60.8,60.8,13.8,4.6,13.8,3.4,59.8,73.3
2015-16,Playoffs,ATL,Atlanta Hawks,10,8.2,7.6,1.20,9.8,4.4,7.2,61.1,61.1,8.5,6.1,8.5,2.4,59.8,66.7
2015-16,Playoffs,MIA,Miami Heat,14,5.6,5.5,1.15,6.4,2.4,3.9,61.8,61.8,24.4,11.5,24.4,6.4,60.3,60.0
2015-16,Playoffs,SAS,San Antonio Spurs,10,7.3,7.2,1.14,8.3,3.6,6.4,56.3,56.3,12.3,5.5,12.3,5.5,56.2,53.3
2015-16,Playoffs,IND,Indiana Pacers,7,9.3,9.3,1.08,10.0,4.3,7.7,55.6,55.6,13.8,6.2,15.4,4.6,53.8,13.3
2015-16,Playoffs,DAL,Dallas Mavericks,5,8.6,8.3,1.42,12.2,5.2,7.4,70.3,70.3,16.3,0.0,16.3,2.3,72.1,100
2015-16,Playoffs,BOS,Boston Celtics,6,7.2,6.4,1.12,8.0,3.5,6.0,58.3,58.3,9.3,9.3,9.3,2.3,55.8,33.3
2015-16,Playoffs,HOU,Houston Rockets,5,7.0,6.0,1.09,7.6,3.6,5.8,62.1,62.1,11.4,8.6,11.4,2.9,54.3,20.0
2015-16,Playoffs,MEM,Memphis Grizzlies,4,8.5,8.2,1.09,9.3,3.8,6.5,57.7,57.7,17.6,5.9,17.6,0.0,58.8,26.7
2015-16,Playoffs,CHA,Charlotte Hornets,7,5.3,5.3,1.00,5.3,2.0,4.4,45.2,45.2,18.9,0.0,18.9,2.7,54.1,0.0
2015-16,Playoffs,LAC,LA Clippers,6,5.0,4.7,1.13,5.7,2.3,3.8,60.9,60.9,16.7,6.7,16.7,0.0,60.0,46.7
2015-16,Playoffs,DET,Detroit Pistons,4,4.0,4.3,1.13,4.5,2.3,3.8,60.0,60.0,6.3,6.3,6.3,6.3,56.3,40.0
2016-17,Pre+Season,ATL,Atlanta Hawks,7,13.4,12.5,1.28,17.1,7.7,11.7,65.9,65.9,11.7,2.1,10.6,1.1,66.0,74.2
2016-17,Pre+Season,CHA,Charlotte Hornets,7,13.4,10.6,1.21,16.3,6.7,11.1,60.3,60.3,14.9,5.3,14.9,3.2,61.7,51.7
2016-17,Pre+Season,GSW,Golden State Warriors,7,12.9,11.7,1.20,15.4,6.6,10.0,65.7,65.7,18.9,6.7,18.9,4.4,63.3,45.2
2016-17,Pre+Season,WAS,Washington Wizards,7,9.4,8.3,1.44,13.6,6.3,8.4,74.6,74.6,15.2,1.5,15.2,6.1,69.7,96.8
2016-17,Pre+Season,DEN,Denver Nuggets,7,11.0,9.3,1.12,12.3,4.7,8.0,58.9,58.9,24.7,7.8,23.4,5.2,57.1,22.6
2016-17,Pre+Season,NYK,New York Knicks,6,10.8,9.3,1.22,13.2,6.2,8.8,69.8,69.8,9.2,12.3,9.2,3.1,61.5,58.1
2016-17,Pre+Season,IND,Indiana Pacers,6,9.5,8.8,1.35,12.8,5.7,7.8,72.3,72.3,15.8,5.3,15.8,3.5,70.2,83.9
2016-17,Pre+Season,HOU,Houston Rockets,7,8.1,6.9,1.33,10.9,5.0,7.1,70.0,70.0,12.3,1.8,12.3,1.8,70.2,80.6
2016-17,Pre+Season,SAC,Sacramento Kings,6,8.5,7.9,1.43,12.2,5.3,7.3,72.7,72.7,11.8,3.9,11.8,2.0,72.5,93.5
2016-17,Pre+Season,OKC,Oklahoma City Thunder,6,10.3,9.1,1.16,12.0,4.5,7.2,62.8,62.8,21.0,11.3,21.0,1.6,62.9,35.5
2016-17,Pre+Season,MIA,Miami Heat,6,8.3,6.6,1.38,11.5,4.8,7.0,69.0,69.0,22.0,2.0,22.0,8.0,72.0,90.3
2016-17,Pre+Season,BOS,Boston Celtics,7,7.3,6.5,1.35,9.9,4.3,6.4,66.7,66.7,17.6,3.9,17.6,9.8,66.7,87.1
2016-17,Pre+Season,CHI,Chicago Bulls,7,9.4,8.3,1.04,9.9,4.3,8.0,53.6,53.6,7.6,7.6,6.1,0.0,53.0,6.5
2016-17,Pre+Season,UTA,Utah Jazz,6,9.8,9.1,1.15,11.3,4.0,7.0,57.1,57.1,27.1,8.5,27.1,6.8,57.6,32.3
2016-17,Pre+Season,MIL,Milwaukee Bucks,6,8.3,7.9,1.26,10.5,4.0,6.2,64.9,64.9,20.0,8.0,18.0,2.0,66.0,67.7
2016-17,Pre+Season,POR,Portland Trail Blazers,7,7.6,6.9,1.15,8.7,3.9,6.3,61.4,61.4,11.3,7.5,11.3,1.9,58.5,29.0
2016-17,Pre+Season,PHI,Philadelphia 76ers,7,7.7,6.8,1.09,8.4,2.7,5.1,52.8,52.8,27.8,11.1,27.8,5.6,57.4,16.1
2016-17,Pre+Season,TOR,Toronto Raptors,7,6.7,6.2,1.21,8.1,3.7,5.9,63.4,63.4,10.6,4.3,8.5,2.1,61.7,51.7
2016-17,Pre+Season,NOP,New Orleans Pelicans,5,9.4,8.4,1.21,11.4,4.0,6.6,60.6,60.6,23.4,6.4,19.1,0.0,66.0,51.7
2016-17,Pre+Season,LAC,LA Clippers,6,5.8,5.6,1.54,9.0,4.0,4.7,85.7,85.7,17.1,8.6,17.1,5.7,77.1,100
2016-17,Pre+Season,LAL,Los Angeles Lakers,8,5.8,5.0,1.17,6.8,2.9,4.8,60.5,60.5,13.0,4.3,13.0,0.0,63.0,38.7
2016-17,Pre+Season,CLE,Cleveland Cavaliers,6,7.2,6.6,1.23,8.8,2.8,5.2,54.8,54.8,34.9,7.0,34.9,14.0,58.1,61.3
2016-17,Pre+Season,BKN,Brooklyn Nets,6,7.8,7.0,1.13,8.8,3.5,6.3,55.3,55.3,17.0,6.4,17.0,4.3,57.4,25.8
2016-17,Pre+Season,SAS,San Antonio Spurs,5,10.4,9.6,1.02,10.6,4.2,7.4,56.8,56.8,17.3,15.4,15.4,3.8,51.9,3.2
2016-17,Pre+Season,DAL,Dallas Mavericks,6,6.2,5.7,1.32,8.2,3.3,5.0,66.7,66.7,18.9,10.8,18.9,10.8,62.2,77.4
2016-17,Pre+Season,ORL,Orlando Magic,6,7.5,6.7,1.09,8.2,3.2,5.5,57.6,57.6,24.4,4.4,24.4,2.2,55.6,12.9
2016-17,Pre+Season,PHX,Phoenix Suns,6,6.8,5.6,1.10,7.5,3.0,5.5,54.5,54.5,17.1,4.9,17.1,2.4,56.1,19.4
2016-17,Pre+Season,MEM,Memphis Grizzlies,6,7.2,6.1,1.05,7.5,3.0,5.7,52.9,52.9,23.3,2.3,23.3,4.7,55.8,9.7
2016-17,Pre+Season,DET,Detroit Pistons,6,5.0,4.8,1.23,6.2,2.7,4.2,64.0,64.0,20.0,6.7,20.0,10.0,63.3,64.5
2016-17,Pre+Season,MIN,Minnesota Timberwolves,4,5.5,4.9,1.18,6.5,2.5,4.5,55.6,55.6,18.2,4.5,18.2,4.5,59.1,41.9
2016-17,Pre+Season,Madrid Real Madrid,Madrid Real Madrid,1,11.0,9.1,1.27,14.0,7.0,9.0,77.8,77.8,0.0,18.2,0.0,0.0,63.6,71.0
2016-17,Pre+Season,Buenos Aires San Lorenzo,Buenos Aires San Lorenzo,1,8.0,7.9,1.50,12.0,4.0,6.0,66.7,66.7,25.0,0.0,25.0,0.0,75.0,0.0
2016-17,Pre+Season,Barcelona FC Barcelona Lassa,Barcelona FC Barcelona Lassa,1,13.0,12.9,0.61,8.0,4.0,10.0,40.0,40.0,15.4,7.7,15.4,0.0,30.8,0.0
2016-17,Pre+Season,Haifa Maccabi Haifa,Haifa Maccabi Haifa,1,8.0,7.1,0.75,6.0,3.0,6.0,50.0,50.0,12.5,12.5,12.5,0.0,37.5,0.0
2016-17,Pre+Season,Shanghai Shanghai Sharks,Shanghai Shanghai Sharks,1,4.0,3.5,1.00,4.0,2.0,4.0,50.0,50.0,0.0,0.0,0.0,0.0,50.0,0.0
2016-17,Regular+Season,GSW,Golden State Warriors,82,13.6,12.3,1.33,18.1,7.7,11.1,69.9,69.9,15.9,6.6,15.4,4.1,67.5,93.1
2016-17,Regular+Season,DEN,Denver Nuggets,82,10.3,9.2,1.33,13.8,5.8,8.3,69.0,69.0,16.9,6.3,16.8,4.3,67.3,96.6
2016-17,Regular+Season,MIL,Milwaukee Bucks,82,10.3,9.8,1.30,13.3,5.5,8.3,66.4,66.4,18.0,5.7,17.5,4.8,66.1,79.3
2016-17,Regular+Season,HOU,Houston Rockets,82,8.3,7.4,1.38,11.5,5.1,6.9,73.2,73.2,16.5,6.7,16.5,6.6,68.5,100
2016-17,Regular+Season,UTA,Utah Jazz,82,9.2,9.0,1.24,11.4,4.6,7.3,62.9,62.9,18.8,6.0,18.8,4.8,62.6,41.4
2016-17,Regular+Season,CHA,Charlotte Hornets,82,8.7,8.2,1.29,11.1,4.5,7.1,63.3,63.3,17.5,4.5,17.3,4.2,64.4,69.0
2016-17,Regular+Season,PHI,Philadelphia 76ers,82,8.8,7.9,1.27,11.1,4.7,7.2,65.1,65.1,14.3,6.3,14.0,2.2,64.7,62.1
2016-17,Regular+Season,ATL,Atlanta Hawks,82,8.5,7.7,1.27,10.7,4.6,6.9,67.1,67.1,15.8,6.2,15.4,3.3,65.2,65.5
2016-17,Regular+Season,BOS,Boston Celtics,82,8.1,7.5,1.32,10.7,4.5,6.8,66.9,66.9,14.6,4.7,14.5,3.2,66.7,82.8
2016-17,Regular+Season,IND,Indiana Pacers,82,8.4,7.8,1.26,10.6,4.4,6.9,64.1,64.1,15.7,6.3,15.3,3.9,63.4,58.6
2016-17,Regular+Season,SAC,Sacramento Kings,82,9.1,8.6,1.15,10.4,4.6,7.7,60.0,60.0,11.4,7.0,11.1,3.1,58.7,6.9
2016-17,Regular+Season,NYK,New York Knicks,82,8.6,7.8,1.20,10.3,4.5,7.1,63.1,63.1,11.9,7.7,11.9,2.8,60.4,27.6
2016-17,Regular+Season,POR,Portland Trail Blazers,82,8.8,8.1,1.17,10.3,4.3,7.0,62.2,62.2,14.8,8.5,15.1,3.1,59.6,13.8
2016-17,Regular+Season,OKC,Oklahoma City Thunder,82,8.5,7.5,1.19,10.1,4.4,6.9,63.0,63.0,13.6,7.9,13.6,3.2,60.1,24.1
2016-17,Regular+Season,WAS,Washington Wizards,82,8.1,7.4,1.23,10.0,4.3,6.9,62.2,62.2,12.7,5.8,12.3,3.0,61.8,37.9
2016-17,Regular+Season,PHX,Phoenix Suns,82,8.0,6.9,1.24,9.9,4.0,6.4,62.9,62.9,18.4,5.2,18.1,3.8,63.7,44.8
2016-17,Regular+Season,LAL,Los Angeles Lakers,82,8.5,7.6,1.11,9.4,4.0,7.1,57.0,57.0,12.3,6.3,12.3,2.5,56.6,0.0
2016-17,Regular+Season,ORL,Orlando Magic,82,7.3,6.7,1.26,9.1,3.9,6.1,64.4,64.4,15.6,4.5,15.5,4.4,63.4,51.7
2016-17,Regular+Season,MIA,Miami Heat,82,7.7,7.2,1.18,9.1,4.0,6.4,62.4,62.4,13.1,7.1,12.8,3.3,59.9,17.2
2016-17,Regular+Season,MIN,Minnesota Timberwolves,82,7.3,6.8,1.24,9.1,4.0,6.1,64.6,64.6,13.0,7.3,13.3,4.5,62.0,48.3
2016-17,Regular+Season,SAS,San Antonio Spurs,82,7.2,6.7,1.26,9.0,3.8,5.9,64.2,64.2,15.2,6.0,15.2,4.1,64.2,55.2
2016-17,Regular+Season,MEM,Memphis Grizzlies,82,7.6,7.2,1.16,8.9,3.8,6.3,60.2,60.2,13.6,6.9,13.3,2.4,59.7,10.3
2016-17,Regular+Season,BKN,Brooklyn Nets,82,7.1,6.3,1.19,8.4,3.4,5.7,60.5,60.5,15.0,7.6,14.5,3.1,60.3,20.7
2016-17,Regular+Season,CLE,Cleveland Cavaliers,82,6.3,5.9,1.32,8.3,3.7,5.2,70.9,70.9,14.7,8.1,14.3,4.4,66.8,86.2
2016-17,Regular+Season,NOP,New Orleans Pelicans,82,6.9,6.3,1.21,8.3,3.4,5.5,61.1,61.1,17.3,6.0,16.5,3.9,61.6,31.0
2016-17,Regular+Season,CHI,Chicago Bulls,82,7.2,6.6,1.14,8.3,3.5,6.0,58.9,58.9,12.0,7.7,11.4,2.5,57.7,3.4
2016-17,Regular+Season,DET,Detroit Pistons,82,6.0,5.6,1.29,7.8,3.2,4.9,65.3,65.3,18.3,4.4,18.1,4.2,65.9,72.4
2016-17,Regular+Season,LAC,LA Clippers,82,5.9,5.5,1.32,7.7,3.1,4.4,70.2,70.2,23.5,7.1,22.5,5.6,68.5,89.7
2016-17,Regular+Season,DAL,Dallas Mavericks,82,5.8,5.7,1.29,7.5,3.0,4.7,65.3,65.3,17.6,4.9,17.6,3.6,66.1,75.9
2016-17,Regular+Season,TOR,Toronto Raptors,82,5.3,4.9,1.22,6.5,2.9,4.5,63.6,63.6,12.5,5.1,12.5,2.8,62.4,34.5
2016-17,Playoffs,GSW,Golden State Warriors,17,11.9,10.8,1.31,15.6,6.9,10.1,68.6,68.6,12.9,5.0,12.9,3.5,66.8,73.3
2016-17,Playoffs,BOS,Boston Celtics,18,8.2,7.8,1.39,11.3,4.9,6.9,70.4,70.4,17.7,1.4,17.7,4.1,71.4,100
2016-17,Playoffs,CLE,Cleveland Cavaliers,18,7.2,6.7,1.26,9.1,3.6,5.3,68.4,68.4,18.6,11.6,17.8,3.9,64.3,46.7
2016-17,Playoffs,SAS,San Antonio Spurs,16,6.0,5.5,1.32,7.9,3.4,4.9,68.4,68.4,15.6,7.3,14.6,5.2,66.7,80.0
2016-17,Playoffs,UTA,Utah Jazz,11,8.5,8.7,1.30,11.1,5.1,7.6,66.7,66.7,14.9,3.2,14.9,7.4,64.9,60.0
2016-17,Playoffs,WAS,Washington Wizards,13,7.0,6.3,1.21,8.5,3.6,5.6,64.4,64.4,15.4,8.8,16.5,5.5,61.5,33.3
2016-17,Playoffs,HOU,Houston Rockets,11,7.5,6.9,1.15,8.6,3.2,5.7,55.6,55.6,25.3,6.0,25.3,7.2,60.2,26.7
2016-17,Playoffs,TOR,Toronto Raptors,10,6.8,6.7,1.28,8.7,3.4,5.7,59.6,59.6,20.6,2.9,20.6,7.4,63.2,53.3
2016-17,Playoffs,MIL,Milwaukee Bucks,6,10.3,10.3,1.21,12.5,5.5,9.2,60.0,60.0,11.3,4.8,9.7,4.8,58.1,40.0
2016-17,Playoffs,ATL,Atlanta Hawks,6,7.2,6.3,1.35,9.7,3.8,6.0,63.9,63.9,16.3,2.3,14.0,2.3,67.4,86.7
2016-17,Playoffs,IND,Indiana Pacers,4,12.3,11.3,1.08,13.3,5.8,10.0,57.5,57.5,12.2,6.1,12.2,0.0,57.1,13.3
2016-17,Playoffs,LAC,LA Clippers,7,5.1,5.2,1.31,6.7,2.9,3.6,80.0,80.0,36.1,5.6,33.3,11.1,69.4,66.7
2016-17,Playoffs,OKC,Oklahoma City Thunder,5,8.0,7.2,1.00,8.0,3.8,6.8,55.9,55.9,5.0,10.0,7.5,2.5,50.0,6.7
2016-17,Playoffs,MEM,Memphis Grizzlies,6,5.5,5.7,1.12,6.2,2.3,4.2,56.0,56.0,18.2,9.1,18.2,3.0,57.6,20.0
2016-17,Playoffs,CHI,Chicago Bulls,6,3.7,3.5,1.36,5.0,2.3,3.2,73.7,73.7,9.1,9.1,9.1,4.5,68.2,93.3
2016-17,Playoffs,POR,Portland Trail Blazers,4,7.5,6.5,0.97,7.3,3.5,6.0,58.3,58.3,3.3,16.7,3.3,0.0,50.0,0.0
2017-18,Pre+Season,GSW,Golden State Warriors,4,14.0,12.1,1.45,20.3,8.8,10.8,81.4,81.4,17.9,7.1,19.6,3.6,75.0,87.1
2017-18,Pre+Season,MEM,Memphis Grizzlies,5,10.0,8.7,1.40,14.0,5.6,7.8,71.8,71.8,22.0,8.0,20.0,8.0,70.0,80.6
2017-18,Pre+Season,LAL,Los Angeles Lakers,6,8.0,7.3,1.35,11.0,4.8,6.5,74.4,74.4,10.2,12.2,8.2,2.0,67.0,74.2
2017-18,Pre+Season,ORL,Orlando Magic,6,8.0,7.4,1.29,10.5,4.7,6.7,70.0,70.0,8.2,10.2,8.2,0.0,65.0,61.3
2017-18,Pre+Season,SAS,San Antonio Spurs,5,7.0,7.0,1.62,12.0,5.2,6.0,86.7,86.7,13.5,10.8,13.5,5.4,78.0,100
2017-18,Pre+Season,DET,Detroit Pistons,5,8.0,7.3,1.48,11.8,4.8,6.8,70.6,70.6,17.5,0.0,17.5,2.5,75.0,90.3
2017-18,Pre+Season,WAS,Washington Wizards,5,10.0,8.6,1.23,11.8,4.6,7.2,63.9,63.9,18.8,6.3,18.8,0.0,65.0,51.6
2017-18,Pre+Season,DEN,Denver Nuggets,5,11.0,9.4,1.06,11.4,4.8,8.8,54.5,54.5,18.5,7.4,18.5,7.4,54.0,16.1
2017-18,Pre+Season,SAC,Sacramento Kings,6,9.0,8.6,1.04,9.3,4.0,7.5,53.3,53.3,7.4,9.3,7.4,0.0,52.0,9.7
2017-18,Pre+Season,PHI,Philadelphia 76ers,5,8.0,7.2,1.26,10.6,4.0,6.6,60.6,60.6,21.4,2.4,21.4,2.4,67.0,58.1
2017-18,Pre+Season,UTA,Utah Jazz,5,8.0,7.6,1.21,10.2,5.0,7.2,69.4,69.4,2.4,11.9,2.4,0.0,62.0,48.4
2017-18,Pre+Season,LAC,LA Clippers,5,8.0,7.4,1.19,10.0,3.6,5.6,64.3,64.3,26.2,9.5,26.2,2.4,62.0,38.7
2017-18,Pre+Season,TOR,Toronto Raptors,5,7.0,6.3,1.34,9.4,3.8,4.6,82.6,82.6,28.6,5.7,25.7,0.0,71.0,70.0
2017-18,Pre+Season,NOP,New Orleans Pelicans,4,9.0,7.8,1.34,11.8,5.0,7.5,66.7,66.7,11.4,2.9,11.4,0.0,69.0,70.0
2017-18,Pre+Season,DAL,Dallas Mavericks,5,6.0,5.4,1.59,9.2,3.4,4.2,81.0,81.0,31.0,0.0,31.0,3.4,86.0,96.8
2017-18,Pre+Season,CLE,Cleveland Cavaliers,5,8.0,7.2,1.12,9.2,4.2,7.0,60.0,60.0,12.2,7.3,12.2,4.9,56.0,32.3
2017-18,Pre+Season,MIA,Miami Heat,6,7.0,6.1,1.09,7.7,3.0,5.3,56.3,56.3,19.0,9.5,19.0,4.8,55.0,19.4
2017-18,Pre+Season,MIL,Milwaukee Bucks,4,10.0,9.5,1.10,11.3,5.0,8.5,58.8,58.8,9.8,9.8,9.8,2.4,56.0,22.6
2017-18,Pre+Season,CHI,Chicago Bulls,6,6.0,5.2,1.26,7.3,2.7,4.3,61.5,61.5,25.7,5.7,25.7,5.7,63.0,54.8
2017-18,Pre+Season,BKN,Brooklyn Nets,4,9.0,7.6,1.19,10.8,4.3,6.5,65.4,65.4,19.4,8.3,13.9,0.0,64.0,41.9
2017-18,Pre+Season,HOU,Houston Rockets,5,8.0,7.0,1.10,8.4,2.8,4.2,66.7,66.7,26.3,23.7,26.3,5.3,55.0,25.8
2017-18,Pre+Season,IND,Indiana Pacers,4,8.0,6.9,1.37,10.3,4.5,6.5,69.2,69.2,13.3,3.3,13.3,3.3,70.0,77.4
2017-18,Pre+Season,ATL,Atlanta Hawks,5,8.0,6.9,1.05,8.2,2.8,5.6,50.0,50.0,30.8,10.3,30.8,12.8,51.0,12.9
2017-18,Pre+Season,MIN,Minnesota Timberwolves,3,10.0,8.3,1.31,12.7,4.0,6.3,63.2,63.2,31.0,6.9,31.0,3.4,69.0,64.5
2017-18,Pre+Season,PHX,Phoenix Suns,4,6.0,6.0,1.42,9.3,3.0,4.0,75.0,75.0,38.5,3.8,38.5,3.8,81.0,83.9
2017-18,Pre+Season,BOS,Boston Celtics,4,8.0,6.7,1.20,9.0,4.3,6.5,65.4,65.4,6.7,10.0,3.3,3.3,60.0,45.2
2017-18,Pre+Season,CHA,Charlotte Hornets,4,6.0,5.1,1.52,8.8,3.8,4.8,78.9,78.9,13.0,4.3,13.0,0.0,78.0,93.5
2017-18,Pre+Season,POR,Portland Trail Blazers,4,8.0,7.6,1.03,8.5,3.8,7.3,51.7,51.7,9.1,3.0,9.1,0.0,55.0,6.5
2017-18,Pre+Season,NYK,New York Knicks,5,5.0,4.8,1.11,6.0,2.4,4.2,57.1,57.1,18.5,3.7,18.5,0.0,63.0,29.0
2017-18,Pre+Season,OKC,Oklahoma City Thunder,4,4.0,3.9,1.00,4.3,2.0,3.5,57.1,57.1,11.8,11.8,11.8,5.9,53.0,3.2
2017-18,Pre+Season,Melbourne United,Melbourne United,1,12.0,11.2,1.17,14.0,5.0,7.0,71.4,71.4,16.7,25.0,16.7,0.0,58.0,35.5
2017-18,Pre+Season,Brisbane Bullets,Brisbane Bullets,1,13.0,10.7,0.85,11.0,5.0,11.0,45.5,45.5,7.7,7.7,7.7,0.0,46.0,0.0
2017-18,Pre+Season,Shanghai Sharks,Shanghai Sharks,1,7.0,6.5,1.43,10.0,3.0,5.0,60.0,60.0,42.9,0.0,42.9,14.3,71.0,0.0
2017-18,Pre+Season,SAC,Sacramento Kings,1,5.0,4.5,1.40,7.0,1.0,2.0,50.0,50.0,60.0,0.0,60.0,0.0,80.0,0.0
2017-18,Pre+Season,Haifa Maccabi Haifa,Haifa Maccabi Haifa,2,3.0,2.6,0.67,2.0,1.0,3.0,33.3,33.3,0.0,0.0,0.0,0.0,33.0,0.0
2017-18,Pre+Season,Guangzhou Long-Lions,Guangzhou Long-Lions,1,2.0,1.8,1.50,3.0,1.0,1.0,100,100,50.0,0.0,50.0,0.0,100,0.0
2017-18,Regular+Season,GSW,Golden State Warriors,82,13.4,12.3,1.34,17.9,7.8,11.3,69.4,69.4,12.8,6.5,12.0,3.5,67.3,93.1
2017-18,Regular+Season,PHI,Philadelphia 76ers,82,10.2,9.1,1.31,13.3,5.7,8.5,67.4,67.4,14.0,6.4,13.4,4.2,66.0,82.8
2017-18,Regular+Season,WAS,Washington Wizards,82,9.7,8.9,1.22,11.8,5.0,7.9,62.9,62.9,14.1,7.5,13.7,3.6,61.1,27.6
2017-18,Regular+Season,DEN,Denver Nuggets,82,9.0,8.2,1.27,11.4,4.9,7.3,67.1,67.1,13.7,9.0,13.6,4.3,63.5,55.2
2017-18,Regular+Season,UTA,Utah Jazz,82,8.9,8.4,1.27,11.3,4.8,7.2,66.2,66.2,16.5,7.3,16.0,4.8,64.1,62.1
2017-18,Regular+Season,NOP,New Orleans Pelicans,82,8.4,7.5,1.33,11.1,4.8,7.0,68.3,68.3,14.0,5.5,14.2,3.5,66.7,89.7
2017-18,Regular+Season,CLE,Cleveland Cavaliers,82,8.0,7.4,1.38,11.1,4.5,6.5,69.8,69.8,19.0,4.0,17.5,3.7,70.2,100
2017-18,Regular+Season,LAC,LA Clippers,82,8.0,7.3,1.33,10.7,4.7,6.6,70.4,70.4,14.1,6.5,13.3,3.0,67.7,86.2
2017-18,Regular+Season,MIL,Milwaukee Bucks,82,8.8,8.3,1.20,10.6,4.4,7.2,61.5,61.5,15.5,6.5,14.5,3.2,61.1,17.2
2017-18,Regular+Season,NYK,New York Knicks,82,8.1,7.3,1.29,10.4,4.4,6.9,63.7,63.7,14.2,3.9,14.1,3.9,64.1,65.5
2017-18,Regular+Season,MIN,Minnesota Timberwolves,82,7.9,7.3,1.31,10.3,4.4,6.6,65.8,65.8,15.0,5.6,14.5,4.5,65.4,72.4
2017-18,Regular+Season,ORL,Orlando Magic,82,8.1,7.5,1.26,10.2,4.3,6.9,63.1,63.1,14.0,4.5,13.7,3.5,63.4,44.8
2017-18,Regular+Season,PHX,Phoenix Suns,82,7.6,6.8,1.31,9.9,4.0,6.1,66.0,66.0,20.1,4.2,19.9,5.1,66.8,75.9
2017-18,Regular+Season,TOR,Toronto Raptors,82,7.4,6.8,1.29,9.6,4.2,6.2,67.5,67.5,12.7,7.4,12.2,3.6,64.6,69.0
2017-18,Regular+Season,LAL,Los Angeles Lakers,82,7.5,6.6,1.27,9.6,4.1,6.3,66.0,66.0,14.7,6.0,13.9,4.2,64.8,58.6
2017-18,Regular+Season,POR,Portland Trail Blazers,82,8.0,7.4,1.19,9.5,4.1,6.6,61.7,61.7,13.8,7.6,14.0,4.0,59.6,10.3
2017-18,Regular+Season,MIA,Miami Heat,82,7.4,6.9,1.26,9.3,3.9,6.0,65.3,65.3,14.9,7.6,14.3,3.6,63.5,48.3
2017-18,Regular+Season,SAC,Sacramento Kings,82,7.7,7.3,1.20,9.3,4.2,6.7,62.1,62.1,10.4,6.0,10.4,3.5,60.5,13.8
2017-18,Regular+Season,DAL,Dallas Mavericks,82,6.6,6.3,1.36,9.0,3.7,5.3,69.7,69.7,18.7,5.9,17.9,4.4,69.3,96.6
2017-18,Regular+Season,ATL,Atlanta Hawks,82,7.2,6.6,1.25,8.9,3.9,6.0,65.8,65.8,13.1,7.8,12.4,3.9,62.9,31.0
2017-18,Regular+Season,CHA,Charlotte Hornets,82,6.8,6.2,1.31,8.9,3.7,5.5,67.3,67.3,19.5,5.5,19.1,5.4,66.2,79.3
2017-18,Regular+Season,DET,Detroit Pistons,82,7.0,6.5,1.25,8.8,3.7,5.9,62.7,62.7,14.2,4.2,14.1,2.6,63.5,34.5
2017-18,Regular+Season,MEM,Memphis Grizzlies,82,7.3,6.8,1.17,8.5,3.6,6.0,59.3,59.3,13.9,7.1,13.4,4.4,58.5,3.4
2017-18,Regular+Season,BKN,Brooklyn Nets,82,7.2,6.5,1.18,8.5,3.5,5.8,61.3,61.3,15.5,7.7,14.6,3.9,60.5,6.9
2017-18,Regular+Season,SAS,San Antonio Spurs,82,6.7,6.3,1.25,8.4,3.6,5.6,64.6,64.6,14.9,5.6,14.0,3.8,63.8,41.4
2017-18,Regular+Season,CHI,Chicago Bulls,82,6.5,5.9,1.25,8.1,3.3,5.2,62.8,62.8,17.2,6.0,17.0,4.5,62.8,37.9
2017-18,Regular+Season,BOS,Boston Celtics,82,6.5,6.0,1.22,7.9,3.3,5.6,59.9,59.9,14.3,3.6,14.5,4.2,61.1,24.1
2017-18,Regular+Season,OKC,Oklahoma City Thunder,82,6.2,5.5,1.26,7.8,3.4,5.1,65.9,65.9,14.8,5.9,14.2,3.6,64.3,51.7
2017-18,Regular+Season,IND,Indiana Pacers,82,6.5,6.0,1.16,7.5,3.1,5.2,59.0,59.0,15.5,6.6,14.9,2.6,59.1,0.0
2017-18,Regular+Season,HOU,Houston Rockets,82,5.8,5.4,1.21,7.0,3.0,4.7,64.6,64.6,15.1,7.9,14.6,4.0,62.1,20.7
2017-18,Playoffs,GSW,Golden State Warriors,21,12.5,11.7,1.27,16.0,7.2,10.6,68.0,68.0,9.9,7.2,9.5,1.9,64.6,53.3
2017-18,Playoffs,CLE,Cleveland Cavaliers,22,6.4,6.1,1.39,8.8,3.7,5.1,71.7,71.7,16.4,7.9,15.0,5.0,69.3,86.7
2017-18,Playoffs,BOS,Boston Celtics,19,5.7,5.4,1.28,7.3,2.8,4.5,62.8,62.8,23.1,2.8,20.4,5.6,66.7,60.0
2017-18,Playoffs,HOU,Houston Rockets,17,5.7,5.4,1.40,8.0,3.6,4.9,73.5,73.5,10.3,5.2,10.3,2.1,70.1,93.3
2017-18,Playoffs,TOR,Toronto Raptors,10,9.5,9.0,1.27,12.1,4.7,7.1,66.2,66.2,21.1,6.3,21.1,2.1,67.4,46.7
2017-18,Playoffs,NOP,New Orleans Pelicans,9,8.9,8.0,1.50,13.3,5.8,7.8,74.3,74.3,15.0,2.5,13.8,5.0,73.8,100
2017-18,Playoffs,PHI,Philadelphia 76ers,10,9.1,8.0,1.11,10.1,4.6,8.2,56.1,56.1,11.0,3.3,9.9,4.4,54.9,20.0
2017-18,Playoffs,UTA,Utah Jazz,11,6.1,5.6,1.06,6.5,2.7,4.4,62.5,62.5,14.9,14.9,14.9,1.5,58.2,13.3
2017-18,Playoffs,WAS,Washington Wizards,6,8.8,8.2,1.28,11.3,5.2,8.2,63.3,63.3,9.4,1.9,9.4,3.8,62.3,66.7
2017-18,Playoffs,IND,Indiana Pacers,7,6.9,6.8,1.21,8.3,3.6,5.4,65.8,65.8,12.5,8.3,12.5,0.0,64.6,33.3
2017-18,Playoffs,MIL,Milwaukee Bucks,7,5.0,5.0,1.37,6.9,3.1,4.1,75.9,75.9,8.6,11.4,5.7,2.9,68.6,80.0
2017-18,Playoffs,MIA,Miami Heat,5,8.2,7.4,1.12,9.2,4.0,6.4,62.5,62.5,17.1,9.8,19.5,7.3,56.1,26.7
2017-18,Playoffs,MIN,Minnesota Timberwolves,5,7.8,7.5,1.00,7.8,3.2,7.2,44.4,44.4,10.3,0.0,10.3,2.6,48.7,6.7
2017-18,Playoffs,OKC,Oklahoma City Thunder,6,3.8,3.5,1.30,5.0,2.2,3.2,68.4,68.4,13.0,4.3,13.0,0.0,69.6,73.3
2017-18,Playoffs,SAS,San Antonio Spurs,5,4.0,3.9,1.25,5.0,2.2,3.4,64.7,64.7,10.0,10.0,10.0,5.0,60.0,40.0
2017-18,Playoffs,POR,Portland Trail Blazers,4,8.0,7.1,0.72,5.8,2.5,6.8,37.0,37.0,6.3,9.4,6.3,0.0,37.5,0.0
2018-19,Pre+Season,LAL,Los Angeles Lakers,6,12.3,10.2,1.08,13.3,6.0,9.8,61.0,61.0,8.1,12.2,5.4,0.0,55.4,25.0
2018-19,Pre+Season,DEN,Denver Nuggets,5,10.8,9.4,1.24,13.4,5.0,7.8,69.2,69.2,22.2,13.0,22.2,7.0,63.0,56.3
2018-19,Pre+Season,GSW,Golden State Warriors,5,9.4,7.9,1.32,12.4,6.0,8.4,69.0,69.0,10.6,4.3,10.6,4.0,66.0,75.0
2018-19,Pre+Season,DAL,Dallas Mavericks,4,11.8,10.3,1.30,15.3,6.0,8.8,65.7,65.7,27.7,4.3,27.7,6.0,70.2,71.9
2018-19,Pre+Season,UTA,Utah Jazz,4,11.0,9.4,1.29,14.3,6.0,9.5,68.4,68.4,13.6,6.8,13.6,7.0,65.9,68.8
2018-19,Pre+Season,SAC,Sacramento Kings,5,10.6,9.0,1.07,11.4,4.0,8.2,53.7,53.7,20.8,7.5,20.8,6.0,56.6,18.8
2018-19,Pre+Season,WAS,Washington Wizards,5,8.0,6.8,1.40,11.2,5.0,6.2,77.4,77.4,20.0,12.5,20.0,10.0,70.0,87.5
2018-19,Pre+Season,POR,Portland Trail Blazers,5,9.2,8.3,1.20,11.0,5.0,7.4,62.2,62.2,15.2,6.5,13.0,4.0,60.9,46.9
2018-19,Pre+Season,MIA,Miami Heat,6,9.2,7.5,0.94,8.7,4.0,7.2,55.8,55.8,10.9,10.9,7.3,0.0,50.9,9.4
2018-19,Pre+Season,CHA,Charlotte Hornets,5,8.6,7.5,1.19,10.2,4.0,7.0,60.0,60.0,18.6,4.7,16.3,5.0,60.5,43.8
2018-19,Pre+Season,PHI,Philadelphia 76ers,4,8.8,7.4,1.43,12.5,6.0,7.8,71.0,71.0,14.3,0.0,14.3,3.0,71.4,90.6
2018-19,Pre+Season,MEM,Memphis Grizzlies,5,7.0,6.2,1.34,9.4,4.0,5.8,65.5,65.5,20.0,8.6,17.1,11.0,62.9,84.4
2018-19,Pre+Season,ATL,Atlanta Hawks,4,8.0,6.8,1.44,11.5,5.0,6.5,73.1,73.1,18.8,3.1,15.6,3.0,71.9,93.8
2018-19,Pre+Season,LAC,LA Clippers,4,9.0,7.7,1.28,11.5,5.0,7.3,65.5,65.5,19.4,8.3,19.4,8.0,63.9,65.6
2018-19,Pre+Season,PHX,Phoenix Suns,5,7.0,6.4,1.23,8.6,4.0,5.4,70.4,70.4,11.4,14.3,11.4,3.0,62.9,53.1
2018-19,Pre+Season,MIN,Minnesota Timberwolves,4,7.5,6.2,1.20,9.0,3.0,5.8,56.5,56.5,20.0,6.7,20.0,3.0,60.0,50.0
2018-19,Pre+Season,MIL,Milwaukee Bucks,3,10.3,8.4,1.16,12.0,5.0,8.7,61.5,61.5,9.7,6.5,9.7,0.0,61.3,34.4
2018-19,Pre+Season,BKN,Brooklyn Nets,4,8.0,6.8,1.13,9.0,3.0,5.8,56.5,56.5,21.9,9.4,21.9,3.0,59.4,31.3
2018-19,Pre+Season,NYK,New York Knicks,5,4.6,3.8,1.48,6.8,3.0,3.4,82.4,82.4,21.7,8.7,21.7,4.0,78.3,96.9
2018-19,Pre+Season,IND,Indiana Pacers,4,8.8,7.2,0.94,8.3,4.0,7.3,51.7,51.7,5.7,11.4,5.7,0.0,48.6,6.3
2018-19,Pre+Season,SAS,San Antonio Spurs,2,10.5,9.3,1.52,16.0,7.0,9.5,73.7,73.7,19.0,9.5,19.0,19.0,66.7,100
2018-19,Pre+Season,CHI,Chicago Bulls,5,5.6,4.8,1.04,5.8,3.0,5.0,52.0,52.0,10.7,3.6,10.7,4.0,53.6,15.6
2018-19,Pre+Season,OKC,Oklahoma City Thunder,3,7.0,5.4,1.33,9.3,4.0,6.3,63.2,63.2,9.5,0.0,9.5,0.0,66.7,80.6
2018-19,Pre+Season,ORL,Orlando Magic,3,7.3,6.5,1.27,9.3,5.0,7.3,63.6,63.6,0.0,0.0,0.0,0.0,63.6,62.5
2018-19,Pre+Season,CLE,Cleveland Cavaliers,4,6.3,5.5,1.12,7.0,3.0,5.0,55.0,55.0,16.0,8.0,16.0,4.0,56.0,28.1
2018-19,Pre+Season,BOS,Boston Celtics,4,7.0,6.0,1.00,7.0,3.0,6.3,48.0,48.0,10.7,0.0,10.7,0.0,53.6,12.5
2018-19,Pre+Season,NOP,New Orleans Pelicans,3,6.3,5.1,1.26,8.0,3.0,4.3,61.5,61.5,36.8,0.0,31.6,5.0,73.7,59.4
2018-19,Pre+Season,HOU,Houston Rockets,4,6.5,5.7,0.92,6.0,2.0,4.8,47.4,47.4,19.2,7.7,19.2,0.0,53.8,3.1
2018-19,Pre+Season,DET,Detroit Pistons,3,6.0,5.1,1.17,7.0,3.0,5.0,60.0,60.0,11.1,5.6,11.1,0.0,61.1,38.7
2018-19,Pre+Season,Perth Wildcats,Perth Wildcats,2,9.0,8.0,1.17,10.5,4.0,7.5,53.3,53.3,16.7,0.0,16.7,0.0,61.1,38.7
2018-19,Pre+Season,TOR,Toronto Raptors,4,3.8,3.1,1.33,5.0,2.0,3.3,61.5,61.5,20.0,0.0,13.3,7.0,66.7,80.6
2018-19,Pre+Season,Melbourne United,Melbourne United,2,6.5,5.9,1.08,7.0,2.0,5.0,50.0,50.0,15.4,7.7,15.4,0.0,53.8,21.9
2018-19,Pre+Season,New Zealand Breakers,New Zealand Breakers,1,6.0,5.5,1.17,7.0,3.0,5.0,60.0,60.0,16.7,0.0,0.0,0.0,66.7,0.0
2018-19,Pre+Season,Shanghai Sharks,Shanghai Sharks,1,10.0,9.6,0.70,7.0,3.0,6.0,50.0,50.0,10.0,30.0,10.0,0.0,40.0,0.0
2018-19,Pre+Season,Guangzhou Long-Lions,Guangzhou Long-Lions,1,4.0,3.5,1.50,6.0,2.0,3.0,66.7,66.7,25.0,0.0,25.0,0.0,75.0,0.0
2018-19,Pre+Season,SAC,Sacramento Kings,1,8.0,7.0,0.50,4.0,2.0,8.0,25.0,25.0,0.0,0.0,0.0,0.0,25.0,0.0
2018-19,Pre+Season,Beijing Ducks,Beijing Ducks,1,5.0,4.8,0.60,3.0,1.0,4.0,25.0,25.0,20.0,0.0,20.0,0.0,40.0,0.0
2018-19,Regular+Season,GSW,Golden State Warriors,82,11.5,10.3,1.28,14.7,6.3,9.5,67.0,67.0,13.4,7.7,13.4,3.5,64.6,65.5
2018-19,Regular+Season,POR,Portland Trail Blazers,82,10.2,9.0,1.26,12.8,5.3,8.1,65.9,65.9,14.9,8.9,14.6,3.1,63.7,37.9
2018-19,Regular+Season,PHI,Philadelphia 76ers,82,9.9,8.6,1.30,12.8,5.3,8.1,66.3,66.3,14.7,5.9,13.7,2.7,65.5,69.0
2018-19,Regular+Season,LAL,Los Angeles Lakers,82,9.3,8.1,1.32,12.2,5.3,7.6,69.1,69.1,15.1,6.0,14.3,3.4,66.9,75.9
2018-19,Regular+Season,IND,Indiana Pacers,82,9.6,8.7,1.25,12.0,5.2,8.1,64.5,64.5,13.4,5.9,13.0,4.1,62.9,31.0
2018-19,Regular+Season,DEN,Denver Nuggets,82,8.9,7.9,1.34,11.9,5.3,7.6,69.4,69.4,11.8,5.6,10.4,3.2,68.0,96.6
2018-19,Regular+Season,MEM,Memphis Grizzlies,82,9.2,8.6,1.26,11.6,4.8,7.5,63.3,63.3,16.7,5.3,15.8,4.0,64.5,41.4
2018-19,Regular+Season,NOP,New Orleans Pelicans,82,8.8,7.6,1.31,11.6,5.1,7.4,68.9,68.9,12.6,6.8,12.0,3.3,66.2,72.4
2018-19,Regular+Season,WAS,Washington Wizards,82,8.5,7.5,1.32,11.3,4.7,7.1,66.8,66.8,16.2,5.6,15.8,5.2,66.2,86.2
2018-19,Regular+Season,UTA,Utah Jazz,82,8.8,7.9,1.28,11.3,4.7,7.0,68.1,68.1,17.6,7.2,17.3,3.9,65.6,62.1
2018-19,Regular+Season,MIA,Miami Heat,82,9.0,8.0,1.24,11.1,4.8,7.4,64.7,64.7,14.9,6.3,14.4,4.0,62.8,13.8
2018-19,Regular+Season,BKN,Brooklyn Nets,82,8.4,7.3,1.23,10.4,4.4,6.9,62.9,62.9,15.9,5.2,15.6,3.2,63.6,10.3
2018-19,Regular+Season,DAL,Dallas Mavericks,82,7.5,6.8,1.34,10.1,4.2,6.1,68.4,68.4,18.6,6.3,18.0,5.8,66.8,93.1
2018-19,Regular+Season,ATL,Atlanta Hawks,81,8.1,6.9,1.25,10.1,4.3,6.7,64.1,64.1,16.1,5.9,15.5,4.3,63.2,24.1
2018-19,Regular+Season,MIN,Minnesota Timberwolves,82,7.5,6.6,1.32,10.0,4.1,6.3,66.3,66.3,16.8,5.3,16.2,5.0,66.2,82.8
2018-19,Regular+Season,LAC,LA Clippers,82,7.8,6.9,1.25,9.8,4.0,6.4,63.4,63.4,17.8,6.4,17.1,5.8,62.6,27.6
2018-19,Regular+Season,PHX,Phoenix Suns,82,7.2,6.5,1.34,9.7,4.2,6.2,68.2,68.2,14.5,4.9,14.0,5.4,66.9,100
2018-19,Regular+Season,SAC,Sacramento Kings,82,7.7,6.6,1.24,9.5,4.1,6.3,65.3,65.3,13.0,7.6,12.4,3.0,62.8,17.2
2018-19,Regular+Season,ORL,Orlando Magic,82,7.1,6.5,1.32,9.4,4.2,6.2,67.4,67.4,12.9,4.3,13.0,4.3,66.4,79.3
2018-19,Regular+Season,MIL,Milwaukee Bucks,82,6.9,6.1,1.33,9.2,3.9,5.9,66.9,66.9,15.0,4.4,14.3,4.6,66.5,89.7
2018-19,Regular+Season,OKC,Oklahoma City Thunder,81,7.3,6.2,1.27,9.3,3.9,6.0,64.9,64.9,16.4,5.9,15.7,5.1,64.5,58.6
2018-19,Regular+Season,CHA,Charlotte Hornets,82,7.2,6.5,1.26,9.1,3.8,5.9,64.6,64.6,16.2,4.6,16.1,3.2,65.3,44.8
2018-19,Regular+Season,CLE,Cleveland Cavaliers,82,7.2,6.6,1.23,8.9,3.8,6.0,62.6,62.6,14.0,5.7,13.3,2.7,62.3,6.9
2018-19,Regular+Season,BOS,Boston Celtics,82,6.8,6.1,1.24,8.5,3.7,5.8,63.3,63.3,12.1,5.5,11.9,2.1,63.1,20.7
2018-19,Regular+Season,DET,Detroit Pistons,82,7.2,6.5,1.17,8.4,3.6,5.9,61.0,61.0,14.6,7.3,13.9,4.3,58.8,0.0
2018-19,Regular+Season,HOU,Houston Rockets,82,6.4,5.9,1.27,8.2,3.6,5.5,66.9,66.9,12.7,5.5,12.5,3.0,65.0,51.7
2018-19,Regular+Season,SAS,San Antonio Spurs,82,6.4,5.9,1.27,8.2,3.5,5.4,64.3,64.3,12.9,5.9,12.3,3.4,63.8,55.2
2018-19,Regular+Season,CHI,Chicago Bulls,82,6.3,5.8,1.26,8.0,3.4,5.1,65.7,65.7,15.2,7.3,15.2,3.5,63.7,34.5
2018-19,Regular+Season,TOR,Toronto Raptors,82,6.0,5.4,1.27,7.6,3.2,5.0,64.5,64.5,13.8,6.3,13.0,3.2,63.4,48.3
2018-19,Regular+Season,NYK,New York Knicks,82,4.9,4.4,1.21,5.9,2.4,3.8,62.2,62.2,18.0,8.0,17.7,4.0,61.6,3.4
2018-19,Playoffs,GSW,Golden State Warriors,22,14.6,13.2,1.30,19.0,8.4,11.9,70.6,70.6,11.8,9.3,10.9,2.5,65.8,93.3
2018-19,Playoffs,TOR,Toronto Raptors,24,6.5,6.1,1.26,8.0,3.3,5.4,60.5,60.5,17.3,3.8,16.0,3.8,63.5,80.0
2018-19,Playoffs,POR,Portland Trail Blazers,16,10.1,8.8,1.11,11.0,4.8,8.2,58.0,58.0,11.2,7.5,10.6,0.0,58.4,20.0
2018-19,Playoffs,DEN,Denver Nuggets,14,9.0,8.1,1.25,11.0,4.6,7.0,65.3,65.3,19.0,7.1,18.3,4.0,62.7,60.0
2018-19,Playoffs,PHI,Philadelphia 76ers,12,9.7,8.6,1.25,12.0,5.1,7.8,65.6,65.6,14.7,10.3,12.9,5.2,61.2,71.4
2018-19,Playoffs,MIL,Milwaukee Bucks,15,6.1,5.4,1.19,7.0,3.3,4.9,66.2,66.2,12.0,9.8,12.0,2.2,60.9,46.7
2018-19,Playoffs,HOU,Houston Rockets,11,7.6,7.0,1.23,9.0,3.8,6.0,63.6,63.6,21.4,3.6,20.2,3.6,61.9,53.3
2018-19,Playoffs,BOS,Boston Celtics,9,4.7,4.3,1.33,6.0,2.4,3.8,64.7,64.7,21.4,4.8,21.4,7.1,66.7,100
2018-19,Playoffs,BKN,Brooklyn Nets,5,9.0,7.7,1.11,10.0,3.8,7.4,51.4,51.4,15.6,4.4,15.6,2.2,55.6,13.3
2018-19,Playoffs,SAS,San Antonio Spurs,7,5.4,5.2,1.29,7.0,3.1,4.9,64.7,64.7,7.9,5.3,7.9,2.6,63.2,86.7
2018-19,Playoffs,LAC,LA Clippers,6,5.7,4.9,1.18,7.0,2.8,4.8,58.6,58.6,11.8,2.9,11.8,0.0,61.8,40.0
2018-19,Playoffs,DET,Detroit Pistons,4,8.5,7.4,1.12,10.0,4.0,6.8,59.3,59.3,8.8,11.8,5.9,0.0,55.9,26.7
2018-19,Playoffs,UTA,Utah Jazz,5,5.6,5.0,1.11,6.0,2.6,4.6,56.5,56.5,10.7,10.7,10.7,3.6,53.6,6.7
2018-19,Playoffs,OKC,Oklahoma City Thunder,5,4.8,4.3,1.25,6.0,2.8,4.0,70.0,70.0,12.5,4.2,12.5,0.0,66.7,71.4
2018-19,Playoffs,ORL,Orlando Magic,5,5.2,4.8,1.15,6.0,2.2,3.8,57.9,57.9,23.1,11.5,23.1,7.7,53.8,33.3
2018-19,Playoffs,IND,Indiana Pacers,4,5.8,5.6,0.83,5.0,2.0,5.0,40.0,40.0,13.0,0.0,13.0,0.0,47.8,0.0
2019-20,Pre+Season,LAL,Los Angeles Lakers,6,12.3,10.6,1.30,16.0,6.8,10.5,65.1,65.1,16.2,4.1,14.9,5.4,64.9,58.1
2019-20,Pre+Season,PHI,Philadelphia 76ers,5,11.4,9.7,1.26,14.0,6.6,9.6,68.8,68.8,10.5,8.8,10.5,3.5,64.9,51.6
2019-20,Pre+Season,MIL,Milwaukee Bucks,5,8.6,7.4,1.63,14.0,5.6,7.2,77.8,77.8,20.9,0.0,20.9,4.7,81.4,100
2019-20,Pre+Season,HOU,Houston Rockets,6,9.0,7.2,1.11,10.0,3.7,6.0,61.1,61.1,27.8,11.1,24.1,5.6,57.4,18.8
2019-20,Pre+Season,MIA,Miami Heat,5,9.8,8.5,1.16,11.0,4.8,8.2,58.5,58.5,14.3,8.2,14.3,6.1,57.1,31.3
2019-20,Pre+Season,DEN,Denver Nuggets,4,10.5,9.0,1.24,13.0,5.8,8.3,69.7,69.7,9.5,11.9,7.1,0.0,64.3,46.9
2019-20,Pre+Season,DET,Detroit Pistons,5,7.2,6.2,1.42,10.0,4.6,6.4,71.9,71.9,16.7,5.6,16.7,11.1,66.7,84.4
2019-20,Pre+Season,GSW,Golden State Warriors,5,10.0,8.2,1.00,10.0,4.2,8.2,51.2,51.2,10.0,10.0,10.0,2.0,50.0,6.5
2019-20,Pre+Season,WAS,Washington Wizards,5,7.0,6.2,1.40,10.0,4.0,5.6,71.4,71.4,20.0,11.4,20.0,11.4,65.7,81.3
2019-20,Pre+Season,TOR,Toronto Raptors,4,9.3,7.5,1.30,12.0,5.0,7.3,69.0,69.0,18.9,8.1,10.8,5.4,64.9,58.1
2019-20,Pre+Season,LAC,LA Clippers,5,7.6,6.4,1.26,10.0,4.2,6.2,67.7,67.7,15.8,5.3,15.8,2.6,65.8,51.6
2019-20,Pre+Season,CHI,Chicago Bulls,5,7.2,5.9,1.31,9.0,3.6,5.2,69.2,69.2,27.8,11.1,27.8,11.1,63.9,62.5
2019-20,Pre+Season,POR,Portland Trail Blazers,4,10.3,8.8,1.15,12.0,5.0,7.5,66.7,66.7,17.1,12.2,17.1,2.4,63.4,28.1
2019-20,Pre+Season,BKN,Brooklyn Nets,4,8.5,7.6,1.35,12.0,5.0,7.0,71.4,71.4,20.6,0.0,20.6,2.9,70.6,75.0
2019-20,Pre+Season,CHA,Charlotte Hornets,5,7.2,6.2,1.22,9.0,3.8,5.8,65.5,65.5,11.1,11.1,11.1,2.8,61.1,41.9
2019-20,Pre+Season,UTA,Utah Jazz,4,6.8,5.7,1.59,11.0,4.5,5.8,78.3,78.3,29.6,3.7,29.6,18.5,77.8,96.9
2019-20,Pre+Season,NOP,New Orleans Pelicans,4,7.5,6.2,1.37,10.0,4.0,6.0,66.7,66.7,20.0,3.3,20.0,3.3,70.0,78.1
2019-20,Pre+Season,ORL,Orlando Magic,5,7.0,6.0,1.11,8.0,3.2,5.8,55.2,55.2,20.0,0.0,20.0,2.9,57.1,21.9
2019-20,Pre+Season,MEM,Memphis Grizzlies,4,6.3,5.3,1.44,9.0,4.0,5.8,69.6,69.6,16.0,0.0,16.0,8.0,72.0,90.6
2019-20,Pre+Season,DAL,Dallas Mavericks,5,6.0,5.0,1.20,7.0,3.4,5.0,68.0,68.0,6.7,13.3,6.7,3.3,60.0,35.5
2019-20,Pre+Season,IND,Indiana Pacers,3,8.7,7.0,1.31,11.0,5.3,7.7,69.6,69.6,7.7,7.7,3.8,3.8,65.4,65.6
2019-20,Pre+Season,ATL,Atlanta Hawks,5,6.8,5.8,1.00,7.0,2.6,5.0,52.0,52.0,17.6,11.8,17.6,2.9,52.9,6.5
2019-20,Pre+Season,BOS,Boston Celtics,4,6.0,5.2,1.33,8.0,3.8,4.8,78.9,78.9,8.3,12.5,8.3,0.0,70.8,71.0
2019-20,Pre+Season,OKC,Oklahoma City Thunder,4,7.8,6.9,0.97,8.0,3.3,5.8,56.5,56.5,12.9,16.1,9.7,3.2,48.4,3.1
2019-20,Pre+Season,NYK,New York Knicks,4,4.5,3.9,1.56,7.0,3.3,3.8,86.7,86.7,16.7,0.0,16.7,0.0,83.3,93.8
2019-20,Pre+Season,MIN,Minnesota Timberwolves,3,8.7,7.0,1.08,9.0,3.7,7.3,50.0,50.0,15.4,3.8,19.2,7.7,50.0,12.5
2019-20,Pre+Season,SAC,Sacramento Kings,3,7.7,6.3,1.09,8.0,3.0,5.0,60.0,60.0,26.1,8.7,26.1,0.0,60.9,15.6
2019-20,Pre+Season,PHX,Phoenix Suns,2,9.0,7.8,1.33,12.0,5.0,7.0,71.4,71.4,22.2,11.1,16.7,11.1,66.7,71.0
2019-20,Pre+Season,CLE,Cleveland Cavaliers,3,6.7,6.0,1.20,8.0,3.3,4.7,71.4,71.4,25.0,5.0,20.0,0.0,65.0,35.5
2019-20,Pre+Season,SAS,San Antonio Spurs,3,6.0,5.3,1.22,7.0,2.7,4.0,66.7,66.7,22.2,16.7,22.2,5.6,61.1,41.9
2019-20,Pre+Season,New Zealand Breakers,New Zealand Breakers,2,7.0,6.6,1.43,10.0,4.5,6.0,75.0,75.0,14.3,7.1,14.3,7.1,71.4,87.5
2019-20,Pre+Season,Shanghai Sharks,Shanghai Sharks,2,8.0,7.0,1.13,9.0,4.0,6.5,61.5,61.5,12.5,6.3,12.5,0.0,62.5,25.0
2019-20,Pre+Season,Guangzhou Long-Lions,Guangzhou Long-Lions,2,3.5,3.3,1.29,4.0,2.0,3.0,66.7,66.7,14.3,0.0,14.3,0.0,71.4,0.0
2019-20,Pre+Season,Adelaide 36ers,Adelaide 36ers,1,6.0,5.2,1.33,8.0,3.0,4.0,75.0,75.0,16.7,16.7,16.7,0.0,66.7,0.0
2019-20,Pre+Season,Haifa Maccabi Haifa,Haifa Maccabi Haifa,1,5.0,4.5,1.40,7.0,3.0,4.0,75.0,75.0,20.0,20.0,20.0,20.0,60.0,0.0
2019-20,Pre+Season,SESI/Franca Basketball Club of Brazil,SESI/Franca Basketball Club of Brazil,1,3.0,2.7,2.00,6.0,3.0,3.0,100,100,0.0,0.0,0.0,0.0,100,0.0
2019-20,Pre+Season,Melbourne United,Melbourne United,2,5.0,4.3,0.50,2.0,0.5,3.5,14.3,14.3,20.0,10.0,20.0,0.0,30.0,0.0
2019-20,Regular+Season,MIA,Miami Heat,73,10.3,9.4,1.31,13.5,5.6,8.4,66.1,66.1,16.6,5.8,15.9,4.2,65.9,65.5
2019-20,Regular+Season,DEN,Denver Nuggets,73,9.8,8.8,1.37,13.4,5.6,8.2,69.2,69.2,16.9,5.9,16.3,5.9,68.2,96.6
2019-20,Regular+Season,PHX,Phoenix Suns,73,10.3,9.2,1.25,12.9,5.2,8.6,61.0,61.0,16.2,5.3,15.4,4.4,62.2,27.6
2019-20,Regular+Season,LAL,Los Angeles Lakers,71,8.8,7.8,1.37,12.0,5.3,7.3,72.0,72.0,13.6,6.6,13.2,3.9,69.2,93.1
2019-20,Regular+Season,ORL,Orlando Magic,73,8.5,7.7,1.28,10.9,4.5,7.1,63.6,63.6,16.4,4.7,15.7,4.0,64.5,48.3
2019-20,Regular+Season,WAS,Washington Wizards,72,8.8,7.6,1.24,10.9,4.4,7.1,61.9,61.9,18.0,5.7,17.7,4.7,62.9,24.1
2019-20,Regular+Season,IND,Indiana Pacers,73,8.2,7.5,1.28,10.5,4.5,6.8,65.9,65.9,15.0,5.8,15.0,4.3,65.3,51.7
2019-20,Regular+Season,BKN,Brooklyn Nets,72,7.8,6.8,1.32,10.3,4.4,6.4,69.0,69.0,16.8,6.6,16.4,5.2,66.3,72.4
2019-20,Regular+Season,NOP,New Orleans Pelicans,72,7.6,6.4,1.34,10.1,4.3,6.1,71.3,71.3,16.4,6.4,15.4,3.5,68.8,86.2
2019-20,Regular+Season,PHI,Philadelphia 76ers,73,7.4,6.7,1.33,9.9,4.2,6.0,69.1,69.1,15.5,7.7,15.3,4.4,66.9,79.3
2019-20,Regular+Season,SAC,Sacramento Kings,72,7.8,7.0,1.28,9.9,4.3,6.6,65.9,65.9,11.4,5.9,11.1,2.1,65.0,55.2
2019-20,Regular+Season,GSW,Golden State Warriors,65,8.8,7.8,1.25,11.0,4.6,7.3,63.4,63.4,15.4,6.0,15.2,4.7,62.7,37.9
2019-20,Regular+Season,MIL,Milwaukee Bucks,73,7.4,6.4,1.31,9.7,4.0,6.0,67.4,67.4,16.1,7.4,14.9,3.9,66.1,69.0
2019-20,Regular+Season,TOR,Toronto Raptors,72,7.9,7.1,1.21,9.6,4.1,6.6,62.0,62.0,14.0,7.0,13.2,4.2,60.9,3.4
2019-20,Regular+Season,CLE,Cleveland Cavaliers,65,8.3,7.4,1.25,10.4,4.5,7.0,64.8,64.8,14.6,5.0,13.9,3.9,63.0,34.5
2019-20,Regular+Season,BOS,Boston Celtics,72,7.1,6.3,1.27,9.0,3.8,5.8,65.1,65.1,16.0,5.7,15.5,4.1,64.8,44.8
2019-20,Regular+Season,MEM,Memphis Grizzlies,73,6.7,5.9,1.29,8.7,3.7,5.7,65.8,65.8,13.4,5.9,13.0,3.7,64.6,58.6
2019-20,Regular+Season,MIN,Minnesota Timberwolves,64,7.5,6.4,1.32,9.9,4.0,6.0,67.8,67.8,20.5,6.5,20.1,7.1,66.5,75.9
2019-20,Regular+Season,CHA,Charlotte Hornets,65,7.7,7.0,1.23,9.4,4.1,6.4,63.5,63.5,14.6,4.8,14.2,3.0,63.5,17.2
2019-20,Regular+Season,POR,Portland Trail Blazers,74,6.6,5.9,1.24,8.2,3.5,5.4,64.3,64.3,16.3,7.7,16.1,5.7,62.3,20.7
2019-20,Regular+Season,UTA,Utah Jazz,72,6.1,5.6,1.37,8.4,3.4,4.8,71.5,71.5,19.5,5.4,18.6,3.9,70.1,89.7
2019-20,Regular+Season,DAL,Dallas Mavericks,75,5.7,5.1,1.41,8.0,3.3,4.7,71.4,71.4,17.6,5.4,17.1,5.2,70.5,100
2019-20,Regular+Season,DET,Detroit Pistons,66,7.9,7.2,1.14,9.0,3.7,6.3,59.3,59.3,17.1,7.7,16.7,4.4,57.8,0.0
2019-20,Regular+Season,HOU,Houston Rockets,72,6.7,5.8,1.22,8.1,3.5,5.3,66.3,66.3,13.1,9.4,12.9,2.3,62.9,6.9
2019-20,Regular+Season,ATL,Atlanta Hawks,67,7.1,6.1,1.22,8.7,3.7,5.8,65.0,65.0,13.4,7.9,13.0,2.1,63.2,10.3
2019-20,Regular+Season,LAC,LA Clippers,72,6.2,5.4,1.27,7.9,3.3,5.1,65.5,65.5,15.2,6.5,15.0,4.0,63.8,41.4
2019-20,Regular+Season,CHI,Chicago Bulls,65,7.0,6.3,1.23,8.6,3.6,5.6,63.3,63.3,15.8,7.7,15.4,3.5,62.5,13.8
2019-20,Regular+Season,NYK,New York Knicks,66,6.3,5.5,1.33,8.3,3.6,5.1,70.5,70.5,14.0,8.7,13.6,4.8,65.9,82.8
2019-20,Regular+Season,OKC,Oklahoma City Thunder,72,5.8,5.3,1.29,7.5,3.3,4.9,67.8,67.8,12.6,6.4,11.9,3.3,65.5,62.1
2019-20,Regular+Season,SAS,San Antonio Spurs,71,5.4,4.8,1.25,6.8,2.9,4.5,64.9,64.9,13.8,6.0,13.3,2.9,63.8,31.0
2019-20,Playoffs,LAL,Los Angeles Lakers,21,8.4,7.7,1.47,12.3,5.2,7.0,74.8,74.8,15.9,3.4,13.1,2.8,75.0,93.3
2019-20,Playoffs,MIA,Miami Heat,21,8.8,8.3,1.26,11.0,4.4,7.0,62.2,62.2,15.8,4.9,15.8,1.1,65.0,53.3
2019-20,Playoffs,DEN,Denver Nuggets,19,7.9,7.5,1.27,10.0,4.2,6.0,66.1,66.1,14.7,6.7,14.0,2.0,65.0,60.0
2019-20,Playoffs,BOS,Boston Celtics,17,7.4,6.8,1.24,9.1,4.1,7.0,62.2,62.2,9.6,3.2,9.6,1.6,62.0,46.7
2019-20,Playoffs,LAC,LA Clippers,13,6.8,6.2,1.24,8.4,3.1,5.0,63.5,63.5,25.0,6.8,25.0,3.4,66.0,40.0
2019-20,Playoffs,MIL,Milwaukee Bucks,10,6.8,6.1,1.31,8.9,3.8,6.0,69.1,69.1,14.7,7.4,14.7,2.9,66.0,73.3
2019-20,Playoffs,TOR,Toronto Raptors,11,5.9,5.4,1.06,6.3,2.9,5.0,58.2,58.2,10.8,9.2,10.8,4.6,54.0,13.3
2019-20,Playoffs,POR,Portland Trail Blazers,6,8.8,7.7,1.15,10.2,3.8,6.0,60.5,60.5,20.8,7.5,20.8,0.0,60.0,26.7
2019-20,Playoffs,UTA,Utah Jazz,7,6.3,6.1,1.36,8.6,3.4,5.0,66.7,66.7,22.7,4.5,22.7,9.1,68.0,86.7
2019-20,Playoffs,OKC,Oklahoma City Thunder,7,6.9,6.1,1.10,7.6,3.3,6.0,57.5,57.5,14.6,8.3,12.5,6.3,56.0,20.0
2019-20,Playoffs,HOU,Houston Rockets,12,4.2,3.9,0.88,3.7,1.6,4.0,45.2,45.2,10.0,8.0,8.0,2.0,46.0,0.0
2019-20,Playoffs,IND,Indiana Pacers,4,7.5,7.2,1.30,9.8,4.5,7.0,66.7,66.7,6.7,0.0,10.0,0.0,67.0,66.7
2019-20,Playoffs,DAL,Dallas Mavericks,6,4.8,4.3,1.31,6.3,2.5,4.0,65.2,65.2,17.2,6.9,17.2,3.4,66.0,80.0
2019-20,Playoffs,BKN,Brooklyn Nets,4,6.8,5.8,1.22,8.3,3.0,4.0,66.7,66.7,22.2,11.1,22.2,0.0,67.0,33.3
2019-20,Playoffs,ORL,Orlando Magic,5,5.8,5.2,0.97,5.6,1.8,5.0,39.1,39.1,24.1,3.4,24.1,6.9,48.0,6.7
2019-20,Playoffs,PHI,Philadelphia 76ers,4,3.3,2.9,1.69,5.5,2.8,3.0,91.7,91.7,7.7,7.7,7.7,7.7,85.0,100
2020-21,Pre+Season,DEN,Denver Nuggets,3,14.7,12.5,1.39,20.3,7.7,11.7,65.7,65.7,20.5,4.5,20.5,4.5,68.2,86.2
2020-21,Pre+Season,SAC,Sacramento Kings,4,9.5,7.8,1.42,13.5,4.8,7.0,67.9,67.9,26.3,2.6,23.7,2.6,73.7,96.6
2020-21,Pre+Season,NYK,New York Knicks,4,11.0,10.0,1.21,13.3,5.8,8.8,65.7,65.7,11.4,11.4,9.1,2.3,61.4,51.7
2020-21,Pre+Season,POR,Portland Trail Blazers,4,11.3,9.6,1.07,12.0,4.8,8.3,57.6,57.6,13.3,15.6,13.3,2.2,53.3,20.7
2020-21,Pre+Season,ATL,Atlanta Hawks,4,8.8,7.1,1.20,10.5,4.5,7.8,58.1,58.1,11.4,2.9,11.4,2.9,60.0,48.3
2020-21,Pre+Season,CLE,Cleveland Cavaliers,4,8.0,7.1,1.25,10.0,4.0,6.3,64.0,64.0,21.9,6.3,18.8,6.3,62.5,71.4
2020-21,Pre+Season,ORL,Orlando Magic,4,8.3,6.9,1.21,10.0,3.8,5.5,68.2,68.2,27.3,9.1,18.2,3.0,63.6,55.2
2020-21,Pre+Season,CHA,Charlotte Hornets,4,8.8,7.5,1.14,10.0,4.0,6.5,61.5,61.5,20.0,11.4,20.0,5.7,57.1,34.5
2020-21,Pre+Season,MEM,Memphis Grizzlies,4,6.5,5.3,1.42,9.3,4.0,5.8,69.6,69.6,11.5,3.8,11.5,3.8,69.2,100
2020-21,Pre+Season,DAL,Dallas Mavericks,3,9.0,7.6,1.22,11.0,4.3,7.7,56.5,56.5,18.5,7.4,18.5,11.1,55.6,58.6
2020-21,Pre+Season,IND,Indiana Pacers,3,7.3,6.3,1.41,10.3,4.7,6.0,77.8,77.8,22.7,4.5,22.7,9.1,72.7,93.1
2020-21,Pre+Season,DET,Detroit Pistons,4,6.5,5.8,1.19,7.8,3.5,5.0,70.0,70.0,15.4,7.7,15.4,0.0,61.5,44.8
2020-21,Pre+Season,MIN,Minnesota Timberwolves,3,9.3,7.5,1.11,10.3,3.7,6.7,55.0,55.0,17.9,10.7,17.9,0.0,57.1,27.6
2020-21,Pre+Season,UTA,Utah Jazz,3,7.7,7.1,1.30,10.0,3.3,5.3,62.5,62.5,34.8,8.7,34.8,13.0,65.2,82.8
2020-21,Pre+Season,CHI,Chicago Bulls,4,6.0,5.1,1.25,7.5,3.0,5.0,60.0,60.0,20.8,0.0,20.8,4.2,66.7,71.4
2020-21,Pre+Season,PHX,Phoenix Suns,4,5.0,4.4,1.40,7.0,2.8,3.3,84.6,84.6,30.0,20.0,25.0,15.0,70.0,89.7
2020-21,Pre+Season,TOR,Toronto Raptors,3,9.0,7.8,1.04,9.3,4.0,7.7,52.2,52.2,14.8,3.7,14.8,3.7,55.6,10.3
2020-21,Pre+Season,MIL,Milwaukee Bucks,3,7.0,6.1,1.24,8.7,3.7,5.7,64.7,64.7,19.0,0.0,23.8,4.8,61.9,64.3
2020-21,Pre+Season,WAS,Washington Wizards,3,7.0,6.1,1.24,8.7,3.3,4.7,71.4,71.4,19.0,19.0,19.0,4.8,61.9,64.3
2020-21,Pre+Season,SAS,San Antonio Spurs,3,7.3,6.2,1.14,8.3,3.7,6.0,61.1,61.1,22.7,4.5,22.7,9.1,59.1,31.0
2020-21,Pre+Season,GSW,Golden State Warriors,3,7.7,6.5,1.04,8.0,3.7,7.0,52.4,52.4,8.7,4.3,8.7,4.3,52.2,13.8
2020-21,Pre+Season,LAL,Los Angeles Lakers,4,6.8,6.2,0.85,5.8,2.3,5.5,40.9,40.9,22.2,0.0,22.2,3.7,48.1,3.4
2020-21,Pre+Season,LAC,LA Clippers,3,6.3,5.9,1.10,7.0,2.7,4.7,57.1,57.1,15.8,10.5,15.8,0.0,57.9,24.1
2020-21,Pre+Season,OKC,Oklahoma City Thunder,3,4.7,4.0,1.29,6.0,2.3,3.3,70.0,70.0,21.4,0.0,28.6,0.0,64.3,78.6
2020-21,Pre+Season,MIA,Miami Heat,2,7.0,6.6,1.29,9.0,4.0,6.0,66.7,66.7,14.3,0.0,14.3,0.0,71.4,78.6
2020-21,Pre+Season,HOU,Houston Rockets,4,4.3,3.7,1.06,4.5,1.3,3.0,41.7,41.7,29.4,11.8,29.4,11.8,47.1,17.2
2020-21,Pre+Season,PHI,Philadelphia 76ers,2,6.5,5.8,1.15,7.5,2.5,5.0,50.0,50.0,23.1,0.0,15.4,0.0,61.5,39.3
2020-21,Pre+Season,BOS,Boston Celtics,2,6.5,5.5,1.15,7.5,2.5,3.0,83.3,83.3,30.8,23.1,30.8,0.0,61.5,39.3
2020-21,Pre+Season,NOP,New Orleans Pelicans,2,8.0,7.0,0.81,6.5,1.5,4.0,37.5,37.5,43.8,6.3,37.5,0.0,50.0,0.0
2020-21,Pre+Season,BKN,Brooklyn Nets,2,5.5,4.8,1.00,5.5,2.5,4.0,62.5,62.5,18.2,9.1,18.2,0.0,54.5,6.9
2020-21,Regular+Season,WAS,Washington Wizards,72,10.1,8.7,1.29,13.0,5.4,8.3,65.9,65.9,16.6,6.5,16.5,4.8,64.1,51.7
2020-21,Regular+Season,DEN,Denver Nuggets,72,9.8,8.9,1.31,12.9,5.6,8.3,67.1,67.1,13.3,5.9,12.9,4.0,65.8,72.4
2020-21,Regular+Season,GSW,Golden State Warriors,72,9.8,8.8,1.30,12.8,5.6,8.2,68.7,68.7,14.1,7.2,14.0,4.4,65.5,62.1
2020-21,Regular+Season,BKN,Brooklyn Nets,72,9.6,8.7,1.31,12.6,5.5,8.1,68.1,68.1,13.5,6.4,13.3,3.9,65.8,75.9
2020-21,Regular+Season,CHI,Chicago Bulls,72,9.0,8.2,1.38,12.5,5.4,7.6,71.2,71.2,14.9,6.9,14.4,5.7,68.8,100
2020-21,Regular+Season,MIA,Miami Heat,72,10.0,9.4,1.25,12.4,5.3,8.3,64.1,64.1,13.9,6.0,13.8,3.3,62.3,24.1
2020-21,Regular+Season,CLE,Cleveland Cavaliers,72,9.9,9.0,1.24,12.3,5.2,8.2,63.5,63.5,15.5,5.9,15.4,4.1,62.9,17.2
2020-21,Regular+Season,NOP,New Orleans Pelicans,72,9.0,7.9,1.28,11.6,5.0,7.5,66.9,66.9,13.5,6.2,13.2,3.2,64.2,44.8
2020-21,Regular+Season,IND,Indiana Pacers,72,8.6,7.6,1.34,11.6,4.8,7.1,67.6,67.6,17.4,5.2,17.0,5.5,67.5,93.1
2020-21,Regular+Season,LAL,Los Angeles Lakers,72,8.3,7.5,1.33,11.1,4.7,6.7,70.7,70.7,16.2,8.7,16.3,5.3,66.5,82.8
2020-21,Regular+Season,MIN,Minnesota Timberwolves,72,8.6,7.5,1.27,10.9,4.6,7.1,64.6,64.6,16.9,6.5,16.4,5.8,64.3,41.4
2020-21,Regular+Season,DET,Detroit Pistons,72,7.7,7.0,1.33,10.2,4.4,6.5,68.3,68.3,14.7,5.8,14.6,4.5,67.3,79.3
2020-21,Regular+Season,MIL,Milwaukee Bucks,72,7.8,6.9,1.30,10.2,4.4,6.6,67.0,67.0,12.7,6.7,11.7,3.2,65.3,65.5
2020-21,Regular+Season,SAC,Sacramento Kings,72,7.9,7.1,1.25,9.9,4.2,6.7,63.1,63.1,14.2,3.3,14.2,2.3,64.0,27.6
2020-21,Regular+Season,PHX,Phoenix Suns,72,7.3,6.8,1.33,9.8,4.2,6.1,69.3,69.3,13.2,7.6,13.2,3.4,66.4,89.7
2020-21,Regular+Season,ATL,Atlanta Hawks,72,7.7,6.9,1.25,9.6,4.1,6.4,63.8,63.8,15.8,5.1,15.2,3.8,63.0,20.7
2020-21,Regular+Season,CHA,Charlotte Hornets,72,7.9,7.1,1.17,9.2,3.8,6.2,60.8,60.8,15.5,8.3,15.3,2.8,59.3,3.4
2020-21,Regular+Season,BOS,Boston Celtics,72,7.1,6.3,1.30,9.2,4.2,6.0,69.1,69.1,10.8,6.7,10.6,3.0,66.1,58.6
2020-21,Regular+Season,MEM,Memphis Grizzlies,72,7.2,6.3,1.19,8.6,3.8,6.3,60.2,60.2,11.8,4.6,11.8,3.5,60.2,6.9
2020-21,Regular+Season,TOR,Toronto Raptors,72,6.7,6.1,1.26,8.4,3.6,5.5,64.6,64.6,13.9,5.6,13.7,2.5,64.2,31.0
2020-21,Regular+Season,SAS,San Antonio Spurs,72,6.4,5.8,1.30,8.3,3.5,5.4,64.7,64.7,17.0,4.8,17.0,6.5,64.7,69.0
2020-21,Regular+Season,HOU,Houston Rockets,72,6.1,5.4,1.33,8.1,3.5,5.0,70.0,70.0,14.6,6.4,14.0,4.1,67.7,86.2
2020-21,Regular+Season,LAC,LA Clippers,72,5.9,5.5,1.37,8.1,3.3,4.8,69.1,69.1,16.0,6.6,15.1,4.5,67.9,96.6
2020-21,Regular+Season,UTA,Utah Jazz,72,6.3,5.7,1.28,8.1,3.4,4.9,68.0,68.0,18.4,6.4,17.3,3.5,67.0,48.3
2020-21,Regular+Season,POR,Portland Trail Blazers,72,6.4,5.8,1.21,7.8,3.3,5.3,61.9,61.9,14.5,5.6,13.4,2.8,62.0,10.3
2020-21,Regular+Season,ORL,Orlando Magic,72,6.0,5.4,1.23,7.3,3.1,4.9,63.2,63.2,14.7,6.7,14.4,3.0,62.6,13.8
2020-21,Regular+Season,OKC,Oklahoma City Thunder,72,5.8,5.2,1.26,7.3,3.2,4.8,67.1,67.1,14.6,7.2,14.6,3.6,64.0,37.9
2020-21,Regular+Season,DAL,Dallas Mavericks,72,5.5,5.1,1.30,7.1,2.9,4.4,66.1,66.1,15.7,5.8,14.9,1.5,66.6,55.2
2020-21,Regular+Season,NYK,New York Knicks,72,6.0,5.6,1.15,6.9,3.0,5.0,60.6,60.6,11.4,8.1,11.4,3.3,57.9,0.0
2020-21,Regular+Season,PHI,Philadelphia 76ers,72,5.4,4.9,1.26,6.8,2.9,4.5,65.4,65.4,15.3,5.9,14.8,3.3,64.7,34.5
2020-21,Playoffs,MIL,Milwaukee Bucks,23,7.2,6.4,1.38,10.0,4.4,5.9,74.3,74.3,11.4,7.2,10.2,0.6,70.5,80.0
2020-21,Playoffs,PHX,Phoenix Suns,22,7.0,6.7,1.29,9.0,4.0,6.0,66.4,66.4,11.0,7.8,11.0,3.9,63.6,33.3
2020-21,Playoffs,LAC,LA Clippers,19,4.9,4.8,1.48,7.3,2.9,3.8,76.7,76.7,21.3,7.4,20.2,6.4,73.4,100
2020-21,Playoffs,BKN,Brooklyn Nets,12,8.1,7.6,1.32,10.7,4.9,7.3,67.0,67.0,10.3,1.0,11.3,3.1,67.0,53.3
2020-21,Playoffs,ATL,Atlanta Hawks,18,5.3,5.0,1.11,5.9,2.5,4.4,57.0,57.0,13.5,5.2,11.5,1.0,57.3,6.7
2020-21,Playoffs,PHI,Philadelphia 76ers,12,5.9,5.3,1.37,8.1,3.5,4.9,71.2,71.2,15.5,4.2,16.9,4.2,69.0,66.7
2020-21,Playoffs,DEN,Denver Nuggets,10,6.9,6.2,1.22,8.4,3.9,6.1,63.9,63.9,8.7,4.3,8.7,1.4,60.9,13.3
2020-21,Playoffs,UTA,Utah Jazz,11,5.3,4.9,1.38,7.3,3.0,3.9,76.7,76.7,20.7,10.3,20.7,5.2,70.7,73.3
2020-21,Playoffs,LAL,Los Angeles Lakers,6,6.2,5.8,1.46,9.0,4.0,5.2,77.4,77.4,16.2,5.4,16.2,5.4,75.7,93.3
2020-21,Playoffs,WAS,Washington Wizards,5,8.2,7.1,1.32,10.8,5.0,7.2,69.4,69.4,9.8,2.4,9.8,0.0,68.3,46.7
2020-21,Playoffs,POR,Portland Trail Blazers,6,7.3,6.7,1.23,9.0,4.0,6.3,63.2,63.2,9.1,6.8,9.1,2.3,61.4,20.0
2020-21,Playoffs,DAL,Dallas Mavericks,7,4.9,4.6,1.32,6.4,2.6,4.1,62.1,62.1,14.7,0.0,11.8,0.0,67.6,60.0
2020-21,Playoffs,BOS,Boston Celtics,5,6.2,5.5,1.42,8.8,3.6,5.2,69.2,69.2,16.1,0.0,16.1,0.0,74.2,86.7
2020-21,Playoffs,NYK,New York Knicks,5,6.0,5.6,1.23,7.4,2.8,4.8,58.3,58.3,20.0,6.7,20.0,6.7,60.0,26.7
2020-21,Playoffs,IND,Indiana Pacers,2,16.0,12.8,1.31,21.0,8.0,12.0,66.7,66.7,21.9,9.4,21.9,6.3,65.6,52.9
2020-21,Playoffs,MEM,Memphis Grizzlies,5,4.6,4.0,1.30,6.0,2.8,4.4,63.6,63.6,4.3,0.0,4.3,0.0,65.2,40.0
2020-21,Playoffs,MIA,Miami Heat,4,7.3,6.4,1.00,7.3,3.3,6.5,50.0,50.0,10.3,6.9,10.3,6.9,48.3,0.0
2020-21,Playoffs,GSW,Golden State Warriors,2,11.5,9.9,1.22,14.0,6.0,9.0,66.7,66.7,17.4,13.0,17.4,8.7,60.9,12.5
2020-21,Playoffs,CHA,Charlotte Hornets,1,8.0,6.8,1.38,11.0,5.0,7.0,71.4,71.4,25.0,12.5,25.0,25.0,62.5,0.0
2020-21,Playoffs,SAS,San Antonio Spurs,1,6.0,5.2,1.67,10.0,3.0,4.0,75.0,75.0,33.3,0.0,33.3,0.0,83.3,0.0
2021-22,Pre+Season,LAC,LA Clippers,4,14.5,12.3,1.24,18.0,7.5,10.8,69.8,69.8,20.7,13.8,20.7,8.6,60.3,51.7
2021-22,Pre+Season,GSW,Golden State Warriors,5,11.2,9.3,1.18,13.0,6.0,9.4,63.8,63.8,10.7,8.9,10.7,3.6,58.9,37.9
2021-22,Pre+Season,TOR,Toronto Raptors,5,10.4,8.7,1.17,12.0,5.2,7.8,66.7,66.7,19.2,13.5,19.2,7.7,59.6,32.1
2021-22,Pre+Season,MEM,Memphis Grizzlies,6,8.7,7.5,1.17,10.0,4.5,7.3,61.4,61.4,7.7,9.6,7.7,1.9,57.7,32.1
2021-22,Pre+Season,HOU,Houston Rockets,4,11.0,9.1,1.27,14.0,5.3,7.5,70.0,70.0,20.5,11.4,18.2,0.0,68.2,62.1
2021-22,Pre+Season,DAL,Dallas Mavericks,4,8.3,7.1,1.54,13.0,6.0,7.5,80.0,80.0,9.1,6.1,9.1,6.1,75.8,93.1
2021-22,Pre+Season,LAL,Los Angeles Lakers,6,6.7,5.6,1.27,8.0,3.5,5.2,67.7,67.7,22.5,7.5,22.5,7.5,65.0,65.5
2021-22,Pre+Season,MIL,Milwaukee Bucks,5,7.6,7.0,1.32,10.0,4.0,6.6,60.6,60.6,18.4,0.0,18.4,5.3,65.8,72.4
2021-22,Pre+Season,PHX,Phoenix Suns,4,10.3,8.8,1.22,12.0,5.3,8.0,65.6,65.6,14.6,14.6,14.6,7.3,58.5,44.8
2021-22,Pre+Season,CLE,Cleveland Cavaliers,5,7.8,6.9,1.26,10.0,4.0,6.2,64.5,64.5,23.1,5.1,23.1,7.7,64.1,55.2
2021-22,Pre+Season,POR,Portland Trail Blazers,4,9.5,8.2,1.24,12.0,4.8,6.0,79.2,79.2,13.2,23.7,15.8,2.6,60.5,48.3
2021-22,Pre+Season,MIN,Minnesota Timberwolves,4,8.5,7.2,1.35,12.0,4.3,7.0,60.7,60.7,20.6,0.0,20.6,2.9,67.6,79.3
2021-22,Pre+Season,ORL,Orlando Magic,4,8.5,7.9,1.26,11.0,4.5,7.0,64.3,64.3,11.8,5.9,11.8,0.0,64.7,58.6
2021-22,Pre+Season,MIA,Miami Heat,6,6.7,5.8,1.07,7.0,3.3,5.5,60.6,60.6,12.5,12.5,12.5,7.5,55.0,10.3
2021-22,Pre+Season,SAS,San Antonio Spurs,5,7.2,6.2,1.17,8.0,3.6,6.0,60.0,60.0,11.1,11.1,11.1,5.6,55.6,27.6
2021-22,Pre+Season,NYK,New York Knicks,4,5.8,5.0,1.70,10.0,4.0,5.0,80.0,80.0,21.7,0.0,21.7,8.7,82.6,100
2021-22,Pre+Season,DET,Detroit Pistons,4,7.5,6.8,1.30,10.0,4.5,7.0,64.3,64.3,10.0,3.3,10.0,6.7,63.3,69.0
2021-22,Pre+Season,UTA,Utah Jazz,4,6.0,5.3,1.58,10.0,4.0,4.8,84.2,84.2,16.7,8.3,16.7,4.2,79.2,96.6
2021-22,Pre+Season,NOP,New Orleans Pelicans,4,8.0,6.7,1.19,10.0,3.0,5.8,52.2,52.2,28.1,0.0,25.0,0.0,65.6,41.4
2021-22,Pre+Season,IND,Indiana Pacers,4,6.3,5.5,1.48,9.0,4.3,5.5,77.3,77.3,8.0,4.0,8.0,0.0,76.0,86.2
2021-22,Pre+Season,SAC,Sacramento Kings,4,7.8,6.7,1.16,9.0,3.5,6.3,56.0,56.0,16.1,6.5,16.1,3.2,58.1,24.1
2021-22,Pre+Season,WAS,Washington Wizards,4,7.8,6.8,1.13,9.0,4.0,6.5,61.5,61.5,16.1,3.2,12.9,3.2,58.1,13.8
2021-22,Pre+Season,PHI,Philadelphia 76ers,4,5.5,4.8,1.50,8.0,3.8,5.0,75.0,75.0,18.2,4.5,18.2,13.6,72.7,89.7
2021-22,Pre+Season,DEN,Denver Nuggets,4,5.5,4.8,1.41,8.0,3.5,4.5,77.8,77.8,18.2,4.5,18.2,4.5,72.7,82.8
2021-22,Pre+Season,CHI,Chicago Bulls,4,5.8,4.8,1.35,8.0,3.5,5.5,63.6,63.6,8.7,0.0,8.7,4.3,65.2,75.9
2021-22,Pre+Season,BOS,Boston Celtics,4,7.5,6.8,1.03,8.0,2.8,4.5,61.1,61.1,23.3,20.0,23.3,3.3,56.7,6.9
2021-22,Pre+Season,ATL,Atlanta Hawks,4,7.8,6.8,1.00,8.0,3.5,7.0,50.0,50.0,9.7,6.5,9.7,6.5,48.4,3.4
2021-22,Pre+Season,CHA,Charlotte Hornets,4,5.3,4.6,1.14,6.0,3.0,5.0,60.0,60.0,0.0,4.8,0.0,0.0,57.1,20.7
2021-22,Pre+Season,BKN,Brooklyn Nets,4,5.3,4.7,0.95,5.0,1.8,3.5,50.0,50.0,19.0,14.3,19.0,0.0,52.4,0.0
2021-22,Pre+Season,OKC,Oklahoma City Thunder,3,5.0,4.5,1.13,6.0,2.7,4.7,57.1,57.1,13.3,0.0,13.3,6.7,60.0,17.2
2021-22,Regular+Season,GSW,Golden State Warriors,82,11.5,10.5,1.30,14.9,6.6,9.5,69.0,69.0,13.9,6.5,13.5,3.3,66.6,65.5
2021-22,Regular+Season,CLE,Cleveland Cavaliers,82,10.0,9.3,1.28,12.7,5.2,8.0,65.4,65.4,18.4,5.1,17.9,3.7,66.2,48.3
2021-22,Regular+Season,MIA,Miami Heat,82,10.5,9.7,1.16,12.1,5.3,8.7,60.2,60.2,11.6,7.9,10.7,2.9,58.4,0.0
2021-22,Regular+Season,DEN,Denver Nuggets,82,9.0,8.2,1.35,12.0,5.1,7.4,68.7,68.7,16.6,6.4,16.5,5.3,67.7,82.8
2021-22,Regular+Season,WAS,Washington Wizards,82,8.1,7.6,1.41,11.5,4.8,6.6,71.7,71.7,16.9,6.0,16.6,4.5,70.7,100
2021-22,Regular+Season,SAS,San Antonio Spurs,82,8.9,7.8,1.22,10.9,4.7,7.5,62.5,62.5,12.9,5.9,12.4,2.6,62.1,17.2
2021-22,Regular+Season,LAL,Los Angeles Lakers,82,8.4,7.5,1.29,10.8,4.5,6.8,65.5,65.5,17.6,5.5,17.2,4.7,65.5,55.2
2021-22,Regular+Season,BOS,Boston Celtics,82,7.6,7.0,1.41,10.7,4.5,6.3,72.0,72.0,15.9,5.9,15.4,4.8,69.9,96.6
2021-22,Regular+Season,SAC,Sacramento Kings,82,8.3,7.4,1.28,10.5,4.4,6.6,66.1,66.1,16.2,7.7,15.8,4.3,64.2,51.7
2021-22,Regular+Season,CHA,Charlotte Hornets,82,7.8,6.9,1.33,10.4,4.4,6.2,69.7,69.7,19.6,6.4,19.3,5.6,67.0,72.4
2021-22,Regular+Season,IND,Indiana Pacers,82,8.1,7.3,1.26,10.3,4.3,6.6,65.7,65.7,15.1,7.3,15.1,3.4,63.8,34.5
2021-22,Regular+Season,NOP,New Orleans Pelicans,82,7.8,7.1,1.30,10.2,4.2,6.4,64.8,64.8,16.8,5.3,16.6,3.9,65.3,62.1
2021-22,Regular+Season,ATL,Atlanta Hawks,82,7.3,6.7,1.37,10.1,4.4,6.3,69.2,69.2,14.6,3.2,14.3,3.5,69.1,89.7
2021-22,Regular+Season,LAC,LA Clippers,82,7.5,6.9,1.35,10.1,4.3,6.2,69.4,69.4,15.2,5.6,14.2,3.4,68.5,86.2
2021-22,Regular+Season,BKN,Brooklyn Nets,82,8.4,7.6,1.20,10.1,4.4,7.2,61.4,61.4,13.3,5.7,13.2,4.5,60.4,3.4
2021-22,Regular+Season,ORL,Orlando Magic,82,7.3,6.6,1.39,10.0,4.3,6.1,70.4,70.4,15.8,4.5,15.6,4.4,69.4,93.1
2021-22,Regular+Season,HOU,Houston Rockets,82,7.6,6.8,1.26,9.6,4.1,6.3,66.0,66.0,15.2,7.4,14.7,5.0,63.6,37.9
2021-22,Regular+Season,TOR,Toronto Raptors,82,8.0,7.1,1.21,9.6,4.1,6.6,61.7,61.7,13.3,6.1,12.8,2.8,61.3,10.3
2021-22,Regular+Season,PHX,Phoenix Suns,82,7.1,6.4,1.33,9.5,4.2,6.1,69.0,69.0,10.4,6.8,9.9,3.4,66.2,69.0
2021-22,Regular+Season,MEM,Memphis Grizzlies,82,7.7,6.6,1.23,9.4,4.1,6.5,63.3,63.3,14.1,5.6,13.7,3.8,62.5,20.7
2021-22,Regular+Season,POR,Portland Trail Blazers,82,7.6,6.9,1.20,9.1,3.8,6.0,63.5,63.5,15.5,8.4,15.5,4.0,60.9,6.9
2021-22,Regular+Season,MIL,Milwaukee Bucks,82,7.1,6.4,1.27,9.1,3.8,5.8,66.4,66.4,14.4,7.4,14.0,2.7,65.0,44.8
2021-22,Regular+Season,MIN,Minnesota Timberwolves,82,7.2,6.3,1.25,9.0,3.8,6.0,63.0,63.0,16.7,6.1,16.4,5.4,62.5,24.1
2021-22,Regular+Season,DAL,Dallas Mavericks,82,6.4,6.1,1.34,8.6,3.6,5.3,67.0,67.0,18.6,4.2,18.4,5.7,67.2,75.9
2021-22,Regular+Season,CHI,Chicago Bulls,82,6.6,6.1,1.30,8.6,3.6,5.6,65.6,65.6,13.7,4.8,13.1,2.8,65.6,58.6
2021-22,Regular+Season,OKC,Oklahoma City Thunder,82,6.5,5.9,1.27,8.3,3.4,5.4,64.2,64.2,15.5,5.4,14.9,2.8,64.4,41.4
2021-22,Regular+Season,DET,Detroit Pistons,82,6.8,6.1,1.21,8.2,3.4,5.7,59.5,59.5,16.8,4.3,16.2,5.2,60.7,13.8
2021-22,Regular+Season,UTA,Utah Jazz,82,5.5,5.0,1.34,7.3,3.0,4.3,70.1,70.1,20.3,6.0,19.6,4.7,68.5,79.3
2021-22,Regular+Season,PHI,Philadelphia 76ers,82,5.4,5.1,1.25,6.8,2.9,4.4,65.1,65.1,14.4,7.9,14.0,4.3,63.1,31.0
2021-22,Regular+Season,NYK,New York Knicks,82,5.1,4.7,1.25,6.5,2.8,4.2,66.5,66.5,16.1,6.9,15.4,4.3,63.5,27.6
2021-22,Playoffs,GSW,Golden State Warriors,22,11.8,10.9,1.35,15.9,6.9,9.8,70.2,70.2,15.4,6.2,14.6,4.2,68.1,80.0
2021-22,Playoffs,BOS,Boston Celtics,24,6.6,6.2,1.37,9.1,3.8,5.5,69.5,69.5,16.4,3.8,16.4,2.5,69.8,86.7
2021-22,Playoffs,MIA,Miami Heat,18,7.5,7.1,1.29,9.7,4.1,6.7,60.3,60.3,15.6,2.2,16.3,8.1,61.5,40.0
2021-22,Playoffs,PHX,Phoenix Suns,13,6.8,6.5,1.41,9.5,4.2,5.8,72.4,72.4,12.5,4.5,11.4,3.4,70.5,93.3
2021-22,Playoffs,MEM,Memphis Grizzlies,12,6.7,5.7,1.31,8.8,3.5,5.3,66.7,66.7,21.3,8.8,21.3,8.8,65.0,66.7
2021-22,Playoffs,MIL,Milwaukee Bucks,12,6.8,6.2,1.08,7.4,3.2,6.1,52.1,52.1,11.0,3.7,11.0,3.7,53.7,13.3
2021-22,Playoffs,DAL,Dallas Mavericks,18,3.3,3.3,1.30,4.3,1.8,2.8,66.0,66.0,15.3,1.7,13.6,1.7,67.8,60.0
2021-22,Playoffs,PHI,Philadelphia 76ers,12,4.8,4.7,1.30,6.2,2.4,3.7,65.9,65.9,15.8,10.5,15.8,3.5,63.2,53.3
2021-22,Playoffs,NOP,New Orleans Pelicans,6,7.7,6.9,1.28,9.8,4.3,7.0,61.9,61.9,10.9,2.2,10.9,4.3,63.0,33.3
2021-22,Playoffs,DEN,Denver Nuggets,5,9.0,8.2,1.20,10.8,4.2,7.0,60.0,60.0,15.6,6.7,13.3,2.2,60.0,26.7
2021-22,Playoffs,TOR,Toronto Raptors,6,6.8,6.5,1.29,8.8,3.8,5.7,67.6,67.6,12.2,9.8,12.2,4.9,63.4,46.7
2021-22,Playoffs,MIN,Minnesota Timberwolves,6,8.2,7.3,1.08,8.8,3.3,6.7,50.0,50.0,18.4,6.1,18.4,6.1,53.1,6.7
2021-22,Playoffs,BKN,Brooklyn Nets,4,8.3,7.9,1.49,12.3,4.8,6.5,73.1,73.1,27.3,0.0,27.3,6.1,75.8,100
2021-22,Playoffs,ATL,Atlanta Hawks,5,6.2,6.0,1.32,8.2,3.4,5.2,65.4,65.4,22.6,3.2,22.6,9.7,67.7,73.3
2021-22,Playoffs,UTA,Utah Jazz,6,5.2,5.0,1.19,6.2,2.2,3.7,59.1,59.1,29.0,3.2,29.0,3.2,61.3,20.0
2021-22,Playoffs,CHI,Chicago Bulls,5,3.8,3.5,1.05,4.0,2.0,3.6,55.6,55.6,0.0,5.3,0.0,0.0,52.6,0.0
2022-23,Pre+Season,GSW,Golden State Warriors,5,9.2,8.0,1.56,14.4,6.2,7.6,81.6,81.6,17.4,6.5,17.4,6.5,78.3,100
2022-23,Pre+Season,MIA,Miami Heat,5,9.4,8.0,1.53,14.4,5.0,7.0,71.4,71.4,31.9,0.0,25.5,6.4,78.7,96.8
2022-23,Pre+Season,MEM,Memphis Grizzlies,5,9.2,7.8,1.50,13.8,5.6,7.4,75.7,75.7,19.6,4.3,19.6,4.3,76.1,93.3
2022-23,Pre+Season,OKC,Oklahoma City Thunder,5,9.6,8.6,1.35,13.0,5.2,7.0,74.3,74.3,20.8,10.4,18.8,4.2,68.8,64.5
2022-23,Pre+Season,POR,Portland Trail Blazers,5,9.8,8.9,1.33,13.0,5.2,7.6,68.4,68.4,16.3,8.2,14.3,2.0,67.3,58.1
2022-23,Pre+Season,LAL,Los Angeles Lakers,6,7.0,6.0,1.38,9.7,3.7,5.2,71.0,71.0,31.0,7.1,28.6,11.9,69.0,71.0
2022-23,Pre+Season,IND,Indiana Pacers,4,9.3,7.8,1.49,13.8,5.8,7.8,74.2,74.2,13.5,2.7,13.5,0.0,75.7,87.1
2022-23,Pre+Season,UTA,Utah Jazz,4,9.5,7.9,1.40,13.3,5.8,7.8,74.2,74.2,18.4,5.3,18.4,5.3,71.1,77.4
2022-23,Pre+Season,MIN,Minnesota Timberwolves,5,7.8,6.8,1.36,10.6,4.4,6.2,71.0,71.0,23.1,5.1,23.1,7.7,71.8,67.7
2022-23,Pre+Season,DEN,Denver Nuggets,5,8.2,7.2,1.29,10.6,4.0,6.0,66.7,66.7,22.0,4.9,22.0,0.0,68.3,51.6
2022-23,Pre+Season,SAS,San Antonio Spurs,4,9.5,8.5,1.34,12.8,5.8,8.3,69.7,69.7,13.2,13.2,13.2,13.2,60.5,61.3
2022-23,Pre+Season,BKN,Brooklyn Nets,4,9.0,8.0,1.28,11.5,4.3,6.5,65.4,65.4,25.0,2.8,25.0,2.8,66.7,48.4
2022-23,Pre+Season,HOU,Houston Rockets,4,9.0,7.7,1.22,11.0,5.0,7.3,69.0,69.0,8.3,13.9,8.3,2.8,61.1,32.3
2022-23,Pre+Season,ORL,Orlando Magic,5,6.6,6.0,1.30,8.6,3.8,5.4,70.4,70.4,18.2,6.1,18.2,6.1,66.7,54.8
2022-23,Pre+Season,WAS,Washington Wizards,4,7.5,6.8,1.40,10.5,3.8,5.0,75.0,75.0,33.3,10.0,33.3,10.0,73.3,80.6
2022-23,Pre+Season,CLE,Cleveland Cavaliers,4,9.0,8.1,1.14,10.3,3.8,7.8,48.4,48.4,16.7,0.0,13.9,2.8,55.6,19.4
2022-23,Pre+Season,NOP,New Orleans Pelicans,4,8.0,6.8,1.25,10.0,4.0,6.5,61.5,61.5,15.6,9.4,15.6,6.3,59.4,41.4
2022-23,Pre+Season,SAC,Sacramento Kings,4,9.0,7.5,1.08,9.8,4.0,7.5,53.3,53.3,16.7,5.6,16.7,5.6,55.6,12.9
2022-23,Pre+Season,NYK,New York Knicks,4,6.5,5.6,1.39,9.0,4.0,6.0,66.7,66.7,11.5,3.8,11.5,7.7,65.4,74.2
2022-23,Pre+Season,DET,Detroit Pistons,4,7.0,6.0,1.25,8.8,3.8,5.8,65.2,65.2,21.4,7.1,21.4,10.7,64.3,41.4
2022-23,Pre+Season,MIL,Milwaukee Bucks,5,6.2,5.4,1.13,7.0,3.2,5.2,61.5,61.5,6.5,9.7,6.5,0.0,58.1,16.1
2022-23,Pre+Season,ATL,Atlanta Hawks,4,6.8,6.2,1.19,8.0,4.0,6.5,61.5,61.5,3.7,0.0,3.7,0.0,59.3,25.8
2022-23,Pre+Season,LAC,LA Clippers,4,6.5,5.8,1.15,7.5,3.3,5.3,61.9,61.9,15.4,11.5,15.4,7.7,57.7,22.6
2022-23,Pre+Season,BOS,Boston Celtics,4,5.8,4.9,1.22,7.0,2.8,4.8,57.9,57.9,17.4,4.3,17.4,4.3,60.9,29.0
2022-23,Pre+Season,CHI,Chicago Bulls,4,5.3,4.5,1.24,6.5,2.5,4.3,58.8,58.8,14.3,4.8,9.5,0.0,61.9,35.5
2022-23,Pre+Season,PHX,Phoenix Suns,4,4.3,3.5,1.47,6.3,2.5,3.5,71.4,71.4,17.6,5.9,17.6,5.9,70.6,83.9
2022-23,Pre+Season,CHA,Charlotte Hornets,5,6.4,5.4,0.75,4.8,2.2,5.2,42.3,42.3,9.4,9.4,6.3,0.0,40.6,3.2
2022-23,Pre+Season,DAL,Dallas Mavericks,3,4.7,4.3,1.50,7.0,2.7,4.0,66.7,66.7,21.4,0.0,21.4,7.1,71.4,93.3
2022-23,Pre+Season,PHI,Philadelphia 76ers,4,4.0,3.4,1.25,5.0,2.5,4.0,62.5,62.5,0.0,0.0,0.0,0.0,62.5,41.4
2022-23,Pre+Season,TOR,Toronto Raptors,5,4.6,3.7,0.87,4.0,2.0,3.8,52.6,52.6,0.0,13.0,4.3,0.0,43.5,6.5
2022-23,Pre+Season,Ra'anana Maccabi Ra'anana,Ra'anana Maccabi Ra'anana,2,6.5,6.3,1.08,7.0,3.0,3.0,100,100,23.1,30.8,23.1,0.0,61.5,9.7
2022-23,Pre+Season,Adelaide 36ers,Adelaide 36ers,2,9.5,8.4,0.74,7.0,3.0,8.0,37.5,37.5,10.5,5.3,10.5,0.0,36.8,0.0
2022-23,Regular+Season,GSW,Golden State Warriors,82,11.7,10.2,1.33,15.5,6.6,9.6,68.6,68.6,15.4,5.9,15.3,4.0,67.4,55.2
2022-23,Regular+Season,DEN,Denver Nuggets,82,10.1,9.2,1.39,13.9,6.0,8.4,71.2,71.2,16.0,5.1,15.4,4.8,69.8,96.6
2022-23,Regular+Season,CLE,Cleveland Cavaliers,82,9.6,9.0,1.39,13.5,5.8,8.1,71.8,71.8,15.0,4.8,14.8,4.6,70.0,100
2022-23,Regular+Season,SAC,Sacramento Kings,82,9.8,8.8,1.35,13.3,5.4,7.7,69.6,69.6,17.8,7.1,17.2,3.5,68.4,79.3
2022-23,Regular+Season,SAS,San Antonio Spurs,82,9.0,7.7,1.25,11.3,4.8,7.4,65.1,65.1,14.3,7.5,14.3,4.5,62.8,10.3
2022-23,Regular+Season,TOR,Toronto Raptors,82,8.8,7.8,1.26,11.1,4.8,7.4,64.0,64.0,14.4,5.4,14.6,4.4,63.4,17.2
2022-23,Regular+Season,MEM,Memphis Grizzlies,82,8.1,7.1,1.35,10.9,4.7,6.9,68.1,68.1,15.6,3.5,14.6,4.5,67.2,75.9
2022-23,Regular+Season,MIA,Miami Heat,82,8.6,8.0,1.26,10.8,4.5,6.9,64.6,64.6,15.8,7.0,15.2,3.6,63.4,24.1
2022-23,Regular+Season,OKC,Oklahoma City Thunder,82,8.4,7.3,1.28,10.8,4.6,7.0,65.6,65.6,13.6,6.1,13.6,3.3,64.7,34.5
2022-23,Regular+Season,LAL,Los Angeles Lakers,82,7.9,6.9,1.33,10.5,4.5,6.6,67.7,67.7,15.3,6.0,15.1,4.6,66.5,65.5
2022-23,Regular+Season,WAS,Washington Wizards,82,7.8,7.1,1.35,10.5,4.3,6.4,67.4,67.4,18.8,4.9,18.6,6.3,67.4,72.4
2022-23,Regular+Season,NOP,New Orleans Pelicans,82,8.1,7.2,1.28,10.3,4.4,6.5,67.0,67.0,15.7,7.9,15.3,4.4,64.6,37.9
2022-23,Regular+Season,UTA,Utah Jazz,82,8.0,7.0,1.27,10.2,4.5,6.7,66.7,66.7,12.3,6.6,11.6,2.6,64.5,27.6
2022-23,Regular+Season,CHA,Charlotte Hornets,82,7.7,6.7,1.30,10.0,4.1,6.0,67.1,67.1,20.2,6.2,20.0,5.2,66.2,44.8
2022-23,Regular+Season,POR,Portland Trail Blazers,82,7.9,7.2,1.26,9.9,4.3,6.7,64.5,64.5,12.2,5.3,12.2,3.3,63.3,20.7
2022-23,Regular+Season,MIN,Minnesota Timberwolves,82,7.3,6.5,1.34,9.8,4.2,6.0,69.8,69.8,16.5,6.3,16.3,5.2,67.7,69.0
2022-23,Regular+Season,ATL,Atlanta Hawks,82,7.3,6.3,1.35,9.8,4.2,6.0,70.1,70.1,12.9,6.2,12.8,2.4,68.6,82.8
2022-23,Regular+Season,ORL,Orlando Magic,82,7.0,6.2,1.35,9.4,3.8,5.5,69.5,69.5,17.4,6.7,16.5,3.3,68.8,89.7
2022-23,Regular+Season,BKN,Brooklyn Nets,82,7.5,7.0,1.25,9.4,4.2,6.4,66.0,66.0,11.3,6.6,11.3,3.4,62.7,6.9
2022-23,Regular+Season,PHX,Phoenix Suns,82,7.4,6.6,1.24,9.2,4.0,6.2,64.1,64.1,13.0,6.4,12.8,3.3,62.2,3.4
2022-23,Regular+Season,NYK,New York Knicks,82,6.6,5.9,1.35,9.0,3.9,5.6,69.7,69.7,14.9,5.7,14.3,5.3,67.5,86.2
2022-23,Regular+Season,HOU,Houston Rockets,82,7.6,6.6,1.16,8.8,3.7,6.2,59.2,59.2,15.3,6.4,15.0,3.2,59.5,0.0
2022-23,Regular+Season,DET,Detroit Pistons,82,6.9,6.1,1.26,8.6,3.7,5.7,64.1,64.1,14.2,5.7,14.2,3.2,63.9,13.8
2022-23,Regular+Season,IND,Indiana Pacers,82,6.5,5.7,1.31,8.5,3.5,5.2,66.5,66.5,18.8,5.8,18.8,5.4,66.4,48.3
2022-23,Regular+Season,LAC,LA Clippers,82,6.4,5.8,1.33,8.5,3.6,5.1,69.8,69.8,16.6,7.3,16.3,4.2,67.3,58.6
2022-23,Regular+Season,MIL,Milwaukee Bucks,82,6.5,5.7,1.30,8.4,3.7,5.5,68.2,68.2,11.8,7.1,11.3,3.4,65.5,41.4
2022-23,Regular+Season,BOS,Boston Celtics,82,6.2,5.7,1.32,8.3,3.6,5.3,67.8,67.8,11.7,6.6,11.3,3.3,65.6,51.7
2022-23,Regular+Season,CHI,Chicago Bulls,82,5.7,5.2,1.33,7.5,3.4,4.9,69.0,69.0,12.1,6.0,12.3,4.5,66.4,62.1
2022-23,Regular+Season,PHI,Philadelphia 76ers,82,5.6,5.2,1.27,7.1,3.0,4.5,66.1,66.1,15.9,7.9,15.1,4.4,64.0,31.0
2022-23,Regular+Season,DAL,Dallas Mavericks,82,4.8,4.5,1.35,6.5,2.8,3.9,70.4,70.4,17.8,5.1,17.3,4.3,69.3,93.1
2022-23,Playoffs,DEN,Denver Nuggets,20,10.5,9.9,1.32,13.9,5.8,8.7,66.5,66.5,18.6,2.4,18.1,3.3,68.1,66.7
2022-23,Playoffs,GSW,Golden State Warriors,13,13.3,11.5,1.40,18.6,8.0,11.0,72.7,72.7,16.2,4.6,16.2,3.5,71.1,86.7
2022-23,Playoffs,MIA,Miami Heat,23,7.8,7.4,1.10,8.6,3.9,6.5,59.3,59.3,8.9,10.6,8.9,3.3,54.4,6.7
2022-23,Playoffs,BOS,Boston Celtics,20,5.8,5.5,1.49,8.7,3.9,5.1,76.5,76.5,12.9,4.3,12.9,5.2,75.0,93.3
2022-23,Playoffs,LAL,Los Angeles Lakers,16,7.2,6.6,1.33,9.6,4.1,6.0,67.7,67.7,13.9,5.2,13.9,2.6,67.0,80.0
2022-23,Playoffs,PHX,Phoenix Suns,11,7.4,6.8,1.15,8.5,3.4,5.8,57.8,57.8,21.0,3.7,19.8,3.7,61.7,20.0
2022-23,Playoffs,CLE,Cleveland Cavaliers,5,11.0,10.8,1.33,14.6,6.8,8.8,77.3,77.3,7.3,12.7,7.3,0.0,67.3,73.3
2022-23,Playoffs,NYK,New York Knicks,11,5.2,4.8,1.10,5.7,2.4,4.0,59.1,59.1,17.5,8.8,17.5,3.5,56.1,13.3
2022-23,Playoffs,MIN,Minnesota Timberwolves,5,9.2,8.7,1.30,12.0,4.8,7.2,66.7,66.7,19.6,4.3,19.6,2.2,69.6,46.7
2022-23,Playoffs,MIL,Milwaukee Bucks,5,9.4,8.1,1.19,11.2,5.0,7.8,64.1,64.1,10.6,8.5,10.6,2.1,61.7,26.7
2022-23,Playoffs,LAC,LA Clippers,5,8.2,7.2,1.32,10.8,4.0,6.0,66.7,66.7,24.4,4.9,24.4,2.4,65.9,60.0
2022-23,Playoffs,SAC,Sacramento Kings,7,7.1,5.9,1.08,7.7,2.7,5.3,51.4,51.4,20.0,8.0,16.0,2.0,56.0,0.0
2022-23,Playoffs,MEM,Memphis Grizzlies,6,6.2,5.3,1.27,7.8,3.5,5.3,65.6,65.6,13.5,8.1,13.5,8.1,62.2,40.0
2022-23,Playoffs,PHI,Philadelphia 76ers,11,3.1,3.0,1.26,3.9,1.7,2.7,63.3,63.3,8.8,5.9,8.8,2.9,61.8,33.3
2022-23,Playoffs,ATL,Atlanta Hawks,6,4.8,4.2,1.31,6.3,3.0,4.5,66.7,66.7,6.9,0.0,6.9,0.0,69.0,53.3
2022-23,Playoffs,BKN,Brooklyn Nets,4,5.3,5.4,1.57,8.3,3.5,4.8,73.7,73.7,28.6,0.0,28.6,19.0,76.2,100
2023-24,Pre+Season,SAS,San Antonio Spurs,5,11.8,10.1,1.39,16.4,6.6,9.6,68.8,68.8,16.9,6.8,15.3,5.1,67.8,81.3
2023-24,Pre+Season,OKC,Oklahoma City Thunder,5,10.2,8.6,1.49,15.2,6.4,8.4,76.2,76.2,19.6,2.0,19.6,3.9,76.5,87.5
2023-24,Pre+Season,GSW,Golden State Warriors,5,11.8,9.8,1.22,14.4,5.8,9.6,60.4,60.4,16.9,5.1,16.9,3.4,62.7,40.6
2023-24,Pre+Season,DEN,Denver Nuggets,5,9.0,8.2,1.53,13.8,6.2,7.6,81.6,81.6,15.6,4.4,17.8,6.7,77.8,90.6
2023-24,Pre+Season,SAC,Sacramento Kings,5,10.8,9.3,1.22,13.2,5.4,8.4,64.3,64.3,20.4,9.3,20.4,7.4,61.1,45.2
2023-24,Pre+Season,HOU,Houston Rockets,5,10.0,8.6,1.24,12.4,4.0,6.8,58.8,58.8,30.0,6.0,30.0,4.0,64.0,53.1
2023-24,Pre+Season,ATL,Atlanta Hawks,5,9.0,7.7,1.33,12.0,5.2,7.4,70.3,70.3,17.8,6.7,17.8,6.7,66.7,78.1
2023-24,Pre+Season,WAS,Washington Wizards,4,9.8,8.4,1.44,14.0,5.3,6.8,77.8,77.8,23.1,7.7,25.6,2.6,74.4,84.4
2023-24,Pre+Season,PHX,Phoenix Suns,5,9.2,7.7,1.22,11.2,4.4,7.2,61.1,61.1,26.1,4.3,26.1,8.7,63.0,34.4
2023-24,Pre+Season,LAC,LA Clippers,4,10.5,9.3,1.31,13.8,5.8,8.8,65.7,65.7,14.3,2.4,14.3,0.0,69.0,71.9
2023-24,Pre+Season,ORL,Orlando Magic,4,11.3,10.1,1.20,13.5,5.0,8.3,60.6,60.6,20.0,8.9,20.0,2.2,62.2,28.1
2023-24,Pre+Season,MIN,Minnesota Timberwolves,5,8.2,7.3,1.27,10.4,4.0,6.2,64.5,64.5,19.5,7.3,19.5,2.4,65.9,65.6
2023-24,Pre+Season,POR,Portland Trail Blazers,4,7.3,6.2,1.76,12.8,5.3,6.0,87.5,87.5,20.7,3.4,20.7,6.9,86.2,100
2023-24,Pre+Season,LAL,Los Angeles Lakers,6,5.2,4.4,1.61,8.3,3.2,4.2,76.0,76.0,25.8,6.5,25.8,12.9,74.2,93.8
2023-24,Pre+Season,UTA,Utah Jazz,5,8.2,7.1,1.22,10.0,4.2,6.8,61.8,61.8,14.6,7.3,14.6,4.9,61.0,37.5
2023-24,Pre+Season,MIA,Miami Heat,5,9.2,7.9,1.09,10.0,4.4,7.8,56.4,56.4,10.9,6.5,10.9,2.2,56.5,9.4
2023-24,Pre+Season,PHI,Philadelphia 76ers,4,9.8,8.5,1.21,11.8,5.3,8.3,63.6,63.6,10.3,7.7,10.3,2.6,59.0,31.3
2023-24,Pre+Season,CHI,Chicago Bulls,5,5.6,4.7,1.64,9.2,4.0,4.6,87.0,87.0,17.9,10.7,17.9,10.7,78.6,96.9
2023-24,Pre+Season,MIL,Milwaukee Bucks,5,7.2,6.1,1.25,9.0,3.8,6.2,61.3,61.3,13.9,2.8,13.9,2.8,63.9,56.3
2023-24,Pre+Season,NOP,New Orleans Pelicans,4,8.8,7.5,1.26,11.0,4.3,6.5,65.4,65.4,25.7,8.6,22.9,8.6,62.9,59.4
2023-24,Pre+Season,MEM,Memphis Grizzlies,5,6.2,5.2,1.26,7.8,3.4,5.4,63.0,63.0,12.9,0.0,16.1,3.2,64.5,62.5
2023-24,Pre+Season,BOS,Boston Celtics,5,6.6,5.7,1.18,7.8,3.0,5.2,57.7,57.7,21.2,6.1,21.2,6.1,60.6,25.0
2023-24,Pre+Season,NYK,New York Knicks,4,7.3,6.5,1.31,9.5,3.3,5.3,61.9,61.9,24.1,3.4,24.1,0.0,65.5,75.0
2023-24,Pre+Season,CLE,Cleveland Cavaliers,4,7.5,6.7,1.23,9.3,3.8,5.8,65.2,65.2,20.0,6.7,20.0,3.3,63.3,50.0
2023-24,Pre+Season,TOR,Toronto Raptors,4,7.0,5.9,1.29,9.0,3.8,5.0,75.0,75.0,14.3,14.3,14.3,0.0,67.9,68.8
2023-24,Pre+Season,DET,Detroit Pistons,4,7.8,6.4,1.13,8.8,2.8,5.0,55.0,55.0,29.0,9.7,29.0,3.2,58.1,18.8
2023-24,Pre+Season,BKN,Brooklyn Nets,4,6.8,5.8,1.22,8.3,2.8,4.8,57.9,57.9,29.6,7.4,29.6,7.4,63.0,45.2
2023-24,Pre+Season,IND,Indiana Pacers,4,7.0,5.8,1.14,8.0,3.5,6.0,58.3,58.3,7.1,7.1,7.1,0.0,57.1,21.9
2023-24,Pre+Season,CHA,Charlotte Hornets,4,6.8,5.6,1.11,7.5,2.8,4.5,61.1,61.1,29.6,11.1,29.6,7.4,59.3,15.6
2023-24,Pre+Season,Cairns Taipans,Cairns Taipans,2,11.0,9.1,1.04,11.5,5.5,10.0,55.0,55.0,9.1,4.5,4.5,4.5,50.0,6.3
2023-24,Pre+Season,Ra'anana Maccabi Ra'anana,Ra'anana Maccabi Ra'anana,3,6.3,5.6,1.10,7.0,3.3,6.3,52.6,52.6,5.3,0.0,5.3,5.3,52.6,12.5
2023-24,Pre+Season,DAL,Dallas Mavericks,4,4.5,3.9,0.89,4.0,1.3,3.0,41.7,41.7,33.3,5.6,22.2,5.6,50.0,3.1
2023-24,Pre+Season,Flamengo Flamengo,Flamengo Flamengo,1,6.0,5.8,2.00,12.0,6.0,6.0,100,100,0.0,0.0,0.0,0.0,100,0.0
2023-24,Pre+Season,New Zealand Breakers,New Zealand Breakers,2,7.0,6.5,0.57,4.0,1.5,6.0,25.0,25.0,7.1,7.1,7.1,0.0,28.6,0.0
2023-24,Pre+Season,Madrid Baloncesto,Madrid Baloncesto,1,6.0,4.9,1.00,6.0,2.0,3.0,66.7,66.7,33.3,16.7,33.3,0.0,66.7,0.0
2023-24,Regular+Season,GSW,Golden State Warriors,82,11.9,10.5,1.30,15.5,6.7,10.0,67.0,67.0,14.3,6.2,14.1,3.9,65.7,37.9
2023-24,Regular+Season,CLE,Cleveland Cavaliers,82,10.4,9.6,1.34,13.9,5.9,8.7,67.4,67.4,15.3,4.9,14.6,3.6,66.9,65.5
2023-24,Regular+Season,DEN,Denver Nuggets,82,9.7,8.9,1.36,13.2,5.8,8.5,68.5,68.5,14.5,4.0,14.0,5.8,67.8,79.3
2023-24,Regular+Season,ORL,Orlando Magic,82,9.3,8.6,1.36,12.7,5.4,7.7,69.9,69.9,17.1,6.7,15.9,5.7,68.0,82.8
2023-24,Regular+Season,TOR,Toronto Raptors,82,9.3,8.3,1.32,12.3,5.3,7.9,67.2,67.2,14.3,5.1,14.2,4.3,66.5,58.6
2023-24,Regular+Season,SAS,San Antonio Spurs,82,9.1,8.0,1.31,11.9,5.1,7.6,66.7,66.7,14.0,6.1,12.9,3.8,65.8,48.3
2023-24,Regular+Season,SAC,Sacramento Kings,81,9.0,8.0,1.28,11.4,4.8,7.3,66.1,66.1,16.1,6.5,15.8,3.9,64.5,34.5
2023-24,Regular+Season,LAL,Los Angeles Lakers,81,8.0,7.2,1.40,11.1,4.8,6.6,72.4,72.4,14.9,6.0,14.1,4.2,70.4,96.6
2023-24,Regular+Season,IND,Indiana Pacers,81,7.8,6.9,1.40,10.9,4.6,6.5,71.2,71.2,16.6,4.6,16.3,4.1,70.7,100
2023-24,Regular+Season,UTA,Utah Jazz,82,8.2,7.1,1.30,10.6,4.6,6.9,66.8,66.8,13.0,6.0,12.6,3.3,65.5,41.4
2023-24,Regular+Season,MIA,Miami Heat,82,8.5,7.9,1.25,10.6,4.6,7.3,63.5,63.5,12.4,5.3,11.8,3.5,62.7,17.2
2023-24,Regular+Season,LAC,LA Clippers,82,7.7,7.2,1.35,10.5,4.4,6.5,68.4,68.4,14.3,5.2,13.7,3.3,67.6,72.4
2023-24,Regular+Season,PHX,Phoenix Suns,81,7.6,6.9,1.38,10.5,4.4,6.2,71.3,71.3,17.0,6.1,16.5,4.0,69.6,86.2
2023-24,Regular+Season,OKC,Oklahoma City Thunder,82,7.5,6.8,1.35,10.1,4.3,6.2,69.2,69.2,14.2,5.5,13.8,2.6,68.6,69.0
2023-24,Regular+Season,ATL,Atlanta Hawks,82,7.6,6.6,1.27,9.6,4.0,6.3,64.0,64.0,17.3,4.7,17.1,4.8,63.9,24.1
2023-24,Regular+Season,WAS,Washington Wizards,82,7.3,6.4,1.28,9.3,3.9,6.1,63.3,63.3,13.9,4.9,13.8,3.5,64.0,31.0
2023-24,Regular+Season,MIL,Milwaukee Bucks,81,6.7,6.1,1.39,9.4,4.1,5.8,71.5,71.5,11.6,5.5,11.0,3.3,69.4,93.1
2023-24,Regular+Season,PHI,Philadelphia 76ers,82,7.5,6.7,1.24,9.2,3.7,6.1,60.9,60.9,17.7,4.4,17.3,4.6,62.4,10.3
2023-24,Regular+Season,DET,Detroit Pistons,82,7.0,6.3,1.31,9.1,3.9,5.8,67.4,67.4,14.3,6.6,13.4,3.3,65.5,44.8
2023-24,Regular+Season,NOP,New Orleans Pelicans,81,6.6,6.0,1.33,8.8,3.8,5.5,68.9,68.9,13.5,6.4,12.8,3.4,67.5,62.1
2023-24,Regular+Season,BOS,Boston Celtics,81,6.3,5.8,1.38,8.7,3.7,5.3,69.7,69.7,15.4,4.1,15.4,3.1,70.0,89.7
2023-24,Regular+Season,CHA,Charlotte Hornets,82,6.5,6.1,1.31,8.6,3.7,5.5,67.3,67.3,15.5,6.0,14.9,4.7,65.9,55.2
2023-24,Regular+Season,NYK,New York Knicks,81,6.7,6.1,1.27,8.5,3.6,5.6,64.2,64.2,15.2,5.4,14.8,3.7,64.3,27.6
2023-24,Regular+Season,MIN,Minnesota Timberwolves,82,6.6,6.1,1.27,8.4,3.5,5.2,68.2,68.2,16.6,9.4,15.9,4.4,64.8,20.7
2023-24,Regular+Season,DAL,Dallas Mavericks,82,6.1,5.5,1.35,8.3,3.6,5.1,70.3,70.3,14.5,5.6,14.1,3.8,68.4,75.9
2023-24,Regular+Season,BKN,Brooklyn Nets,82,6.8,6.2,1.21,8.2,3.6,5.8,63.1,63.1,13.3,5.6,12.7,3.9,61.4,3.4
2023-24,Regular+Season,HOU,Houston Rockets,82,6.5,5.7,1.22,7.9,3.3,5.4,61.3,61.3,15.8,4.9,15.2,3.8,62.0,6.9
2023-24,Regular+Season,MEM,Memphis Grizzlies,82,6.1,5.5,1.24,7.6,3.3,5.1,64.1,64.1,13.2,5.8,12.6,2.6,63.2,13.8
2023-24,Regular+Season,POR,Portland Trail Blazers,82,5.9,5.2,1.20,7.1,3.0,5.0,60.5,60.5,12.4,5.8,12.4,3.9,59.8,0.0
2023-24,Regular+Season,CHI,Chicago Bulls,82,4.9,4.4,1.31,6.4,2.7,4.0,66.0,66.0,15.3,4.8,15.3,3.5,66.1,51.7
2023-24,Playoffs,DAL,Dallas Mavericks,22,6.5,6.2,1.38,8.9,3.7,5.4,69.5,69.5,19.0,3.5,19.0,5.6,69.7,66.7
2023-24,Playoffs,IND,Indiana Pacers,17,6.6,6.2,1.39,9.2,4.2,6.1,68.3,68.3,10.7,1.8,10.7,5.4,68.8,86.7
2023-24,Playoffs,NYK,New York Knicks,13,8.7,8.0,1.21,10.5,4.5,7.2,62.8,62.8,13.3,6.2,13.3,2.7,61.9,26.7
2023-24,Playoffs,BOS,Boston Celtics,19,5.3,5.2,1.35,7.2,3.3,4.7,70.8,70.8,7.9,5.0,7.9,1.0,68.3,53.3
2023-24,Playoffs,MIN,Minnesota Timberwolves,16,6.6,6.3,1.22,8.1,3.3,5.0,66.3,66.3,17.0,11.3,17.0,3.8,62.3,33.3
2023-24,Playoffs,DEN,Denver Nuggets,12,8.9,8.6,1.18,10.5,4.5,7.7,58.7,58.7,12.1,4.7,12.1,2.8,59.8,6.7
2023-24,Playoffs,CLE,Cleveland Cavaliers,12,6.6,6.4,1.39,9.2,3.9,5.3,73.4,73.4,17.7,6.3,16.5,5.1,72.2,80.0
2023-24,Playoffs,OKC,Oklahoma City Thunder,10,6.5,6.2,1.19,7.7,3.6,5.4,66.7,66.7,7.7,10.8,7.7,1.5,60.0,20.0
2023-24,Playoffs,LAC,LA Clippers,6,10.0,9.6,1.18,11.8,4.8,8.5,56.9,56.9,16.7,1.7,16.7,3.3,61.7,13.3
2023-24,Playoffs,ORL,Orlando Magic,7,6.9,6.3,1.38,9.4,3.7,5.3,70.3,70.3,22.9,6.3,22.9,6.3,68.8,60.0
2023-24,Playoffs,LAL,Los Angeles Lakers,5,8.4,8.2,1.52,12.8,5.6,7.6,73.7,73.7,11.9,2.4,9.5,4.8,73.8,93.3
2023-24,Playoffs,PHI,Philadelphia 76ers,6,6.0,5.7,1.25,7.5,3.5,5.2,67.7,67.7,8.3,8.3,8.3,2.8,63.9,40.0
2023-24,Playoffs,MIA,Miami Heat,5,6.2,6.4,1.39,8.6,4.2,5.8,72.4,72.4,3.2,3.2,3.2,0.0,71.0,73.3
2023-24,Playoffs,PHX,Phoenix Suns,4,8.5,8.3,1.06,9.0,4.0,7.8,51.6,51.6,11.8,2.9,11.8,5.9,52.9,0.0
2023-24,Playoffs,MIL,Milwaukee Bucks,6,4.5,4.3,1.30,5.8,2.5,3.3,75.0,75.0,11.1,14.8,11.1,0.0,66.7,46.7
2023-24,Playoffs,NOP,New Orleans Pelicans,4,4.0,3.7,1.63,6.5,2.5,3.3,76.9,76.9,18.8,0.0,12.5,0.0,81.3,100
2024-25,Regular+Season,DEN,Denver Nuggets,82,11.4,10.0,1.38,15.7,6.8,9.6,71.0,71.0,14.9,4.8,14.4,3.9,70.2,93.1
2024-25,Regular+Season,GSW,Golden State Warriors,82,11.4,10.1,1.27,14.5,6.1,9.5,63.8,63.8,16.0,5.2,15.8,4.4,63.4,31.0
2024-25,Regular+Season,CLE,Cleveland Cavaliers,82,9.1,8.0,1.43,12.9,5.6,7.6,73.4,73.4,14.5,5.0,14.1,3.6,71.7,100
2024-25,Regular+Season,ATL,Atlanta Hawks,82,10.0,8.6,1.28,12.7,5.6,8.5,65.8,65.8,13.1,4.9,12.7,3.2,64.6,37.9
2024-25,Regular+Season,TOR,Toronto Raptors,82,10.7,9.3,1.17,12.4,5.2,8.9,59.2,59.2,13.4,6.5,13.1,2.9,59.1,3.4
2024-25,Regular+Season,OKC,Oklahoma City Thunder,82,8.6,7.7,1.34,11.5,4.9,7.3,67.1,67.1,14.0,4.7,13.9,3.4,67.1,75.9
2024-25,Regular+Season,ORL,Orlando Magic,82,8.4,7.7,1.30,11.0,4.6,6.9,66.2,66.2,16.8,6.1,16.5,4.9,65.9,51.7
2024-25,Regular+Season,NYK,New York Knicks,82,8.3,7.6,1.29,10.8,4.9,7.3,67.1,67.1,9.5,5.4,9.5,2.3,65.0,41.4
2024-25,Regular+Season,DAL,Dallas Mavericks,82,7.8,7.1,1.35,10.6,4.5,6.3,71.0,71.0,16.6,6.2,16.0,2.8,69.8,79.3
2024-25,Regular+Season,LAL,Los Angeles Lakers,82,7.6,7.0,1.35,10.3,4.4,6.3,70.0,70.0,15.5,5.0,14.9,3.7,69.0,82.8
2024-25,Regular+Season,MEM,Memphis Grizzlies,82,8.1,6.8,1.27,10.3,4.5,7.0,63.9,63.9,12.4,5.0,12.3,4.2,63.2,34.5
2024-25,Regular+Season,UTA,Utah Jazz,82,7.8,6.8,1.31,10.2,4.1,6.3,65.9,65.9,18.7,5.7,17.6,5.5,65.4,55.2
2024-25,Regular+Season,LAC,LA Clippers,82,7.2,6.6,1.36,9.7,4.4,6.4,68.4,68.4,10.9,2.7,10.6,3.6,68.1,86.2
2024-25,Regular+Season,MIA,Miami Heat,82,7.6,7.0,1.26,9.6,4.2,6.5,64.5,64.5,11.8,5.4,11.5,2.9,63.7,27.6
2024-25,Regular+Season,HOU,Houston Rockets,82,7.6,6.5,1.25,9.5,4.2,6.5,63.9,63.9,12.7,4.2,12.5,2.9,63.8,20.7
2024-25,Regular+Season,SAC,Sacramento Kings,82,7.2,6.5,1.30,9.4,3.9,6.0,66.2,66.2,15.9,6.6,15.7,4.7,65.3,44.8
2024-25,Regular+Season,DET,Detroit Pistons,82,7.0,6.2,1.34,9.4,4.0,5.6,70.1,70.1,17.6,5.4,17.1,3.7,69.1,72.4
2024-25,Regular+Season,PHX,Phoenix Suns,82,7.4,6.8,1.23,9.1,4.0,6.2,63.7,63.7,12.1,6.4,11.5,2.0,62.1,13.8
2024-25,Regular+Season,NOP,New Orleans Pelicans,82,7.6,6.7,1.18,9.0,3.8,6.3,60.6,60.6,13.9,7.4,13.8,3.8,59.5,6.9
2024-25,Regular+Season,IND,Indiana Pacers,82,6.7,6.0,1.33,8.9,3.8,5.6,67.8,67.8,15.9,4.2,15.6,3.8,67.8,65.5
2024-25,Regular+Season,WAS,Washington Wizards,82,7.1,6.3,1.24,8.9,3.8,5.9,63.4,63.4,13.7,6.5,13.2,3.2,62.4,17.2
2024-25,Regular+Season,BOS,Boston Celtics,82,6.5,5.9,1.36,8.8,3.8,5.4,69.9,69.9,13.2,4.3,13.0,1.5,69.6,89.7
2024-25,Regular+Season,CHA,Charlotte Hornets,82,7.0,6.2,1.25,8.8,3.7,5.6,65.6,65.6,16.9,8.2,16.2,4.9,63.2,24.1
2024-25,Regular+Season,SAS,San Antonio Spurs,82,6.7,6.0,1.30,8.8,3.8,5.7,66.6,66.6,13.9,5.6,13.8,4.2,65.2,48.3
2024-25,Regular+Season,MIL,Milwaukee Bucks,82,6.6,6.0,1.33,8.7,3.7,5.4,68.3,68.3,14.5,5.8,13.4,3.0,67.7,62.1
2024-25,Regular+Season,MIN,Minnesota Timberwolves,82,6.5,5.9,1.34,8.7,3.8,5.5,68.6,68.6,14.1,4.9,13.7,3.4,67.7,69.0
2024-25,Regular+Season,CHI,Chicago Bulls,82,6.2,5.4,1.39,8.6,3.7,5.3,70.2,70.2,13.8,4.7,13.4,4.1,69.4,96.6
2024-25,Regular+Season,BKN,Brooklyn Nets,82,7.0,6.4,1.22,8.5,3.8,6.1,62.7,62.7,10.2,4.9,10.0,2.6,61.6,10.3
2024-25,Regular+Season,PHI,Philadelphia 76ers,82,5.6,5.1,1.33,7.4,3.0,4.5,66.1,66.1,18.2,5.0,16.8,4.6,66.1,58.6
2024-25,Regular+Season,POR,Portland Trail Blazers,82,5.9,5.1,1.14,6.8,2.9,4.8,60.6,60.6,13.2,9.7,12.8,3.5,57.9,0.0
2024-25,Playoffs,OKC,Oklahoma City Thunder,23,8.5,7.5,1.28,10.9,4.6,7.1,64.6,64.6,13.8,6.1,13.8,3.6,64.3,73.3
2024-25,Playoffs,IND,Indiana Pacers,23,7.0,6.4,1.31,9.1,3.6,5.6,64.8,64.8,20.6,5.0,20.0,5.6,66.3,80.0
2024-25,Playoffs,DEN,Denver Nuggets,14,9.8,8.7,1.19,11.6,4.9,8.4,58.1,58.1,17.5,1.5,17.5,4.4,59.9,40.0
2024-25,Playoffs,NYK,New York Knicks,18,6.3,5.7,1.22,7.7,3.3,5.4,60.8,60.8,14.9,2.6,14.9,2.6,63.2,60.0
2024-25,Playoffs,GSW,Golden State Warriors,12,9.1,8.4,1.10,10.0,4.1,7.6,53.8,53.8,13.8,4.6,12.8,1.8,56.0,20.0
2024-25,Playoffs,MIN,Minnesota Timberwolves,15,6.3,5.8,1.12,7.1,2.9,4.6,63.8,63.8,15.8,13.7,14.7,2.1,55.8,26.7
2024-25,Playoffs,CLE,Cleveland Cavaliers,9,8.0,7.2,1.35,10.8,4.0,6.2,64.3,64.3,19.4,5.6,18.1,2.8,66.7,86.7
2024-25,Playoffs,BOS,Boston Celtics,11,4.8,4.6,1.47,7.1,2.7,3.8,71.4,71.4,24.5,7.5,22.6,11.3,69.8,100
2024-25,Playoffs,HOU,Houston Rockets,7,10.7,9.9,0.97,10.4,4.7,9.0,52.4,52.4,13.3,2.7,13.3,0.0,50.7,6.7
2024-25,Playoffs,LAC,LA Clippers,7,8.3,7.9,1.14,9.4,3.9,7.1,54.0,54.0,15.5,1.7,15.5,3.4,56.9,33.3
2024-25,Playoffs,DET,Detroit Pistons,6,8.3,7.5,1.22,10.2,4.5,6.7,67.5,67.5,16.0,10.0,16.0,6.0,64.0,66.7
2024-25,Playoffs,MIL,Milwaukee Bucks,5,7.6,6.9,1.42,10.8,4.6,6.6,69.7,69.7,18.4,2.6,18.4,7.9,71.1,93.3
2024-25,Playoffs,MEM,Memphis Grizzlies,4,7.3,6.3,1.21,8.8,3.8,5.5,68.2,68.2,13.8,10.3,10.3,0.0,62.1,53.3
2024-25,Playoffs,ORL,Orlando Magic,5,5.0,4.8,1.20,6.0,2.6,4.0,65.0,65.0,20.0,8.0,20.0,8.0,64.0,46.7
2024-25,Playoffs,LAL,Los Angeles Lakers,5,5.4,5.3,1.00,5.4,2.2,4.8,45.8,45.8,14.8,3.7,14.8,7.4,48.1,13.3
2024-25,Playoffs,MIA,Miami Heat,4,5.0,4.8,0.90,4.5,2.3,4.0,56.3,56.3,0.0,20.0,0.0,0.0,45.0,0.0
2025-26,Regular+Season,GSW,Golden State Warriors,35,11.3,9.9,1.35,15.3,6.2,9.3,66.9,66.9,17.7,3.3,17.2,3.5,68.9,72.4
2025-26,Regular+Season,DEN,Denver Nuggets,35,10.5,9.4,1.36,14.3,5.9,8.6,68.1,68.1,17.1,4.1,16.8,3.0,68.8,82.8
2025-26,Regular+Season,CLE,Cleveland Cavaliers,36,10.6,9.2,1.26,13.4,5.5,8.7,63.8,63.8,17.0,5.7,16.4,4.2,64.0,27.6
2025-26,Regular+Season,DET,Detroit Pistons,34,10.9,9.4,1.25,13.7,5.8,9.0,63.8,63.8,15.9,5.6,14.5,4.0,63.2,13.8
2025-26,Regular+Season,TOR,Toronto Raptors,35,9.8,8.7,1.30,12.8,5.5,8.0,68.2,68.2,14.2,8.4,14.0,4.1,64.8,55.2
2025-26,Regular+Season,UTA,Utah Jazz,34,9.9,8.4,1.32,13.2,5.6,8.2,68.6,68.6,15.4,6.2,15.1,4.4,67.5,69.0
2025-26,Regular+Season,ATL,Atlanta Hawks,37,9.2,8.0,1.29,11.9,5.2,8.0,65.5,65.5,12.9,4.7,12.9,4.4,64.2,44.8
2025-26,Regular+Season,NOP,New Orleans Pelicans,36,8.2,7.1,1.38,11.3,4.7,6.6,70.7,70.7,17.2,5.1,16.9,3.0,69.9,86.2
2025-26,Regular+Season,HOU,Houston Rockets,31,10.1,8.6,1.28,12.8,5.3,8.1,65.6,65.6,17.3,6.7,16.3,4.2,64.7,34.5
2025-26,Regular+Season,POR,Portland Trail Blazers,35,8.5,7.2,1.28,10.9,4.6,7.0,66.4,66.4,16.4,5.7,16.1,4.0,65.8,41.4
2025-26,Regular+Season,OKC,Oklahoma City Thunder,33,8.9,7.9,1.26,11.3,5.0,7.4,68.3,68.3,10.2,10.2,9.8,2.7,63.1,17.2
2025-26,Regular+Season,LAL,Los Angeles Lakers,31,8.4,7.5,1.42,11.8,5.1,6.9,73.0,73.0,14.3,5.0,13.5,2.3,71.4,96.6
2025-26,Regular+Season,CHI,Chicago Bulls,35,7.4,6.5,1.32,9.8,4.3,6.3,69.1,69.1,11.5,5.8,11.2,1.9,66.9,65.5
2025-26,Regular+Season,ORL,Orlando Magic,33,7.9,6.8,1.30,10.3,4.3,6.5,66.0,66.0,14.2,5.0,13.4,1.5,66.7,48.3
2025-26,Regular+Season,PHX,Phoenix Suns,33,8.0,7.0,1.27,10.1,4.2,6.5,64.2,64.2,14.4,5.7,13.7,1.9,64.3,31.0
2025-26,Regular+Season,SAC,Sacramento Kings,34,7.9,6.9,1.16,9.1,3.8,6.4,59.9,59.9,15.7,6.3,14.9,3.0,59.0,0.0
2025-26,Regular+Season,LAC,LA Clippers,33,6.8,6.4,1.35,9.3,4.0,5.8,68.2,68.2,14.2,5.8,13.3,4.9,66.8,75.9
2025-26,Regular+Season,SAS,San Antonio Spurs,32,7.0,6.1,1.36,9.5,4.1,5.8,70.3,70.3,15.2,6.3,15.2,4.0,68.3,79.3
2025-26,Regular+Season,WAS,Washington Wizards,33,6.6,5.7,1.40,9.2,4.0,5.6,71.2,71.2,15.2,3.7,14.7,3.7,71.0,93.1
2025-26,Regular+Season,BKN,Brooklyn Nets,31,7.4,6.7,1.31,9.7,3.8,5.9,63.9,63.9,21.3,5.2,20.0,6.1,66.1,62.1
2025-26,Regular+Season,PHI,Philadelphia 76ers,32,7.1,6.1,1.31,9.3,3.6,5.8,63.0,63.0,21.6,3.5,21.6,6.2,66.1,58.6
2025-26,Regular+Season,DAL,Dallas Mavericks,33,6.7,5.8,1.28,8.5,3.5,5.5,63.3,63.3,20.5,4.1,20.5,6.4,64.5,37.9
2025-26,Regular+Season,CHA,Charlotte Hornets,34,5.9,5.1,1.40,8.2,3.4,4.9,69.9,69.9,17.0,4.5,17.0,4.5,69.5,89.7
2025-26,Regular+Season,MEM,Memphis Grizzlies,34,6.4,5.5,1.26,8.1,3.4,5.6,61.6,61.6,15.1,2.3,15.1,4.6,63.3,20.7
2025-26,Regular+Season,MIA,Miami Heat,33,6.5,5.5,1.26,8.2,3.6,5.6,63.4,63.4,12.2,5.2,11.7,4.7,62.9,24.1
2025-26,Regular+Season,MIN,Minnesota Timberwolves,34,6.2,5.5,1.24,7.7,3.4,4.9,68.7,68.7,14.6,9.4,14.2,2.4,64.2,10.3
2025-26,Regular+Season,IND,Indiana Pacers,34,6.4,5.5,1.17,7.4,3.1,5.4,57.4,57.4,13.4,5.1,13.4,3.2,58.3,3.4
2025-26,Regular+Season,BOS,Boston Celtics,34,5.5,4.9,1.30,7.1,3.1,4.7,64.6,64.6,13.9,3.2,13.9,3.2,65.2,51.7
2025-26,Regular+Season,NYK,New York Knicks,32,4.9,4.3,1.53,7.5,3.2,4.2,76.3,76.3,17.8,4.5,17.8,8.3,74.5,100
2025-26,Regular+Season,MIL,Milwaukee Bucks,34,5.1,4.7,1.21,6.2,2.7,4.2,64.1,64.1,12.6,6.9,12.0,0.6,62.3,6.9
