SEASON,SEASON_TYPE,TEAM_ABB,TEAM_NAME,GP,W,L,MIN,DEF_RATING,DREB,DREB_PCT,STL,BLK,OPP_PTS_OFF_TOV,OPP_PTS_2ND_CHANCE,OPP_PTS_FB,OPP_PTS_PAINT
2015-16,Pre+Season,CHA,Charlotte Hornets,8,7,1,48.0,90.9,40.8,79.6,7.0,3.0,15.8,8.3,15.5,37.0
2015-16,Pre+Season,BOS,Boston Celtics,7,6,1,48.0,91.7,37.9,71.2,10.4,5.7,14.9,10.7,10.6,36.3
2015-16,Pre+Season,MEM,Memphis Grizzlies,7,6,1,48.0,85.9,36.0,73.1,8.1,4.3,21.0,7.1,16.3,30.6
2015-16,Pre+Season,ORL,Orlando Magic,8,6,2,49.3,97.8,34.4,71.7,9.4,4.6,16.4,10.8,9.8,30.5
2015-16,Pre+Season,IND,Indiana Pacers,7,5,2,48.0,100.0,36.4,71.2,8.4,7.7,13.0,13.0,11.7,36.9
2015-16,Pre+Season,OKC,Oklahoma City Thunder,6,5,1,48.0,96.6,34.8,72.1,7.8,6.0,20.3,12.5,12.0,40.3
2015-16,Pre+Season,SAC,Sacramento Kings,6,5,1,48.8,95.8,34.8,71.2,9.7,5.5,19.0,8.5,14.7,34.7
2015-16,Pre+Season,TOR,Toronto Raptors,7,5,2,48.0,95.5,32.9,76.3,8.9,3.9,14.9,9.7,10.6,35.4
2015-16,Pre+Season,ATL,Atlanta Hawks,7,4,3,48.0,94.7,38.7,74.2,8.1,5.9,19.4,9.7,14.3,32.9
2015-16,Pre+Season,CHI,Chicago Bulls,8,4,4,48.0,107.3,37.4,77.3,7.1,3.6,19.3,9.9,15.6,36.5
2015-16,Pre+Season,DEN,Denver Nuggets,7,4,3,48.0,97.3,36.1,71.7,9.1,3.0,18.4,12.9,15.7,38.3
2015-16,Pre+Season,MIA,Miami Heat,8,4,4,48.6,96.9,36.3,72.0,7.3,4.9,16.9,13.6,13.3,34.3
2015-16,Pre+Season,NYK,New York Knicks,6,4,2,48.0,93.2,36.7,71.9,7.7,6.2,12.8,15.3,12.0,41.0
2015-16,Pre+Season,PHX,Phoenix Suns,6,4,2,48.8,96.4,34.3,67.6,11.7,4.7,19.5,17.8,13.2,44.7
2015-16,Pre+Season,WAS,Washington Wizards,7,4,3,48.0,101.0,35.0,71.3,8.9,4.7,18.0,9.4,14.1,38.9
2015-16,Pre+Season,DET,Detroit Pistons,8,3,5,48.0,100.1,32.4,72.9,8.3,4.1,16.8,12.4,8.9,32.5
2015-16,Pre+Season,GSW,Golden State Warriors,7,3,4,46.0,104.3,33.4,70.5,8.4,6.6,20.6,18.0,12.3,38.0
2015-16,Pre+Season,HOU,Houston Rockets,8,3,5,48.6,104.2,34.3,73.3,11.3,4.3,18.9,12.9,17.5,45.0
2015-16,Pre+Season,LAC,LA Clippers,6,3,3,48.0,98.4,33.5,75.4,9.3,4.5,18.3,10.3,15.0,39.3
2015-16,Pre+Season,LAL,Los Angeles Lakers,8,3,5,46.8,106.3,31.8,68.4,7.6,4.5,17.9,11.5,12.4,42.0
2015-16,Pre+Season,NOP,New Orleans Pelicans,7,3,4,48.7,103.4,35.3,71.5,9.1,4.4,14.4,14.6,13.1,42.3
2015-16,Pre+Season,POR,Portland Trail Blazers,7,3,4,49.4,99.0,36.6,75.0,8.6,4.7,19.7,9.9,17.6,37.1
2015-16,Pre+Season,UTA,Utah Jazz,7,3,4,49.4,98.7,34.6,71.9,10.4,5.0,19.4,16.4,12.0,38.9
2015-16,Pre+Season,BKN,Brooklyn Nets,6,2,4,48.0,100.5,31.8,72.1,9.2,4.8,19.3,13.5,11.3,40.3
2015-16,Pre+Season,MIL,Milwaukee Bucks,6,2,4,48.0,105.4,35.5,69.5,7.3,5.8,20.2,13.8,14.5,31.0
2015-16,Pre+Season,MIN,Minnesota Timberwolves,7,2,5,48.0,110.0,25.9,66.9,8.3,3.6,15.3,13.4,15.7,42.0
2015-16,Pre+Season,PHI,Philadelphia 76ers,7,2,5,48.0,98.5,35.4,74.2,11.1,5.6,20.7,9.9,16.1,43.1
2015-16,Pre+Season,SAS,San Antonio Spurs,6,2,4,48.0,97.1,33.8,76.0,10.0,4.5,19.5,7.5,21.5,36.3
2015-16,Pre+Season,CLE,Cleveland Cavaliers,7,1,6,48.0,101.7,32.4,73.9,7.4,3.1,24.4,11.4,12.1,39.7
2015-16,Pre+Season,Istanbul Fenerbahce Sports Club,Istanbul Fenerbahce Sports Club,2,1,1,48.0,110.7,27.5,65.9,7.0,4.0,28.0,15.0,18.0,40.0
2015-16,Pre+Season,Bauru Paschoalotto/Bauru,Bauru Paschoalotto/Bauru,2,0,2,48.0,120.0,27.0,71.1,8.5,0.0,28.0,12.0,22.0,43.0
2015-16,Pre+Season,DAL,Dallas Mavericks,7,0,7,48.0,98.9,36.0,70.6,7.7,5.0,16.3,15.4,15.7,40.0
2015-16,Pre+Season,Flamengo Flamengo,Flamengo Flamengo,1,0,1,48.0,96.8,31.0,75.0,6.0,2.0,25.0,13.0,13.0,50.0
2015-16,Pre+Season,Haifa Maccabi Haifa,Haifa Maccabi Haifa,2,0,2,48.0,115.5,21.5,55.6,17.0,6.5,23.5,18.5,10.0,48.0
2015-16,Pre+Season,Madrid Real Madrid,Madrid Real Madrid,1,0,1,48.0,101.8,37.0,68.4,8.0,5.0,26.0,17.0,17.0,56.0
2015-16,Pre+Season,Milano Olimpia Milano,Milano Olimpia Milano,1,0,1,48.0,126.5,29.0,-,7.0,7.0,29.0,22.0,22.0,70.0
2015-16,Regular+Season,GSW,Golden State Warriors,82,73,9,48.5,102.8,36.2,72.0,8.4,6.1,16.6,13.8,14.5,45.1
2015-16,Regular+Season,SAS,San Antonio Spurs,82,67,15,48.1,98.2,34.5,74.6,8.3,5.9,13.5,10.6,12.1,40.1
2015-16,Regular+Season,CLE,Cleveland Cavaliers,82,57,25,48.4,103.9,33.9,74.2,6.7,3.9,15.5,11.2,11.2,40.8
2015-16,Regular+Season,TOR,Toronto Raptors,82,56,26,48.2,104.8,33.2,73.6,7.8,5.5,14.2,11.6,11.0,40.1
2015-16,Regular+Season,OKC,Oklahoma City Thunder,82,55,27,48.4,104.8,35.6,72.0,7.4,5.9,17.6,13.9,13.2,45.2
2015-16,Regular+Season,LAC,LA Clippers,82,53,29,48.4,102.7,33.3,69.7,8.6,5.6,14.5,13.8,12.4,41.3
2015-16,Regular+Season,ATL,Atlanta Hawks,82,48,34,48.4,100.8,33.8,69.8,9.1,5.9,16.0,13.1,11.9,40.9
2015-16,Regular+Season,BOS,Boston Celtics,82,48,34,48.2,102.5,33.3,70.7,9.2,4.2,14.8,14.2,10.8,43.0
2015-16,Regular+Season,CHA,Charlotte Hornets,82,48,34,48.4,103.7,35.0,75.4,7.3,5.3,14.1,11.4,12.4,40.0
2015-16,Regular+Season,MIA,Miami Heat,82,48,34,48.4,103.7,34.3,72.9,6.7,6.5,15.6,13.0,10.7,42.0
2015-16,Regular+Season,IND,Indiana Pacers,82,45,37,48.5,102.2,33.9,71.4,9.0,4.8,16.3,13.0,12.2,41.6
2015-16,Regular+Season,DET,Detroit Pistons,82,44,38,48.5,104.9,33.9,75.3,7.0,3.7,14.6,10.7,10.4,44.4
2015-16,Regular+Season,POR,Portland Trail Blazers,82,44,38,48.3,106.8,33.9,72.8,6.9,4.6,16.3,12.4,11.1,40.9
2015-16,Regular+Season,CHI,Chicago Bulls,82,42,40,48.5,105.5,35.2,71.4,6.0,5.7,16.0,14.3,13.8,44.4
2015-16,Regular+Season,DAL,Dallas Mavericks,82,42,40,48.8,105.9,33.9,72.3,6.8,3.7,14.8,13.4,16.0,40.9
2015-16,Regular+Season,MEM,Memphis Grizzlies,82,42,40,48.4,107.1,30.5,70.9,8.8,4.3,15.1,11.8,14.6,38.5
2015-16,Regular+Season,HOU,Houston Rockets,82,41,41,48.4,107.3,31.7,69.2,10.0,5.2,19.5,14.7,14.4,44.6
2015-16,Regular+Season,WAS,Washington Wizards,82,41,41,48.2,105.1,32.8,73.7,8.6,3.9,15.7,11.7,12.7,41.2
2015-16,Regular+Season,UTA,Utah Jazz,82,40,42,48.7,103.2,32.5,73.1,7.7,5.2,16.0,11.5,11.7,39.6
2015-16,Regular+Season,ORL,Orlando Magic,82,35,47,48.5,106.0,33.0,72.6,8.2,5.1,16.0,11.4,13.2,43.5
2015-16,Regular+Season,DEN,Denver Nuggets,82,33,49,48.4,108.2,33.1,73.2,7.4,4.8,16.8,12.1,13.0,43.1
2015-16,Regular+Season,MIL,Milwaukee Bucks,82,33,49,48.4,107.8,31.2,68.9,8.2,5.8,17.7,14.1,13.0,44.0
2015-16,Regular+Season,SAC,Sacramento Kings,82,33,49,48.3,107.6,33.7,71.7,8.9,4.5,18.6,13.6,15.0,43.6
2015-16,Regular+Season,NYK,New York Knicks,82,32,50,48.3,106.7,34.0,71.8,5.7,5.7,15.4,12.7,12.8,43.1
2015-16,Regular+Season,NOP,New Orleans Pelicans,82,30,52,48.2,108.4,33.1,74.8,7.7,4.2,14.9,11.3,11.7,43.2
2015-16,Regular+Season,MIN,Minnesota Timberwolves,82,29,53,48.5,109.0,31.5,70.2,8.0,4.6,17.8,13.2,13.4,46.1
2015-16,Regular+Season,PHX,Phoenix Suns,82,23,59,48.1,107.9,33.3,73.3,7.7,3.8,20.2,12.6,17.3,43.8
2015-16,Regular+Season,BKN,Brooklyn Nets,82,21,61,48.2,109.7,31.9,71.6,7.6,4.0,18.3,12.1,14.5,47.9
2015-16,Regular+Season,LAL,Los Angeles Lakers,82,17,65,48.1,110.3,32.3,71.2,7.2,4.1,16.5,14.3,17.0,47.8
2015-16,Regular+Season,PHI,Philadelphia 76ers,82,10,72,48.3,108.6,31.8,69.3,8.3,6.0,20.0,14.7,16.7,45.6
2015-16,Playoffs,CLE,Cleveland Cavaliers,21,16,5,48.0,105.2,32.6,74.5,7.8,4.2,13.5,10.6,8.4,36.9
2015-16,Playoffs,GSW,Golden State Warriors,24,15,9,48.2,105.1,32.7,67.6,8.0,5.5,16.0,15.5,15.2,42.3
2015-16,Playoffs,OKC,Oklahoma City Thunder,18,11,7,48.0,105.8,34.4,72.7,7.7,5.4,14.8,11.2,13.7,40.8
2015-16,Playoffs,TOR,Toronto Raptors,20,10,10,48.8,106.4,29.6,73.7,7.5,3.7,15.0,12.0,11.4,39.1
2015-16,Playoffs,MIA,Miami Heat,14,7,7,49.1,101.3,35.1,74.0,5.4,5.9,14.6,11.1,7.6,40.9
2015-16,Playoffs,SAS,San Antonio Spurs,10,6,4,48.0,100.5,31.6,68.6,9.1,7.0,12.4,12.7,13.1,39.0
2015-16,Playoffs,POR,Portland Trail Blazers,11,5,6,48.5,108.5,34.7,73.4,6.2,3.9,14.1,13.7,11.8,43.1
2015-16,Playoffs,ATL,Atlanta Hawks,10,4,6,48.5,104.0,35.4,70.5,7.5,7.6,16.5,13.6,11.6,36.0
2015-16,Playoffs,CHA,Charlotte Hornets,7,3,4,48.0,108.1,29.7,72.4,5.7,3.3,9.7,13.6,9.4,43.4
2015-16,Playoffs,IND,Indiana Pacers,7,3,4,48.0,101.9,30.1,62.0,7.6,5.6,16.9,16.0,9.6,37.1
2015-16,Playoffs,BOS,Boston Celtics,6,2,4,48.8,101.2,35.3,74.8,6.3,6.5,14.3,11.5,15.2,44.7
2015-16,Playoffs,LAC,LA Clippers,6,2,4,48.0,101.9,34.8,69.3,8.5,4.7,10.3,13.7,13.7,36.7
2015-16,Playoffs,DAL,Dallas Mavericks,5,1,4,48.0,120.4,25.8,62.7,6.0,2.4,16.6,16.6,17.4,42.0
2015-16,Playoffs,HOU,Houston Rockets,5,1,4,48.0,110.7,33.0,74.2,8.4,4.2,23.6,11.4,19.0,43.2
2015-16,Playoffs,DET,Detroit Pistons,4,0,4,48.0,119.3,30.8,70.1,5.3,3.3,16.8,13.0,10.5,33.5
2015-16,Playoffs,MEM,Memphis Grizzlies,4,0,4,48.0,113.2,27.3,73.3,7.8,4.0,19.3,9.5,14.5,37.5
2015-16,All+Star,West NBA All Stars West,West NBA All Stars West,1,1,0,48.0,119.3,42.0,68.8,20.0,0.0,19.0,31.0,30.0,96.0
2015-16,All+Star,East NBA All Stars East,East NBA All Stars East,1,0,1,48.0,136.1,42.0,69.1,11.0,2.0,25.0,31.0,44.0,88.0
2016-17,Pre+Season,GSW,Golden State Warriors,7,6,1,48.7,96.6,37.3,71.1,10.7,7.4,20.7,15.9,16.1,39.4
2016-17,Pre+Season,ATL,Atlanta Hawks,7,5,2,48.0,93.2,37.6,75.3,7.4,5.7,18.9,9.7,14.1,34.9
2016-17,Pre+Season,BOS,Boston Celtics,7,5,2,48.0,96.7,34.1,71.6,9.9,4.4,19.6,13.7,13.7,42.0
2016-17,Pre+Season,HOU,Houston Rockets,7,5,2,49.4,102.3,37.9,76.1,7.9,5.4,18.4,11.7,13.9,43.4
2016-17,Pre+Season,MIN,Minnesota Timberwolves,7,5,2,48.0,93.1,35.9,77.0,10.1,6.7,20.4,11.4,12.4,40.0
2016-17,Pre+Season,DEN,Denver Nuggets,8,4,4,48.6,100.9,37.9,75.9,8.0,4.1,17.1,11.4,12.5,39.8
2016-17,Pre+Season,MEM,Memphis Grizzlies,6,4,2,49.7,97.0,32.5,72.2,11.8,4.7,16.3,12.8,14.2,41.7
2016-17,Pre+Season,MIA,Miami Heat,8,4,4,48.0,99.1,36.5,73.0,8.5,6.5,16.9,14.9,11.3,39.5
2016-17,Pre+Season,NYK,New York Knicks,6,4,2,48.0,104.1,29.8,70.9,12.0,4.3,22.5,12.3,13.8,41.7
2016-17,Pre+Season,PHX,Phoenix Suns,6,4,2,48.0,96.4,33.3,70.8,11.3,5.2,19.0,14.2,14.8,38.7
2016-17,Pre+Season,POR,Portland Trail Blazers,7,4,3,48.7,101.4,38.4,77.4,7.0,3.7,20.4,11.6,13.3,40.6
2016-17,Pre+Season,SAS,San Antonio Spurs,6,4,2,48.0,93.5,35.7,72.9,11.0,5.3,18.5,11.5,17.0,42.3
2016-17,Pre+Season,TOR,Toronto Raptors,7,4,3,48.0,105.0,30.3,72.7,11.1,4.9,14.4,11.7,10.1,35.4
2016-17,Pre+Season,WAS,Washington Wizards,7,4,3,49.4,97.1,33.6,76.9,12.0,3.0,15.3,9.9,15.0,41.4
2016-17,Pre+Season,CHA,Charlotte Hornets,7,3,4,48.7,98.0,36.9,73.4,7.1,5.0,20.0,14.0,12.3,36.0
2016-17,Pre+Season,CHI,Chicago Bulls,7,3,4,48.7,100.1,37.6,75.7,7.0,7.4,18.6,11.4,16.1,38.6
2016-17,Pre+Season,DET,Detroit Pistons,6,3,3,48.0,94.4,34.3,75.9,8.2,3.3,18.2,9.7,7.7,36.0
2016-17,Pre+Season,IND,Indiana Pacers,6,3,3,48.0,102.6,35.2,74.9,9.5,4.8,14.8,8.2,14.8,42.0
2016-17,Pre+Season,LAC,LA Clippers,6,3,3,48.0,103.2,31.3,74.8,8.2,3.3,22.0,9.3,16.7,41.3
2016-17,Pre+Season,MIL,Milwaukee Bucks,6,3,3,48.0,101.0,32.5,72.3,8.7,4.8,20.3,11.0,16.0,39.3
2016-17,Pre+Season,OKC,Oklahoma City Thunder,6,3,3,48.8,104.6,34.0,71.8,9.0,4.3,21.8,15.8,12.0,36.7
2016-17,Pre+Season,SAC,Sacramento Kings,6,3,3,48.0,101.6,33.8,74.7,12.3,4.0,23.0,11.0,17.5,36.0
2016-17,Pre+Season,UTA,Utah Jazz,6,3,3,48.0,96.8,35.2,76.6,9.0,5.0,18.8,9.8,12.7,40.0
2016-17,Pre+Season,CLE,Cleveland Cavaliers,6,2,4,48.0,105.8,33.0,71.6,8.5,4.2,16.3,14.0,15.3,45.7
2016-17,Pre+Season,DAL,Dallas Mavericks,7,2,5,48.0,105.4,33.0,69.9,6.9,4.7,17.6,12.4,17.4,38.9
2016-17,Pre+Season,LAL,Los Angeles Lakers,8,2,6,48.6,103.0,32.4,70.5,9.9,3.8,20.5,13.5,16.0,45.3
2016-17,Pre+Season,ORL,Orlando Magic,7,2,5,48.7,105.8,34.3,76.7,7.9,4.6,21.7,11.4,13.6,43.1
2016-17,Pre+Season,PHI,Philadelphia 76ers,7,2,5,49.4,103.3,35.1,73.6,8.1,5.7,21.6,10.7,17.4,44.3
2016-17,Pre+Season,BKN,Brooklyn Nets,6,1,5,48.0,106.5,32.0,69.9,9.3,1.7,22.2,14.2,15.2,46.3
2016-17,Pre+Season,Madrid Real Madrid,Madrid Real Madrid,1,1,0,53.0,122.3,29.0,64.0,9.0,5.0,37.0,18.0,10.0,60.0
2016-17,Pre+Season,NOP,New Orleans Pelicans,6,1,5,48.8,107.6,37.8,70.6,6.5,4.3,20.5,14.5,13.5,46.3
2016-17,Pre+Season,Barcelona FC Barcelona Lassa,Barcelona FC Barcelona Lassa,1,0,1,48.0,98.9,22.0,68.6,15.0,2.0,31.0,5.0,12.0,40.0
2016-17,Pre+Season,Buenos Aires San Lorenzo,Buenos Aires San Lorenzo,1,0,1,48.0,138.6,20.0,64.9,7.0,3.0,26.0,14.0,13.0,58.0
2016-17,Pre+Season,Haifa Maccabi Haifa,Haifa Maccabi Haifa,1,0,1,48.0,128.6,21.0,-,7.0,0.0,37.0,12.0,28.0,78.0
2016-17,Pre+Season,Shanghai Shanghai Sharks,Shanghai Shanghai Sharks,1,0,1,48.0,128.4,35.0,70.6,4.0,2.0,34.0,15.0,22.0,64.0
2016-17,Regular+Season,GSW,Golden State Warriors,82,67,15,48.2,103.4,35.0,70.9,9.6,6.8,16.7,14.0,14.4,45.4
2016-17,Regular+Season,SAS,San Antonio Spurs,82,61,21,48.3,102.9,33.9,73.0,8.0,5.9,14.7,12.4,12.6,40.8
2016-17,Regular+Season,HOU,Houston Rockets,82,55,27,48.2,108.4,33.5,71.7,8.2,4.3,17.5,13.8,14.3,49.0
2016-17,Regular+Season,BOS,Boston Celtics,82,53,29,48.2,108.0,32.9,70.5,7.5,4.1,15.2,13.9,12.2,43.2
2016-17,Regular+Season,CLE,Cleveland Cavaliers,82,51,31,48.5,109.7,34.4,72.2,6.6,4.0,16.6,13.7,13.3,44.5
2016-17,Regular+Season,LAC,LA Clippers,82,51,31,48.2,107.5,34.0,73.3,7.5,4.2,15.2,12.7,14.3,42.7
2016-17,Regular+Season,TOR,Toronto Raptors,82,51,31,48.2,107.1,32.6,71.7,8.3,4.9,14.9,13.1,11.5,41.7
2016-17,Regular+Season,UTA,Utah Jazz,82,51,31,48.2,104.7,33.8,74.3,6.7,5.0,15.2,10.7,10.5,41.0
2016-17,Regular+Season,WAS,Washington Wizards,82,49,33,48.4,108.8,32.6,71.6,8.5,4.1,16.4,13.8,12.1,43.9
2016-17,Regular+Season,OKC,Oklahoma City Thunder,82,47,35,48.3,107.1,34.4,74.2,7.9,5.0,16.9,12.2,11.1,47.5
2016-17,Regular+Season,ATL,Atlanta Hawks,82,43,39,48.5,105.2,34.1,71.7,8.2,4.8,17.4,13.2,12.8,39.1
2016-17,Regular+Season,MEM,Memphis Grizzlies,82,43,39,48.5,106.5,32.0,73.1,8.0,4.2,14.8,11.5,14.6,37.8
2016-17,Regular+Season,IND,Indiana Pacers,82,42,40,48.4,108.1,33.0,71.3,8.2,5.0,16.2,12.9,10.6,39.7
2016-17,Regular+Season,MIL,Milwaukee Bucks,82,42,40,48.2,108.7,31.6,70.6,8.1,5.3,16.2,12.7,11.7,43.7
2016-17,Regular+Season,CHI,Chicago Bulls,82,41,41,48.2,106.2,34.1,73.3,7.8,4.8,15.5,11.9,13.7,45.2
2016-17,Regular+Season,MIA,Miami Heat,82,41,41,48.2,106.4,33.0,71.8,7.2,5.7,13.9,12.8,10.3,44.5
2016-17,Regular+Season,POR,Portland Trail Blazers,82,41,41,48.6,110.0,33.5,72.0,7.0,5.0,15.7,12.6,12.7,42.9
2016-17,Regular+Season,DEN,Denver Nuggets,82,40,42,48.2,111.7,34.6,75.3,6.9,3.9,18.0,12.2,14.3,47.4
2016-17,Regular+Season,DET,Detroit Pistons,82,37,45,48.3,106.7,34.6,77.5,7.0,3.8,12.7,10.1,10.7,41.2
2016-17,Regular+Season,CHA,Charlotte Hornets,82,36,46,48.4,108.4,34.8,74.9,7.0,4.8,13.1,11.4,12.9,40.5
2016-17,Regular+Season,NOP,New Orleans Pelicans,82,34,48,48.5,106.8,35.1,72.8,7.8,5.5,15.6,12.4,13.6,44.1
2016-17,Regular+Season,DAL,Dallas Mavericks,82,33,49,48.2,107.7,30.7,73.3,7.5,3.7,14.0,11.6,13.6,39.5
2016-17,Regular+Season,SAC,Sacramento Kings,82,32,50,48.5,110.8,32.3,72.3,7.6,4.0,17.4,12.5,14.7,40.7
2016-17,Regular+Season,MIN,Minnesota Timberwolves,82,31,51,48.3,110.9,31.0,71.0,8.0,4.5,17.2,13.4,13.9,46.2
2016-17,Regular+Season,NYK,New York Knicks,82,31,51,48.4,110.7,33.2,69.8,7.1,5.5,16.5,14.7,14.0,46.1
2016-17,Regular+Season,ORL,Orlando Magic,82,29,53,48.3,110.3,33.3,72.6,7.1,4.8,15.9,13.3,13.0,46.6
2016-17,Regular+Season,PHI,Philadelphia 76ers,82,28,54,48.4,108.2,33.0,70.9,8.4,5.1,18.5,13.4,15.3,45.1
2016-17,Regular+Season,LAL,Los Angeles Lakers,82,26,56,48.1,112.0,32.1,71.7,8.2,3.9,18.0,13.3,16.2,47.4
2016-17,Regular+Season,PHX,Phoenix Suns,82,24,58,48.4,111.3,33.1,71.8,8.2,4.9,18.1,13.5,16.0,44.0
2016-17,Regular+Season,BKN,Brooklyn Nets,82,20,62,48.2,110.1,35.1,71.6,7.2,4.7,19.1,14.3,14.0,45.0
2016-17,Playoffs,GSW,Golden State Warriors,17,16,1,48.0,105.3,36.5,73.2,8.7,6.1,17.4,12.5,13.5,45.1
2016-17,Playoffs,CLE,Cleveland Cavaliers,18,13,5,48.0,111.8,32.9,70.4,7.4,4.7,14.5,12.4,13.4,43.0
2016-17,Playoffs,BOS,Boston Celtics,18,9,9,48.3,113.5,28.5,68.2,7.7,4.1,15.3,14.3,12.7,46.1
2016-17,Playoffs,SAS,San Antonio Spurs,16,8,8,48.6,111.6,31.7,73.7,7.8,4.7,15.9,11.3,16.3,41.1
2016-17,Playoffs,WAS,Washington Wizards,13,7,6,48.4,110.5,31.8,71.9,7.9,6.6,16.2,13.5,12.3,43.1
2016-17,Playoffs,HOU,Houston Rockets,11,6,5,48.5,108.9,33.0,67.9,7.7,4.6,18.5,14.2,14.9,48.4
2016-17,Playoffs,TOR,Toronto Raptors,10,4,6,48.0,110.1,32.5,75.9,7.4,4.4,16.3,8.2,12.4,37.0
2016-17,Playoffs,UTA,Utah Jazz,11,4,7,48.0,110.4,32.4,76.9,7.4,3.2,13.4,11.4,12.6,41.3
2016-17,Playoffs,LAC,LA Clippers,7,3,4,48.0,109.0,30.0,78.2,6.3,2.4,15.1,11.0,7.6,42.6
2016-17,Playoffs,ATL,Atlanta Hawks,6,2,4,48.0,107.7,33.0,73.1,6.0,3.3,18.3,10.3,20.7,39.3
2016-17,Playoffs,CHI,Chicago Bulls,6,2,4,48.0,110.5,34.2,74.7,7.2,5.2,16.7,11.2,11.2,46.3
2016-17,Playoffs,MEM,Memphis Grizzlies,6,2,4,48.8,119.2,27.8,69.2,5.2,2.5,14.7,13.3,9.2,36.7
2016-17,Playoffs,MIL,Milwaukee Bucks,6,2,4,48.0,103.7,29.8,74.0,8.2,5.0,16.3,9.7,11.3,37.0
2016-17,Playoffs,OKC,Oklahoma City Thunder,5,1,4,48.0,113.7,31.4,68.6,8.4,8.0,12.0,18.4,6.6,51.6
2016-17,Playoffs,IND,Indiana Pacers,4,0,4,48.0,119.0,30.3,71.1,8.0,3.8,13.3,12.5,4.5,39.0
2016-17,Playoffs,POR,Portland Trail Blazers,4,0,4,48.0,116.9,34.0,73.6,7.3,4.8,16.3,10.8,20.0,44.5
2016-17,All+Star,West NBA All Stars West,West NBA All Stars West,1,1,0,48.0,123.0,46.0,81.4,16.0,1.0,30.0,14.0,107.0,106.0
2016-17,All+Star,East NBA All Stars East,East NBA All Stars East,1,0,1,48.0,128.9,40.0,72.9,17.0,1.0,25.0,23.0,106.0,120.0
2017-18,Pre+Season,POR,Portland Trail Blazers,6,5,1,48.0,91.9,36.7,78.0,8.0,4.5,17.0,3.0,9.2,34.7
2017-18,Pre+Season,UTA,Utah Jazz,5,5,0,48.0,86.5,36.0,79.6,11.0,5.6,22.4,2.4,12.6,33.2
2017-18,Pre+Season,BOS,Boston Celtics,4,4,0,48.0,90.7,36.8,76.6,10.0,5.3,15.3,6.3,5.5,42.5
2017-18,Pre+Season,DAL,Dallas Mavericks,6,4,2,48.0,95.1,37.0,80.0,9.3,4.2,14.8,4.7,7.0,35.3
2017-18,Pre+Season,HOU,Houston Rockets,5,4,1,48.0,89.7,35.0,80.9,10.4,5.0,14.4,2.2,8.0,41.2
2017-18,Pre+Season,WAS,Washington Wizards,5,4,1,47.2,98.1,32.0,77.4,8.2,4.2,19.6,4.4,7.6,41.2
2017-18,Pre+Season,BKN,Brooklyn Nets,4,3,1,48.0,90.9,39.5,78.0,9.8,4.8,17.0,1.8,7.8,38.5
2017-18,Pre+Season,CHI,Chicago Bulls,6,3,3,47.2,101.7,35.2,85.1,8.0,5.2,15.2,1.7,8.7,38.0
2017-18,Pre+Season,DEN,Denver Nuggets,5,3,2,48.0,98.3,33.2,75.2,8.8,3.8,17.8,8.0,13.2,47.2
2017-18,Pre+Season,IND,Indiana Pacers,4,3,1,48.0,93.4,33.5,81.2,10.8,4.8,19.8,0.0,3.3,41.5
2017-18,Pre+Season,MEM,Memphis Grizzlies,5,3,2,48.0,87.6,38.4,83.3,9.4,6.0,15.4,2.2,12.8,39.6
2017-18,Pre+Season,MIA,Miami Heat,6,3,3,48.0,97.1,36.0,74.2,8.5,6.2,22.0,4.3,7.7,44.0
2017-18,Pre+Season,OKC,Oklahoma City Thunder,4,3,1,48.0,88.6,37.5,76.8,6.8,6.5,23.5,5.3,8.8,28.5
2017-18,Pre+Season,ORL,Orlando Magic,6,3,3,48.0,93.0,36.5,76.3,8.2,7.0,16.5,1.3,7.7,38.3
2017-18,Pre+Season,SAS,San Antonio Spurs,5,3,2,47.0,97.2,34.6,75.9,8.2,5.2,21.0,1.2,7.0,44.9
2017-18,Pre+Season,TOR,Toronto Raptors,5,3,2,48.0,95.5,34.0,82.5,10.2,5.2,19.6,1.8,2.2,41.2
2017-18,Pre+Season,ATL,Atlanta Hawks,5,2,3,48.0,94.5,33.8,77.0,8.0,3.0,17.0,1.8,6.6,36.8
2017-18,Pre+Season,CHA,Charlotte Hornets,5,2,3,48.0,99.2,35.4,79.6,7.0,4.0,16.6,5.2,5.4,38.0
2017-18,Pre+Season,DET,Detroit Pistons,5,2,3,48.0,102.6,33.8,83.7,7.0,3.0,13.6,0.4,3.8,41.6
2017-18,Pre+Season,GSW,Golden State Warriors,4,2,2,48.0,103.6,31.0,72.2,9.0,6.5,21.5,6.8,8.8,43.0
2017-18,Pre+Season,LAC,LA Clippers,5,2,3,48.0,95.9,33.4,75.3,9.8,2.6,20.0,5.4,6.2,40.4
2017-18,Pre+Season,LAL,Los Angeles Lakers,6,2,4,48.0,93.2,36.3,77.2,11.2,3.5,21.7,6.5,7.7,41.3
2017-18,Pre+Season,MIN,Minnesota Timberwolves,3,2,1,48.0,102.4,30.7,70.0,7.3,1.7,20.7,6.0,8.0,44.0
2017-18,Pre+Season,PHI,Philadelphia 76ers,5,2,3,48.0,95.9,40.2,77.9,9.6,6.4,20.0,3.4,6.6,42.4
2017-18,Pre+Season,PHX,Phoenix Suns,5,2,3,48.0,99.1,37.6,70.5,8.2,7.2,23.0,4.4,10.0,42.0
2017-18,Pre+Season,CLE,Cleveland Cavaliers,5,1,4,48.0,99.8,35.0,79.9,8.4,3.8,22.2,0.0,8.4,38.8
2017-18,Pre+Season,MIL,Milwaukee Bucks,4,1,3,48.0,103.1,32.8,73.1,7.8,5.0,19.8,4.3,4.0,41.5
2017-18,Pre+Season,NOP,New Orleans Pelicans,4,1,3,46.9,105.2,32.5,78.9,8.0,5.5,19.8,4.5,7.3,39.5
2017-18,Pre+Season,SAC,Sacramento Kings,6,1,5,48.0,101.7,29.7,74.8,6.8,2.8,16.2,2.3,10.7,41.7
2017-18,Pre+Season,Brisbane Bullets,Brisbane Bullets,1,0,1,48.0,104.6,36.0,81.8,5.0,3.0,9.0,0.0,23.0,42.0
2017-18,Pre+Season,Guangzhou Long-Lions,Guangzhou Long-Lions,1,0,1,44.2,117.5,18.0,63.6,10.0,1.0,15.0,14.0,15.0,72.0
2017-18,Pre+Season,Haifa Maccabi Haifa,Haifa Maccabi Haifa,3,0,3,48.0,114.2,26.3,75.2,10.0,5.3,29.0,0.0,9.3,46.0
2017-18,Pre+Season,Melbourne United,Melbourne United,1,0,1,48.0,88.7,33.0,65.0,5.0,3.0,12.0,13.0,4.0,36.0
2017-18,Pre+Season,NYK,New York Knicks,5,0,5,48.0,106.0,32.6,79.7,9.6,3.6,24.4,1.4,6.0,38.4
2017-18,Pre+Season,Shanghai Sharks,Shanghai Sharks,1,0,1,48.0,128.6,29.0,78.4,9.0,1.0,41.0,0.0,21.0,62.0
2017-18,Pre+Season,SAC,Sacramento Kings,1,0,1,48.0,105.9,29.0,71.4,11.0,1.0,21.0,11.0,10.0,64.0
2017-18,Regular+Season,HOU,Houston Rockets,82,65,17,48.2,105.7,34.5,75.0,8.5,4.8,15.8,11.9,11.9,48.0
2017-18,Regular+Season,TOR,Toronto Raptors,82,59,23,48.4,105.3,34.2,72.5,7.6,6.1,15.0,13.2,11.6,45.3
2017-18,Regular+Season,GSW,Golden State Warriors,82,58,24,48.1,106.8,35.1,71.2,8.0,7.5,18.5,13.7,14.1,47.4
2017-18,Regular+Season,BOS,Boston Celtics,82,55,27,48.3,103.2,35.1,73.9,7.4,4.5,15.6,11.2,10.4,43.8
2017-18,Regular+Season,PHI,Philadelphia 76ers,82,52,30,48.2,103.9,36.5,73.6,8.3,5.1,18.5,12.3,10.3,41.6
2017-18,Regular+Season,CLE,Cleveland Cavaliers,82,50,32,48.1,111.1,33.7,73.0,7.1,3.8,16.5,12.7,11.3,47.0
2017-18,Regular+Season,POR,Portland Trail Blazers,82,49,33,48.2,105.7,35.3,74.6,7.0,5.2,14.9,11.7,11.3,42.1
2017-18,Regular+Season,IND,Indiana Pacers,82,48,34,48.2,107.3,32.7,72.1,8.8,4.1,14.8,12.8,12.3,44.8
2017-18,Regular+Season,NOP,New Orleans Pelicans,82,48,34,48.7,107.4,35.6,72.6,8.0,5.9,17.3,13.8,14.2,47.7
2017-18,Regular+Season,OKC,Oklahoma City Thunder,82,48,34,48.4,106.4,32.6,72.5,9.1,5.0,14.4,12.8,11.2,43.5
2017-18,Regular+Season,UTA,Utah Jazz,82,48,34,48.2,103.0,34.2,75.6,8.6,5.1,16.4,10.8,9.5,41.8
2017-18,Regular+Season,MIN,Minnesota Timberwolves,82,47,35,48.3,110.2,31.6,72.0,8.4,4.2,15.2,13.0,12.9,45.7
2017-18,Regular+Season,SAS,San Antonio Spurs,82,47,35,48.1,104.1,33.9,74.1,7.7,5.6,15.0,12.2,12.5,44.1
2017-18,Regular+Season,DEN,Denver Nuggets,82,46,36,48.5,110.0,33.5,73.6,7.6,4.9,18.7,11.2,13.0,47.3
2017-18,Regular+Season,MIA,Miami Heat,82,44,38,48.6,105.8,34.2,74.1,7.6,5.3,15.6,11.8,11.0,43.5
2017-18,Regular+Season,MIL,Milwaukee Bucks,82,44,38,48.4,109.1,31.5,70.9,8.8,5.4,15.8,13.0,10.1,47.3
2017-18,Regular+Season,WAS,Washington Wizards,82,43,39,48.4,107.7,33.1,73.2,7.9,4.3,17.1,13.1,11.0,45.4
2017-18,Regular+Season,LAC,LA Clippers,82,42,40,48.1,109.2,33.7,71.8,7.7,4.5,17.4,13.2,15.4,44.8
2017-18,Regular+Season,DET,Detroit Pistons,82,39,43,48.3,106.7,33.6,74.0,7.7,3.9,14.9,11.2,9.9,43.6
2017-18,Regular+Season,CHA,Charlotte Hornets,82,36,46,48.2,109.0,35.4,76.3,6.8,4.5,14.8,10.7,10.7,45.2
2017-18,Regular+Season,LAL,Los Angeles Lakers,82,35,47,48.5,107.3,35.7,72.9,7.7,4.7,18.2,13.5,12.7,49.0
2017-18,Regular+Season,NYK,New York Knicks,82,29,53,48.4,109.7,33.6,72.7,6.7,5.1,17.4,13.2,11.4,43.4
2017-18,Regular+Season,BKN,Brooklyn Nets,82,28,54,48.4,109.7,34.8,73.1,6.2,4.8,17.3,13.6,11.6,47.8
2017-18,Regular+Season,CHI,Chicago Bulls,82,27,55,48.4,110.5,35.0,76.7,7.6,3.5,16.3,11.2,11.3,44.5
2017-18,Regular+Season,SAC,Sacramento Kings,82,27,55,48.2,110.4,31.4,73.1,7.8,4.1,15.7,11.6,12.3,42.2
2017-18,Regular+Season,ORL,Orlando Magic,82,25,57,48.1,109.4,32.8,71.4,7.6,4.9,17.0,12.8,12.9,48.3
2017-18,Regular+Season,ATL,Atlanta Hawks,82,24,58,48.1,110.1,32.8,71.9,7.8,4.2,17.9,12.9,13.0,44.4
2017-18,Regular+Season,DAL,Dallas Mavericks,82,24,58,48.3,108.4,33.1,74.9,7.0,3.8,13.9,11.4,14.3,42.2
2017-18,Regular+Season,MEM,Memphis Grizzlies,82,22,60,48.1,110.4,31.0,72.1,7.5,4.8,17.3,11.8,14.3,42.1
2017-18,Regular+Season,PHX,Phoenix Suns,82,21,61,48.1,111.7,33.9,72.4,6.9,4.5,18.6,13.2,14.6,47.1
2017-18,Playoffs,GSW,Golden State Warriors,21,16,5,48.2,102.0,35.9,73.2,7.9,5.8,14.5,12.9,12.2,46.0
2017-18,Playoffs,CLE,Cleveland Cavaliers,22,12,10,48.5,111.1,31.6,74.4,6.0,4.4,14.4,12.4,13.0,46.4
2017-18,Playoffs,BOS,Boston Celtics,19,11,8,48.5,106.2,32.8,74.7,6.8,4.1,12.5,10.7,11.1,44.7
2017-18,Playoffs,HOU,Houston Rockets,17,11,6,48.0,107.0,34.2,75.5,8.1,5.5,13.7,9.9,12.4,45.9
2017-18,Playoffs,NOP,New Orleans Pelicans,9,5,4,48.0,107.0,37.7,76.2,8.1,5.0,19.9,13.0,18.6,45.3
2017-18,Playoffs,PHI,Philadelphia 76ers,10,5,5,48.5,105.0,36.1,76.9,7.8,4.1,16.6,9.7,13.3,38.8
2017-18,Playoffs,UTA,Utah Jazz,11,5,6,48.0,106.1,35.6,75.4,7.5,5.0,18.9,12.2,12.5,40.4
2017-18,Playoffs,TOR,Toronto Raptors,10,4,6,48.5,116.4,30.7,71.9,5.7,6.1,16.4,10.9,14.3,47.4
2017-18,Playoffs,IND,Indiana Pacers,7,3,4,48.0,103.4,31.9,73.5,8.1,2.7,14.3,8.7,9.0,33.7
2017-18,Playoffs,MIL,Milwaukee Bucks,7,3,4,48.7,108.8,33.0,69.8,6.6,6.7,15.7,14.7,9.1,44.0
2017-18,Playoffs,OKC,Oklahoma City Thunder,6,2,4,48.0,106.9,34.7,71.3,8.8,4.2,15.3,15.2,11.7,44.3
2017-18,Playoffs,WAS,Washington Wizards,6,2,4,48.0,110.8,31.5,73.6,7.8,5.2,16.0,11.8,15.8,48.7
2017-18,Playoffs,MIA,Miami Heat,5,1,4,48.0,112.2,31.4,65.5,8.8,6.4,20.6,16.2,10.2,45.6
2017-18,Playoffs,MIN,Minnesota Timberwolves,5,1,4,48.0,116.0,36.6,74.5,5.0,3.2,13.6,14.6,8.0,44.4
2017-18,Playoffs,SAS,San Antonio Spurs,5,1,4,48.0,111.9,29.2,70.9,7.6,3.0,13.8,10.4,14.8,35.2
2017-18,Playoffs,POR,Portland Trail Blazers,4,0,4,48.0,113.9,32.3,78.1,8.3,3.8,18.5,10.5,16.8,54.0
2018-19,Pre+Season,LAC,LA Clippers,5,5,0,48.0,86.7,40.2,74.9,9.4,7.0,13.6,13.6,11.6,43.6
2018-19,Pre+Season,UTA,Utah Jazz,5,5,0,48.0,86.0,41.8,75.6,10.8,4.8,16.2,14.6,12.4,42.4
2018-19,Pre+Season,CHA,Charlotte Hornets,5,4,1,48.0,101.3,40.4,75.2,6.8,6.0,21.6,13.8,15.0,46.4
2018-19,Pre+Season,DEN,Denver Nuggets,5,4,1,48.0,97.5,36.2,75.5,10.4,5.0,15.4,12.2,16.8,46.0
2018-19,Pre+Season,HOU,Houston Rockets,5,4,1,48.0,98.4,32.8,73.2,11.4,6.2,18.6,13.4,11.0,49.2
2018-19,Pre+Season,TOR,Toronto Raptors,5,4,1,48.0,93.1,36.6,71.3,10.0,6.0,15.6,15.0,11.8,45.6
2018-19,Pre+Season,WAS,Washington Wizards,5,4,1,49.0,100.6,37.6,76.7,10.6,7.4,20.0,10.8,13.0,35.6
2018-19,Pre+Season,LAL,Los Angeles Lakers,6,3,3,48.0,100.9,36.7,70.9,9.0,6.0,23.2,13.3,16.7,47.0
2018-19,Pre+Season,MIA,Miami Heat,6,3,3,48.0,103.8,36.2,80.5,10.5,5.5,21.7,7.8,13.0,48.0
2018-19,Pre+Season,MIL,Milwaukee Bucks,4,3,1,49.3,98.6,43.0,70.1,6.3,6.0,16.5,14.5,6.8,45.5
2018-19,Pre+Season,NYK,New York Knicks,5,3,2,49.0,99.5,37.2,69.3,11.0,5.8,17.4,13.2,10.4,46.8
2018-19,Pre+Season,OKC,Oklahoma City Thunder,4,3,1,49.3,95.8,37.0,74.9,10.3,7.5,17.3,8.0,7.3,46.0
2018-19,Pre+Season,PHI,Philadelphia 76ers,4,3,1,48.0,102.2,34.8,72.9,10.0,6.8,21.5,10.5,8.8,39.5
2018-19,Pre+Season,POR,Portland Trail Blazers,5,3,2,48.0,105.7,35.8,73.8,6.2,4.4,19.8,13.2,13.0,40.0
2018-19,Pre+Season,SAS,San Antonio Spurs,5,3,2,48.0,100.6,38.0,72.1,7.0,5.2,16.2,16.0,13.4,43.6
2018-19,Pre+Season,ATL,Atlanta Hawks,5,2,3,48.0,105.1,35.0,70.3,9.8,6.2,25.6,17.0,14.6,51.2
2018-19,Pre+Season,BKN,Brooklyn Nets,4,2,2,49.3,104.5,36.0,70.5,7.8,5.5,29.0,15.3,9.5,41.5
2018-19,Pre+Season,CHI,Chicago Bulls,5,2,3,48.0,100.2,39.6,77.1,7.6,4.6,13.2,12.8,14.6,48.8
2018-19,Pre+Season,CLE,Cleveland Cavaliers,4,2,2,48.0,109.3,35.8,75.4,6.5,3.3,19.8,14.5,15.0,51.0
2018-19,Pre+Season,DAL,Dallas Mavericks,4,2,2,48.0,101.2,33.8,72.7,9.8,7.3,18.3,14.0,13.5,40.5
2018-19,Pre+Season,DET,Detroit Pistons,5,2,3,49.0,105.6,33.0,70.8,6.8,3.6,14.6,16.0,9.8,43.2
2018-19,Pre+Season,IND,Indiana Pacers,4,2,2,49.3,98.3,39.3,76.0,8.3,6.5,23.5,11.3,13.3,40.0
2018-19,Pre+Season,MEM,Memphis Grizzlies,5,2,3,49.0,106.0,33.6,68.3,9.6,4.6,22.4,15.2,14.2,38.0
2018-19,Pre+Season,ORL,Orlando Magic,5,2,3,48.0,93.4,39.4,80.6,7.6,5.4,13.8,5.4,11.4,32.8
2018-19,Pre+Season,PHX,Phoenix Suns,5,2,3,48.0,108.1,32.8,70.0,6.6,6.8,24.0,14.0,9.6,42.8
2018-19,Pre+Season,SAC,Sacramento Kings,6,2,4,48.0,110.2,31.2,73.3,8.7,4.5,15.8,11.0,15.7,50.3
2018-19,Pre+Season,BOS,Boston Celtics,4,1,3,48.0,103.6,37.8,73.9,8.5,6.5,14.3,12.8,13.0,42.0
2018-19,Pre+Season,GSW,Golden State Warriors,5,1,4,48.0,105.0,35.8,72.2,8.2,5.4,19.2,12.4,20.8,46.4
2018-19,Pre+Season,MIN,Minnesota Timberwolves,5,1,4,48.0,112.8,33.6,74.6,7.0,5.2,19.6,14.6,17.6,52.4
2018-19,Pre+Season,Adelaide 36ers,Adelaide 36ers,1,0,1,48.0,110.3,38.0,75.0,12.0,5.0,22.0,10.0,16.0,58.0
2018-19,Pre+Season,Beijing Ducks,Beijing Ducks,1,0,1,48.0,126.1,22.0,60.0,4.0,2.0,22.0,11.0,27.0,42.0
2018-19,Pre+Season,Flamengo Flamengo,Flamengo Flamengo,1,0,1,48.0,119.0,29.0,84.2,5.0,0.0,20.0,4.0,22.0,52.0
2018-19,Pre+Season,Guangzhou Long-Lions,Guangzhou Long-Lions,1,0,1,48.0,138.6,22.0,57.1,8.0,1.0,28.0,26.0,27.0,74.0
2018-19,Pre+Season,Haifa Maccabi Haifa,Haifa Maccabi Haifa,2,0,2,48.0,120.8,27.0,62.2,5.5,4.0,28.0,21.0,27.5,71.0
2018-19,Pre+Season,Melbourne United,Melbourne United,2,0,2,48.0,110.9,29.0,71.1,7.5,0.5,21.5,13.0,19.0,56.0
2018-19,Pre+Season,NOP,New Orleans Pelicans,5,0,5,48.0,109.3,38.2,71.7,6.8,6.0,25.4,14.6,15.0,65.2
2018-19,Pre+Season,New Zealand Breakers,New Zealand Breakers,1,0,1,48.0,92.9,32.0,66.7,9.0,5.0,17.0,12.0,8.0,32.0
2018-19,Pre+Season,Perth Wildcats,Perth Wildcats,2,0,2,48.0,114.1,27.5,67.0,8.5,1.5,21.0,21.0,19.0,56.0
2018-19,Pre+Season,Shanghai Sharks,Shanghai Sharks,1,0,1,48.0,128.0,29.0,70.5,8.0,0.0,31.0,15.0,27.0,36.0
2018-19,Pre+Season,SAC,Sacramento Kings,1,0,1,48.0,106.8,36.0,74.5,4.0,2.0,26.0,7.0,25.0,52.0
2018-19,Regular+Season,MIL,Milwaukee Bucks,82,60,22,48.2,104.9,40.4,75.7,7.5,5.9,14.6,12.1,11.0,42.2
2018-19,Regular+Season,TOR,Toronto Raptors,82,58,24,48.5,106.8,35.6,72.6,8.3,5.3,15.9,12.9,13.5,47.5
2018-19,Regular+Season,GSW,Golden State Warriors,82,57,25,48.3,108.6,36.5,72.7,7.6,6.4,17.4,13.8,15.1,47.1
2018-19,Regular+Season,DEN,Denver Nuggets,82,54,28,48.1,108.1,34.5,74.4,7.7,4.4,15.0,12.1,12.2,48.9
2018-19,Regular+Season,HOU,Houston Rockets,82,53,29,48.4,110.1,31.9,70.0,8.5,4.9,16.3,13.7,13.8,51.8
2018-19,Regular+Season,POR,Portland Trail Blazers,82,53,29,48.4,109.5,36.2,73.9,6.7,5.0,15.3,13.7,14.1,47.8
2018-19,Regular+Season,PHI,Philadelphia 76ers,82,51,31,48.3,109.0,36.9,74.1,7.4,5.3,17.3,12.3,14.7,51.2
2018-19,Regular+Season,UTA,Utah Jazz,82,50,32,48.2,105.3,36.4,75.9,8.1,5.9,16.9,11.2,11.4,47.7
2018-19,Regular+Season,BOS,Boston Celtics,82,49,33,48.2,107.0,34.7,72.8,8.6,5.3,14.8,13.5,13.2,45.9
2018-19,Regular+Season,OKC,Oklahoma City Thunder,82,49,33,48.4,106.5,35.5,73.8,9.3,5.2,16.0,12.5,12.3,48.4
2018-19,Regular+Season,IND,Indiana Pacers,82,48,34,48.1,106.0,33.7,72.2,8.7,4.9,14.9,13.3,14.0,44.8
2018-19,Regular+Season,LAC,LA Clippers,82,48,34,48.4,110.4,35.8,72.2,6.8,4.7,17.7,13.8,14.8,51.1
2018-19,Regular+Season,SAS,San Antonio Spurs,82,48,34,48.3,110.6,35.5,74.4,6.1,4.7,15.0,12.6,14.1,46.6
2018-19,Regular+Season,BKN,Brooklyn Nets,82,42,40,48.7,109.0,35.6,72.0,6.6,4.1,17.3,14.4,11.8,51.2
2018-19,Regular+Season,ORL,Orlando Magic,82,42,40,48.2,107.6,35.4,75.4,6.6,5.4,14.7,10.9,12.7,47.2
2018-19,Regular+Season,DET,Detroit Pistons,82,41,41,48.4,108.7,33.6,74.5,6.9,4.0,16.0,11.3,11.9,49.9
2018-19,Regular+Season,CHA,Charlotte Hornets,82,39,43,48.4,112.0,33.9,73.1,7.2,4.9,13.7,13.4,13.3,49.0
2018-19,Regular+Season,MIA,Miami Heat,82,39,43,48.1,107.1,35.1,73.1,7.6,5.5,17.1,13.7,12.5,42.3
2018-19,Regular+Season,SAC,Sacramento Kings,82,39,43,48.1,110.8,34.4,71.3,8.3,4.4,16.4,14.4,14.2,51.2
2018-19,Regular+Season,LAL,Los Angeles Lakers,82,37,45,48.2,108.9,36.4,72.5,7.5,5.4,18.5,14.0,15.9,50.3
2018-19,Regular+Season,MIN,Minnesota Timberwolves,82,36,46,48.4,112.2,33.5,70.9,8.3,5.0,15.1,14.8,13.6,48.9
2018-19,Regular+Season,DAL,Dallas Mavericks,82,33,49,48.2,110.1,35.2,73.4,6.5,4.3,15.6,13.0,16.7,47.7
2018-19,Regular+Season,MEM,Memphis Grizzlies,82,33,49,48.5,108.0,33.0,72.4,8.3,5.5,16.6,11.6,16.3,42.7
2018-19,Regular+Season,NOP,New Orleans Pelicans,82,33,49,48.2,112.0,36.2,72.9,7.4,5.4,18.0,13.7,15.7,51.6
2018-19,Regular+Season,WAS,Washington Wizards,82,32,50,48.6,112.9,32.7,70.6,8.3,4.6,17.0,14.1,14.0,52.1
2018-19,Regular+Season,ATL,Atlanta Hawks,82,29,53,48.4,113.1,34.5,71.8,8.2,5.1,21.1,14.6,16.5,49.3
2018-19,Regular+Season,CHI,Chicago Bulls,82,22,60,48.5,112.8,34.1,72.7,7.4,4.3,16.6,13.4,13.0,49.1
2018-19,Regular+Season,CLE,Cleveland Cavaliers,82,19,63,48.2,116.8,31.9,73.2,6.5,2.4,16.8,12.7,14.0,50.0
2018-19,Regular+Season,PHX,Phoenix Suns,82,19,63,48.5,114.2,31.3,68.3,9.0,5.1,19.5,15.5,15.8,53.0
2018-19,Regular+Season,NYK,New York Knicks,82,17,65,48.2,112.9,34.3,71.7,6.8,5.1,16.4,14.1,11.7,50.6
2018-19,Playoffs,TOR,Toronto Raptors,24,16,8,48.4,104.2,34.0,71.9,8.0,4.6,14.0,12.8,15.1,38.1
2018-19,Playoffs,GSW,Golden State Warriors,22,14,8,48.5,111.5,33.2,71.4,7.4,5.7,16.1,13.7,14.5,41.5
2018-19,Playoffs,MIL,Milwaukee Bucks,15,10,5,48.7,101.9,41.8,77.6,6.7,6.4,14.6,10.1,13.5,36.3
2018-19,Playoffs,POR,Portland Trail Blazers,16,8,8,49.6,110.6,33.8,69.1,6.9,5.1,15.5,16.3,12.7,47.9
2018-19,Playoffs,DEN,Denver Nuggets,14,7,7,49.4,111.1,34.6,70.3,5.7,4.6,9.9,14.3,9.1,46.7
2018-19,Playoffs,PHI,Philadelphia 76ers,12,7,5,48.0,106.0,37.1,75.2,6.3,5.4,19.3,10.8,16.0,43.2
2018-19,Playoffs,HOU,Houston Rockets,11,6,5,48.5,107.4,33.3,68.7,8.5,5.1,19.8,13.4,14.3,45.3
2018-19,Playoffs,BOS,Boston Celtics,9,5,4,48.0,103.0,40.3,78.3,5.9,3.8,16.6,11.6,18.8,41.1
2018-19,Playoffs,SAS,San Antonio Spurs,7,3,4,48.0,113.1,34.4,72.6,4.6,4.0,9.1,14.9,12.9,48.9
2018-19,Playoffs,LAC,LA Clippers,6,2,4,48.0,120.5,30.2,71.4,8.0,3.3,18.3,13.0,18.0,44.7
2018-19,Playoffs,BKN,Brooklyn Nets,5,1,4,48.0,115.9,29.2,64.3,7.6,2.8,17.8,19.0,11.6,58.4
2018-19,Playoffs,OKC,Oklahoma City Thunder,5,1,4,48.0,109.9,33.0,70.1,6.6,5.4,16.6,14.8,13.4,44.4
2018-19,Playoffs,ORL,Orlando Magic,5,1,4,48.0,111.5,33.8,79.6,6.6,4.0,17.6,10.6,12.6,47.2
2018-19,Playoffs,UTA,Utah Jazz,5,1,4,48.0,108.5,35.4,74.2,9.2,5.4,17.4,11.4,10.8,39.6
2018-19,Playoffs,DET,Detroit Pistons,4,0,4,48.0,120.5,31.5,72.7,7.3,4.0,13.3,11.5,19.8,55.0
2018-19,Playoffs,IND,Indiana Pacers,4,0,4,48.0,103.9,32.3,73.7,8.3,3.5,14.5,11.3,17.0,32.0
2018-19,All+Star,-,-,1,1,0,48.0,128.1,46.0,64.0,9.0,6.0,12.0,26.0,37.0,78.0
2018-19,All+Star,-,-,1,0,1,48.0,138.0,45.0,69.1,8.0,1.0,23.0,19.0,33.0,62.0
2019-20,Pre+Season,NOP,New Orleans Pelicans,8,8,0,47.0,101.1,35.3,74.8,9.0,5.0,19.0,13.0,11.9,45.8
2019-20,Pre+Season,MIL,Milwaukee Bucks,8,7,1,47.0,99.3,41.6,75.1,8.4,6.5,21.9,13.3,14.5,37.8
2019-20,Pre+Season,HOU,Houston Rockets,9,6,3,47.1,100.4,35.7,73.7,10.4,5.1,21.1,14.8,18.1,48.7
2019-20,Pre+Season,BOS,Boston Celtics,7,5,2,46.9,94.6,35.6,73.2,9.7,5.3,19.7,10.7,13.6,38.3
2019-20,Pre+Season,DEN,Denver Nuggets,7,5,2,46.9,97.4,37.1,76.4,9.9,5.0,21.7,10.4,13.9,41.7
2019-20,Pre+Season,IND,Indiana Pacers,7,5,2,47.6,100.0,39.0,77.1,7.1,5.9,20.7,10.4,16.7,45.4
2019-20,Pre+Season,LAL,Los Angeles Lakers,9,5,4,47.1,103.2,33.9,69.8,9.9,5.0,23.8,14.8,14.9,38.4
2019-20,Pre+Season,MIA,Miami Heat,8,5,3,47.0,101.1,36.3,80.1,7.5,3.9,22.0,7.6,13.0,40.5
2019-20,Pre+Season,OKC,Oklahoma City Thunder,7,5,2,46.9,99.4,37.6,73.0,8.7,4.6,18.6,15.0,11.1,44.0
2019-20,Pre+Season,PHI,Philadelphia 76ers,8,5,3,47.6,93.3,40.4,75.1,10.0,8.0,16.9,9.9,14.0,41.5
2019-20,Pre+Season,BKN,Brooklyn Nets,7,4,3,46.9,100.7,35.7,71.3,10.7,5.1,12.7,12.0,11.7,39.4
2019-20,Pre+Season,DAL,Dallas Mavericks,8,4,4,47.6,101.9,38.6,77.0,6.8,4.1,16.8,9.3,15.8,48.0
2019-20,Pre+Season,LAC,LA Clippers,8,4,4,47.0,96.9,34.9,72.2,7.3,4.3,18.5,15.5,14.3,41.5
2019-20,Pre+Season,MEM,Memphis Grizzlies,8,4,4,47.0,99.2,41.1,81.2,7.3,5.9,19.0,9.5,12.8,35.0
2019-20,Pre+Season,ORL,Orlando Magic,9,4,5,47.1,101.3,32.3,69.1,11.2,5.4,18.4,11.2,12.4,42.2
2019-20,Pre+Season,PHX,Phoenix Suns,7,4,3,46.9,100.5,33.7,74.9,11.6,3.1,20.6,13.0,16.6,42.6
2019-20,Pre+Season,SAC,Sacramento Kings,8,4,4,47.6,105.2,33.9,73.4,8.8,4.1,22.1,15.4,15.0,41.8
2019-20,Pre+Season,TOR,Toronto Raptors,7,4,3,46.9,102.1,39.9,74.1,9.7,4.7,20.7,14.4,13.4,39.7
2019-20,Pre+Season,DET,Detroit Pistons,5,3,2,48.0,106.6,35.2,77.1,5.8,4.8,19.8,11.2,11.4,48.0
2019-20,Pre+Season,SAS,San Antonio Spurs,8,3,5,47.0,107.3,37.0,75.1,7.4,6.0,21.4,14.9,18.3,49.3
2019-20,Pre+Season,UTA,Utah Jazz,8,3,5,47.0,108.7,36.0,79.1,6.4,3.0,20.3,11.1,11.9,50.0
2019-20,Pre+Season,WAS,Washington Wizards,8,3,5,47.0,100.0,34.1,76.8,8.0,3.6,15.3,13.8,10.1,38.8
2019-20,Pre+Season,CHI,Chicago Bulls,5,2,3,48.0,100.4,36.2,75.4,10.2,4.2,13.2,9.4,14.4,46.0
2019-20,Pre+Season,GSW,Golden State Warriors,5,2,3,48.0,106.8,33.8,67.3,11.0,6.4,20.8,13.0,17.0,53.2
2019-20,Pre+Season,MIN,Minnesota Timberwolves,5,2,3,48.0,103.7,36.6,77.9,9.2,5.6,17.4,12.4,16.8,49.6
2019-20,Pre+Season,POR,Portland Trail Blazers,8,2,6,47.0,105.7,37.0,75.0,7.3,6.0,22.3,11.6,16.5,40.0
2019-20,Pre+Season,ATL,Atlanta Hawks,5,1,4,48.0,105.7,37.0,70.8,7.2,4.6,24.6,18.0,13.2,43.2
2019-20,Pre+Season,CHA,Charlotte Hornets,5,1,4,48.0,100.2,36.6,73.7,7.6,5.6,22.0,11.0,13.6,50.0
2019-20,Pre+Season,CLE,Cleveland Cavaliers,4,1,3,48.0,106.1,30.8,73.6,7.5,3.3,20.0,14.5,10.5,53.5
2019-20,Pre+Season,NYK,New York Knicks,4,1,3,48.0,103.1,39.0,74.5,6.3,6.8,18.8,12.3,10.8,36.0
2019-20,Pre+Season,Adelaide 36ers,Adelaide 36ers,1,0,1,48.0,122.0,31.0,65.3,8.0,5.0,28.0,19.0,20.0,80.0
2019-20,Pre+Season,Buenos Aires San Lorenzo,Buenos Aires San Lorenzo,1,0,1,48.0,118.8,30.0,72.7,5.0,3.0,37.0,16.0,9.0,58.0
2019-20,Pre+Season,Guangzhou Long-Lions,Guangzhou Long-Lions,2,0,2,48.0,139.1,30.5,67.0,3.5,1.0,38.0,24.0,22.5,56.0
2019-20,Pre+Season,Haifa Maccabi Haifa,Haifa Maccabi Haifa,3,0,3,48.0,120.9,27.0,64.1,7.3,5.7,22.7,18.3,19.3,63.3
2019-20,Pre+Season,Melbourne United,Melbourne United,2,0,2,48.0,113.1,31.5,74.5,7.5,3.5,24.5,14.0,16.0,53.0
2019-20,Pre+Season,New Zealand Breakers,New Zealand Breakers,2,0,2,48.0,107.4,33.0,71.6,7.5,6.0,19.0,15.5,20.0,65.0
2019-20,Pre+Season,SESI/Franca Basketball Club of Brazil,SESI/Franca Basketball Club of Brazil,1,0,1,48.0,134.3,24.0,69.0,8.0,2.0,31.0,10.0,30.0,72.0
2019-20,Pre+Season,Shanghai Sharks,Shanghai Sharks,2,0,2,48.0,122.5,29.0,59.3,9.0,2.5,45.5,21.0,29.5,60.0
2019-20,Regular+Season,MIL,Milwaukee Bucks,73,56,17,48.2,102.5,42.2,77.5,7.2,5.9,16.9,11.3,13.6,38.7
2019-20,Regular+Season,TOR,Toronto Raptors,72,53,19,48.3,104.7,35.9,72.1,8.8,5.0,16.9,13.5,12.7,41.5
2019-20,Regular+Season,LAL,Los Angeles Lakers,71,52,19,48.1,106.1,35.1,73.7,8.6,6.6,17.4,12.0,16.5,45.8
2019-20,Regular+Season,LAC,LA Clippers,72,49,23,48.3,106.9,37.0,73.7,7.1,4.7,16.5,12.4,13.3,44.6
2019-20,Regular+Season,BOS,Boston Celtics,72,48,24,48.4,106.5,35.4,73.1,8.3,5.6,15.1,13.2,13.2,43.4
2019-20,Regular+Season,DEN,Denver Nuggets,73,46,27,48.6,110.4,33.4,72.5,8.0,4.6,16.2,12.2,12.4,48.2
2019-20,Regular+Season,IND,Indiana Pacers,73,45,28,48.3,107.5,34.1,71.8,7.4,5.2,15.0,13.2,13.6,47.6
2019-20,Regular+Season,HOU,Houston Rockets,72,44,28,48.3,109.8,34.5,71.3,8.7,5.2,17.8,14.1,15.1,51.5
2019-20,Regular+Season,MIA,Miami Heat,73,44,29,48.6,109.3,35.9,75.3,7.5,4.5,17.9,12.8,11.4,44.1
2019-20,Regular+Season,OKC,Oklahoma City Thunder,72,44,28,48.4,108.1,34.7,72.8,7.6,4.9,16.0,12.6,10.9,48.4
2019-20,Regular+Season,UTA,Utah Jazz,72,44,28,48.2,109.3,35.8,74.6,6.1,4.1,17.1,12.1,12.5,47.4
2019-20,Regular+Season,DAL,Dallas Mavericks,75,43,32,48.5,111.2,36.4,74.0,6.1,4.8,14.3,13.4,16.4,48.8
2019-20,Regular+Season,PHI,Philadelphia 76ers,73,43,30,48.2,108.4,35.0,75.3,8.0,5.3,16.4,11.6,13.7,48.1
2019-20,Regular+Season,BKN,Brooklyn Nets,72,35,37,48.6,109.2,37.3,73.6,6.4,4.5,17.0,13.2,13.1,46.4
2019-20,Regular+Season,POR,Portland Trail Blazers,74,35,39,48.2,114.3,35.1,71.2,6.3,6.1,14.5,15.5,14.8,47.0
2019-20,Regular+Season,MEM,Memphis Grizzlies,73,34,39,48.1,109.7,36.2,73.3,7.9,5.5,17.9,13.6,13.9,45.3
2019-20,Regular+Season,PHX,Phoenix Suns,73,34,39,48.2,110.8,33.8,73.4,7.7,4.0,16.6,12.5,12.7,49.8
2019-20,Regular+Season,ORL,Orlando Magic,73,33,40,48.1,109.2,34.2,74.9,8.2,5.4,14.3,11.2,11.9,46.3
2019-20,Regular+Season,SAS,San Antonio Spurs,71,32,39,48.5,112.6,35.6,75.1,7.3,5.5,15.1,13.6,13.0,48.2
2019-20,Regular+Season,SAC,Sacramento Kings,72,31,41,48.5,111.4,32.9,73.6,7.7,4.1,16.5,11.9,12.1,46.6
2019-20,Regular+Season,NOP,New Orleans Pelicans,72,30,42,48.4,111.8,35.4,72.9,7.5,5.0,19.6,13.6,15.4,52.2
2019-20,Regular+Season,WAS,Washington Wizards,72,25,47,48.2,114.7,31.9,71.2,8.0,4.3,16.7,14.4,12.7,51.4
2019-20,Regular+Season,CHA,Charlotte Hornets,65,23,42,48.5,112.8,31.8,70.6,6.6,4.1,16.8,13.2,11.8,50.5
2019-20,Regular+Season,CHI,Chicago Bulls,65,22,43,48.2,108.9,31.4,71.9,10.0,4.1,17.8,12.7,12.5,49.6
2019-20,Regular+Season,NYK,New York Knicks,66,21,45,48.4,112.4,34.5,74.2,7.6,4.7,17.5,12.6,12.8,43.8
2019-20,Regular+Season,ATL,Atlanta Hawks,67,20,47,48.6,114.4,33.4,70.8,7.8,5.1,19.5,15.0,14.8,53.6
2019-20,Regular+Season,DET,Detroit Pistons,66,20,46,48.4,112.3,32.0,71.7,7.4,4.5,17.3,13.2,12.7,52.0
2019-20,Regular+Season,CLE,Cleveland Cavaliers,65,19,46,48.4,114.8,33.4,73.8,6.9,3.2,20.0,12.7,14.4,53.6
2019-20,Regular+Season,MIN,Minnesota Timberwolves,64,19,45,48.6,111.6,34.3,73.1,8.7,5.7,17.8,13.5,13.0,51.2
2019-20,Regular+Season,GSW,Golden State Warriors,65,15,50,48.4,113.0,32.9,72.2,8.2,4.6,18.0,13.5,15.0,48.8
2019-20,Playoffs,LAL,Los Angeles Lakers,21,16,5,48.0,108.7,33.5,76.0,8.0,5.3,17.1,10.8,8.4,40.6
2019-20,Playoffs,MIA,Miami Heat,21,14,7,48.5,110.8,33.6,73.1,6.9,3.9,15.4,12.7,12.6,42.2
2019-20,Playoffs,BOS,Boston Celtics,17,10,7,48.9,106.3,36.5,74.7,6.7,4.8,14.9,11.4,9.1,39.8
2019-20,Playoffs,DEN,Denver Nuggets,19,9,10,48.3,115.0,31.4,72.2,6.2,4.0,15.0,11.2,12.2,45.8
2019-20,Playoffs,LAC,LA Clippers,13,7,6,48.4,110.1,34.5,76.2,7.5,3.7,14.0,9.3,8.6,41.4
2019-20,Playoffs,TOR,Toronto Raptors,11,7,4,48.9,104.9,36.5,75.9,7.1,5.5,14.8,9.4,12.5,38.0
2019-20,Playoffs,HOU,Houston Rockets,12,5,7,48.4,106.8,32.2,73.3,9.1,3.5,13.6,12.6,10.5,41.5
2019-20,Playoffs,MIL,Milwaukee Bucks,10,5,5,48.5,107.3,37.3,79.1,7.2,4.2,17.0,11.4,10.7,31.0
2019-20,Playoffs,OKC,Oklahoma City Thunder,7,3,4,48.7,108.3,40.9,81.6,5.3,4.0,20.0,9.7,10.0,39.1
2019-20,Playoffs,UTA,Utah Jazz,7,3,4,48.7,116.8,31.9,71.2,6.1,3.1,13.1,12.4,8.4,34.6
2019-20,Playoffs,DAL,Dallas Mavericks,6,2,4,48.8,121.4,35.5,77.9,6.5,3.7,16.7,10.7,13.0,47.3
2019-20,Playoffs,ORL,Orlando Magic,5,1,4,48.0,111.5,36.4,78.0,6.8,3.2,16.6,13.4,9.6,43.6
2019-20,Playoffs,POR,Portland Trail Blazers,5,1,4,48.0,114.5,33.0,70.4,7.4,3.6,21.2,13.6,14.2,50.0
2019-20,Playoffs,BKN,Brooklyn Nets,4,0,4,48.0,122.9,35.0,76.4,5.0,4.5,17.5,12.5,18.5,44.5
2019-20,Playoffs,IND,Indiana Pacers,4,0,4,48.0,112.7,30.8,71.0,9.3,5.5,16.8,13.3,9.0,41.0
2019-20,Playoffs,PHI,Philadelphia 76ers,4,0,4,48.0,117.2,33.8,72.5,5.0,4.5,16.3,10.8,16.8,39.0
2019-20,All+Star,Team LeBron,Team LeBron,1,1,0,48.0,150.5,36.0,68.9,14.0,9.0,24.0,19.0,29.0,108.0
2019-20,All+Star,Team Giannis,Team Giannis,1,0,1,48.0,149.5,46.0,75.0,11.0,5.0,18.0,14.0,21.0,66.0
2019-20,PlayIn,POR,Portland Trail Blazers,1,1,0,48.0,116.2,30.0,65.3,12.0,7.0,15.0,23.0,9.0,56.0
2019-20,PlayIn,MEM,Memphis Grizzlies,1,0,1,48.0,120.0,37.0,74.5,5.0,6.0,24.0,15.0,6.0,28.0
2019-20,IST,TOR,Toronto Raptors,1,1,0,53.0,108.9,41.0,72.9,7.0,3.0,20.0,9.0,13.0,38.0
2019-20,IST,NOP,New Orleans Pelicans,1,0,1,53.0,113.0,37.0,60.0,4.0,9.0,22.0,19.0,20.0,56.0
2020-21,Pre+Season,LAL,Los Angeles Lakers,4,4,0,48.0,99.3,36.0,72.5,9.0,2.8,17.3,10.5,14.5,37.5
2020-21,Pre+Season,CHI,Chicago Bulls,4,3,1,48.0,99.5,45.0,79.8,6.5,5.3,21.0,11.3,6.3,36.0
2020-21,Pre+Season,HOU,Houston Rockets,4,3,1,48.0,99.5,38.0,71.6,10.3,6.8,13.8,18.0,8.0,37.5
2020-21,Pre+Season,MEM,Memphis Grizzlies,4,3,1,48.0,97.3,40.5,77.8,10.8,6.8,17.8,11.5,13.3,40.0
2020-21,Pre+Season,NYK,New York Knicks,4,3,1,48.0,91.1,35.5,72.8,10.5,5.8,19.8,8.0,8.0,33.5
2020-21,Pre+Season,UTA,Utah Jazz,3,3,0,48.0,99.7,38.7,81.9,6.7,2.7,14.3,7.7,10.7,32.0
2020-21,Pre+Season,ATL,Atlanta Hawks,4,2,2,48.0,106.6,42.0,77.0,7.3,3.3,21.3,14.3,20.0,40.0
2020-21,Pre+Season,BKN,Brooklyn Nets,2,2,0,48.0,94.4,40.5,73.0,9.0,8.0,15.5,14.5,8.0,37.0
2020-21,Pre+Season,CLE,Cleveland Cavaliers,4,2,2,48.0,106.2,35.0,78.0,8.0,4.3,28.8,9.8,15.5,45.5
2020-21,Pre+Season,DAL,Dallas Mavericks,3,2,1,49.7,106.5,38.7,77.2,4.3,4.0,11.0,8.7,19.7,54.0
2020-21,Pre+Season,DEN,Denver Nuggets,3,2,1,48.0,95.5,38.7,77.2,9.3,6.7,19.3,12.3,9.0,38.7
2020-21,Pre+Season,DET,Detroit Pistons,4,2,2,48.0,89.1,36.8,75.4,11.8,2.5,21.8,13.3,7.8,42.0
2020-21,Pre+Season,GSW,Golden State Warriors,3,2,1,48.0,99.4,40.7,73.1,10.0,7.7,19.3,16.7,6.0,51.3
2020-21,Pre+Season,NOP,New Orleans Pelicans,2,2,0,48.0,104.6,36.0,75.7,7.5,4.5,9.5,7.0,11.5,41.0
2020-21,Pre+Season,ORL,Orlando Magic,4,2,2,48.0,108.3,39.8,72.2,8.8,5.5,20.0,15.0,10.0,40.0
2020-21,Pre+Season,PHI,Philadelphia 76ers,2,2,0,48.0,100.5,35.5,66.4,7.5,5.0,29.5,13.5,11.0,47.0
2020-21,Pre+Season,SAC,Sacramento Kings,4,2,2,48.0,105.8,39.0,77.1,9.3,6.3,21.8,9.0,16.8,38.5
2020-21,Pre+Season,TOR,Toronto Raptors,3,2,1,48.0,99.7,33.7,75.9,14.0,4.3,22.7,10.7,12.3,38.7
2020-21,Pre+Season,CHA,Charlotte Hornets,4,1,3,48.0,105.8,37.5,74.0,7.3,4.3,26.5,11.5,16.0,44.0
2020-21,Pre+Season,MIA,Miami Heat,2,1,1,48.0,109.5,37.5,73.1,6.0,3.0,26.5,16.5,14.5,32.0
2020-21,Pre+Season,MIN,Minnesota Timberwolves,3,1,2,49.7,104.4,41.3,77.7,9.3,7.3,22.3,10.3,15.3,52.0
2020-21,Pre+Season,OKC,Oklahoma City Thunder,3,1,2,48.0,102.7,42.3,76.3,8.0,4.0,22.3,17.7,11.7,49.3
2020-21,Pre+Season,POR,Portland Trail Blazers,4,1,3,48.0,113.5,33.0,69.8,8.8,5.0,18.3,13.3,17.0,42.5
2020-21,Pre+Season,WAS,Washington Wizards,3,1,2,48.0,98.4,36.3,83.6,12.0,3.0,18.0,6.0,13.0,36.0
2020-21,Pre+Season,BOS,Boston Celtics,2,0,2,48.0,104.7,33.5,70.3,10.0,6.0,24.0,16.0,15.5,35.0
2020-21,Pre+Season,IND,Indiana Pacers,3,0,3,48.0,107.0,27.3,71.2,10.7,2.7,19.3,12.3,12.0,48.0
2020-21,Pre+Season,LAC,LA Clippers,3,0,3,48.0,115.1,34.3,75.5,5.3,5.3,22.7,16.0,12.3,37.3
2020-21,Pre+Season,MIL,Milwaukee Bucks,3,0,3,48.0,117.6,37.0,72.0,5.3,6.0,20.3,19.3,7.0,44.0
2020-21,Pre+Season,PHX,Phoenix Suns,4,0,4,48.0,110.4,35.8,81.3,9.3,2.5,19.5,10.0,10.0,41.0
2020-21,Pre+Season,SAS,San Antonio Spurs,3,0,3,48.0,112.5,32.7,74.5,10.3,4.3,16.7,8.7,13.0,47.3
2020-21,Regular+Season,UTA,Utah Jazz,72,52,20,48.2,107.5,37.6,75.7,6.6,5.2,17.0,12.4,12.1,49.1
2020-21,Regular+Season,PHX,Phoenix Suns,72,51,21,48.6,110.4,34.2,74.1,7.2,4.3,14.8,12.4,12.0,47.4
2020-21,Regular+Season,PHI,Philadelphia 76ers,72,49,23,48.4,107.0,35.0,73.7,9.1,6.2,17.2,11.6,14.3,46.0
2020-21,Regular+Season,BKN,Brooklyn Nets,72,48,24,48.3,113.1,35.5,72.6,6.7,5.3,16.1,15.3,12.1,47.8
2020-21,Regular+Season,DEN,Denver Nuggets,72,47,25,48.6,111.5,33.9,75.1,8.1,4.5,15.6,11.3,13.4,45.2
2020-21,Regular+Season,LAC,LA Clippers,72,47,25,48.0,110.6,34.7,75.4,7.1,4.1,15.4,11.8,11.9,47.2
2020-21,Regular+Season,MIL,Milwaukee Bucks,72,46,26,48.1,110.7,37.8,75.5,8.1,4.6,15.9,13.0,10.7,43.1
2020-21,Regular+Season,DAL,Dallas Mavericks,72,42,30,48.1,112.3,34.2,73.4,6.3,4.3,14.6,13.1,12.4,45.2
2020-21,Regular+Season,LAL,Los Angeles Lakers,72,42,30,48.5,106.8,34.6,74.8,7.8,5.4,16.6,11.3,12.2,48.2
2020-21,Regular+Season,POR,Portland Trail Blazers,72,42,30,48.1,115.3,33.9,73.1,6.9,5.0,14.1,13.8,13.7,47.3
2020-21,Regular+Season,ATL,Atlanta Hawks,72,41,31,48.3,112.1,35.1,74.2,7.0,4.8,15.9,13.2,11.8,48.7
2020-21,Regular+Season,NYK,New York Knicks,72,41,31,48.4,107.8,35.5,73.8,7.0,5.1,15.0,12.2,10.5,43.8
2020-21,Regular+Season,MIA,Miami Heat,72,40,32,48.3,110.7,33.5,73.3,7.9,4.0,16.7,12.3,10.4,41.3
2020-21,Regular+Season,GSW,Golden State Warriors,72,39,33,48.1,109.4,35.1,72.7,8.2,4.8,17.5,14.2,13.3,47.3
2020-21,Regular+Season,MEM,Memphis Grizzlies,72,38,34,48.3,110.5,35.3,73.6,9.1,5.1,16.6,12.4,13.7,47.5
2020-21,Regular+Season,BOS,Boston Celtics,72,36,36,48.3,111.8,33.6,73.7,7.7,5.3,15.8,13.2,11.8,44.3
2020-21,Regular+Season,IND,Indiana Pacers,72,34,38,48.5,111.9,33.7,70.1,8.5,6.4,16.0,15.3,13.7,53.8
2020-21,Regular+Season,WAS,Washington Wizards,72,34,38,48.3,112.3,35.5,73.6,7.3,4.1,17.6,13.7,10.7,48.2
2020-21,Regular+Season,CHA,Charlotte Hornets,72,33,39,48.2,112.0,33.2,72.2,7.8,4.8,16.9,13.2,13.2,47.2
2020-21,Regular+Season,SAS,San Antonio Spurs,72,33,39,48.6,112.0,34.6,73.3,7.0,5.1,14.3,13.3,11.9,50.1
2020-21,Regular+Season,CHI,Chicago Bulls,72,31,41,48.3,111.5,35.3,76.7,6.7,4.2,17.8,11.6,11.7,48.9
2020-21,Regular+Season,NOP,New Orleans Pelicans,72,31,41,48.4,113.3,35.7,75.5,7.6,4.4,18.3,11.9,13.0,46.7
2020-21,Regular+Season,SAC,Sacramento Kings,72,31,41,48.1,116.5,32.0,71.3,7.5,5.0,17.0,14.0,12.6,53.4
2020-21,Regular+Season,TOR,Toronto Raptors,72,27,45,48.1,112.0,32.1,71.6,8.6,5.4,15.6,13.9,11.6,42.9
2020-21,Regular+Season,MIN,Minnesota Timberwolves,72,23,49,48.3,114.5,33.0,71.7,8.8,5.5,16.8,14.5,14.0,49.8
2020-21,Regular+Season,CLE,Cleveland Cavaliers,72,22,50,48.4,113.5,32.3,72.9,7.8,4.5,17.9,12.1,12.9,50.6
2020-21,Regular+Season,OKC,Oklahoma City Thunder,72,22,50,48.2,113.4,35.7,74.2,7.0,4.4,20.0,13.4,11.6,49.5
2020-21,Regular+Season,ORL,Orlando Magic,72,21,51,48.1,113.9,35.1,74.4,6.9,4.4,15.8,11.7,14.2,47.2
2020-21,Regular+Season,DET,Detroit Pistons,72,20,52,48.4,112.2,33.1,72.5,7.4,5.2,17.3,13.4,11.6,51.3
2020-21,Regular+Season,HOU,Houston Rockets,72,17,55,48.1,114.4,33.3,72.3,7.6,5.0,17.5,13.1,14.7,50.0
2020-21,Playoffs,MIL,Milwaukee Bucks,23,16,7,48.4,106.8,36.1,76.5,7.8,4.2,14.7,11.0,8.6,39.5
2020-21,Playoffs,PHX,Phoenix Suns,22,14,8,48.0,109.0,34.7,72.5,6.5,4.2,13.3,12.8,11.9,44.5
2020-21,Playoffs,ATL,Atlanta Hawks,18,10,8,48.0,110.5,33.3,71.1,6.7,4.4,13.4,14.9,12.4,47.7
2020-21,Playoffs,LAC,LA Clippers,19,10,9,48.0,114.5,32.4,71.9,6.8,4.3,13.6,12.7,6.8,40.7
2020-21,Playoffs,BKN,Brooklyn Nets,12,7,5,48.4,109.3,34.3,69.8,7.1,4.8,13.8,14.3,11.9,45.0
2020-21,Playoffs,PHI,Philadelphia 76ers,12,7,5,48.0,107.5,35.7,73.4,8.0,6.2,13.9,13.5,11.8,46.2
2020-21,Playoffs,UTA,Utah Jazz,11,6,5,48.0,121.7,33.0,73.5,5.2,4.1,18.5,14.4,13.0,46.9
2020-21,Playoffs,DEN,Denver Nuggets,10,4,6,49.0,122.1,31.9,73.8,6.1,4.3,15.0,9.5,11.4,43.2
2020-21,Playoffs,DAL,Dallas Mavericks,7,3,4,48.0,119.7,30.3,75.3,5.6,2.1,12.1,8.4,9.9,40.9
2020-21,Playoffs,LAL,Los Angeles Lakers,6,2,4,48.0,109.3,32.7,78.1,6.7,4.0,15.7,10.8,13.0,40.7
2020-21,Playoffs,POR,Portland Trail Blazers,6,2,4,49.7,122.9,32.3,68.0,5.2,5.5,12.2,17.8,12.0,44.3
2020-21,Playoffs,BOS,Boston Celtics,5,1,4,48.0,128.0,28.8,69.9,6.4,7.0,18.0,12.4,12.0,42.0
2020-21,Playoffs,MEM,Memphis Grizzlies,5,1,4,48.0,123.4,30.0,72.9,8.0,4.0,13.0,14.2,10.0,46.8
2020-21,Playoffs,NYK,New York Knicks,5,1,4,48.0,109.7,34.6,78.1,5.8,2.8,13.6,8.6,8.4,39.2
2020-21,Playoffs,WAS,Washington Wizards,5,1,4,48.0,121.1,32.8,71.7,4.8,4.8,14.2,12.2,13.0,53.2
2020-21,Playoffs,MIA,Miami Heat,4,0,4,49.3,115.0,33.3,66.4,7.3,3.5,13.0,18.8,14.0,47.0
2020-21,All+Star,Team LeBron,Team LeBron,1,1,0,48.0,144.2,40.0,75.9,9.0,3.0,25.0,10.0,19.0,64.0
2020-21,All+Star,Team Durant,Team Durant,1,0,1,48.0,160.4,31.0,77.5,15.0,0.0,22.0,6.0,14.0,72.0
2020-21,PlayIn,MEM,Memphis Grizzlies,2,2,0,50.5,102.5,38.0,67.8,9.0,8.5,10.0,13.5,9.0,43.0
2020-21,PlayIn,BOS,Boston Celtics,1,1,0,48.0,98.0,35.0,68.5,8.0,5.0,6.0,11.0,14.0,56.0
2020-21,PlayIn,IND,Indiana Pacers,2,1,1,48.0,116.7,36.5,80.9,8.0,4.5,24.0,9.0,24.0,64.0
2020-21,PlayIn,LAL,Los Angeles Lakers,1,1,0,48.0,102.0,36.0,76.0,15.0,7.0,18.0,11.0,9.0,40.0
2020-21,PlayIn,WAS,Washington Wizards,2,1,1,48.0,108.9,40.5,71.1,6.0,9.0,17.5,17.5,8.0,39.0
2020-21,PlayIn,CHA,Charlotte Hornets,1,0,1,48.0,129.7,29.0,61.7,8.0,6.0,17.0,23.0,25.0,74.0
2020-21,PlayIn,GSW,Golden State Warriors,2,0,2,50.5,107.3,37.0,65.8,7.5,7.5,25.5,14.0,14.0,48.0
2020-21,PlayIn,SAS,San Antonio Spurs,1,0,1,48.0,101.0,40.0,75.0,5.0,7.0,12.0,13.0,18.0,48.0
2021-22,Pre+Season,GSW,Golden State Warriors,5,5,0,48.0,98.2,37.8,76.8,13.4,4.4,14.6,13.0,10.2,43.2
2021-22,Pre+Season,MIA,Miami Heat,6,5,1,48.0,103.6,35.3,75.6,8.3,4.8,18.8,13.0,13.2,41.7
2021-22,Pre+Season,CHI,Chicago Bulls,4,4,0,48.0,91.3,41.0,74.3,12.5,6.5,16.0,12.8,12.5,47.5
2021-22,Pre+Season,DAL,Dallas Mavericks,4,4,0,48.0,92.6,42.8,76.1,9.8,6.5,13.5,8.5,12.5,42.0
2021-22,Pre+Season,NYK,New York Knicks,4,4,0,48.0,101.5,38.8,76.7,6.8,4.5,9.3,12.3,13.0,43.5
2021-22,Pre+Season,SAC,Sacramento Kings,4,4,0,48.0,97.6,35.3,75.5,10.5,3.5,15.3,9.5,11.8,51.0
2021-22,Pre+Season,BKN,Brooklyn Nets,4,3,1,48.0,103.4,34.8,70.5,9.3,5.0,23.5,11.5,15.5,46.0
2021-22,Pre+Season,MEM,Memphis Grizzlies,6,3,3,48.0,95.7,39.0,77.3,9.8,7.7,19.0,10.5,12.0,45.7
2021-22,Pre+Season,MIN,Minnesota Timberwolves,4,3,1,49.3,99.5,37.0,71.9,12.8,6.3,15.5,12.5,12.0,42.5
2021-22,Pre+Season,PHX,Phoenix Suns,4,3,1,48.0,91.3,40.5,78.7,11.0,4.0,19.0,10.3,17.8,39.0
2021-22,Pre+Season,SAS,San Antonio Spurs,5,3,2,48.0,98.6,38.8,72.6,6.4,4.6,17.6,11.6,9.8,48.8
2021-22,Pre+Season,TOR,Toronto Raptors,5,3,2,48.0,104.6,34.2,72.8,12.0,6.0,18.8,12.4,12.8,44.4
2021-22,Pre+Season,ATL,Atlanta Hawks,4,2,2,48.0,98.1,36.0,73.9,10.0,5.0,19.0,11.0,12.8,40.5
2021-22,Pre+Season,BOS,Boston Celtics,4,2,2,48.0,106.4,36.3,71.4,8.5,5.8,23.5,14.0,13.0,43.5
2021-22,Pre+Season,CLE,Cleveland Cavaliers,5,2,3,48.0,103.1,34.6,69.9,10.2,4.8,19.8,14.4,12.4,44.4
2021-22,Pre+Season,DET,Detroit Pistons,4,2,2,48.0,111.4,34.3,66.8,6.5,6.3,18.5,15.8,15.0,49.5
2021-22,Pre+Season,IND,Indiana Pacers,4,2,2,48.0,109.4,36.3,74.6,9.0,6.5,15.0,12.3,12.0,44.5
2021-22,Pre+Season,PHI,Philadelphia 76ers,4,2,2,48.0,108.9,28.0,68.7,15.0,7.0,20.5,16.8,18.3,47.5
2021-22,Pre+Season,UTA,Utah Jazz,4,2,2,48.0,103.1,37.0,79.7,10.0,5.8,15.0,8.5,12.8,46.5
2021-22,Pre+Season,CHA,Charlotte Hornets,4,1,3,48.0,109.6,34.3,69.3,9.0,5.5,20.3,17.8,14.0,46.0
2021-22,Pre+Season,DEN,Denver Nuggets,5,1,4,50.0,106.0,36.6,76.5,8.0,6.8,22.0,10.2,11.2,44.4
2021-22,Pre+Season,HOU,Houston Rockets,4,1,3,48.0,107.6,38.0,74.3,8.0,4.5,21.3,16.0,16.3,44.5
2021-22,Pre+Season,LAC,LA Clippers,4,1,3,48.0,109.2,36.0,71.8,6.8,6.5,22.3,15.3,25.8,60.0
2021-22,Pre+Season,MIL,Milwaukee Bucks,5,1,4,48.0,111.9,35.6,74.5,7.6,4.6,17.4,11.0,19.6,44.0
2021-22,Pre+Season,NOP,New Orleans Pelicans,4,1,3,48.0,107.4,34.5,75.7,7.8,4.3,23.8,16.5,15.8,46.0
2021-22,Pre+Season,OKC,Oklahoma City Thunder,4,1,3,49.3,109.6,36.3,75.4,8.5,3.5,15.3,14.0,10.8,45.0
2021-22,Pre+Season,ORL,Orlando Magic,4,1,3,48.0,102.5,36.8,69.1,8.3,10.0,20.8,11.8,13.5,35.5
2021-22,Pre+Season,LAL,Los Angeles Lakers,6,0,6,48.0,109.0,37.8,73.3,9.0,5.2,23.2,14.2,12.2,49.0
2021-22,Pre+Season,POR,Portland Trail Blazers,4,0,4,48.0,109.1,38.0,76.7,9.3,4.0,25.5,13.3,19.5,44.0
2021-22,Pre+Season,WAS,Washington Wizards,4,0,4,48.0,112.4,38.3,73.2,7.8,6.8,13.5,15.0,10.8,38.0
2021-22,Regular+Season,PHX,Phoenix Suns,82,64,18,48.1,106.8,35.5,72.8,8.6,4.4,14.8,13.6,11.3,45.2
2021-22,Regular+Season,MEM,Memphis Grizzlies,82,56,26,48.2,108.9,35.0,72.6,9.8,6.5,14.5,13.0,13.2,47.4
2021-22,Regular+Season,GSW,Golden State Warriors,82,53,29,48.1,106.6,35.7,73.6,8.8,4.5,16.9,12.7,12.3,43.9
2021-22,Regular+Season,MIA,Miami Heat,82,53,29,48.4,108.4,33.9,73.5,7.4,3.2,16.7,12.6,12.2,41.3
2021-22,Regular+Season,DAL,Dallas Mavericks,82,52,30,48.2,109.1,33.8,73.3,6.7,4.0,14.4,13.1,12.0,47.1
2021-22,Regular+Season,BOS,Boston Celtics,82,51,31,48.5,106.2,35.5,72.5,7.2,5.8,15.2,12.5,11.5,42.5
2021-22,Regular+Season,MIL,Milwaukee Bucks,82,51,31,48.2,111.1,36.5,74.7,7.6,4.0,15.6,12.9,11.5,43.7
2021-22,Regular+Season,PHI,Philadelphia 76ers,82,51,31,48.3,110.2,33.8,72.4,7.7,5.3,14.9,13.0,15.0,46.7
2021-22,Regular+Season,UTA,Utah Jazz,82,49,33,48.1,110.0,35.6,73.8,7.2,4.9,16.5,12.9,11.9,45.3
2021-22,Regular+Season,DEN,Denver Nuggets,82,48,34,48.3,111.5,34.9,75.2,7.2,3.7,17.3,11.4,12.5,49.9
2021-22,Regular+Season,TOR,Toronto Raptors,82,48,34,48.4,109.9,32.0,71.4,9.0,4.6,14.3,13.9,11.7,45.1
2021-22,Regular+Season,CHI,Chicago Bulls,82,46,36,48.1,113.2,33.7,73.5,7.1,4.1,15.3,12.7,12.0,49.6
2021-22,Regular+Season,MIN,Minnesota Timberwolves,82,46,36,48.2,111.0,32.9,70.6,8.8,5.6,16.2,14.1,14.1,46.1
2021-22,Regular+Season,BKN,Brooklyn Nets,82,44,38,48.2,112.3,34.1,70.4,7.1,5.5,17.2,13.7,14.0,47.3
2021-22,Regular+Season,CLE,Cleveland Cavaliers,82,44,38,48.1,108.9,34.0,72.4,7.1,4.2,17.4,12.5,12.2,46.6
2021-22,Regular+Season,ATL,Atlanta Hawks,82,43,39,48.1,113.7,33.9,73.1,7.2,4.2,15.1,12.7,12.2,48.0
2021-22,Regular+Season,CHA,Charlotte Hornets,82,43,39,48.5,113.1,33.7,70.6,8.6,4.9,16.3,15.0,13.9,48.1
2021-22,Regular+Season,LAC,LA Clippers,82,42,40,48.2,109.5,34.9,70.6,7.4,5.0,16.5,15.0,13.0,50.1
2021-22,Regular+Season,NYK,New York Knicks,82,37,45,48.2,110.2,34.6,74.0,7.0,4.9,15.4,12.3,11.3,43.2
2021-22,Regular+Season,NOP,New Orleans Pelicans,82,36,46,48.2,112.0,33.2,74.2,8.3,4.0,16.1,12.6,11.2,45.3
2021-22,Regular+Season,WAS,Washington Wizards,82,35,47,48.4,113.6,34.1,73.1,6.4,5.0,15.4,12.6,9.4,48.2
2021-22,Regular+Season,SAS,San Antonio Spurs,82,34,48,48.3,111.7,34.3,71.1,7.6,4.9,15.3,14.9,11.8,50.2
2021-22,Regular+Season,LAL,Los Angeles Lakers,82,33,49,48.7,112.8,34.5,72.0,7.6,5.2,17.1,13.4,15.0,51.5
2021-22,Regular+Season,SAC,Sacramento Kings,82,30,52,48.3,114.8,33.4,71.4,7.2,4.5,17.9,14.8,13.4,51.4
2021-22,Regular+Season,POR,Portland Trail Blazers,82,27,55,48.1,116.3,32.5,72.1,8.0,4.5,17.5,13.0,14.3,47.5
2021-22,Regular+Season,IND,Indiana Pacers,82,25,57,48.5,115.5,32.6,72.5,7.1,5.6,17.1,13.6,13.4,51.5
2021-22,Regular+Season,OKC,Oklahoma City Thunder,82,24,58,48.3,111.7,35.2,72.7,7.6,4.6,16.5,13.9,10.7,47.7
2021-22,Regular+Season,DET,Detroit Pistons,82,23,59,48.2,113.3,32.0,70.7,7.7,4.8,16.9,12.5,11.0,49.7
2021-22,Regular+Season,ORL,Orlando Magic,82,22,60,48.2,112.1,35.2,73.5,6.8,4.5,16.8,13.4,12.2,44.5
2021-22,Regular+Season,HOU,Houston Rockets,82,20,62,48.2,116.4,32.4,71.0,7.3,4.7,21.2,14.7,15.8,53.2
2021-22,Playoffs,GSW,Golden State Warriors,22,16,6,48.0,109.6,34.1,73.1,7.7,5.0,16.4,13.0,11.6,40.5
2021-22,Playoffs,BOS,Boston Celtics,24,14,10,48.0,106.3,33.9,71.3,6.4,6.3,17.7,13.7,13.2,40.5
2021-22,Playoffs,MIA,Miami Heat,18,11,7,48.0,107.0,31.2,74.8,8.3,3.7,15.4,11.3,11.7,38.3
2021-22,Playoffs,DAL,Dallas Mavericks,18,9,9,48.0,113.3,30.0,70.6,7.2,2.8,11.4,14.2,8.5,46.3
2021-22,Playoffs,MIL,Milwaukee Bucks,12,7,5,48.0,102.7,40.7,80.4,6.3,4.5,12.7,9.1,9.3,33.2
2021-22,Playoffs,PHX,Phoenix Suns,13,7,6,48.0,114.9,30.7,68.6,6.6,3.8,16.3,13.1,10.1,40.9
2021-22,Playoffs,MEM,Memphis Grizzlies,12,6,6,48.0,107.1,33.4,72.5,9.2,6.1,16.3,13.4,13.2,44.2
2021-22,Playoffs,PHI,Philadelphia 76ers,12,6,6,48.4,111.3,31.3,70.2,6.1,4.3,18.8,13.8,13.1,46.5
2021-22,Playoffs,MIN,Minnesota Timberwolves,6,2,4,48.0,111.7,33.0,68.8,8.2,7.8,21.5,15.8,13.5,53.0
2021-22,Playoffs,NOP,New Orleans Pelicans,6,2,4,48.0,117.8,30.5,77.0,6.3,3.5,21.7,9.8,9.8,50.7
2021-22,Playoffs,TOR,Toronto Raptors,6,2,4,48.8,119.5,27.5,71.4,6.7,4.8,11.5,12.2,17.0,42.3
2021-22,Playoffs,UTA,Utah Jazz,6,2,4,48.0,114.8,35.5,80.4,4.0,3.7,14.0,9.0,8.2,36.3
2021-22,Playoffs,ATL,Atlanta Hawks,5,1,4,48.0,115.9,30.8,69.5,5.8,2.4,18.8,16.6,9.8,44.8
2021-22,Playoffs,CHI,Chicago Bulls,5,1,4,48.0,108.3,35.8,77.6,7.8,3.2,16.2,11.4,13.4,46.4
2021-22,Playoffs,DEN,Denver Nuggets,5,1,4,48.0,121.9,30.6,75.5,7.0,3.4,20.0,12.8,9.0,44.8
2021-22,Playoffs,BKN,Brooklyn Nets,4,0,4,48.0,119.2,25.5,64.2,8.0,6.5,21.8,14.8,18.0,48.5
2021-22,All+Star,Team LeBron,Team LeBron,1,1,0,48.0,150.9,35.0,67.9,13.0,6.0,17.0,15.0,30.0,84.0
2021-22,All+Star,Team Durant,Team Durant,1,0,1,48.0,155.2,37.0,73.1,11.0,1.0,23.0,12.0,33.0,68.0
2021-22,PlayIn,ATL,Atlanta Hawks,2,2,0,48.0,103.6,37.0,73.6,5.0,4.5,11.0,8.5,9.5,39.0
2021-22,PlayIn,NOP,New Orleans Pelicans,2,2,0,48.0,107.9,41.0,75.7,3.0,5.0,13.0,13.0,10.0,40.0
2021-22,PlayIn,BKN,Brooklyn Nets,1,1,0,48.0,111.3,33.0,64.8,9.0,9.0,10.0,20.0,11.0,60.0
2021-22,PlayIn,MIN,Minnesota Timberwolves,1,1,0,48.0,105.1,37.0,78.7,10.0,2.0,17.0,8.0,8.0,24.0
2021-22,PlayIn,CHA,Charlotte Hornets,1,0,1,48.0,128.2,30.0,70.8,4.0,4.0,22.0,19.0,6.0,54.0
2021-22,PlayIn,CLE,Cleveland Cavaliers,2,0,2,48.0,116.8,29.0,71.4,8.5,3.0,21.0,11.5,9.0,47.0
2021-22,PlayIn,LAC,LA Clippers,2,0,2,48.0,111.5,32.5,67.9,6.0,4.0,7.5,17.0,10.0,43.0
2021-22,PlayIn,SAS,San Antonio Spurs,1,0,1,48.0,116.5,26.0,71.8,4.0,3.0,9.0,12.0,6.0,56.0
2022-23,Pre+Season,OKC,Oklahoma City Thunder,6,5,1,48.0,99.8,37.3,74.7,8.8,5.3,18.8,11.2,9.0,45.0
2022-23,Pre+Season,MIA,Miami Heat,5,4,1,48.0,101.0,32.6,72.0,10.8,4.8,20.0,12.2,14.0,46.4
2022-23,Pre+Season,MIN,Minnesota Timberwolves,5,4,1,48.0,101.7,41.0,76.8,10.6,4.4,18.6,13.8,14.2,42.4
2022-23,Pre+Season,NOP,New Orleans Pelicans,5,4,1,48.0,103.4,37.4,74.1,9.6,5.8,21.0,14.8,16.0,38.8
2022-23,Pre+Season,ORL,Orlando Magic,5,4,1,48.0,102.5,36.2,78.5,10.4,6.0,21.6,8.4,19.2,41.2
2022-23,Pre+Season,PHI,Philadelphia 76ers,4,4,0,48.0,99.3,34.3,73.5,13.0,5.0,14.5,12.5,15.0,51.0
2022-23,Pre+Season,SAC,Sacramento Kings,4,4,0,48.0,85.9,36.3,76.6,12.8,4.5,13.0,7.5,6.0,35.0
2022-23,Pre+Season,CHI,Chicago Bulls,4,3,1,48.0,103.7,37.3,71.9,8.3,5.0,23.0,15.8,13.5,47.0
2022-23,Pre+Season,DEN,Denver Nuggets,5,3,2,48.0,111.0,32.8,76.0,8.2,3.8,19.2,11.6,14.6,46.0
2022-23,Pre+Season,GSW,Golden State Warriors,5,3,2,48.0,101.6,37.6,75.7,8.8,3.8,19.6,11.4,10.6,40.8
2022-23,Pre+Season,HOU,Houston Rockets,4,3,1,48.0,102.9,39.0,70.5,8.5,4.3,23.5,16.8,18.8,43.5
2022-23,Pre+Season,MEM,Memphis Grizzlies,5,3,2,48.0,100.8,34.6,70.6,12.0,4.8,18.6,16.0,14.6,35.6
2022-23,Pre+Season,NYK,New York Knicks,4,3,1,48.0,99.5,37.3,74.1,8.5,6.3,17.8,9.8,17.5,45.5
2022-23,Pre+Season,TOR,Toronto Raptors,5,3,2,50.0,103.1,37.6,71.8,10.0,6.0,17.6,13.6,16.0,45.2
2022-23,Pre+Season,ATL,Atlanta Hawks,4,2,2,48.0,109.3,35.8,70.8,5.3,3.8,12.3,15.0,11.3,42.5
2022-23,Pre+Season,BOS,Boston Celtics,4,2,2,50.5,105.0,40.8,67.0,4.3,3.8,21.3,19.5,15.3,60.0
2022-23,Pre+Season,BKN,Brooklyn Nets,4,2,2,48.0,104.1,36.0,69.6,9.8,5.8,24.8,15.0,15.8,46.0
2022-23,Pre+Season,DAL,Dallas Mavericks,3,2,1,48.0,98.7,32.3,68.9,12.0,5.0,16.7,16.7,10.0,50.7
2022-23,Pre+Season,IND,Indiana Pacers,4,2,2,48.0,107.1,36.0,67.6,6.8,8.0,18.8,14.5,14.0,43.5
2022-23,Pre+Season,LAC,LA Clippers,4,2,2,48.0,99.5,36.8,76.8,10.0,7.0,20.8,9.8,16.0,49.0
2022-23,Pre+Season,Adelaide 36ers,Adelaide 36ers,2,1,1,48.0,123.8,28.5,66.7,8.5,4.5,25.0,22.0,12.5,53.0
2022-23,Pre+Season,CLE,Cleveland Cavaliers,4,1,3,48.0,108.7,34.8,68.2,7.5,6.3,17.8,15.8,9.8,42.5
2022-23,Pre+Season,LAL,Los Angeles Lakers,6,1,5,48.0,109.1,38.3,71.4,6.7,6.2,22.7,13.5,14.3,51.0
2022-23,Pre+Season,PHX,Phoenix Suns,4,1,3,48.0,110.0,33.3,72.1,10.5,5.3,17.5,13.5,12.0,37.0
2022-23,Pre+Season,POR,Portland Trail Blazers,5,1,4,48.0,111.7,30.2,65.6,8.4,7.0,25.0,15.2,16.0,38.0
2022-23,Pre+Season,SAS,San Antonio Spurs,5,1,4,48.0,108.0,35.4,72.1,7.8,5.8,23.0,14.2,15.0,53.6
2022-23,Pre+Season,UTA,Utah Jazz,4,1,3,48.0,104.8,35.3,75.3,8.3,4.8,22.0,14.5,17.5,44.5
2022-23,Pre+Season,WAS,Washington Wizards,4,1,3,48.0,103.0,32.5,68.4,9.8,7.8,17.3,17.8,13.3,47.5
2022-23,Pre+Season,CHA,Charlotte Hornets,5,0,5,48.0,111.5,33.2,73.1,8.6,6.2,17.6,15.2,17.6,49.6
2022-23,Pre+Season,DET,Detroit Pistons,4,0,4,48.0,111.8,35.5,72.9,4.8,5.5,22.5,9.5,17.0,63.5
2022-23,Pre+Season,Maccabi Ra'anana,Maccabi Ra'anana,3,0,3,48.0,134.3,19.7,56.5,11.7,3.3,18.7,18.3,26.0,55.3
2022-23,Pre+Season,MIL,Milwaukee Bucks,5,0,5,48.0,114.3,32.4,76.4,8.4,3.0,24.2,11.2,14.2,51.2
2022-23,Regular+Season,MIL,Milwaukee Bucks,82,58,24,48.4,110.9,37.5,74.5,6.4,4.9,16.5,13.4,13.0,49.6
2022-23,Regular+Season,BOS,Boston Celtics,82,57,25,48.7,110.6,35.6,74.6,6.4,5.2,15.4,12.7,13.2,48.9
2022-23,Regular+Season,PHI,Philadelphia 76ers,82,54,28,48.5,112.7,32.2,72.1,7.7,4.7,16.5,12.7,15.5,48.1
2022-23,Regular+Season,DEN,Denver Nuggets,82,53,29,48.2,113.5,32.9,72.7,7.5,4.5,17.4,13.4,13.7,52.5
2022-23,Regular+Season,CLE,Cleveland Cavaliers,82,51,31,48.5,109.9,31.4,71.5,7.1,4.7,15.5,12.1,12.7,46.3
2022-23,Regular+Season,MEM,Memphis Grizzlies,82,51,31,48.2,110.7,34.6,71.1,8.3,5.8,15.6,14.5,13.8,47.5
2022-23,Regular+Season,SAC,Sacramento Kings,82,48,34,48.4,116.0,32.9,73.1,7.0,3.4,16.3,12.7,11.5,53.5
2022-23,Regular+Season,NYK,New York Knicks,82,47,35,48.7,114.2,34.0,72.7,6.4,4.1,15.3,13.3,12.7,45.9
2022-23,Regular+Season,BKN,Brooklyn Nets,82,45,37,48.1,113.5,32.3,68.9,7.1,6.2,16.8,14.6,13.3,50.1
2022-23,Regular+Season,PHX,Phoenix Suns,82,45,37,48.2,112.3,32.4,71.4,7.1,5.3,16.1,13.9,13.2,48.6
2022-23,Regular+Season,GSW,Golden State Warriors,82,44,38,48.4,113.4,34.1,71.9,7.2,4.0,19.4,13.3,14.1,49.8
2022-23,Regular+Season,LAC,LA Clippers,82,44,38,48.4,113.6,33.4,73.1,7.1,4.4,18.1,13.3,14.6,51.1
2022-23,Regular+Season,MIA,Miami Heat,82,44,38,48.3,112.8,30.9,73.3,8.0,3.0,15.9,12.0,12.5,46.2
2022-23,Regular+Season,LAL,Los Angeles Lakers,82,43,39,48.5,113.2,35.7,72.7,6.4,4.6,17.0,13.9,15.4,52.8
2022-23,Regular+Season,MIN,Minnesota Timberwolves,82,42,40,48.4,113.1,32.8,70.3,8.0,5.4,17.7,13.7,14.4,50.8
2022-23,Regular+Season,NOP,New Orleans Pelicans,82,42,40,48.4,112.0,33.1,73.2,8.3,4.1,18.0,13.4,13.9,49.5
2022-23,Regular+Season,ATL,Atlanta Hawks,82,41,41,48.4,115.4,33.2,71.7,7.1,4.9,15.7,14.1,15.4,54.7
2022-23,Regular+Season,TOR,Toronto Raptors,82,41,41,48.3,113.1,30.3,72.1,9.4,5.2,14.5,11.4,15.1,49.1
2022-23,Regular+Season,CHI,Chicago Bulls,82,40,42,48.5,111.5,33.9,73.6,7.9,4.5,15.6,11.9,12.9,46.9
2022-23,Regular+Season,OKC,Oklahoma City Thunder,82,40,42,48.4,113.2,32.3,69.3,8.2,4.2,14.8,15.5,11.9,50.7
2022-23,Regular+Season,DAL,Dallas Mavericks,82,38,44,48.6,116.1,31.2,71.7,6.3,3.7,15.0,14.5,13.3,51.1
2022-23,Regular+Season,UTA,Utah Jazz,82,37,45,48.3,116.0,34.1,71.1,6.1,5.2,18.7,15.2,16.8,53.0
2022-23,Regular+Season,IND,Indiana Pacers,82,35,47,48.2,117.1,31.4,68.5,7.7,5.8,18.4,15.4,15.0,53.7
2022-23,Regular+Season,WAS,Washington Wizards,82,35,47,48.2,114.9,34.2,72.4,6.8,5.2,17.0,14.3,13.7,51.5
2022-23,Regular+Season,ORL,Orlando Magic,82,34,48,48.2,113.7,33.1,73.0,7.4,4.7,18.2,13.5,14.4,47.6
2022-23,Regular+Season,POR,Portland Trail Blazers,82,33,49,48.1,118.0,31.1,70.9,6.7,4.6,17.8,13.6,15.3,53.3
2022-23,Regular+Season,CHA,Charlotte Hornets,82,27,55,48.4,114.7,33.5,71.7,7.7,5.2,16.9,14.3,12.2,52.8
2022-23,Regular+Season,HOU,Houston Rockets,82,22,60,48.2,118.6,32.9,72.9,7.3,4.6,20.6,13.0,17.5,49.0
2022-23,Regular+Season,SAS,San Antonio Spurs,82,22,60,48.4,119.6,31.9,70.9,7.0,3.9,19.0,14.7,15.3,56.7
2022-23,Regular+Season,DET,Detroit Pistons,82,17,65,48.3,117.8,31.3,70.2,7.0,3.8,18.1,14.8,13.5,54.0
2022-23,Playoffs,DEN,Denver Nuggets,20,16,4,48.3,110.2,34.7,76.2,6.9,4.2,13.3,10.4,13.8,46.3
2022-23,Playoffs,MIA,Miami Heat,23,13,10,48.2,111.9,31.0,70.8,7.0,3.6,15.7,12.9,12.1,46.5
2022-23,Playoffs,BOS,Boston Celtics,20,11,9,48.3,112.9,33.6,71.6,6.0,6.4,15.7,13.8,11.1,42.1
2022-23,Playoffs,LAL,Los Angeles Lakers,16,8,8,48.3,110.3,35.6,70.9,6.8,6.4,13.9,13.7,14.7,46.4
2022-23,Playoffs,PHI,Philadelphia 76ers,11,7,4,48.5,112.1,33.0,76.6,7.6,5.3,14.3,9.3,13.5,39.5
2022-23,Playoffs,GSW,Golden State Warriors,13,6,7,48.0,111.1,34.5,70.8,7.2,4.6,15.3,14.4,13.4,48.0
2022-23,Playoffs,NYK,New York Knicks,11,6,5,48.0,107.8,32.5,70.7,7.0,4.5,17.9,12.1,9.7,42.5
2022-23,Playoffs,PHX,Phoenix Suns,11,6,5,48.0,118.3,30.8,68.1,6.3,5.6,14.2,15.6,14.9,52.9
2022-23,Playoffs,SAC,Sacramento Kings,7,3,4,48.0,111.6,33.7,70.0,7.7,4.3,14.0,16.1,9.9,44.6
2022-23,Playoffs,ATL,Atlanta Hawks,6,2,4,48.0,118.8,31.7,76.4,7.7,4.8,13.8,12.0,15.2,54.7
2022-23,Playoffs,MEM,Memphis Grizzlies,6,2,4,48.8,110.0,33.3,69.6,6.7,3.5,17.2,17.3,19.2,53.0
2022-23,Playoffs,CLE,Cleveland Cavaliers,5,1,4,48.0,107.3,28.0,60.6,6.8,4.0,22.2,18.2,15.6,46.4
2022-23,Playoffs,LAC,LA Clippers,5,1,4,48.0,122.5,28.2,68.2,6.6,4.2,18.2,14.0,17.0,46.8
2022-23,Playoffs,MIL,Milwaukee Bucks,5,1,4,49.0,119.0,34.2,78.7,6.6,3.6,20.6,10.2,14.4,48.8
2022-23,Playoffs,MIN,Minnesota Timberwolves,5,1,4,49.0,117.2,30.8,69.3,6.6,4.8,16.8,12.4,16.4,51.6
2022-23,Playoffs,BKN,Brooklyn Nets,4,0,4,48.0,114.3,29.3,63.2,5.3,3.8,17.5,20.0,9.8,45.0
2022-23,All+Star,Team Giannis,Team Giannis,1,1,0,44.1,135.7,36.0,71.7,8.0,1.0,20.0,15.0,27.0,118.0
2022-23,All+Star,Team LeBron,Team LeBron,1,0,1,44.1,143.8,32.0,78.7,7.0,2.0,13.0,14.0,33.0,88.0
2022-23,PlayIn,ATL,Atlanta Hawks,1,1,0,48.0,106.1,41.0,77.8,5.0,8.0,12.0,6.0,12.0,46.0
2022-23,PlayIn,CHI,Chicago Bulls,2,1,1,48.0,108.4,30.0,62.9,7.0,6.5,15.0,16.0,8.5,37.0
2022-23,PlayIn,LAL,Los Angeles Lakers,1,1,0,53.0,96.2,36.0,76.6,8.0,7.0,19.0,6.0,12.0,36.0
2022-23,PlayIn,MIA,Miami Heat,2,1,1,48.0,108.9,37.0,72.6,7.0,3.0,9.5,18.5,13.0,50.0
2022-23,PlayIn,MIN,Minnesota Timberwolves,2,1,1,50.5,96.7,35.5,68.4,12.0,9.5,22.5,18.0,11.5,42.0
2022-23,PlayIn,OKC,Oklahoma City Thunder,2,1,1,48.0,120.2,27.5,68.5,8.0,5.5,13.5,17.0,9.5,55.0
2022-23,PlayIn,NOP,New Orleans Pelicans,1,0,1,48.0,128.1,34.0,66.7,5.0,4.0,21.0,24.0,13.0,58.0
2022-23,PlayIn,TOR,Toronto Raptors,1,0,1,48.0,113.5,34.0,75.6,5.0,5.0,22.0,8.0,14.0,52.0
2023-24,Pre+Season,MIN,Minnesota Timberwolves,5,5,0,48.0,103.2,35.4,71.1,7.4,5.8,19.4,10.6,14.4,37.6
2023-24,Pre+Season,BOS,Boston Celtics,5,4,1,48.0,105.2,36.2,73.2,10.0,4.6,19.2,14.4,15.6,42.8
2023-24,Pre+Season,GSW,Golden State Warriors,5,4,1,47.7,108.7,38.2,75.3,8.6,4.6,20.8,12.8,16.0,49.6
2023-24,Pre+Season,HOU,Houston Rockets,5,4,1,48.0,95.1,38.8,75.3,13.2,4.8,14.8,15.0,8.6,39.2
2023-24,Pre+Season,PHX,Phoenix Suns,5,4,1,49.0,105.7,34.2,73.0,10.4,5.0,22.6,11.6,16.2,47.6
2023-24,Pre+Season,TOR,Toronto Raptors,4,4,0,48.0,92.5,39.0,72.3,11.0,7.3,21.8,11.5,15.8,53.5
2023-24,Pre+Season,ATL,Atlanta Hawks,5,3,2,48.0,105.4,35.0,78.8,11.2,3.2,24.8,8.4,19.2,44.4
2023-24,Pre+Season,DEN,Denver Nuggets,5,3,2,50.0,109.8,31.2,65.8,9.8,6.0,18.0,14.4,12.8,50.4
2023-24,Pre+Season,MIL,Milwaukee Bucks,5,3,2,48.0,104.4,37.8,75.1,9.4,6.0,15.6,13.4,16.2,43.2
2023-24,Pre+Season,ORL,Orlando Magic,4,3,1,48.0,98.2,33.3,69.5,12.3,7.5,17.5,12.5,15.0,41.0
2023-24,Pre+Season,SAS,San Antonio Spurs,5,3,2,48.0,104.2,35.6,65.6,10.0,7.6,18.4,18.8,8.4,43.6
2023-24,Pre+Season,UTA,Utah Jazz,5,3,2,48.0,105.4,36.0,71.7,8.4,6.0,21.0,13.2,17.2,46.0
2023-24,Pre+Season,WAS,Washington Wizards,4,3,1,48.0,97.2,37.3,70.1,12.8,7.0,11.5,18.0,13.5,51.0
2023-24,Pre+Season,BKN,Brooklyn Nets,4,2,2,48.0,109.2,36.8,69.6,7.3,5.8,24.0,14.5,17.3,46.5
2023-24,Pre+Season,DET,Detroit Pistons,4,2,2,49.3,109.5,39.8,76.8,6.8,6.0,24.0,7.3,14.3,45.0
2023-24,Pre+Season,IND,Indiana Pacers,4,2,2,49.3,107.6,37.5,73.5,7.8,8.3,21.0,14.3,14.3,60.5
2023-24,Pre+Season,LAC,LA Clippers,4,2,2,48.0,102.0,34.5,70.7,9.8,6.8,19.0,16.3,15.0,50.5
2023-24,Pre+Season,LAL,Los Angeles Lakers,6,2,4,46.9,109.4,35.0,71.8,9.7,7.3,21.5,13.2,13.7,44.7
2023-24,Pre+Season,MEM,Memphis Grizzlies,5,2,3,49.0,108.6,36.2,68.8,8.8,8.0,18.6,16.2,17.2,52.4
2023-24,Pre+Season,MIA,Miami Heat,5,2,3,48.0,110.0,36.8,75.6,6.8,4.0,22.0,12.4,14.4,40.0
2023-24,Pre+Season,OKC,Oklahoma City Thunder,5,2,3,48.0,110.2,35.2,75.0,8.2,4.4,14.4,14.2,11.8,47.2
2023-24,Pre+Season,PHI,Philadelphia 76ers,4,2,2,48.0,109.5,30.5,69.9,12.5,5.8,17.8,14.0,19.5,40.0
2023-24,Pre+Season,CHA,Charlotte Hornets,4,1,3,48.0,104.9,40.5,72.7,9.3,6.3,20.8,17.0,15.8,49.0
2023-24,Pre+Season,CHI,Chicago Bulls,5,1,4,50.0,109.3,29.2,72.2,10.2,3.6,20.2,10.6,14.0,44.4
2023-24,Pre+Season,CLE,Cleveland Cavaliers,4,1,3,48.0,98.1,37.8,76.0,9.3,6.5,23.8,9.0,14.0,44.0
2023-24,Pre+Season,DAL,Dallas Mavericks,4,1,3,48.0,107.2,35.8,65.1,9.0,7.0,15.3,17.8,14.5,49.5
2023-24,Pre+Season,NOP,New Orleans Pelicans,4,1,3,48.0,106.5,31.5,67.6,11.0,5.3,23.5,16.3,22.3,50.0
2023-24,Pre+Season,NYK,New York Knicks,4,1,3,48.0,120.2,30.5,67.9,9.0,3.3,23.8,16.5,9.3,42.0
2023-24,Pre+Season,POR,Portland Trail Blazers,4,1,3,48.0,106.2,31.5,71.1,12.8,4.8,19.8,12.5,18.3,48.5
2023-24,Pre+Season,Real Madrid,Real Madrid,1,1,0,48.0,119.4,37.0,71.4,9.0,9.0,23.0,20.0,18.0,52.0
2023-24,Pre+Season,SAC,Sacramento Kings,5,1,4,49.0,107.5,32.4,71.2,8.2,5.8,19.8,12.6,13.2,48.0
2023-24,Pre+Season,Breakers,Breakers,2,0,2,48.0,107.8,28.0,68.6,11.0,6.5,20.0,16.0,23.0,49.0
2023-24,Pre+Season,Flamengo,Flamengo,1,0,1,48.0,116.0,25.0,70.7,10.0,2.0,27.0,9.0,16.0,44.0
2023-24,Pre+Season,Maccabi Ra'anana,Maccabi Ra'anana,3,0,3,48.0,129.3,27.7,64.5,8.0,5.3,17.0,22.3,18.3,55.3
2023-24,Pre+Season,Taipans,Taipans,2,0,2,48.0,130.4,27.0,64.4,11.0,3.5,31.0,13.0,29.0,65.0
2023-24,Regular+Season,BOS,Boston Celtics,82,64,18,48.4,110.6,35.6,72.6,6.8,6.6,13.3,13.6,13.0,47.7
2023-24,Regular+Season,DEN,Denver Nuggets,82,57,25,48.1,112.3,33.7,71.8,7.1,5.6,15.9,13.2,13.5,50.3
2023-24,Regular+Season,OKC,Oklahoma City Thunder,82,57,25,48.3,111.0,33.2,69.8,8.5,6.6,14.8,15.3,12.5,47.0
2023-24,Regular+Season,MIN,Minnesota Timberwolves,82,56,26,48.3,108.4,34.2,72.5,7.9,6.1,16.3,12.7,13.2,46.1
2023-24,Regular+Season,LAC,LA Clippers,82,51,31,48.1,114.6,32.9,70.5,7.8,5.0,15.7,14.0,14.9,49.7
2023-24,Regular+Season,DAL,Dallas Mavericks,82,50,32,48.1,114.9,33.2,71.1,6.9,5.0,15.1,14.3,15.7,51.0
2023-24,Regular+Season,NYK,New York Knicks,82,50,32,48.1,112.4,32.5,72.9,7.5,4.1,14.9,12.3,13.8,46.9
2023-24,Regular+Season,MIL,Milwaukee Bucks,82,49,33,48.3,115.0,34.8,73.1,6.8,5.0,15.0,13.7,13.6,51.0
2023-24,Regular+Season,NOP,New Orleans Pelicans,82,49,33,48.1,111.9,33.6,72.5,8.3,4.6,15.6,12.8,13.6,46.6
2023-24,Regular+Season,PHX,Phoenix Suns,82,49,33,48.2,113.7,33.9,71.4,7.4,6.0,18.2,14.0,14.4,49.7
2023-24,Regular+Season,CLE,Cleveland Cavaliers,82,48,34,48.3,112.1,33.4,72.1,7.4,4.6,17.4,12.9,14.3,46.5
2023-24,Regular+Season,IND,Indiana Pacers,82,47,35,48.1,117.6,31.4,70.0,7.7,5.9,15.8,14.8,13.7,58.4
2023-24,Regular+Season,LAL,Los Angeles Lakers,82,47,35,48.4,114.8,34.9,72.5,7.4,5.5,17.0,14.9,16.2,51.3
2023-24,Regular+Season,ORL,Orlando Magic,82,47,35,48.2,110.8,31.8,73.7,8.2,5.2,16.4,12.1,14.5,47.5
2023-24,Regular+Season,PHI,Philadelphia 76ers,82,47,35,48.2,113.0,31.9,70.1,8.5,6.0,14.4,13.6,15.4,50.1
2023-24,Regular+Season,GSW,Golden State Warriors,82,46,36,48.4,114.5,34.6,72.5,7.0,4.6,17.2,13.4,14.9,49.7
2023-24,Regular+Season,MIA,Miami Heat,82,46,36,48.2,111.5,33.0,73.4,7.5,3.4,15.8,13.2,13.0,46.4
2023-24,Regular+Season,SAC,Sacramento Kings,82,46,36,48.4,114.4,33.2,74.4,7.6,4.2,16.5,10.9,11.8,48.9
2023-24,Regular+Season,HOU,Houston Rockets,82,41,41,48.4,112.8,34.0,72.2,7.8,4.6,14.9,13.8,11.7,48.7
2023-24,Regular+Season,CHI,Chicago Bulls,82,39,43,48.7,115.7,32.6,71.7,7.8,4.8,15.2,13.8,13.3,45.4
2023-24,Regular+Season,ATL,Atlanta Hawks,82,36,46,48.4,118.4,32.2,71.7,7.5,4.5,16.7,13.7,16.6,53.7
2023-24,Regular+Season,BKN,Brooklyn Nets,82,32,50,48.3,115.4,32.6,71.5,6.8,5.2,15.4,14.0,15.6,48.3
2023-24,Regular+Season,UTA,Utah Jazz,82,31,51,48.3,119.6,33.2,71.7,6.5,5.6,19.3,14.4,18.4,51.8
2023-24,Regular+Season,MEM,Memphis Grizzlies,82,27,55,48.2,113.7,31.7,70.6,8.2,6.1,18.5,14.0,15.1,48.1
2023-24,Regular+Season,TOR,Toronto Raptors,82,25,57,48.3,118.1,31.8,69.4,7.7,4.7,17.2,15.6,14.5,54.3
2023-24,Regular+Season,SAS,San Antonio Spurs,82,22,60,48.4,115.6,33.9,72.1,7.1,6.3,18.6,14.2,14.5,54.8
2023-24,Regular+Season,CHA,Charlotte Hornets,82,21,61,48.1,119.2,31.0,70.9,6.9,4.5,17.1,14.1,13.8,52.5
2023-24,Regular+Season,POR,Portland Trail Blazers,82,21,61,48.5,116.6,30.1,69.7,7.6,4.3,19.1,14.2,17.0,53.5
2023-24,Regular+Season,WAS,Washington Wizards,82,15,67,48.1,118.9,31.9,68.3,7.6,5.1,17.1,16.4,15.1,58.4
2023-24,Regular+Season,DET,Detroit Pistons,82,14,68,48.2,118.0,32.8,73.0,6.5,4.7,19.6,13.9,14.2,54.5
2023-24,Playoffs,BOS,Boston Celtics,19,16,3,48.3,108.2,33.4,76.2,6.3,5.4,13.4,9.5,9.8,47.6
2023-24,Playoffs,DAL,Dallas Mavericks,22,13,9,48.0,110.7,32.2,72.2,6.3,5.3,14.8,10.9,11.7,41.5
2023-24,Playoffs,MIN,Minnesota Timberwolves,16,9,7,48.0,110.9,31.8,76.2,7.3,4.6,15.7,9.6,10.9,44.0
2023-24,Playoffs,IND,Indiana Pacers,17,8,9,48.6,118.8,31.1,68.2,5.5,4.8,13.7,14.7,11.1,47.1
2023-24,Playoffs,DEN,Denver Nuggets,12,7,5,48.0,110.9,32.6,75.7,6.4,4.3,14.7,10.8,14.3,50.0
2023-24,Playoffs,NYK,New York Knicks,13,7,6,48.4,120.6,29.4,69.4,5.7,5.4,15.1,12.7,12.9,46.8
2023-24,Playoffs,OKC,Oklahoma City Thunder,10,6,4,48.0,104.5,32.8,68.3,7.8,6.2,11.5,16.0,10.2,41.2
2023-24,Playoffs,CLE,Cleveland Cavaliers,12,5,7,48.0,111.1,31.1,69.9,6.7,4.6,12.8,13.2,12.7,39.8
2023-24,Playoffs,ORL,Orlando Magic,7,3,4,48.0,100.0,33.0,75.7,8.0,5.1,14.9,9.4,14.0,48.3
2023-24,Playoffs,LAC,LA Clippers,6,2,4,48.0,115.9,30.8,68.3,6.2,3.2,18.0,13.8,15.5,43.3
2023-24,Playoffs,MIL,Milwaukee Bucks,6,2,4,48.8,119.4,33.2,69.7,5.3,3.2,12.5,13.7,11.8,46.0
2023-24,Playoffs,PHI,Philadelphia 76ers,6,2,4,48.8,116.7,30.5,63.0,5.5,6.3,13.5,19.2,15.7,43.0
2023-24,Playoffs,LAL,Los Angeles Lakers,5,1,4,48.0,113.4,33.2,72.0,6.0,4.0,10.8,13.4,15.0,55.2
2023-24,Playoffs,MIA,Miami Heat,5,1,4,48.0,117.7,30.6,72.7,4.6,1.4,16.2,11.8,8.8,40.8
2023-24,Playoffs,NOP,New Orleans Pelicans,4,0,4,48.0,109.6,33.3,79.7,8.8,4.5,19.8,8.5,17.8,44.0
2023-24,Playoffs,PHX,Phoenix Suns,4,0,4,48.0,123.2,25.3,60.8,7.5,4.3,19.8,17.3,9.5,50.5
2023-24,All+Star,East NBA All Stars East,East NBA All Stars East,1,1,0,48.0,133.8,40.0,69.8,6.0,1.0,28.0,20.0,43.0,100.0
2023-24,All+Star,West NBA All Stars West,West NBA All Stars West,1,0,1,48.0,154.0,37.0,60.9,8.0,2.0,19.0,21.0,48.0,74.0
2023-24,IST,LAL,Los Angeles Lakers,7,7,0,48.0,102.4,38.4,70.5,7.4,6.3,17.0,18.1,16.0,44.9
2023-24,IST,IND,Indiana Pacers,7,6,1,48.0,117.0,29.1,67.9,7.9,6.9,13.4,14.7,17.3,66.6
2023-24,IST,MIL,Milwaukee Bucks,6,5,1,48.0,114.8,35.8,72.3,5.7,7.2,13.0,15.0,12.0,57.3
2023-24,IST,NOP,New Orleans Pelicans,6,4,2,48.0,111.8,33.8,71.3,9.3,5.7,16.2,14.7,15.7,48.0
2023-24,IST,SAC,Sacramento Kings,5,4,1,48.0,112.9,33.4,75.2,8.6,4.8,17.2,12.0,10.0,47.6
2023-24,IST,BOS,Boston Celtics,5,3,2,48.0,109.5,36.4,78.1,6.2,5.8,12.8,10.4,12.4,46.4
2023-24,IST,BKN,Brooklyn Nets,4,3,1,48.0,113.0,36.3,71.0,6.0,4.5,17.5,16.8,9.8,36.5
2023-24,IST,CLE,Cleveland Cavaliers,4,3,1,49.3,108.3,36.8,68.3,9.0,7.8,17.0,18.5,18.3,45.5
2023-24,IST,MIN,Minnesota Timberwolves,4,3,1,48.0,108.4,36.5,72.3,6.0,6.8,21.5,14.3,11.0,42.5
2023-24,IST,NYK,New York Knicks,5,3,2,48.0,111.2,35.4,75.9,7.2,4.0,17.6,12.2,11.8,41.2
2023-24,IST,ORL,Orlando Magic,4,3,1,48.0,107.6,31.0,75.3,8.3,5.5,21.0,6.8,14.8,40.5
2023-24,IST,PHX,Phoenix Suns,5,3,2,48.0,115.5,32.6,69.6,8.0,4.8,16.0,16.2,12.0,48.4
2023-24,IST,DAL,Dallas Mavericks,4,2,2,48.0,125.5,27.0,61.9,7.0,3.5,19.0,18.5,23.0,61.5
2023-24,IST,DEN,Denver Nuggets,4,2,2,48.0,112.2,33.0,76.6,6.8,3.8,17.3,9.5,12.8,44.5
2023-24,IST,GSW,Golden State Warriors,4,2,2,48.0,114.9,33.8,71.4,8.3,3.0,24.5,14.0,10.3,49.0
2023-24,IST,HOU,Houston Rockets,4,2,2,48.0,106.2,35.3,73.3,6.5,6.3,16.8,15.3,6.5,40.5
2023-24,IST,MIA,Miami Heat,4,2,2,48.0,113.9,30.0,76.7,8.8,2.8,14.8,10.3,14.0,53.0
2023-24,IST,PHI,Philadelphia 76ers,4,2,2,49.3,115.0,32.0,69.3,9.8,5.0,14.3,14.0,16.8,57.0
2023-24,IST,UTA,Utah Jazz,4,2,2,48.0,119.6,31.0,70.0,7.5,7.8,17.8,13.5,13.3,51.5
2023-24,IST,ATL,Atlanta Hawks,4,1,3,48.0,128.6,28.3,65.9,8.5,4.5,16.0,17.5,17.3,61.5
2023-24,IST,CHA,Charlotte Hornets,4,1,3,48.0,119.4,33.3,75.4,7.3,2.0,17.5,12.3,13.3,49.5
2023-24,IST,LAC,LA Clippers,4,1,3,48.0,119.8,31.5,69.7,9.5,4.5,13.8,14.3,14.5,53.0
2023-24,IST,OKC,Oklahoma City Thunder,4,1,3,48.0,106.6,30.3,64.4,9.8,4.0,19.5,20.3,8.0,41.0
2023-24,IST,POR,Portland Trail Blazers,4,1,3,49.3,114.6,28.0,66.9,9.0,4.5,20.3,12.5,23.0,59.0
2023-24,IST,TOR,Toronto Raptors,4,1,3,48.0,116.6,31.8,69.2,7.3,4.0,17.5,14.8,15.3,51.0
2023-24,IST,CHI,Chicago Bulls,4,0,4,48.0,120.9,29.5,68.8,7.5,4.0,17.8,13.5,13.0,48.5
2023-24,IST,DET,Detroit Pistons,4,0,4,48.0,121.6,31.8,69.9,6.5,7.0,20.5,13.0,15.0,53.0
2023-24,IST,MEM,Memphis Grizzlies,4,0,4,49.3,122.1,28.3,68.6,6.8,6.5,19.8,15.8,16.3,44.0
2023-24,IST,SAS,San Antonio Spurs,4,0,4,48.0,114.9,32.0,78.2,8.3,5.0,18.8,10.3,16.0,47.5
2023-24,IST,WAS,Washington Wizards,4,0,4,48.0,122.8,28.5,63.4,4.5,4.5,13.8,17.8,8.8,61.5
2024-25,Pre+Season,GSW,Golden State Warriors,6,6,0,48.0,96.1,36.5,71.8,8.8,6.0,17.8,13.8,14.2,42.7
2024-25,Pre+Season,BOS,Boston Celtics,5,4,1,48.0,104.6,32.4,69.0,9.8,5.6,13.0,15.8,18.2,50.4
2024-25,Pre+Season,LAC,LA Clippers,5,4,1,48.0,94.2,34.4,65.7,13.6,7.0,21.8,15.8,18.4,39.2
2024-25,Pre+Season,MIA,Miami Heat,5,4,1,48.0,105.0,33.0,69.2,15.2,4.4,20.8,10.6,15.2,44.8
2024-25,Pre+Season,NYK,New York Knicks,5,4,1,48.0,102.5,36.0,76.0,8.8,4.2,14.0,9.8,12.2,40.8
2024-25,Pre+Season,OKC,Oklahoma City Thunder,5,4,1,49.0,100.6,37.4,68.7,11.2,6.4,12.2,13.0,11.8,39.2
2024-25,Pre+Season,UTA,Utah Jazz,6,4,2,48.0,107.1,34.2,68.0,7.5,7.0,26.7,14.5,20.8,57.0
2024-25,Pre+Season,CHI,Chicago Bulls,5,3,2,49.0,107.6,40.4,70.5,9.4,6.2,16.6,13.8,20.6,51.6
2024-25,Pre+Season,DET,Detroit Pistons,5,3,2,48.0,96.8,34.2,73.3,11.0,5.8,18.6,12.0,17.6,33.6
2024-25,Pre+Season,HOU,Houston Rockets,4,3,1,49.3,103.3,38.5,73.0,8.8,4.8,16.0,9.3,12.0,47.0
2024-25,Pre+Season,MEM,Memphis Grizzlies,5,3,2,48.0,111.6,34.4,72.4,9.6,5.2,25.4,11.4,21.6,48.4
2024-25,Pre+Season,PHI,Philadelphia 76ers,6,3,3,48.0,105.9,34.5,72.9,10.3,3.3,17.5,16.3,13.5,44.7
2024-25,Pre+Season,PHX,Phoenix Suns,5,3,2,49.0,106.6,38.0,74.5,9.0,6.4,14.2,13.8,17.6,52.4
2024-25,Pre+Season,POR,Portland Trail Blazers,4,3,1,48.0,91.6,35.3,73.5,11.5,6.0,21.3,14.5,18.0,39.5
2024-25,Pre+Season,TOR,Toronto Raptors,5,3,2,48.0,108.4,35.4,72.2,8.2,3.0,19.4,15.4,11.2,36.8
2024-25,Pre+Season,CHA,Charlotte Hornets,5,2,3,49.0,103.2,37.4,72.5,7.6,6.4,26.2,16.6,17.6,44.8
2024-25,Pre+Season,IND,Indiana Pacers,4,2,2,49.3,111.3,33.0,69.5,11.3,5.3,23.3,11.3,18.3,54.0
2024-25,Pre+Season,LAL,Los Angeles Lakers,6,2,4,48.8,112.5,35.7,73.1,8.2,6.7,24.5,12.0,24.0,54.3
2024-25,Pre+Season,MIN,Minnesota Timberwolves,5,2,3,48.0,110.9,35.2,78.6,8.4,3.8,17.2,8.2,17.8,44.0
2024-25,Pre+Season,SAS,San Antonio Spurs,5,2,3,48.0,111.6,32.8,72.4,9.6,3.8,18.8,17.6,13.8,49.2
2024-25,Pre+Season,WAS,Washington Wizards,5,2,3,48.0,113.2,32.4,67.9,6.4,6.2,21.6,18.8,16.6,55.2
2024-25,Pre+Season,ATL,Atlanta Hawks,4,1,3,48.0,108.0,32.8,73.2,10.8,3.5,23.8,15.8,22.3,52.5
2024-25,Pre+Season,BKN,Brooklyn Nets,4,1,3,48.0,108.1,29.0,66.1,10.0,4.3,19.8,13.8,19.3,53.0
2024-25,Pre+Season,DAL,Dallas Mavericks,4,1,3,48.0,101.7,34.5,69.7,10.3,7.5,22.3,16.8,20.5,47.5
2024-25,Pre+Season,DEN,Denver Nuggets,5,1,4,48.0,115.5,35.4,70.6,7.2,3.2,26.2,13.2,19.4,44.8
2024-25,Pre+Season,MIL,Milwaukee Bucks,4,1,3,48.0,109.7,37.3,70.0,9.0,7.3,19.5,15.5,20.3,49.0
2024-25,Pre+Season,NOP,New Orleans Pelicans,3,1,2,48.0,103.9,34.0,66.7,9.0,7.0,19.7,15.7,20.7,50.7
2024-25,Pre+Season,ORL,Orlando Magic,3,1,2,48.0,101.0,36.7,70.6,9.7,5.3,27.0,14.0,18.0,44.0
2024-25,Pre+Season,CLE,Cleveland Cavaliers,4,0,4,49.3,110.8,38.3,71.2,9.0,5.5,24.8,15.5,22.3,55.0
2024-25,Pre+Season,New Zealand Breakers,New Zealand Breakers,3,0,3,48.0,129.6,24.0,63.3,8.3,4.7,23.3,15.3,18.3,59.3
2024-25,Pre+Season,Ratiopharm Ulm,Ratiopharm Ulm,1,0,1,48.0,115.6,22.0,55.8,9.0,1.0,24.0,17.0,28.0,78.0
2024-25,Pre+Season,SAC,Sacramento Kings,5,0,5,48.0,110.8,30.0,80.0,12.2,2.8,23.2,9.2,14.2,39.6
2024-25,Regular+Season,OKC,Oklahoma City Thunder,82,68,14,48.1,106.6,34.2,70.4,10.3,5.7,12.7,15.0,12.3,42.5
2024-25,Regular+Season,CLE,Cleveland Cavaliers,82,64,18,48.2,111.8,34.2,70.0,8.2,4.3,15.9,14.0,15.3,47.2
2024-25,Regular+Season,BOS,Boston Celtics,82,61,21,48.4,110.1,33.9,71.7,7.2,5.5,13.2,12.8,13.6,46.2
2024-25,Regular+Season,HOU,Houston Rockets,82,52,30,48.2,110.3,33.8,71.5,8.4,5.0,15.8,13.7,13.8,49.8
2024-25,Regular+Season,NYK,New York Knicks,82,51,31,48.5,113.3,31.8,71.0,8.2,4.0,15.7,12.8,14.5,50.2
2024-25,Regular+Season,DEN,Denver Nuggets,82,50,32,48.4,115.1,34.5,70.9,8.0,4.9,17.8,14.8,16.6,51.1
2024-25,Regular+Season,IND,Indiana Pacers,82,50,32,48.4,113.3,32.7,70.5,8.5,5.5,15.9,13.8,13.2,51.8
2024-25,Regular+Season,LAC,LA Clippers,82,50,32,48.3,109.4,33.5,73.4,9.4,4.5,17.4,12.3,15.1,46.5
2024-25,Regular+Season,LAL,Los Angeles Lakers,82,50,32,48.1,113.8,32.8,70.2,7.7,4.5,16.9,14.5,16.9,49.4
2024-25,Regular+Season,MIN,Minnesota Timberwolves,82,49,33,48.4,110.8,33.2,70.9,8.0,5.0,17.4,13.5,14.2,48.0
2024-25,Regular+Season,GSW,Golden State Warriors,82,48,34,48.1,111.0,32.8,71.6,9.4,4.8,16.4,12.8,14.2,45.7
2024-25,Regular+Season,MEM,Memphis Grizzlies,82,48,34,48.1,112.6,34.4,70.2,8.9,5.6,19.7,14.9,16.5,48.2
2024-25,Regular+Season,MIL,Milwaukee Bucks,82,48,34,48.2,112.7,35.1,72.5,7.3,4.7,16.8,13.6,15.2,47.0
2024-25,Regular+Season,DET,Detroit Pistons,82,44,38,48.3,112.5,33.4,71.4,8.0,5.3,17.8,14.5,14.5,46.3
2024-25,Regular+Season,ORL,Orlando Magic,82,41,41,48.1,109.1,30.7,72.0,8.9,6.0,17.3,11.9,13.9,45.7
2024-25,Regular+Season,ATL,Atlanta Hawks,82,40,42,48.2,114.8,32.6,71.5,9.7,5.1,19.3,13.7,16.5,50.5
2024-25,Regular+Season,SAC,Sacramento Kings,82,40,42,48.5,115.3,33.2,72.8,7.6,4.4,16.7,13.1,13.3,47.4
2024-25,Regular+Season,CHI,Chicago Bulls,82,39,43,48.2,114.8,35.8,72.2,7.6,4.7,18.1,14.9,14.6,54.0
2024-25,Regular+Season,DAL,Dallas Mavericks,82,39,43,48.1,115.0,33.0,69.4,7.8,5.4,17.3,15.3,15.5,52.8
2024-25,Regular+Season,MIA,Miami Heat,82,37,45,48.6,112.0,33.7,72.4,8.1,3.8,16.4,12.9,15.2,48.9
2024-25,Regular+Season,PHX,Phoenix Suns,82,36,46,48.4,117.7,32.9,70.9,7.2,4.8,17.9,14.0,17.1,49.4
2024-25,Regular+Season,POR,Portland Trail Blazers,82,36,46,48.2,113.7,31.4,68.2,8.3,5.3,19.2,14.7,17.5,48.5
2024-25,Regular+Season,SAS,San Antonio Spurs,82,34,48,48.1,116.3,32.7,69.0,8.2,5.5,17.4,15.8,15.5,50.5
2024-25,Regular+Season,TOR,Toronto Raptors,82,30,52,48.3,113.6,32.5,69.6,8.1,4.2,18.3,14.7,16.2,49.9
2024-25,Regular+Season,BKN,Brooklyn Nets,82,26,56,48.2,115.4,30.4,69.9,7.8,4.3,19.0,13.3,16.1,49.6
2024-25,Regular+Season,PHI,Philadelphia 76ers,82,24,58,48.3,117.3,29.4,67.8,9.2,4.5,16.8,15.1,16.1,50.5
2024-25,Regular+Season,NOP,New Orleans Pelicans,82,21,61,48.2,119.1,31.5,68.2,8.5,5.2,18.9,16.2,18.0,52.3
2024-25,Regular+Season,CHA,Charlotte Hornets,82,19,63,48.2,115.7,33.0,70.5,7.4,4.5,19.5,13.6,16.6,47.9
2024-25,Regular+Season,WAS,Washington Wizards,82,18,64,48.1,118.0,33.1,68.5,7.6,5.1,19.7,16.3,17.4,51.4
2024-25,Regular+Season,UTA,Utah Jazz,82,17,65,48.3,119.4,33.4,70.5,6.8,4.4,21.8,15.7,19.4,52.4
2024-25,Playoffs,OKC,Oklahoma City Thunder,23,16,7,48.2,105.7,32.1,67.6,10.7,5.7,13.2,14.8,10.2,39.7
2024-25,Playoffs,IND,Indiana Pacers,23,15,8,48.4,112.7,32.5,68.6,8.0,5.7,14.8,15.5,9.7,46.9
2024-25,Playoffs,NYK,New York Knicks,18,10,8,48.6,113.2,30.8,69.5,7.9,4.7,18.3,15.6,15.2,41.6
2024-25,Playoffs,MIN,Minnesota Timberwolves,15,9,6,48.0,110.5,30.5,69.4,7.3,4.7,16.2,14.1,10.7,43.1
2024-25,Playoffs,DEN,Denver Nuggets,14,7,7,48.7,114.8,34.1,72.1,7.6,4.2,19.7,13.5,17.9,51.9
2024-25,Playoffs,BOS,Boston Celtics,11,6,5,48.5,108.1,32.3,66.9,6.7,5.4,15.1,15.6,11.3,42.4
2024-25,Playoffs,CLE,Cleveland Cavaliers,9,5,4,48.0,110.7,32.3,76.4,8.9,3.6,14.3,11.8,12.3,44.0
2024-25,Playoffs,GSW,Golden State Warriors,12,5,7,48.0,112.0,28.3,65.4,8.9,3.9,17.7,14.0,11.7,49.5
2024-25,Playoffs,HOU,Houston Rockets,7,3,4,48.0,111.7,33.4,70.8,7.9,5.1,15.6,13.9,12.4,36.3
2024-25,Playoffs,LAC,LA Clippers,7,3,4,48.7,115.3,29.4,66.2,8.0,7.1,13.3,15.7,14.0,50.3
2024-25,Playoffs,DET,Detroit Pistons,6,2,4,48.0,109.8,32.8,69.9,7.2,6.3,17.2,16.8,15.0,46.7
2024-25,Playoffs,LAL,Los Angeles Lakers,5,1,4,48.0,116.7,29.4,63.5,5.0,5.0,18.8,18.8,16.0,50.0
2024-25,Playoffs,MIL,Milwaukee Bucks,5,1,4,49.0,118.0,33.2,77.8,6.0,3.6,13.4,9.4,15.0,42.4
2024-25,Playoffs,ORL,Orlando Magic,5,1,4,48.0,117.4,28.4,69.8,6.4,3.8,15.4,12.6,11.8,40.0
2024-25,Playoffs,MEM,Memphis Grizzlies,4,0,4,48.0,117.4,34.0,70.8,5.8,6.5,26.3,13.8,19.8,52.0
2024-25,Playoffs,MIA,Miami Heat,4,0,4,48.0,136.2,27.3,68.4,4.5,3.0,19.8,16.8,13.0,45.5
2024-25,All+Star,-,-,2,2,0,11.8,93.8,13.5,70.0,5.0,0.5,6.0,4.0,7.5,20.0
2024-25,All+Star,-,-,2,1,1,10.4,119.7,11.5,85.2,2.0,2.0,10.5,4.0,6.0,14.0
2024-25,All+Star,-,-,1,0,1,12.9,123.5,11.0,66.7,4.0,0.0,9.0,5.0,17.0,22.0
2024-25,All+Star,-,-,1,0,1,10.1,136.7,3.0,60.0,5.0,3.0,6.0,0.0,12.0,26.0
2024-25,PlayIn,MIA,Miami Heat,2,2,0,50.5,101.0,38.5,77.3,7.0,7.5,17.0,11.5,17.5,48.0
2024-25,PlayIn,DAL,Dallas Mavericks,2,1,1,48.0,115.9,30.0,62.5,9.0,8.0,19.5,14.0,17.0,50.0
2024-25,PlayIn,GSW,Golden State Warriors,1,1,0,48.0,118.4,26.0,56.5,13.0,3.0,12.0,26.0,11.0,48.0
2024-25,PlayIn,MEM,Memphis Grizzlies,2,1,1,48.0,115.2,34.0,75.3,6.0,2.5,20.5,17.0,13.0,43.0
2024-25,PlayIn,ORL,Orlando Magic,1,1,0,48.0,99.0,42.0,74.1,6.0,9.0,11.0,15.0,4.0,52.0
2024-25,PlayIn,ATL,Atlanta Hawks,2,0,2,50.5,121.5,33.0,67.0,8.5,4.0,15.0,21.5,16.5,53.0
2024-25,PlayIn,CHI,Chicago Bulls,1,0,1,48.0,110.1,31.0,73.3,9.0,4.0,26.0,17.0,14.0,56.0
2024-25,PlayIn,SAC,Sacramento Kings,1,0,1,48.0,125.0,29.0,70.5,6.0,4.0,18.0,4.0,14.0,40.0
2024-25,IST,MIL,Milwaukee Bucks,7,7,0,48.0,101.3,35.6,71.5,9.1,6.3,19.4,10.7,15.3,46.3
2024-25,IST,OKC,Oklahoma City Thunder,7,5,2,48.0,101.2,33.6,71.1,12.6,5.0,11.3,13.4,10.6,35.4
2024-25,IST,ATL,Atlanta Hawks,6,4,2,48.0,108.5,34.8,75.1,9.0,5.7,17.3,9.3,16.7,46.7
2024-25,IST,HOU,Houston Rockets,6,4,2,48.8,103.8,34.7,69.7,10.0,4.3,17.2,16.0,9.5,46.0
2024-25,IST,NYK,New York Knicks,5,4,1,48.0,108.6,35.8,69.2,7.2,6.2,20.6,13.8,12.8,42.0
2024-25,IST,BOS,Boston Celtics,4,3,1,48.0,114.2,33.5,70.7,7.0,4.5,16.5,13.8,16.0,58.0
2024-25,IST,DAL,Dallas Mavericks,5,3,2,48.0,110.4,34.0,70.1,9.4,4.6,23.8,15.0,12.6,47.2
2024-25,IST,DET,Detroit Pistons,4,3,1,49.3,109.8,37.0,75.5,8.0,6.0,19.8,11.8,16.8,44.5
2024-25,IST,GSW,Golden State Warriors,5,3,2,48.0,107.6,35.4,74.5,10.4,5.6,21.2,11.4,15.6,52.8
2024-25,IST,ORL,Orlando Magic,5,3,2,48.0,103.7,31.2,78.4,11.2,6.8,18.4,7.2,14.6,42.4
2024-25,IST,PHX,Phoenix Suns,4,3,1,48.0,103.1,37.8,72.0,7.8,5.8,13.3,13.8,12.8,50.5
2024-25,IST,CHI,Chicago Bulls,4,2,2,48.0,118.8,37.3,74.0,7.0,5.0,12.5,11.8,15.0,54.5
2024-25,IST,CLE,Cleveland Cavaliers,4,2,2,48.0,109.8,33.0,75.8,8.8,3.3,12.5,11.0,10.8,43.5
2024-25,IST,DEN,Denver Nuggets,4,2,2,48.0,109.0,33.5,64.4,9.5,4.8,14.3,21.0,15.3,53.5
2024-25,IST,LAC,LA Clippers,4,2,2,48.0,104.8,34.0,74.2,11.0,5.0,17.5,11.3,11.0,42.0
2024-25,IST,LAL,Los Angeles Lakers,4,2,2,48.0,117.6,33.3,70.2,7.5,5.0,18.0,12.3,17.3,50.5
2024-25,IST,MIA,Miami Heat,4,2,2,49.3,115.6,29.0,69.5,11.5,1.5,14.3,10.8,12.0,44.5
2024-25,IST,MIN,Minnesota Timberwolves,4,2,2,50.5,112.0,33.8,74.2,9.0,4.3,20.0,14.3,15.0,48.0
2024-25,IST,PHI,Philadelphia 76ers,4,2,2,48.0,109.3,26.8,66.5,10.5,5.3,18.3,15.0,14.3,44.5
2024-25,IST,POR,Portland Trail Blazers,4,2,2,48.0,116.3,27.5,68.8,9.8,5.5,23.5,13.0,20.5,43.0
2024-25,IST,SAS,San Antonio Spurs,4,2,2,48.0,111.3,32.0,71.2,8.0,4.3,16.3,12.0,19.5,43.5
2024-25,IST,BKN,Brooklyn Nets,4,1,3,48.0,122.7,27.5,63.4,5.5,4.8,24.0,15.8,14.0,43.0
2024-25,IST,MEM,Memphis Grizzlies,4,1,3,48.0,110.0,33.8,65.5,10.3,7.3,22.8,16.5,20.5,50.0
2024-25,IST,NOP,New Orleans Pelicans,4,1,3,48.0,114.8,32.8,69.8,8.0,6.3,19.5,14.5,22.5,57.5
2024-25,IST,SAC,Sacramento Kings,4,1,3,49.3,114.7,33.5,68.2,6.3,6.8,15.8,15.5,9.8,49.5
2024-25,IST,TOR,Toronto Raptors,4,1,3,48.0,106.4,36.3,70.9,7.8,4.8,22.8,15.8,16.0,43.5
2024-25,IST,CHA,Charlotte Hornets,4,0,4,48.0,114.6,32.0,71.6,6.5,5.0,21.5,14.3,12.5,41.5
2024-25,IST,IND,Indiana Pacers,4,0,4,48.0,121.1,28.3,76.1,9.0,5.0,23.8,9.8,16.8,50.5
2024-25,IST,UTA,Utah Jazz,4,0,4,48.0,128.5,28.5,68.5,6.3,3.3,28.5,13.5,19.3,49.5
2024-25,IST,WAS,Washington Wizards,4,0,4,48.0,112.9,38.5,78.9,7.0,5.0,22.0,11.3,17.5,50.5
2025-26,Pre+Season,SAS,San Antonio Spurs,5,5,0,49.0,104.1,33.2,74.2,10.6,5.8,21.0,12.0,12.8,36.8
2025-26,Pre+Season,HOU,Houston Rockets,4,4,0,48.0,113.6,34.3,70.2,10.5,6.3,24.5,14.3,13.3,56.5
2025-26,Pre+Season,NYK,New York Knicks,5,4,1,49.0,101.8,32.2,70.7,9.8,3.6,21.2,14.4,11.4,40.4
2025-26,Pre+Season,OKC,Oklahoma City Thunder,6,4,2,48.0,105.3,34.2,70.2,11.8,5.7,20.0,14.0,12.8,41.0
2025-26,Pre+Season,ORL,Orlando Magic,4,4,0,48.0,107.5,33.5,65.8,8.0,7.8,23.5,20.3,14.3,57.5
2025-26,Pre+Season,TOR,Toronto Raptors,6,4,2,48.0,106.6,29.8,65.1,12.0,4.0,19.8,13.0,12.3,47.0
2025-26,Pre+Season,BOS,Boston Celtics,4,3,1,48.0,100.2,37.0,65.7,11.3,8.3,25.5,18.5,16.0,43.5
2025-26,Pre+Season,CHI,Chicago Bulls,5,3,2,48.0,111.9,37.6,74.0,8.6,5.4,23.6,13.2,16.8,50.8
2025-26,Pre+Season,DAL,Dallas Mavericks,4,3,1,48.0,97.1,39.8,71.8,10.0,8.0,19.5,14.3,14.3,39.5
2025-26,Pre+Season,DEN,Denver Nuggets,5,3,2,48.0,108.9,33.6,72.4,9.2,3.8,22.4,11.4,15.4,44.4
2025-26,Pre+Season,GSW,Golden State Warriors,5,3,2,48.0,107.2,33.2,64.6,9.8,4.2,24.0,15.2,11.6,49.6
2025-26,Pre+Season,LAC,LA Clippers,4,3,1,48.0,100.8,34.8,71.9,9.3,5.8,21.3,15.5,13.8,38.5
2025-26,Pre+Season,MIL,Milwaukee Bucks,4,3,1,48.0,105.3,35.3,72.8,8.5,4.0,17.5,10.8,13.3,47.5
2025-26,Pre+Season,PHX,Phoenix Suns,4,3,1,49.3,102.2,28.5,64.2,12.5,6.5,14.3,18.8,13.8,39.0
2025-26,Pre+Season,ATL,Atlanta Hawks,4,2,2,49.3,111.6,35.3,66.2,9.3,7.3,19.5,19.3,16.3,50.5
2025-26,Pre+Season,BKN,Brooklyn Nets,4,2,2,49.3,109.3,32.3,66.2,7.5,3.0,28.5,14.5,23.3,53.0
2025-26,Pre+Season,CHA,Charlotte Hornets,5,2,3,48.0,114.7,35.4,75.6,8.0,3.2,27.2,13.0,17.8,45.2
2025-26,Pre+Season,DET,Detroit Pistons,4,2,2,48.0,110.1,32.8,69.8,11.5,7.0,21.3,13.8,13.8,32.5
2025-26,Pre+Season,IND,Indiana Pacers,4,2,2,49.3,115.8,32.3,68.0,10.5,5.5,23.3,19.0,19.8,48.5
2025-26,Pre+Season,MIN,Minnesota Timberwolves,6,2,4,49.7,106.6,33.8,70.6,9.2,4.8,22.8,15.5,22.7,50.3
2025-26,Pre+Season,NOP,New Orleans Pelicans,4,2,2,48.0,109.2,32.5,65.3,9.3,5.5,22.5,14.3,10.8,49.0
2025-26,Pre+Season,CLE,Cleveland Cavaliers,4,1,3,48.0,110.5,28.0,64.6,14.0,6.5,24.0,18.5,18.5,52.0
2025-26,Pre+Season,LAL,Los Angeles Lakers,6,1,5,48.0,112.4,31.5,70.5,8.0,5.5,20.8,14.2,17.5,52.3
2025-26,Pre+Season,MEM,Memphis Grizzlies,5,1,4,48.0,121.6,30.8,65.6,8.8,4.0,23.4,18.4,17.0,60.4
2025-26,Pre+Season,PHI,Philadelphia 76ers,4,1,3,48.0,109.2,30.5,66.8,12.0,5.8,23.3,21.0,20.5,48.0
2025-26,Pre+Season,POR,Portland Trail Blazers,4,1,3,48.0,114.1,32.8,70.4,9.5,4.5,26.5,14.0,17.3,44.0
2025-26,Pre+Season,SAC,Sacramento Kings,4,1,3,48.0,117.7,32.8,69.7,8.3,4.8,16.0,15.3,15.8,48.0
2025-26,Pre+Season,UTA,Utah Jazz,4,1,3,49.3,123.4,31.5,62.8,8.8,3.3,19.8,20.5,15.8,48.5
2025-26,Pre+Season,WAS,Washington Wizards,3,1,2,48.0,108.1,37.7,71.9,6.3,6.3,21.7,9.0,14.0,46.0
2025-26,Pre+Season,Guangzhou Loong-Lions,Guangzhou Loong-Lions,3,0,3,48.0,133.4,20.0,60.6,9.7,2.7,28.0,19.3,19.3,57.3
2025-26,Pre+Season,Hapoel Jerusalem B.C.,Hapoel Jerusalem B.C.,1,0,1,48.0,128.1,25.0,63.6,10.0,2.0,22.0,25.0,9.0,64.0
2025-26,Pre+Season,Melbourne United,Melbourne United,1,0,1,48.0,104.9,35.0,67.9,7.0,1.0,20.0,19.0,6.0,60.0
2025-26,Pre+Season,MIA,Miami Heat,6,0,6,48.8,111.4,34.7,64.6,8.0,4.2,21.8,22.0,10.5,46.0
2025-26,Pre+Season,South East Melbourne Phoenix,South East Melbourne Phoenix,1,0,1,48.0,127.0,22.0,63.2,7.0,6.0,14.0,19.0,19.0,64.0
2025-26,Regular+Season,OKC,Oklahoma City Thunder,38,31,7,48.7,105.0,34.8,70.6,10.4,5.6,15.2,13.5,11.7,39.3
2025-26,Regular+Season,DET,Detroit Pistons,37,28,9,48.3,110.0,32.5,68.4,10.2,6.5,17.4,15.0,14.7,43.4
2025-26,Regular+Season,SAS,San Antonio Spurs,37,26,11,48.1,111.8,34.8,72.0,8.1,4.7,16.1,13.5,12.8,46.6
2025-26,Regular+Season,DEN,Denver Nuggets,37,25,12,48.5,117.0,33.1,70.2,7.0,4.0,17.1,14.4,15.4,50.4
2025-26,Regular+Season,MIN,Minnesota Timberwolves,37,24,13,48.4,111.9,33.4,69.3,8.6,5.4,16.7,14.2,13.6,49.9
2025-26,Regular+Season,NYK,New York Knicks,37,24,13,48.0,115.7,32.4,70.2,8.1,4.2,17.9,14.8,15.2,46.1
2025-26,Regular+Season,BOS,Boston Celtics,36,23,13,48.0,114.5,31.5,67.8,8.1,5.4,14.1,15.9,12.9,40.8
2025-26,Regular+Season,LAL,Los Angeles Lakers,35,23,12,48.0,116.9,31.4,69.6,8.3,4.1,20.4,14.2,15.7,50.8
2025-26,Regular+Season,TOR,Toronto Raptors,38,23,15,48.3,111.7,32.1,69.4,8.6,4.5,17.4,15.2,13.1,47.2
2025-26,Regular+Season,HOU,Houston Rockets,34,22,12,48.9,112.1,32.8,70.9,8.8,5.6,19.0,15.2,14.3,48.2
2025-26,Regular+Season,PHX,Phoenix Suns,37,22,15,48.1,112.5,30.5,68.3,10.6,4.1,20.1,15.3,13.3,48.8
2025-26,Regular+Season,CLE,Cleveland Cavaliers,38,21,17,48.3,113.6,32.8,68.6,8.8,5.3,17.9,14.6,16.3,47.2
2025-26,Regular+Season,ORL,Orlando Magic,38,21,17,48.4,113.4,33.0,70.9,8.3,5.1,16.0,13.5,16.1,51.8
2025-26,Regular+Season,GSW,Golden State Warriors,38,20,18,48.3,112.4,31.9,68.6,9.7,4.4,20.0,15.1,15.8,51.5
2025-26,Regular+Season,MIA,Miami Heat,37,20,17,48.1,111.8,34.5,69.7,9.4,4.5,16.9,15.9,15.1,52.4
2025-26,Regular+Season,PHI,Philadelphia 76ers,35,20,15,48.9,113.8,32.1,68.3,8.6,6.1,17.2,14.7,17.3,50.6
2025-26,Regular+Season,ATL,Atlanta Hawks,39,18,21,48.3,114.9,32.1,68.7,9.3,4.8,18.5,15.6,17.2,53.5
2025-26,Regular+Season,POR,Portland Trail Blazers,38,18,20,48.3,116.0,31.3,67.3,7.9,4.8,21.1,15.7,17.1,51.8
2025-26,Regular+Season,CHI,Chicago Bulls,37,17,20,48.3,117.3,35.1,71.0,7.4,4.9,17.8,16.3,15.4,53.6
2025-26,Regular+Season,MEM,Memphis Grizzlies,37,16,21,48.3,114.0,34.5,70.6,7.9,4.9,18.6,16.0,14.1,48.3
2025-26,Regular+Season,MIL,Milwaukee Bucks,37,16,21,48.3,115.9,31.9,68.8,7.8,4.1,17.9,13.9,15.1,45.7
2025-26,Regular+Season,DAL,Dallas Mavericks,37,14,23,48.7,112.7,34.8,69.2,7.7,6.0,18.6,15.4,15.2,55.6
2025-26,Regular+Season,CHA,Charlotte Hornets,37,13,24,48.4,117.0,32.9,71.8,6.8,4.8,19.3,14.5,15.7,53.2
2025-26,Regular+Season,LAC,LA Clippers,36,13,23,48.3,117.7,30.9,67.9,8.4,4.9,19.8,15.4,16.1,48.6
2025-26,Regular+Season,UTA,Utah Jazz,36,12,24,48.8,121.6,32.7,69.7,7.7,3.4,20.5,16.3,16.0,51.8
2025-26,Regular+Season,BKN,Brooklyn Nets,34,11,23,48.1,116.3,29.1,67.9,7.9,4.4,19.6,14.4,16.7,52.9
2025-26,Regular+Season,WAS,Washington Wizards,36,10,26,48.3,121.1,32.8,66.5,7.1,6.2,20.8,18.0,16.6,53.2
2025-26,Regular+Season,NOP,New Orleans Pelicans,39,8,31,48.5,119.1,30.8,67.2,9.0,4.3,18.9,16.4,17.4,54.3
2025-26,Regular+Season,SAC,Sacramento Kings,37,8,29,48.4,119.2,30.5,67.1,9.1,4.4,17.4,16.5,14.8,55.5
2025-26,Regular+Season,IND,Indiana Pacers,37,6,31,48.3,117.1,31.5,68.7,7.2,5.0,17.6,15.8,14.2,53.9
2025-26,IST,NYK,New York Knicks,7,6,1,48.0,118.2,32.0,67.9,8.4,4.7,18.9,17.7,12.4,46.9
2025-26,IST,OKC,Oklahoma City Thunder,6,5,1,48.0,102.2,34.8,70.1,11.3,4.8,15.3,12.2,13.0,37.7
2025-26,IST,ORL,Orlando Magic,6,5,1,48.0,108.2,33.8,72.7,8.3,5.3,16.5,11.0,15.5,54.3
2025-26,IST,SAS,San Antonio Spurs,7,5,2,48.0,114.8,31.9,65.2,9.6,5.0,17.6,15.9,14.3,45.7
2025-26,IST,LAL,Los Angeles Lakers,5,4,1,48.0,117.7,32.2,69.1,7.6,4.6,17.8,13.8,18.4,47.2
2025-26,IST,TOR,Toronto Raptors,5,4,1,48.0,104.4,33.8,69.5,10.2,4.4,19.0,17.8,13.2,41.6
2025-26,IST,MEM,Memphis Grizzlies,4,3,1,49.3,112.6,35.0,76.3,7.8,3.8,19.3,14.3,16.3,47.0
2025-26,IST,MIA,Miami Heat,5,3,2,48.0,111.0,34.0,68.8,8.8,6.4,10.8,14.8,11.2,50.0
2025-26,IST,PHX,Phoenix Suns,5,3,2,48.0,111.1,32.8,73.6,11.2,3.8,26.2,12.2,12.6,45.6
2025-26,IST,ATL,Atlanta Hawks,4,2,2,48.0,114.6,35.0,68.5,8.3,5.8,17.8,13.8,18.5,44.0
2025-26,IST,BOS,Boston Celtics,4,2,2,48.0,117.4,30.8,69.3,8.3,5.8,17.0,17.5,13.0,42.0
2025-26,IST,CLE,Cleveland Cavaliers,4,2,2,48.0,113.4,32.8,71.0,9.8,7.0,17.0,13.3,21.3,51.0
2025-26,IST,DEN,Denver Nuggets,4,2,2,48.0,117.9,31.8,61.8,6.8,5.8,21.5,19.0,13.5,47.5
2025-26,IST,DET,Detroit Pistons,4,2,2,48.0,110.0,34.5,69.7,8.8,5.8,19.3,15.0,14.0,40.0
2025-26,IST,HOU,Houston Rockets,4,2,2,48.0,116.3,26.0,61.2,10.8,3.8,18.3,23.0,10.8,43.5
2025-26,IST,LAC,LA Clippers,4,2,2,50.5,118.9,29.5,64.6,12.0,4.8,18.5,16.3,15.0,51.5
2025-26,IST,MIL,Milwaukee Bucks,4,2,2,49.3,113.0,34.8,71.7,9.0,3.5,19.3,13.5,16.5,50.5
2025-26,IST,MIN,Minnesota Timberwolves,4,2,2,48.0,104.8,33.0,68.9,10.3,5.5,23.0,13.5,17.3,48.5
2025-26,IST,POR,Portland Trail Blazers,4,2,2,48.0,120.6,30.5,64.9,6.5,5.3,20.5,15.5,17.8,47.5
2025-26,IST,BKN,Brooklyn Nets,4,1,3,48.0,116.0,27.5,66.8,6.0,4.0,17.8,16.8,22.0,57.0
2025-26,IST,CHA,Charlotte Hornets,4,1,3,49.3,123.3,32.3,77.3,6.5,5.8,22.3,9.8,22.0,66.5
2025-26,IST,CHI,Chicago Bulls,4,1,3,48.0,123.4,34.3,68.0,7.5,5.8,15.8,19.0,13.0,52.5
2025-26,IST,DAL,Dallas Mavericks,4,1,3,50.5,115.9,34.0,75.0,8.8,6.5,18.5,10.0,14.5,55.5
2025-26,IST,GSW,Golden State Warriors,4,1,3,48.0,120.9,27.5,56.7,8.8,5.5,21.0,18.8,13.8,45.0
2025-26,IST,IND,Indiana Pacers,4,1,3,48.0,105.9,36.0,71.8,8.0,6.0,14.5,13.3,14.5,52.0
2025-26,IST,PHI,Philadelphia 76ers,4,1,3,48.0,117.8,31.5,65.9,8.5,5.5,22.3,15.8,16.5,48.5
2025-26,IST,UTA,Utah Jazz,4,1,3,48.0,124.5,30.8,70.7,8.0,3.5,28.5,14.0,15.8,50.5
2025-26,IST,WAS,Washington Wizards,4,1,3,48.0,125.9,27.8,60.7,8.3,6.5,23.8,20.3,19.0,58.0
2025-26,IST,NOP,New Orleans Pelicans,4,0,4,49.3,118.4,31.0,73.5,11.0,5.0,21.5,11.3,17.5,55.5
2025-26,IST,SAC,Sacramento Kings,4,0,4,48.0,121.3,31.3,66.0,9.0,4.5,22.3,18.3,10.8,54.5
